metadata.recordID,metadata.diseaseName,metadata.diseaseCode,metadata.round,metadata.vaccinationStartDate,metadata.reportDate,country.ID,country.name,state.ID,state.name,district.ID,district.name,daily.vaccinated.cattle,daily.vaccinated.buffalo,daily.vaccinated.total,daily.vaccinated.cattle4to5m,daily.vaccinated.buffalo4to5m,daily.vaccinated.total4to5m,daily.booster.cattle4to5m,daily.booster.buffalo4to5m,daily.booster.total4to5m,daily.farmersCovered,cumulative.tagged.cattle,cumulative.tagged.buffalo,cumulative.tagged.total
ff368d58-5ef5-4187-8ba1-ecdec9f96f63,Foot And Mouth Disease,ICD11_1F05,round3,2022-11-07T00:00:00,2022-11-30T00:00:00,country_IN,India,state_29,Karnataka,district_525,Bengaluru Urban,3750,114,3864,149,8,157,0,0,0,23452,,,
f6dc2c4a-274a-4896-b138-9c639308385a,Foot And Mouth Disease,ICD11_1F05,round3,2022-11-07T00:00:00,2022-11-30T00:00:00,country_IN,India,state_29,Karnataka,district_526,Bengaluru Rural,3429,391,3820,51,0,51,0,0,0,47697,,,
a3f61328-28b9-445e-aae3-2ac51b7b5bb7,Foot And Mouth Disease,ICD11_1F05,round3,2022-11-07T00:00:00,2022-11-30T00:00:00,country_IN,India,state_29,Karnataka,district_533,Chitradurga,6453,3987,10440,8,2,10,0,0,0,91877,,,
8be44c5a-ca1b-44c8-ac0a-2d8d39e1fca7,Foot And Mouth Disease,ICD11_1F05,round3,2022-11-07T00:00:00,2022-11-30T00:00:00,country_IN,India,state_29,Karnataka,district_630,Chikkaballapura,2363,270,2633,38,3,41,0,0,0,76377,,,
81bc825c-8338-44a2-81db-0bda00925d49,Foot And Mouth Disease,ICD11_1F05,round3,2022-11-07T00:00:00,2022-11-30T00:00:00,country_IN,India,state_29,Karnataka,district_535,Davangere,6740,2244,8984,256,82,338,0,0,0,66000,,,
11f06aed-0d0f-4a12-950f-5081cfeb04f8,Foot And Mouth Disease,ICD11_1F05,round3,2022-11-07T00:00:00,2022-11-30T00:00:00,country_IN,India,state_29,Karnataka,district_542,Kolar,573,112,685,24,10,34,0,0,0,86597,,,
e62459c3-20dc-4de9-bf9e-fc4b69b3c0f2,Foot And Mouth Disease,ICD11_1F05,round3,2022-11-07T00:00:00,2022-11-30T00:00:00,country_IN,India,state_29,Karnataka,district_631,Ramanagara,7102,347,7449,256,10,266,0,0,0,64876,,,
4540adf2-08ab-42da-b76d-6c25028bb966,Foot And Mouth Disease,ICD11_1F05,round3,2022-11-07T00:00:00,2022-11-30T00:00:00,country_IN,India,state_29,Karnataka,district_547,Shivamogga,15466,1956,17422,38,1,39,0,0,0,77929,,,
c6925964-520a-4884-9752-cafde75d9db3,Foot And Mouth Disease,ICD11_1F05,round3,2022-11-07T00:00:00,2022-11-30T00:00:00,country_IN,India,state_29,Karnataka,district_548,Tumakuru,17651,4931,22582,224,47,271,0,0,0,141443,,,
7039f759-c109-480e-aa56-981545047cda,Foot And Mouth Disease,ICD11_1F05,round3,2022-11-07T00:00:00,2022-11-30T00:00:00,country_IN,India,state_29,Karnataka,district_531,Chamarajanagara,5379,83,5462,138,2,140,0,0,0,49155,,,
69e80907-e5e2-4c60-905a-756aa12432cc,Foot And Mouth Disease,ICD11_1F05,round3,2022-11-07T00:00:00,2022-11-30T00:00:00,country_IN,India,state_29,Karnataka,district_532,Chikkamagaluru,8565,1322,9887,21,0,21,0,0,0,49133,,,
1d3cc5b7-e6b5-430c-b71a-5c2213b981d6,Foot And Mouth Disease,ICD11_1F05,round3,2022-11-07T00:00:00,2022-11-30T00:00:00,country_IN,India,state_29,Karnataka,district_534,Dakshina Kannada,5263,35,5298,131,0,131,0,0,0,56539,,,
eb5a1c91-41b3-4579-b2a7-6369a7fd3b98,Foot And Mouth Disease,ICD11_1F05,round3,2022-11-07T00:00:00,2022-11-30T00:00:00,country_IN,India,state_29,Karnataka,district_539,Hassan,20190,3963,24153,112,28,140,0,0,0,157484,,,
59be5f42-f94c-4687-ae32-40262315e812,Foot And Mouth Disease,ICD11_1F05,round3,2022-11-07T00:00:00,2022-11-30T00:00:00,country_IN,India,state_29,Karnataka,district_541,Kodagu,2139,65,2204,62,0,62,0,0,0,12006,,,
a61b51b2-900e-44c3-8ba6-ea4bdc95cce1,Foot And Mouth Disease,ICD11_1F05,round3,2022-11-07T00:00:00,2022-11-30T00:00:00,country_IN,India,state_29,Karnataka,district_545,Mysuru,11416,358,11774,242,0,242,0,0,0,114652,,,
b5ed11b1-cc87-4daa-8c2e-29dc5759a8a4,Foot And Mouth Disease,ICD11_1F05,round3,2022-11-07T00:00:00,2022-11-30T00:00:00,country_IN,India,state_29,Karnataka,district_544,Mandya,8760,2303,11063,170,20,190,0,0,0,168178,,,
28a33628-8d6d-46f1-9ac7-0971dd3fdd14,Foot And Mouth Disease,ICD11_1F05,round3,2022-11-07T00:00:00,2022-11-30T00:00:00,country_IN,India,state_29,Karnataka,district_549,Udupi,7682,28,7710,42,0,42,0,0,0,38869,,,
1a9262e4-7832-4184-a7e1-1c88f3ba6338,Foot And Mouth Disease,ICD11_1F05,round3,,2022-11-30T00:00:00,country_IN,India,state_29,Karnataka,district_527,Belagavi,0,0,0,0,0,0,0,0,0,0,,,
b9f498ab-a8da-4a07-b84a-96ee64112b38,Foot And Mouth Disease,ICD11_1F05,round3,,2022-11-30T00:00:00,country_IN,India,state_29,Karnataka,district_524,Bagalkote,0,0,0,0,0,0,0,0,0,0,,,
7cee579b-0584-4a2e-8b1d-846e1be5ad2d,Foot And Mouth Disease,ICD11_1F05,round3,2022-11-07T00:00:00,2022-11-30T00:00:00,country_IN,India,state_29,Karnataka,district_536,Dharwad,1982,823,2805,12,0,12,0,0,0,39366,,,
fddf22cf-b9db-47a9-b76e-b817602fd6d9,Foot And Mouth Disease,ICD11_1F05,round3,2022-11-07T00:00:00,2022-11-30T00:00:00,country_IN,India,state_29,Karnataka,district_537,Gadag,2669,1116,3785,67,49,116,0,0,0,37849,,,
8e0cef46-dde8-4e1a-a9ca-0e6e0fafee20,Foot And Mouth Disease,ICD11_1F05,round3,2022-11-07T00:00:00,2022-11-30T00:00:00,country_IN,India,state_29,Karnataka,district_540,Haveri,7761,2165,9926,108,14,122,0,0,0,88314,,,
5b3e9260-edd8-43e0-93fd-e71cc812d1db,Foot And Mouth Disease,ICD11_1F05,round3,2022-11-07T00:00:00,2022-11-30T00:00:00,country_IN,India,state_29,Karnataka,district_550,Uttara Kannada,8838,1207,10045,170,16,186,0,0,0,55384,,,
1431b8eb-b9c4-41e6-9bf0-c9ce2cbd4b9c,Foot And Mouth Disease,ICD11_1F05,round3,2022-11-07T00:00:00,2022-11-30T00:00:00,country_IN,India,state_29,Karnataka,district_530,Vijayapura,3655,3938,7593,59,59,118,0,0,0,113829,,,
b3d4c919-b275-4d4d-8290-d67db6c33edc,Foot And Mouth Disease,ICD11_1F05,round3,,2022-11-30T00:00:00,country_IN,India,state_29,Karnataka,district_528,Ballari,0,0,0,0,0,0,0,0,0,0,,,
f5a2d9c2-2829-4128-9568-6e050f37265d,Foot And Mouth Disease,ICD11_1F05,round3,2022-11-07T00:00:00,2022-11-30T00:00:00,country_IN,India,state_29,Karnataka,district_529,Bidar,3401,2252,5653,7,8,15,0,0,0,100774,,,
43aac45b-0e9a-46de-ba15-3634f2b54acc,Foot And Mouth Disease,ICD11_1F05,round3,2022-11-07T00:00:00,2022-11-30T00:00:00,country_IN,India,state_29,Karnataka,district_543,Koppal,9484,1925,11409,105,17,122,0,0,0,62937,,,
b14b1d50-4f44-40d1-aba7-b5bc49244224,Foot And Mouth Disease,ICD11_1F05,round3,2022-11-07T00:00:00,2022-11-30T00:00:00,country_IN,India,state_29,Karnataka,district_538,Kalaburagi,6165,1120,7285,7,0,7,0,0,0,111223,,,
a38bb277-0b8e-4543-9b15-89759b19365e,Foot And Mouth Disease,ICD11_1F05,round3,,2022-11-30T00:00:00,country_IN,India,state_29,Karnataka,district_546,Raichur,0,0,0,0,0,0,0,0,0,0,,,
d6aace5c-71bb-4bee-9839-716f811e7773,Foot And Mouth Disease,ICD11_1F05,round3,,2022-11-30T00:00:00,country_IN,India,state_29,Karnataka,district_635,Yadgir,0,0,0,0,0,0,0,0,0,0,,,
f67a3542-422d-47d6-87b6-99214b1d73ef,Foot And Mouth Disease,ICD11_1F05,round3,2022-11-07T00:00:00,2022-11-13T00:00:00,country_IN,India,state_29,Karnataka,district_525,Bengaluru Urban,43,11,54,3,0,3,0,0,0,7632,,,
462960c2-0363-45fb-b86d-5ec5a90f7dbe,Foot And Mouth Disease,ICD11_1F05,round3,2022-11-07T00:00:00,2022-11-13T00:00:00,country_IN,India,state_29,Karnataka,district_526,Bengaluru Rural,469,49,518,10,0,10,0,0,0,11950,,,
fe16b6af-21c6-4943-af1e-39e008a0d9f7,Foot And Mouth Disease,ICD11_1F05,round3,2022-11-07T00:00:00,2022-11-13T00:00:00,country_IN,India,state_29,Karnataka,district_533,Chitradurga,1397,596,1993,19,11,30,0,0,0,24992,,,
a02f36ba-86e1-4e0a-bd5b-7c98d5b442e9,Foot And Mouth Disease,ICD11_1F05,round3,2022-11-07T00:00:00,2022-11-13T00:00:00,country_IN,India,state_29,Karnataka,district_630,Chikkaballapura,853,13,866,14,0,14,0,0,0,24144,,,
13a536b4-7e22-44dd-93d1-be4fa40680b7,Foot And Mouth Disease,ICD11_1F05,round3,2022-11-07T00:00:00,2022-11-13T00:00:00,country_IN,India,state_29,Karnataka,district_535,Davangere,941,226,1167,47,12,59,0,0,0,5365,,,
3a269744-e9fe-4cf1-98fc-8a2330eb9d72,Foot And Mouth Disease,ICD11_1F05,round3,2022-11-07T00:00:00,2022-11-13T00:00:00,country_IN,India,state_29,Karnataka,district_542,Kolar,3561,209,3770,173,8,181,0,0,0,36544,,,
2fa96071-8a8e-46b2-9f90-70f4b4178425,Foot And Mouth Disease,ICD11_1F05,round3,2022-11-07T00:00:00,2022-11-13T00:00:00,country_IN,India,state_29,Karnataka,district_631,Ramanagara,0,0,0,0,0,0,0,0,0,18097,,,
47c46d3f-ffad-45aa-b88a-c1af390a37b5,Foot And Mouth Disease,ICD11_1F05,round3,2022-11-07T00:00:00,2022-11-13T00:00:00,country_IN,India,state_29,Karnataka,district_547,Shivamogga,2257,458,2715,14,2,16,0,0,0,15409,,,
23046ce0-c4dc-4c8d-b7f3-582d8d82df84,Foot And Mouth Disease,ICD11_1F05,round3,2022-11-07T00:00:00,2022-11-13T00:00:00,country_IN,India,state_29,Karnataka,district_548,Tumakuru,0,0,0,0,0,0,0,0,0,0,,,
8628596c-dcbf-4e4c-9a0c-36e7458b6ed5,Foot And Mouth Disease,ICD11_1F05,round3,2022-11-07T00:00:00,2022-11-13T00:00:00,country_IN,India,state_29,Karnataka,district_531,Chamarajanagara,2739,107,2846,13,1,14,0,0,0,15761,,,
44ca6520-7b32-45b1-b255-d186436b75d6,Foot And Mouth Disease,ICD11_1F05,round3,2022-11-07T00:00:00,2022-11-13T00:00:00,country_IN,India,state_29,Karnataka,district_532,Chikkamagaluru,1702,116,1818,0,0,0,0,0,0,9437,,,
4a0bdfe1-c90d-470a-ae4b-b23e0a0f57c5,Foot And Mouth Disease,ICD11_1F05,round3,2022-11-07T00:00:00,2022-11-13T00:00:00,country_IN,India,state_29,Karnataka,district_534,Dakshina Kannada,2629,1,2630,41,0,41,0,0,0,16209,,,
ba60d5fa-b1de-4dc2-9d23-ee425870b4bd,Foot And Mouth Disease,ICD11_1F05,round3,2022-11-07T00:00:00,2022-11-13T00:00:00,country_IN,India,state_29,Karnataka,district_539,Hassan,9873,1911,11784,27,10,37,0,0,0,39840,,,
fe9e5af9-6ea5-4b90-b884-f00bcc815928,Foot And Mouth Disease,ICD11_1F05,round3,2022-11-07T00:00:00,2022-11-13T00:00:00,country_IN,India,state_29,Karnataka,district_541,Kodagu,1067,33,1100,15,0,15,0,0,0,3674,,,
bab2010c-7f01-458e-99d2-c8f134d78c5c,Foot And Mouth Disease,ICD11_1F05,round3,2022-11-07T00:00:00,2022-11-13T00:00:00,country_IN,India,state_29,Karnataka,district_545,Mysuru,4399,81,4480,144,0,144,0,0,0,34939,,,
052664bf-41de-44ae-ae75-7efe9b58f319,Foot And Mouth Disease,ICD11_1F05,round3,2022-11-07T00:00:00,2022-11-13T00:00:00,country_IN,India,state_29,Karnataka,district_544,Mandya,241,88,329,5,0,5,0,0,0,50376,,,
067249ad-6f84-42bf-a7cd-d0f03942a5b5,Foot And Mouth Disease,ICD11_1F05,round3,2022-11-07T00:00:00,2022-11-13T00:00:00,country_IN,India,state_29,Karnataka,district_549,Udupi,2651,7,2658,14,0,14,0,0,0,8498,,,
cf239526-7543-4f3d-b874-4b40fe2425c3,Foot And Mouth Disease,ICD11_1F05,round3,,2022-11-13T00:00:00,country_IN,India,state_29,Karnataka,district_527,Belagavi,0,0,0,0,0,0,0,0,0,0,,,
8e94f566-4940-416e-aeb7-42bc33c1d581,Foot And Mouth Disease,ICD11_1F05,round3,,2022-11-13T00:00:00,country_IN,India,state_29,Karnataka,district_524,Bagalkote,0,0,0,0,0,0,0,0,0,0,,,
56543200-5fda-49c1-8f7e-9a04040f7f17,Foot And Mouth Disease,ICD11_1F05,round3,2022-11-07T00:00:00,2022-11-13T00:00:00,country_IN,India,state_29,Karnataka,district_536,Dharwad,637,319,956,5,1,6,0,0,0,12472,,,
c05221c1-381c-4a0e-8fb2-48703e76da10,Foot And Mouth Disease,ICD11_1F05,round3,2022-11-07T00:00:00,2022-11-13T00:00:00,country_IN,India,state_29,Karnataka,district_537,Gadag,715,202,917,6,3,9,0,0,0,9307,,,
728ab6cf-aeaa-4b94-abd1-712e5e8d7132,Foot And Mouth Disease,ICD11_1F05,round3,2022-11-07T00:00:00,2022-11-13T00:00:00,country_IN,India,state_29,Karnataka,district_540,Haveri,492,158,650,4,0,4,0,0,0,15944,,,
f06d329e-3d03-4076-b54c-68cb84f040ae,Foot And Mouth Disease,ICD11_1F05,round3,2022-11-07T00:00:00,2022-11-13T00:00:00,country_IN,India,state_29,Karnataka,district_550,Uttara Kannada,627,178,805,0,0,0,0,0,0,13464,,,
1d49d580-954f-45b5-85bc-54a41ede90e4,Foot And Mouth Disease,ICD11_1F05,round3,2022-11-07T00:00:00,2022-11-13T00:00:00,country_IN,India,state_29,Karnataka,district_530,Vijayapura,1876,1654,3530,27,22,49,0,0,0,35646,,,
6ffd90f3-8015-45b7-8e9a-0877f1946ec4,Foot And Mouth Disease,ICD11_1F05,round3,,2022-11-13T00:00:00,country_IN,India,state_29,Karnataka,district_528,Ballari,0,0,0,0,0,0,0,0,0,0,,,
3a5552df-c349-4f07-8c9e-ab607995ccd3,Foot And Mouth Disease,ICD11_1F05,round3,2022-11-07T00:00:00,2022-11-13T00:00:00,country_IN,India,state_29,Karnataka,district_529,Bidar,3591,2804,6395,48,48,96,0,0,0,29018,,,
fb520e3d-144b-45f0-81bc-068caf8d629f,Foot And Mouth Disease,ICD11_1F05,round3,2022-11-07T00:00:00,2022-11-13T00:00:00,country_IN,India,state_29,Karnataka,district_543,Koppal,0,0,0,0,0,0,0,0,0,2987,,,
782dbd3f-b5b6-4ffc-8437-e28b8e1ab613,Foot And Mouth Disease,ICD11_1F05,round3,2022-11-07T00:00:00,2022-11-13T00:00:00,country_IN,India,state_29,Karnataka,district_538,Kalaburagi,10959,1422,12381,52,6,58,0,0,0,41457,,,
dff00715-a458-4e48-b42b-2f4c41e8b9af,Foot And Mouth Disease,ICD11_1F05,round3,,2022-11-13T00:00:00,country_IN,India,state_29,Karnataka,district_546,Raichur,0,0,0,0,0,0,0,0,0,0,,,
14e4eedb-e72d-4da9-870d-24ebda9f948b,Foot And Mouth Disease,ICD11_1F05,round3,,2022-11-13T00:00:00,country_IN,India,state_29,Karnataka,district_635,Yadgir,0,0,0,0,0,0,0,0,0,0,,,
e3bd8051-9b60-44b4-a5bd-3ca024e46eed,Foot And Mouth Disease,ICD11_1F05,round3,2022-11-07T00:00:00,2022-12-20T00:00:00,country_IN,India,state_29,Karnataka,district_525,Bengaluru Urban,59,0,59,0,0,0,62,0,62,27409,,,
2bb95865-e91e-48fb-939c-46689f1c0af8,Foot And Mouth Disease,ICD11_1F05,round3,2022-11-07T00:00:00,2022-12-20T00:00:00,country_IN,India,state_29,Karnataka,district_526,Bengaluru Rural,0,0,0,0,0,0,32,6,38,52555,,,
6fa264eb-46a6-47ab-a3c0-13e463a67b74,Foot And Mouth Disease,ICD11_1F05,round3,2022-11-07T00:00:00,2022-12-20T00:00:00,country_IN,India,state_29,Karnataka,district_533,Chitradurga,0,142,142,0,0,0,7,0,7,105288,,,
6da9145f-14df-40f1-9633-faef2c9bb8d9,Foot And Mouth Disease,ICD11_1F05,round3,2022-11-07T00:00:00,2022-12-20T00:00:00,country_IN,India,state_29,Karnataka,district_630,Chikkaballapura,59,8,67,0,0,0,0,0,0,81951,,,
658428ef-43af-42d6-8226-5fc310ac2e1f,Foot And Mouth Disease,ICD11_1F05,round3,2022-11-07T00:00:00,2022-12-20T00:00:00,country_IN,India,state_29,Karnataka,district_535,Davangere,39,7,46,11,5,16,558,131,689,100414,,,
45e0dd7d-d22e-4f7b-8ad0-0134a3fd9cbf,Foot And Mouth Disease,ICD11_1F05,round3,2022-11-07T00:00:00,2022-12-20T00:00:00,country_IN,India,state_29,Karnataka,district_542,Kolar,330,0,330,0,0,0,0,0,0,101643,,,
e4379f37-419b-4cb4-bb4c-d45c0de551c9,Foot And Mouth Disease,ICD11_1F05,round3,2022-11-07T00:00:00,2022-12-20T00:00:00,country_IN,India,state_29,Karnataka,district_631,Ramanagara,27,10,37,0,0,0,7,0,7,80206,,,
592c400e-eca6-405e-a6d8-6921201d507f,Foot And Mouth Disease,ICD11_1F05,round3,2022-11-07T00:00:00,2022-12-20T00:00:00,country_IN,India,state_29,Karnataka,district_547,Shivamogga,0,0,0,0,0,0,0,0,0,126878,,,
91f77cf5-fee4-41c1-a126-98d5890a11b4,Foot And Mouth Disease,ICD11_1F05,round3,2022-11-07T00:00:00,2022-12-20T00:00:00,country_IN,India,state_29,Karnataka,district_548,Tumakuru,3790,421,4211,34,0,34,2,0,2,205448,,,
c3c1abaa-8c6d-4fd1-8e72-73686fd954dc,Foot And Mouth Disease,ICD11_1F05,round3,2022-11-07T00:00:00,2022-12-20T00:00:00,country_IN,India,state_29,Karnataka,district_531,Chamarajanagara,2188,43,2231,12,0,12,0,0,0,62099,,,
f2e1d72d-514a-44d6-b533-750ac4acfc57,Foot And Mouth Disease,ICD11_1F05,round3,2022-11-07T00:00:00,2022-12-20T00:00:00,country_IN,India,state_29,Karnataka,district_532,Chikkamagaluru,0,0,0,0,0,0,0,0,0,82387,,,
eb7e48fd-7397-483d-8461-babf2f85138f,Foot And Mouth Disease,ICD11_1F05,round3,2022-11-07T00:00:00,2022-12-20T00:00:00,country_IN,India,state_29,Karnataka,district_534,Dakshina Kannada,0,0,0,0,0,0,0,0,0,68874,,,
c9e8243a-b46f-444c-8a48-422183c05264,Foot And Mouth Disease,ICD11_1F05,round3,2022-11-07T00:00:00,2022-12-20T00:00:00,country_IN,India,state_29,Karnataka,district_539,Hassan,0,0,0,0,0,0,0,0,0,200919,,,
a0fc4cd5-9980-4475-bf6c-74f7c0a7840f,Foot And Mouth Disease,ICD11_1F05,round3,2022-11-07T00:00:00,2022-12-20T00:00:00,country_IN,India,state_29,Karnataka,district_541,Kodagu,13,0,13,0,0,0,13,0,13,16642,,,
df5b0bca-7a69-4130-a6db-bc5b041b7ffc,Foot And Mouth Disease,ICD11_1F05,round3,2022-11-07T00:00:00,2022-12-20T00:00:00,country_IN,India,state_29,Karnataka,district_545,Mysuru,1747,25,1772,0,0,0,51,0,51,153182,,,
c7f2f450-b8a8-485b-8f8c-072cdf99247b,Foot And Mouth Disease,ICD11_1F05,round3,2022-11-07T00:00:00,2022-12-20T00:00:00,country_IN,India,state_29,Karnataka,district_544,Mandya,0,0,0,0,0,0,27,0,27,186867,,,
18b052db-6a32-469a-a5e2-df63251c770b,Foot And Mouth Disease,ICD11_1F05,round3,2022-11-07T00:00:00,2022-12-20T00:00:00,country_IN,India,state_29,Karnataka,district_549,Udupi,5733,20,5753,0,0,0,35,0,35,63330,,,
250eb15d-5cc1-4b5f-99ad-4f5cb6811c2a,Foot And Mouth Disease,ICD11_1F05,round3,,2022-12-20T00:00:00,country_IN,India,state_29,Karnataka,district_527,Belagavi,0,0,0,0,0,0,0,0,0,0,,,
c9159c03-94e2-4a41-a817-0f9998b3d9fc,Foot And Mouth Disease,ICD11_1F05,round3,,2022-12-20T00:00:00,country_IN,India,state_29,Karnataka,district_524,Bagalkote,0,0,0,0,0,0,0,0,0,0,,,
0fdd4058-fe5f-4852-bc73-eaa597609ccc,Foot And Mouth Disease,ICD11_1F05,round3,2022-11-07T00:00:00,2022-12-20T00:00:00,country_IN,India,state_29,Karnataka,district_536,Dharwad,64,24,88,0,0,0,0,0,0,81245,,,
3f02cd9c-b994-4597-8d74-7dbcaad9a975,Foot And Mouth Disease,ICD11_1F05,round3,2022-11-07T00:00:00,2022-12-20T00:00:00,country_IN,India,state_29,Karnataka,district_537,Gadag,401,218,619,0,0,0,0,0,0,63195,,,
f280087d-138a-417a-9dfb-33585fb7d691,Foot And Mouth Disease,ICD11_1F05,round3,2022-11-07T00:00:00,2022-12-20T00:00:00,country_IN,India,state_29,Karnataka,district_540,Haveri,498,55,553,0,0,0,141,141,282,119088,,,
d62b91d4-2894-499b-8aaa-1e0182864fe6,Foot And Mouth Disease,ICD11_1F05,round3,2022-11-07T00:00:00,2022-12-20T00:00:00,country_IN,India,state_29,Karnataka,district_550,Uttara Kannada,791,105,896,33,2,35,0,0,0,86460,,,
188256e3-b744-477c-8e8f-122386cb2ffc,Foot And Mouth Disease,ICD11_1F05,round3,2022-11-07T00:00:00,2022-12-20T00:00:00,country_IN,India,state_29,Karnataka,district_530,Vijayapura,917,809,1726,5,6,11,128,116,244,141433,,,
70727b14-792b-4437-bf18-0ca203f7b8a5,Foot And Mouth Disease,ICD11_1F05,round3,,2022-12-20T00:00:00,country_IN,India,state_29,Karnataka,district_528,Ballari,0,0,0,0,0,0,0,0,0,0,,,
f526791c-2c9b-4cc1-8026-cda30e555b47,Foot And Mouth Disease,ICD11_1F05,round3,2022-11-07T00:00:00,2022-12-20T00:00:00,country_IN,India,state_29,Karnataka,district_529,Bidar,158,108,266,0,0,0,0,0,0,115953,,,
cb00b651-17d8-4d07-b495-5a17b357d435,Foot And Mouth Disease,ICD11_1F05,round3,2022-11-07T00:00:00,2022-12-20T00:00:00,country_IN,India,state_29,Karnataka,district_543,Koppal,3210,600,3810,33,0,33,0,0,0,89927,,,
27bc538e-2281-40cf-9aca-589933061b59,Foot And Mouth Disease,ICD11_1F05,round3,2022-11-07T00:00:00,2022-12-20T00:00:00,country_IN,India,state_29,Karnataka,district_538,Kalaburagi,1141,46,1187,0,0,0,359,74,433,132063,,,
701f5da7-8129-4bc3-aeb8-b2973c8a4df6,Foot And Mouth Disease,ICD11_1F05,round3,,2022-12-20T00:00:00,country_IN,India,state_29,Karnataka,district_546,Raichur,0,0,0,0,0,0,0,0,0,0,,,
2a27b850-3abd-4d15-80bb-9a75451d124a,Foot And Mouth Disease,ICD11_1F05,round3,,2022-12-20T00:00:00,country_IN,India,state_29,Karnataka,district_635,Yadgir,0,0,0,0,0,0,0,0,0,0,,,
9884a5f6-9b23-4e26-b31d-0ac6a556e243,Foot And Mouth Disease,ICD11_1F05,round3,2022-11-07T00:00:00,2022-11-21T00:00:00,country_IN,India,state_29,Karnataka,district_525,Bengaluru Urban,5260,205,5465,201,11,212,0,0,0,17566,,,
6956d92e-72dc-42ef-9c07-4d6bdfbe2215,Foot And Mouth Disease,ICD11_1F05,round3,2022-11-07T00:00:00,2022-11-21T00:00:00,country_IN,India,state_29,Karnataka,district_526,Bengaluru Rural,8691,403,9094,266,13,279,0,0,0,30146,,,
86c0f7f7-4846-40ff-a2d6-14b7f3ccafa3,Foot And Mouth Disease,ICD11_1F05,round3,2022-11-07T00:00:00,2022-11-21T00:00:00,country_IN,India,state_29,Karnataka,district_533,Chitradurga,8388,3474,11862,35,18,53,0,0,0,63580,,,
27b8a8eb-2b6e-4e5b-b849-fe02ffd83d0a,Foot And Mouth Disease,ICD11_1F05,round3,2022-11-07T00:00:00,2022-11-21T00:00:00,country_IN,India,state_29,Karnataka,district_630,Chikkaballapura,6057,655,6712,103,5,108,0,0,0,55695,,,
748e828d-8d9e-479d-aec4-39f4d50878fa,Foot And Mouth Disease,ICD11_1F05,round3,2022-11-07T00:00:00,2022-11-21T00:00:00,country_IN,India,state_29,Karnataka,district_535,Davangere,8430,2529,10959,379,112,491,0,0,0,29783,,,
bb7fbd9a-ae28-4ca6-a4ea-9c7ae636ba2d,Foot And Mouth Disease,ICD11_1F05,round3,2022-11-07T00:00:00,2022-11-21T00:00:00,country_IN,India,state_29,Karnataka,district_542,Kolar,7092,745,7837,273,33,306,0,0,0,73613,,,
9e0f543f-f6d2-409f-8c3d-8aa70688be56,Foot And Mouth Disease,ICD11_1F05,round3,2022-11-07T00:00:00,2022-11-21T00:00:00,country_IN,India,state_29,Karnataka,district_631,Ramanagara,11491,389,11880,426,21,447,0,0,0,43452,,,
8c5f86f4-ed22-43f1-9a91-419ca54bae01,Foot And Mouth Disease,ICD11_1F05,round3,2022-11-07T00:00:00,2022-11-21T00:00:00,country_IN,India,state_29,Karnataka,district_547,Shivamogga,23387,4631,28018,19,2,21,0,0,0,45097,,,
cf73e6ac-d7e5-46d7-86bf-c2ba450f1ef6,Foot And Mouth Disease,ICD11_1F05,round3,2022-11-07T00:00:00,2022-11-21T00:00:00,country_IN,India,state_29,Karnataka,district_548,Tumakuru,19265,5387,24652,293,53,346,0,0,0,72650,,,
76863bea-f579-40c1-9ef3-f511b5e0421e,Foot And Mouth Disease,ICD11_1F05,round3,2022-11-07T00:00:00,2022-11-21T00:00:00,country_IN,India,state_29,Karnataka,district_531,Chamarajanagara,7046,157,7203,168,0,168,0,0,0,34452,,,
9313daf6-6deb-45de-b433-fee86c3ece45,Foot And Mouth Disease,ICD11_1F05,round3,2022-11-07T00:00:00,2022-11-21T00:00:00,country_IN,India,state_29,Karnataka,district_532,Chikkamagaluru,8028,702,8730,32,0,32,0,0,0,29542,,,
f1a7cfe7-2d45-4b7c-aafc-c3f6b69046be,Foot And Mouth Disease,ICD11_1F05,round3,2022-11-07T00:00:00,2022-11-21T00:00:00,country_IN,India,state_29,Karnataka,district_534,Dakshina Kannada,10350,20,10370,256,0,256,0,0,0,38906,,,
d93dc194-4770-4523-9edb-c4646c6bfb11,Foot And Mouth Disease,ICD11_1F05,round3,2022-11-07T00:00:00,2022-11-21T00:00:00,country_IN,India,state_29,Karnataka,district_539,Hassan,20920,3319,24239,235,31,266,0,0,0,100290,,,
acd7dc9d-b62a-4a3b-acac-2937c6b649bd,Foot And Mouth Disease,ICD11_1F05,round3,2022-11-07T00:00:00,2022-11-21T00:00:00,country_IN,India,state_29,Karnataka,district_541,Kodagu,2931,80,3011,106,2,108,0,0,0,7790,,,
8160189b-6b0b-4311-91f9-eba8e60f4c63,Foot And Mouth Disease,ICD11_1F05,round3,2022-11-07T00:00:00,2022-11-21T00:00:00,country_IN,India,state_29,Karnataka,district_545,Mysuru,14740,502,15242,520,16,536,0,0,0,80625,,,
e1030399-983b-4697-ae77-9456bdeb8692,Foot And Mouth Disease,ICD11_1F05,round3,2022-11-07T00:00:00,2022-11-21T00:00:00,country_IN,India,state_29,Karnataka,district_544,Mandya,15917,3471,19388,171,35,206,0,0,0,114302,,,
ee86c3e1-ef5f-4282-b31c-a6d933ffc5e6,Foot And Mouth Disease,ICD11_1F05,round3,2022-11-07T00:00:00,2022-11-21T00:00:00,country_IN,India,state_29,Karnataka,district_549,Udupi,6467,12,6479,53,0,53,0,0,0,23209,,,
f1214680-f206-4a22-8a90-7c6352ac2b2c,Foot And Mouth Disease,ICD11_1F05,round3,,2022-11-21T00:00:00,country_IN,India,state_29,Karnataka,district_527,Belagavi,0,0,0,0,0,0,0,0,0,0,,,
cf73476f-8c6b-442c-af54-dd12b0cee35b,Foot And Mouth Disease,ICD11_1F05,round3,,2022-11-21T00:00:00,country_IN,India,state_29,Karnataka,district_524,Bagalkote,0,0,0,0,0,0,0,0,0,0,,,
99745b54-cf25-423e-8ed3-f6c5ecc854c8,Foot And Mouth Disease,ICD11_1F05,round3,2022-11-07T00:00:00,2022-11-21T00:00:00,country_IN,India,state_29,Karnataka,district_536,Dharwad,4486,1611,6097,22,15,37,0,0,0,28811,,,
e7ad606c-1e9b-4a1a-b373-17e1832e9088,Foot And Mouth Disease,ICD11_1F05,round3,2022-11-07T00:00:00,2022-11-21T00:00:00,country_IN,India,state_29,Karnataka,district_537,Gadag,3950,1566,5516,109,60,169,0,0,0,25211,,,
aa207f65-5bbf-428b-b2c1-ba191bb082e1,Foot And Mouth Disease,ICD11_1F05,round3,2022-11-07T00:00:00,2022-11-21T00:00:00,country_IN,India,state_29,Karnataka,district_540,Haveri,10119,3250,13369,25,7,32,0,0,0,54197,,,
c60bde0d-6657-4bae-9ac9-91e7deb0721d,Foot And Mouth Disease,ICD11_1F05,round3,2022-11-07T00:00:00,2022-11-21T00:00:00,country_IN,India,state_29,Karnataka,district_550,Uttara Kannada,9023,1506,10529,146,25,171,0,0,0,33784,,,
056465b5-7b75-48f7-baea-e197138501d2,Foot And Mouth Disease,ICD11_1F05,round3,2022-11-07T00:00:00,2022-11-21T00:00:00,country_IN,India,state_29,Karnataka,district_530,Vijayapura,7025,6320,13345,96,88,184,0,0,0,80204,,,
6763b759-d61b-4570-9a15-87ea49ed244e,Foot And Mouth Disease,ICD11_1F05,round3,,2022-11-21T00:00:00,country_IN,India,state_29,Karnataka,district_528,Ballari,0,0,0,0,0,0,0,0,0,0,,,
a4b8dcf0-4cd0-4888-8dbd-9208dbbe0321,Foot And Mouth Disease,ICD11_1F05,round3,2022-11-07T00:00:00,2022-11-21T00:00:00,country_IN,India,state_29,Karnataka,district_529,Bidar,5971,4127,10098,57,38,95,0,0,0,69726,,,
fe31aaa4-06e4-4ff9-bbce-8d07b8643a5e,Foot And Mouth Disease,ICD11_1F05,round3,2022-11-07T00:00:00,2022-11-21T00:00:00,country_IN,India,state_29,Karnataka,district_543,Koppal,3646,1218,4864,99,66,165,0,0,0,14749,,,
caec57c7-fa56-49dc-830c-3ad9ff4a0492,Foot And Mouth Disease,ICD11_1F05,round3,2022-11-07T00:00:00,2022-11-21T00:00:00,country_IN,India,state_29,Karnataka,district_538,Kalaburagi,10096,2014,12110,6,0,6,0,0,0,84676,,,
fbf0b4a5-104a-438e-8746-a18e96b83805,Foot And Mouth Disease,ICD11_1F05,round3,,2022-11-21T00:00:00,country_IN,India,state_29,Karnataka,district_546,Raichur,0,0,0,0,0,0,0,0,0,0,,,
846565ba-09c7-4a38-92dc-13f99303ccad,Foot And Mouth Disease,ICD11_1F05,round3,,2022-11-21T00:00:00,country_IN,India,state_29,Karnataka,district_635,Yadgir,0,0,0,0,0,0,0,0,0,0,,,
2c55ae58-a000-456b-83e0-8e10a1107395,Foot And Mouth Disease,ICD11_1F05,round3,2022-11-07T00:00:00,2022-12-12T00:00:00,country_IN,India,state_29,Karnataka,district_525,Bengaluru Urban,292,26,318,12,0,12,25,1,26,26703,,,
521f9c02-444d-4bce-9c73-c26a56c66506,Foot And Mouth Disease,ICD11_1F05,round3,2022-11-07T00:00:00,2022-12-12T00:00:00,country_IN,India,state_29,Karnataka,district_526,Bengaluru Rural,672,0,672,25,0,25,0,0,0,51488,,,
026647b3-2b4a-4838-b75b-d193a9dfc918,Foot And Mouth Disease,ICD11_1F05,round3,2022-11-07T00:00:00,2022-12-12T00:00:00,country_IN,India,state_29,Karnataka,district_533,Chitradurga,302,249,551,0,0,0,30,1,31,104679,,,
0805ce64-8836-4b4b-9a4c-6c56c143cf01,Foot And Mouth Disease,ICD11_1F05,round3,2022-11-07T00:00:00,2022-12-12T00:00:00,country_IN,India,state_29,Karnataka,district_630,Chikkaballapura,21,0,21,4,0,4,0,0,0,80100,,,
6d369587-1be4-40f2-9a0a-8fdf119e3a58,Foot And Mouth Disease,ICD11_1F05,round3,2022-11-07T00:00:00,2022-12-12T00:00:00,country_IN,India,state_29,Karnataka,district_535,Davangere,1460,415,1875,29,7,36,26,2,28,92938,,,
188bd607-7386-4282-8920-64b2f0bb76ea,Foot And Mouth Disease,ICD11_1F05,round3,2022-11-07T00:00:00,2022-12-12T00:00:00,country_IN,India,state_29,Karnataka,district_542,Kolar,175,37,212,0,0,0,0,0,0,92355,,,
d0f19a63-a9c2-4ca4-a032-68ec402caf48,Foot And Mouth Disease,ICD11_1F05,round3,2022-11-07T00:00:00,2022-12-12T00:00:00,country_IN,India,state_29,Karnataka,district_631,Ramanagara,293,111,404,12,4,16,0,0,0,79398,,,
c58c9dd5-c13e-4721-97b8-b698cbfcbf46,Foot And Mouth Disease,ICD11_1F05,round3,2022-11-07T00:00:00,2022-12-12T00:00:00,country_IN,India,state_29,Karnataka,district_547,Shivamogga,14338,2269,16607,0,0,0,0,0,0,119643,,,
2e0a5207-5a92-4303-a4a3-c154d0e6554d,Foot And Mouth Disease,ICD11_1F05,round3,2022-11-07T00:00:00,2022-12-12T00:00:00,country_IN,India,state_29,Karnataka,district_548,Tumakuru,2150,706,2856,5,2,7,31,2,33,197720,,,
7fac2363-57fb-43c1-ba9f-f5d2c8be0bc1,Foot And Mouth Disease,ICD11_1F05,round3,2022-11-07T00:00:00,2022-12-12T00:00:00,country_IN,India,state_29,Karnataka,district_531,Chamarajanagara,1000,2,1002,9,0,9,0,0,0,56058,,,
f9e9c74b-af1e-4c4e-b57c-d8d5d1f56849,Foot And Mouth Disease,ICD11_1F05,round3,2022-11-07T00:00:00,2022-12-12T00:00:00,country_IN,India,state_29,Karnataka,district_532,Chikkamagaluru,1850,74,1924,0,0,0,0,0,0,77097,,,
b4237b70-7b7a-407c-8f62-167af419c172,Foot And Mouth Disease,ICD11_1F05,round3,2022-11-07T00:00:00,2022-12-12T00:00:00,country_IN,India,state_29,Karnataka,district_534,Dakshina Kannada,532,6,538,30,0,30,0,0,0,67666,,,
4c306080-c175-43e5-b2f1-9438041e3530,Foot And Mouth Disease,ICD11_1F05,round3,2022-11-07T00:00:00,2022-12-12T00:00:00,country_IN,India,state_29,Karnataka,district_539,Hassan,6433,368,6801,14,6,20,47,1,48,198748,,,
86eac468-6a99-4062-aea9-3fe708f56033,Foot And Mouth Disease,ICD11_1F05,round3,2022-11-07T00:00:00,2022-12-12T00:00:00,country_IN,India,state_29,Karnataka,district_541,Kodagu,492,31,523,6,2,8,52,1,53,15834,,,
96b94897-7d82-4872-95f1-6c5ad1860f21,Foot And Mouth Disease,ICD11_1F05,round3,2022-11-07T00:00:00,2022-12-12T00:00:00,country_IN,India,state_29,Karnataka,district_545,Mysuru,4147,64,4211,24,0,24,0,0,0,144963,,,
b22849b6-0162-4454-a664-9cd7b73baf2e,Foot And Mouth Disease,ICD11_1F05,round3,2022-11-07T00:00:00,2022-12-12T00:00:00,country_IN,India,state_29,Karnataka,district_544,Mandya,0,0,0,0,0,0,3,0,3,186682,,,
93da4d79-9064-4f16-929a-39036dec9a5d,Foot And Mouth Disease,ICD11_1F05,round3,2022-11-07T00:00:00,2022-12-12T00:00:00,country_IN,India,state_29,Karnataka,district_549,Udupi,494,0,494,0,0,0,0,0,0,57680,,,
db7b35d4-ada1-4b19-a906-02e458639a6c,Foot And Mouth Disease,ICD11_1F05,round3,,2022-12-12T00:00:00,country_IN,India,state_29,Karnataka,district_527,Belagavi,0,0,0,0,0,0,0,0,0,0,,,
c4ab3bb2-5e60-4332-ba1a-d884ba5c4a16,Foot And Mouth Disease,ICD11_1F05,round3,,2022-12-12T00:00:00,country_IN,India,state_29,Karnataka,district_524,Bagalkote,0,0,0,0,0,0,0,0,0,0,,,
48ec3ba9-0ed7-4225-b28d-0f40d734161e,Foot And Mouth Disease,ICD11_1F05,round3,2022-11-07T00:00:00,2022-12-12T00:00:00,country_IN,India,state_29,Karnataka,district_536,Dharwad,9928,2462,12390,138,132,270,0,0,0,69709,,,
cc975862-8122-4c53-98d3-7b09a8bfe504,Foot And Mouth Disease,ICD11_1F05,round3,2022-11-07T00:00:00,2022-12-12T00:00:00,country_IN,India,state_29,Karnataka,district_537,Gadag,511,253,764,22,9,31,0,0,0,55846,,,
0865cc07-d974-45dd-a91a-45f618b20169,Foot And Mouth Disease,ICD11_1F05,round3,2022-11-07T00:00:00,2022-12-12T00:00:00,country_IN,India,state_29,Karnataka,district_540,Haveri,2398,276,2674,1210,522,1732,9,8,17,113791,,,
f452e228-b9d7-45c1-8284-2c297de94ff9,Foot And Mouth Disease,ICD11_1F05,round3,2022-11-07T00:00:00,2022-12-12T00:00:00,country_IN,India,state_29,Karnataka,district_550,Uttara Kannada,5181,1060,6241,145,15,160,0,0,0,78282,,,
c06e5bcd-6adc-47c2-8ea4-df15a61dd46f,Foot And Mouth Disease,ICD11_1F05,round3,2022-11-07T00:00:00,2022-12-12T00:00:00,country_IN,India,state_29,Karnataka,district_530,Vijayapura,1022,906,1928,24,19,43,0,0,0,135336,,,
8f05483f-91a9-4753-b450-d411e1f99ae0,Foot And Mouth Disease,ICD11_1F05,round3,,2022-12-12T00:00:00,country_IN,India,state_29,Karnataka,district_528,Ballari,0,0,0,0,0,0,0,0,0,0,,,
60a41710-632c-455a-a746-2cbba8964745,Foot And Mouth Disease,ICD11_1F05,round3,2022-11-07T00:00:00,2022-12-12T00:00:00,country_IN,India,state_29,Karnataka,district_529,Bidar,0,0,0,0,0,0,0,0,0,114941,,,
7d68e0e4-b7d7-4175-b9f6-61153efd5060,Foot And Mouth Disease,ICD11_1F05,round3,2022-11-07T00:00:00,2022-12-12T00:00:00,country_IN,India,state_29,Karnataka,district_543,Koppal,354,249,603,6,0,6,0,0,0,79872,,,
9d6fd569-f28a-4aa5-85f0-21d3f82ce47c,Foot And Mouth Disease,ICD11_1F05,round3,2022-11-07T00:00:00,2022-12-12T00:00:00,country_IN,India,state_29,Karnataka,district_538,Kalaburagi,52,35,87,0,0,0,1,0,1,125743,,,
e9c15755-29e3-4c50-a62c-959f6332a478,Foot And Mouth Disease,ICD11_1F05,round3,,2022-12-12T00:00:00,country_IN,India,state_29,Karnataka,district_546,Raichur,0,0,0,0,0,0,0,0,0,0,,,
f81c2195-0064-47ee-94a7-c51abc9cdd9a,Foot And Mouth Disease,ICD11_1F05,round3,,2022-12-12T00:00:00,country_IN,India,state_29,Karnataka,district_635,Yadgir,0,0,0,0,0,0,0,0,0,0,,,
c4a1c4a6-82aa-41c5-ac48-2080156c5eca,Foot And Mouth Disease,ICD11_1F05,round3,2022-11-07T00:00:00,2022-12-21T00:00:00,country_IN,India,state_29,Karnataka,district_525,Bengaluru Urban,135,97,232,0,0,0,0,0,0,27422,,,
e1cf49d3-8005-4ee4-804d-d64a8dd2fcd9,Foot And Mouth Disease,ICD11_1F05,round3,2022-11-07T00:00:00,2022-12-21T00:00:00,country_IN,India,state_29,Karnataka,district_526,Bengaluru Rural,37,1,38,0,0,0,23,0,23,52577,,,
d5a4d98d-52c3-4bd6-bbfa-45ba4f3c3576,Foot And Mouth Disease,ICD11_1F05,round3,2022-11-07T00:00:00,2022-12-21T00:00:00,country_IN,India,state_29,Karnataka,district_533,Chitradurga,0,0,0,0,0,0,0,0,0,105288,,,
83409f1f-8288-4dc7-9f60-b57fd9ca92c6,Foot And Mouth Disease,ICD11_1F05,round3,2022-11-07T00:00:00,2022-12-21T00:00:00,country_IN,India,state_29,Karnataka,district_630,Chikkaballapura,0,0,0,0,0,0,0,0,0,81951,,,
73d58d0a-e4db-4c4c-92a2-7b26300f85af,Foot And Mouth Disease,ICD11_1F05,round3,2022-11-07T00:00:00,2022-12-21T00:00:00,country_IN,India,state_29,Karnataka,district_535,Davangere,55,10,65,0,0,0,274,59,333,100473,,,
9d98a227-3c9f-4fc6-b013-4cf06889563e,Foot And Mouth Disease,ICD11_1F05,round3,2022-11-07T00:00:00,2022-12-21T00:00:00,country_IN,India,state_29,Karnataka,district_542,Kolar,732,26,758,0,0,0,128,2,130,101988,,,
7eeb5a54-b1a5-406a-9ffa-6ff061fe5313,Foot And Mouth Disease,ICD11_1F05,round3,2022-11-07T00:00:00,2022-12-21T00:00:00,country_IN,India,state_29,Karnataka,district_631,Ramanagara,0,0,0,0,0,0,12,1,13,80206,,,
55422f77-55cd-4bb3-9748-e0c7f9b4b80e,Foot And Mouth Disease,ICD11_1F05,round3,2022-11-07T00:00:00,2022-12-21T00:00:00,country_IN,India,state_29,Karnataka,district_547,Shivamogga,23,6,29,0,0,0,0,0,0,126883,,,
3e26cbdc-6a75-4ff0-bd80-2c0234b66c94,Foot And Mouth Disease,ICD11_1F05,round3,2022-11-07T00:00:00,2022-12-21T00:00:00,country_IN,India,state_29,Karnataka,district_548,Tumakuru,1587,164,1751,0,0,0,0,0,0,205557,,,
5b922745-599e-4789-bb71-aacac5823a6c,Foot And Mouth Disease,ICD11_1F05,round3,2022-11-07T00:00:00,2022-12-21T00:00:00,country_IN,India,state_29,Karnataka,district_531,Chamarajanagara,1095,121,1216,0,0,0,0,0,0,62466,,,
624b2e6c-b414-4978-bec9-1661ff5badea,Foot And Mouth Disease,ICD11_1F05,round3,2022-11-07T00:00:00,2022-12-21T00:00:00,country_IN,India,state_29,Karnataka,district_532,Chikkamagaluru,0,0,0,0,0,0,0,0,0,82387,,,
c436a675-4ff6-49f0-b4c6-d1bf76830193,Foot And Mouth Disease,ICD11_1F05,round3,2022-11-07T00:00:00,2022-12-21T00:00:00,country_IN,India,state_29,Karnataka,district_534,Dakshina Kannada,0,0,0,0,0,0,0,0,0,68874,,,
b1c1eca0-915c-45ef-98d8-7158b5122067,Foot And Mouth Disease,ICD11_1F05,round3,2022-11-07T00:00:00,2022-12-21T00:00:00,country_IN,India,state_29,Karnataka,district_539,Hassan,0,0,0,0,0,0,93,7,100,200919,,,
5b20cf80-da7c-4839-a2dd-f43d82dacc94,Foot And Mouth Disease,ICD11_1F05,round3,2022-11-07T00:00:00,2022-12-21T00:00:00,country_IN,India,state_29,Karnataka,district_541,Kodagu,0,0,0,0,0,0,0,0,0,16642,,,
fafc1d69-a157-4a27-813a-310cea3daa77,Foot And Mouth Disease,ICD11_1F05,round3,2022-11-07T00:00:00,2022-12-21T00:00:00,country_IN,India,state_29,Karnataka,district_545,Mysuru,751,16,767,4,2,6,0,0,0,153610,,,
a8fdcee4-9f79-44cb-bad8-9d916556d635,Foot And Mouth Disease,ICD11_1F05,round3,2022-11-07T00:00:00,2022-12-21T00:00:00,country_IN,India,state_29,Karnataka,district_544,Mandya,23,0,23,0,0,0,105,11,116,186901,,,
b70de7f2-3118-4596-987d-0821ebc9e0a1,Foot And Mouth Disease,ICD11_1F05,round3,2022-11-07T00:00:00,2022-12-21T00:00:00,country_IN,India,state_29,Karnataka,district_549,Udupi,0,0,0,0,0,0,0,0,0,63330,,,
9f9d530c-e903-4d52-a9cd-7286d1839af6,Foot And Mouth Disease,ICD11_1F05,round3,,2022-12-21T00:00:00,country_IN,India,state_29,Karnataka,district_527,Belagavi,0,0,0,0,0,0,0,0,0,0,,,
1cb7ec6b-2967-4940-8190-7788de43e2d4,Foot And Mouth Disease,ICD11_1F05,round3,,2022-12-21T00:00:00,country_IN,India,state_29,Karnataka,district_524,Bagalkote,0,0,0,0,0,0,0,0,0,0,,,
7284b98e-f75d-48c6-9645-cd61407eeed8,Foot And Mouth Disease,ICD11_1F05,round3,2022-11-07T00:00:00,2022-12-21T00:00:00,country_IN,India,state_29,Karnataka,district_536,Dharwad,63,60,123,0,0,0,0,0,0,81272,,,
e35f371c-39e8-4f66-b29c-701778eb7d14,Foot And Mouth Disease,ICD11_1F05,round3,2022-11-07T00:00:00,2022-12-21T00:00:00,country_IN,India,state_29,Karnataka,district_537,Gadag,274,248,522,0,0,0,0,0,0,63560,,,
43288e90-fdf4-4813-a180-8e81c6bc0a14,Foot And Mouth Disease,ICD11_1F05,round3,2022-11-07T00:00:00,2022-12-21T00:00:00,country_IN,India,state_29,Karnataka,district_540,Haveri,744,164,908,86,21,107,7,3,10,119612,,,
c60dd651-0451-450f-9fd7-6149e4f1e20a,Foot And Mouth Disease,ICD11_1F05,round3,2022-11-07T00:00:00,2022-12-21T00:00:00,country_IN,India,state_29,Karnataka,district_550,Uttara Kannada,0,0,0,0,0,0,0,0,0,86460,,,
eb151b25-ef86-4604-ac3e-5c1db8c315a3,Foot And Mouth Disease,ICD11_1F05,round3,2022-11-07T00:00:00,2022-12-21T00:00:00,country_IN,India,state_29,Karnataka,district_530,Vijayapura,1488,1065,2553,10,8,18,134,83,217,143319,,,
5207dee3-8b17-4638-ba72-abf81e8b067d,Foot And Mouth Disease,ICD11_1F05,round3,,2022-12-21T00:00:00,country_IN,India,state_29,Karnataka,district_528,Ballari,0,0,0,0,0,0,0,0,0,0,,,
09f1d5cf-49b5-4a9b-92f1-88554ddb9cba,Foot And Mouth Disease,ICD11_1F05,round3,2022-11-07T00:00:00,2022-12-21T00:00:00,country_IN,India,state_29,Karnataka,district_529,Bidar,0,0,0,0,0,0,0,0,0,115953,,,
6c068ee9-4f1b-4b25-a16e-29dd0cab5671,Foot And Mouth Disease,ICD11_1F05,round3,2022-11-07T00:00:00,2022-12-21T00:00:00,country_IN,India,state_29,Karnataka,district_543,Koppal,995,156,1151,0,0,0,0,0,0,90374,,,
90a6d719-5848-4347-a6c6-612e9f7bff2d,Foot And Mouth Disease,ICD11_1F05,round3,2022-11-07T00:00:00,2022-12-21T00:00:00,country_IN,India,state_29,Karnataka,district_538,Kalaburagi,1140,359,1499,0,0,0,23,0,23,132507,,,
f47b3801-4ba0-4fdf-ba2c-25af8b5533fe,Foot And Mouth Disease,ICD11_1F05,round3,,2022-12-21T00:00:00,country_IN,India,state_29,Karnataka,district_546,Raichur,0,0,0,0,0,0,0,0,0,0,,,
afd8a066-b78b-4619-a970-52deb98be41a,Foot And Mouth Disease,ICD11_1F05,round3,,2022-12-21T00:00:00,country_IN,India,state_29,Karnataka,district_635,Yadgir,0,0,0,0,0,0,0,0,0,0,,,
797ca509-7898-4772-8200-8676212a261a,Foot And Mouth Disease,ICD11_1F05,round3,2022-11-07T00:00:00,2022-11-22T00:00:00,country_IN,India,state_29,Karnataka,district_525,Bengaluru Urban,42630,1130,43760,2330,30,2360,0,0,0,183310,,,
54360ee9-7985-40c3-8074-c8023e3387d1,Foot And Mouth Disease,ICD11_1F05,round3,2022-11-07T00:00:00,2022-11-22T00:00:00,country_IN,India,state_29,Karnataka,district_526,Bengaluru Rural,66060,4760,70820,1810,30,1840,0,0,0,328480,,,
96b6c753-3395-4104-8afb-8e64ea4ac28c,Foot And Mouth Disease,ICD11_1F05,round3,2022-11-07T00:00:00,2022-11-22T00:00:00,country_IN,India,state_29,Karnataka,district_533,Chitradurga,61230,22130,83360,550,170,720,0,0,0,663050,,,
7b4a9504-0896-4e98-8f68-bc4046b21af6,Foot And Mouth Disease,ICD11_1F05,round3,2022-11-07T00:00:00,2022-11-22T00:00:00,country_IN,India,state_29,Karnataka,district_630,Chikkaballapura,84950,8370,93320,2170,180,2350,0,0,0,601970,,,
6deeb8da-08a4-4483-a7d7-72f5239bd08e,Foot And Mouth Disease,ICD11_1F05,round3,2022-11-07T00:00:00,2022-11-22T00:00:00,country_IN,India,state_29,Karnataka,district_535,Davangere,179430,52080,231510,6300,1960,8260,0,0,0,380520,,,
565f96c0-d70e-4da4-9936-3447f52a7be3,Foot And Mouth Disease,ICD11_1F05,round3,2022-11-07T00:00:00,2022-11-22T00:00:00,country_IN,India,state_29,Karnataka,district_542,Kolar,91850,9310,101160,4230,660,4890,0,0,0,781790,,,
9d3e0ec8-2a64-4019-b683-d6e9bed055f8,Foot And Mouth Disease,ICD11_1F05,round3,2022-11-07T00:00:00,2022-11-22T00:00:00,country_IN,India,state_29,Karnataka,district_631,Ramanagara,103940,2880,106820,3250,50,3300,0,0,0,464470,,,
baedbec0-9ffe-430d-8845-9fc2e6a4178f,Foot And Mouth Disease,ICD11_1F05,round3,2022-11-07T00:00:00,2022-11-22T00:00:00,country_IN,India,state_29,Karnataka,district_547,Shivamogga,94230,34920,129150,190,0,190,0,0,0,478550,,,
4bdf982f-41c0-4ad2-90aa-827023d6028f,Foot And Mouth Disease,ICD11_1F05,round3,2022-11-07T00:00:00,2022-11-22T00:00:00,country_IN,India,state_29,Karnataka,district_548,Tumakuru,173540,46180,219720,2450,460,2910,0,0,0,817310,,,
414c2e15-c902-46cf-b8d2-af1d51107eb0,Foot And Mouth Disease,ICD11_1F05,round3,2022-11-07T00:00:00,2022-11-22T00:00:00,country_IN,India,state_29,Karnataka,district_531,Chamarajanagara,83220,1490,84710,1920,20,1940,0,0,0,368900,,,
4d7261ca-c9b1-426f-a0bd-29da6d7654df,Foot And Mouth Disease,ICD11_1F05,round3,2022-11-07T00:00:00,2022-11-22T00:00:00,country_IN,India,state_29,Karnataka,district_532,Chikkamagaluru,74450,5650,80100,390,0,390,0,0,0,322300,,,
94548b7a-356b-43d1-89cb-0dcf77b83b0d,Foot And Mouth Disease,ICD11_1F05,round3,2022-11-07T00:00:00,2022-11-22T00:00:00,country_IN,India,state_29,Karnataka,district_534,Dakshina Kannada,90150,180,90330,2760,0,2760,0,0,0,416960,,,
92069bd5-c88c-4905-863d-76219b82cbf7,Foot And Mouth Disease,ICD11_1F05,round3,2022-11-07T00:00:00,2022-11-22T00:00:00,country_IN,India,state_29,Karnataka,district_539,Hassan,214850,26660,241510,1990,260,2250,0,0,0,1085850,,,
cc51b7be-8eab-499b-9528-cbd4ff0570c4,Foot And Mouth Disease,ICD11_1F05,round3,2022-11-07T00:00:00,2022-11-22T00:00:00,country_IN,India,state_29,Karnataka,district_541,Kodagu,16100,360,16460,340,20,360,0,0,0,82130,,,
ec41c63f-b803-4022-856d-384dfc99835b,Foot And Mouth Disease,ICD11_1F05,round3,2022-11-07T00:00:00,2022-11-22T00:00:00,country_IN,India,state_29,Karnataka,district_545,Mysuru,139320,7120,146440,4550,220,4770,0,0,0,855600,,,
5f6f2abe-089d-4257-8977-1da7fdde873e,Foot And Mouth Disease,ICD11_1F05,round3,2022-11-07T00:00:00,2022-11-22T00:00:00,country_IN,India,state_29,Karnataka,district_544,Mandya,184770,43360,228130,2060,350,2410,0,0,0,1230200,,,
1773a729-236f-4dcc-88c2-47df53707746,Foot And Mouth Disease,ICD11_1F05,round3,2022-11-07T00:00:00,2022-11-22T00:00:00,country_IN,India,state_29,Karnataka,district_549,Udupi,60200,70,60270,400,0,400,0,0,0,246590,,,
233e804d-1dc3-4d26-9e6f-1a01e9401c9a,Foot And Mouth Disease,ICD11_1F05,round3,,2022-11-22T00:00:00,country_IN,India,state_29,Karnataka,district_527,Belagavi,0,0,0,0,0,0,0,0,0,0,,,
9ae6bab2-a714-4053-b46f-6ffa9f44e1e7,Foot And Mouth Disease,ICD11_1F05,round3,,2022-11-22T00:00:00,country_IN,India,state_29,Karnataka,district_524,Bagalkote,0,0,0,0,0,0,0,0,0,0,,,
e7adaf04-d73d-4c2f-9d77-1eafe3e184f0,Foot And Mouth Disease,ICD11_1F05,round3,2022-11-07T00:00:00,2022-11-22T00:00:00,country_IN,India,state_29,Karnataka,district_536,Dharwad,38280,14800,53080,160,160,320,0,0,0,308180,,,
302cdb93-696f-4f47-b9f6-565542cbbfec,Foot And Mouth Disease,ICD11_1F05,round3,2022-11-07T00:00:00,2022-11-22T00:00:00,country_IN,India,state_29,Karnataka,district_537,Gadag,40390,14940,55330,490,190,680,0,0,0,274550,,,
d376be69-78dd-48db-b9b3-5c2ead45e466,Foot And Mouth Disease,ICD11_1F05,round3,2022-11-07T00:00:00,2022-11-22T00:00:00,country_IN,India,state_29,Karnataka,district_540,Haveri,87910,31160,119070,150,10,160,0,0,0,594560,,,
86fe9a17-b81d-44a1-b649-bb9edd6bf21e,Foot And Mouth Disease,ICD11_1F05,round3,2022-11-07T00:00:00,2022-11-22T00:00:00,country_IN,India,state_29,Karnataka,district_550,Uttara Kannada,90470,16590,107060,1360,150,1510,0,0,0,365490,,,
dbf840b8-7b04-4f3f-be53-429fa6460704,Foot And Mouth Disease,ICD11_1F05,round3,2022-11-07T00:00:00,2022-11-22T00:00:00,country_IN,India,state_29,Karnataka,district_530,Vijayapura,66260,56810,123070,690,690,1380,0,0,0,860130,,,
507afdce-bb00-42b1-b7c2-33b73175d883,Foot And Mouth Disease,ICD11_1F05,round3,,2022-11-22T00:00:00,country_IN,India,state_29,Karnataka,district_528,Ballari,0,0,0,0,0,0,0,0,0,0,,,
ad0d9e91-8df8-4a1f-8722-efa500a04af3,Foot And Mouth Disease,ICD11_1F05,round3,2022-11-07T00:00:00,2022-11-22T00:00:00,country_IN,India,state_29,Karnataka,district_529,Bidar,49410,32870,82280,440,280,720,0,0,0,731070,,,
0cf6e29d-88a7-4797-a4d3-fb0510be16e3,Foot And Mouth Disease,ICD11_1F05,round3,2022-11-07T00:00:00,2022-11-22T00:00:00,country_IN,India,state_29,Karnataka,district_543,Koppal,437740,94820,532560,5680,1890,7570,0,0,0,332960,,,
1e78b96d-51e1-40ba-b609-89f26f5edf06,Foot And Mouth Disease,ICD11_1F05,round3,2022-11-07T00:00:00,2022-11-22T00:00:00,country_IN,India,state_29,Karnataka,district_538,Kalaburagi,104650,15220,119870,220,70,290,0,0,0,884120,,,
efb5dbf0-a9b7-47e2-b60c-3b8702af03f0,Foot And Mouth Disease,ICD11_1F05,round3,,2022-11-22T00:00:00,country_IN,India,state_29,Karnataka,district_546,Raichur,,,,,,,,,,,,,
13ca5ced-83f7-48da-b14c-586bf88e5aaa,Foot And Mouth Disease,ICD11_1F05,round3,,2022-11-22T00:00:00,country_IN,India,state_29,Karnataka,district_635,Yadgir,,,,,,,,,,,,,
20531813-67f6-41d5-bfad-d88cfe4efd85,Foot And Mouth Disease,ICD11_1F05,round3,2022-11-07T00:00:00,2022-11-18T00:00:00,country_IN,India,state_29,Karnataka,district_525,Bengaluru Urban,5740,187,5927,292,2,294,0,0,0,15255,,,
9e569828-5d8f-4c3c-a580-b6114307a77c,Foot And Mouth Disease,ICD11_1F05,round3,2022-11-07T00:00:00,2022-11-18T00:00:00,country_IN,India,state_29,Karnataka,district_526,Bengaluru Rural,6451,434,6885,152,0,152,0,0,0,24226,,,
c1051f54-793d-4811-82d5-65ff7df3fa24,Foot And Mouth Disease,ICD11_1F05,round3,2022-11-07T00:00:00,2022-11-18T00:00:00,country_IN,India,state_29,Karnataka,district_533,Chitradurga,9454,4088,13542,52,16,68,0,0,0,52572,,,
5c4bad50-1109-4ba0-969b-16d631ec7868,Foot And Mouth Disease,ICD11_1F05,round3,2022-11-07T00:00:00,2022-11-18T00:00:00,country_IN,India,state_29,Karnataka,district_630,Chikkaballapura,8643,814,9457,153,11,164,0,0,0,48507,,,
caa72230-1918-4c0f-85a5-9b64afa6e5b6,Foot And Mouth Disease,ICD11_1F05,round3,2022-11-07T00:00:00,2022-11-18T00:00:00,country_IN,India,state_29,Karnataka,district_535,Davangere,4682,1779,6461,268,82,350,0,0,0,20441,,,
5e6af17d-0c67-45c9-86f6-457415f23caa,Foot And Mouth Disease,ICD11_1F05,round3,2022-11-07T00:00:00,2022-11-18T00:00:00,country_IN,India,state_29,Karnataka,district_542,Kolar,8156,753,8909,349,44,393,0,0,0,64355,,,
ee574b0b-bd3f-46dd-8348-fb60d9fa982b,Foot And Mouth Disease,ICD11_1F05,round3,2022-11-07T00:00:00,2022-11-18T00:00:00,country_IN,India,state_29,Karnataka,district_631,Ramanagara,12200,457,12657,580,30,610,0,0,0,36587,,,
07b03271-6d42-42d2-981e-cde1ca074c82,Foot And Mouth Disease,ICD11_1F05,round3,2022-11-07T00:00:00,2022-11-18T00:00:00,country_IN,India,state_29,Karnataka,district_547,Shivamogga,15086,2397,17483,43,3,46,0,0,0,34261,,,
47e9f1a1-895d-484d-8abb-5a94fe9d2450,Foot And Mouth Disease,ICD11_1F05,round3,2022-11-07T00:00:00,2022-11-18T00:00:00,country_IN,India,state_29,Karnataka,district_548,Tumakuru,17829,5038,22867,291,45,336,0,0,0,50623,,,
81a2c949-2a59-4ca5-8cf5-acbe7953c246,Foot And Mouth Disease,ICD11_1F05,round3,2022-11-07T00:00:00,2022-11-18T00:00:00,country_IN,India,state_29,Karnataka,district_531,Chamarajanagara,10012,506,10518,189,20,209,0,0,0,29624,,,
f0d3f8a5-97ae-4d01-877a-b7a11f36f0ff,Foot And Mouth Disease,ICD11_1F05,round3,2022-11-07T00:00:00,2022-11-18T00:00:00,country_IN,India,state_29,Karnataka,district_532,Chikkamagaluru,7901,888,8789,20,0,20,0,0,0,22927,,,
883b5e73-033a-49b3-ac7b-a1b321411659,Foot And Mouth Disease,ICD11_1F05,round3,2022-11-07T00:00:00,2022-11-18T00:00:00,country_IN,India,state_29,Karnataka,district_534,Dakshina Kannada,9278,48,9326,266,0,266,0,0,0,31965,,,
2aea9599-60f2-4e36-93bd-a1cde89f00b2,Foot And Mouth Disease,ICD11_1F05,round3,2022-11-07T00:00:00,2022-11-18T00:00:00,country_IN,India,state_29,Karnataka,district_539,Hassan,16711,3230,19941,99,14,113,0,0,0,82938,,,
122ed5bb-352f-4922-b1d3-c8d4ec774ed5,Foot And Mouth Disease,ICD11_1F05,round3,2022-11-07T00:00:00,2022-11-18T00:00:00,country_IN,India,state_29,Karnataka,district_541,Kodagu,1807,70,1877,68,0,68,0,0,0,6406,,,
eb9f0168-aff2-4672-9263-f8381a072f87,Foot And Mouth Disease,ICD11_1F05,round3,2022-11-07T00:00:00,2022-11-18T00:00:00,country_IN,India,state_29,Karnataka,district_545,Mysuru,16178,524,16702,409,11,420,0,0,0,69393,,,
822afd63-c27e-4de2-af2b-f17a649a7bcd,Foot And Mouth Disease,ICD11_1F05,round3,2022-11-07T00:00:00,2022-11-18T00:00:00,country_IN,India,state_29,Karnataka,district_544,Mandya,16609,4077,20686,270,37,307,0,0,0,96717,,,
3a8495be-424e-47f7-97e4-0ad98b10862b,Foot And Mouth Disease,ICD11_1F05,round3,2022-11-07T00:00:00,2022-11-18T00:00:00,country_IN,India,state_29,Karnataka,district_549,Udupi,7225,66,7291,46,0,46,0,0,0,18465,,,
5dbc8a27-fef1-476d-9606-e8d1f1c36abe,Foot And Mouth Disease,ICD11_1F05,round3,,2022-11-18T00:00:00,country_IN,India,state_29,Karnataka,district_527,Belagavi,0,0,0,0,0,0,0,0,0,0,,,
f0d078de-a4c6-4e3f-8060-a5d3ab8f6598,Foot And Mouth Disease,ICD11_1F05,round3,,2022-11-18T00:00:00,country_IN,India,state_29,Karnataka,district_524,Bagalkote,0,0,0,0,0,0,0,0,0,0,,,
3dd04114-cf8c-4eec-9f71-2940665dba09,Foot And Mouth Disease,ICD11_1F05,round3,2022-11-07T00:00:00,2022-11-18T00:00:00,country_IN,India,state_29,Karnataka,district_536,Dharwad,4510,1759,6269,18,4,22,0,0,0,24730,,,
3286d724-0202-4a07-9316-e7af3dfc8ab0,Foot And Mouth Disease,ICD11_1F05,round3,2022-11-07T00:00:00,2022-11-18T00:00:00,country_IN,India,state_29,Karnataka,district_537,Gadag,4096,1975,6071,131,70,201,0,0,0,20753,,,
ccc887fa-6b1e-4e25-a3b9-1869d39a63c4,Foot And Mouth Disease,ICD11_1F05,round3,2022-11-07T00:00:00,2022-11-18T00:00:00,country_IN,India,state_29,Karnataka,district_540,Haveri,10536,3792,14328,32,7,39,0,0,0,41815,,,
4b9157a8-2d2e-4796-b98c-8ab2a0757456,Foot And Mouth Disease,ICD11_1F05,round3,2022-11-07T00:00:00,2022-11-18T00:00:00,country_IN,India,state_29,Karnataka,district_550,Uttara Kannada,7921,1923,9844,115,11,126,0,0,0,28005,,,
8932eb05-28e9-42fb-8281-d1b96a9b4c60,Foot And Mouth Disease,ICD11_1F05,round3,2022-11-07T00:00:00,2022-11-18T00:00:00,country_IN,India,state_29,Karnataka,district_530,Vijayapura,6118,5802,11920,112,94,206,0,0,0,66316,,,
7fbfb4d1-a0e1-451c-926b-00cf655c94ae,Foot And Mouth Disease,ICD11_1F05,round3,,2022-11-18T00:00:00,country_IN,India,state_29,Karnataka,district_528,Ballari,0,0,0,0,0,0,0,0,0,0,,,
721df080-538e-4488-a601-099849917511,Foot And Mouth Disease,ICD11_1F05,round3,2022-11-07T00:00:00,2022-11-18T00:00:00,country_IN,India,state_29,Karnataka,district_529,Bidar,7666,6835,14501,81,70,151,0,0,0,58323,,,
476b59fc-e1bc-46c4-9062-b7228b21df5f,Foot And Mouth Disease,ICD11_1F05,round3,2022-11-07T00:00:00,2022-11-18T00:00:00,country_IN,India,state_29,Karnataka,district_543,Koppal,3137,1081,4218,64,51,115,0,0,0,8619,,,
cbf1820f-610b-4be3-b9fb-76af8bfa1dba,Foot And Mouth Disease,ICD11_1F05,round3,2022-11-07T00:00:00,2022-11-18T00:00:00,country_IN,India,state_29,Karnataka,district_538,Kalaburagi,15184,2422,17606,30,6,36,0,0,0,72010,,,
5e9d53ff-dcb4-4274-81dc-7f770ec6d330,Foot And Mouth Disease,ICD11_1F05,round3,,2022-11-18T00:00:00,country_IN,India,state_29,Karnataka,district_546,Raichur,0,0,0,0,0,0,0,0,0,0,,,
76ebf441-295e-4bcd-a6da-23a44fdf7b90,Foot And Mouth Disease,ICD11_1F05,round3,,2022-11-18T00:00:00,country_IN,India,state_29,Karnataka,district_635,Yadgir,0,0,0,0,0,0,0,0,0,0,,,
7baefaed-b6d5-4434-adec-6d3c3bf8310a,Foot And Mouth Disease,ICD11_1F05,round3,2022-11-07T00:00:00,2022-12-17T00:00:00,country_IN,India,state_29,Karnataka,district_525,Bengaluru Urban,107,0,107,0,0,0,0,0,0,27261,,,
c8c70907-2c11-47de-aef9-5466d97b5e6f,Foot And Mouth Disease,ICD11_1F05,round3,2022-11-07T00:00:00,2022-12-17T00:00:00,country_IN,India,state_29,Karnataka,district_526,Bengaluru Rural,0,0,0,0,0,0,0,0,0,52429,,,
a3954c39-ccd4-4458-a912-6e620f763046,Foot And Mouth Disease,ICD11_1F05,round3,2022-11-07T00:00:00,2022-12-17T00:00:00,country_IN,India,state_29,Karnataka,district_533,Chitradurga,868,217,1085,0,0,0,1,1,2,105234,,,
a1ee929d-0e47-42f2-9813-ccd8d99e0d9f,Foot And Mouth Disease,ICD11_1F05,round3,2022-11-07T00:00:00,2022-12-17T00:00:00,country_IN,India,state_29,Karnataka,district_630,Chikkaballapura,0,0,0,0,0,0,0,0,0,81934,,,
101ffa32-5c9f-49e0-aae2-2366eeb27b8d,Foot And Mouth Disease,ICD11_1F05,round3,2022-11-07T00:00:00,2022-12-17T00:00:00,country_IN,India,state_29,Karnataka,district_535,Davangere,116,57,173,0,0,0,129,30,159,100365,,,
28a74a0d-783b-48d3-aa09-c916c36eba44,Foot And Mouth Disease,ICD11_1F05,round3,2022-11-07T00:00:00,2022-12-17T00:00:00,country_IN,India,state_29,Karnataka,district_542,Kolar,921,0,921,0,0,0,0,0,0,101643,,,
675dae56-8914-46ee-8bbe-30d65bcc9f2f,Foot And Mouth Disease,ICD11_1F05,round3,2022-11-07T00:00:00,2022-12-17T00:00:00,country_IN,India,state_29,Karnataka,district_631,Ramanagara,6,0,6,0,0,0,34,0,34,80161,,,
a8810610-bb9e-45e9-ad8e-d957167c8d9a,Foot And Mouth Disease,ICD11_1F05,round3,2022-11-07T00:00:00,2022-12-17T00:00:00,country_IN,India,state_29,Karnataka,district_547,Shivamogga,0,0,0,0,0,0,0,0,0,126716,,,
c5276e68-cb3c-46e6-b90e-eaba16d29894,Foot And Mouth Disease,ICD11_1F05,round3,2022-11-07T00:00:00,2022-12-17T00:00:00,country_IN,India,state_29,Karnataka,district_548,Tumakuru,801,87,888,0,0,0,0,0,0,202847,,,
d4c31691-a264-4177-b51e-5d60e5ea1df6,Foot And Mouth Disease,ICD11_1F05,round3,2022-11-07T00:00:00,2022-12-17T00:00:00,country_IN,India,state_29,Karnataka,district_531,Chamarajanagara,1170,5,1175,0,0,0,0,0,0,60864,,,
f6f9e6de-43d0-457c-8315-6ce90b360dd1,Foot And Mouth Disease,ICD11_1F05,round3,2022-11-07T00:00:00,2022-12-17T00:00:00,country_IN,India,state_29,Karnataka,district_532,Chikkamagaluru,55,5,60,0,0,0,0,0,0,81522,,,
b20b4c00-63ec-41bd-be24-146f14ce692b,Foot And Mouth Disease,ICD11_1F05,round3,2022-11-07T00:00:00,2022-12-17T00:00:00,country_IN,India,state_29,Karnataka,district_534,Dakshina Kannada,0,0,0,0,0,0,0,0,0,68874,,,
b31baa66-6173-4648-9e3c-393ef9c5e2b8,Foot And Mouth Disease,ICD11_1F05,round3,2022-11-07T00:00:00,2022-12-17T00:00:00,country_IN,India,state_29,Karnataka,district_539,Hassan,933,33,966,0,0,0,0,0,0,200919,,,
6459a7db-10f5-4632-9d86-2f014bb7193b,Foot And Mouth Disease,ICD11_1F05,round3,2022-11-07T00:00:00,2022-12-17T00:00:00,country_IN,India,state_29,Karnataka,district_541,Kodagu,0,0,0,0,0,0,10,4,14,16608,,,
6cd921de-07e7-4950-aeed-f26c0cf0f78a,Foot And Mouth Disease,ICD11_1F05,round3,2022-11-07T00:00:00,2022-12-17T00:00:00,country_IN,India,state_29,Karnataka,district_545,Mysuru,1713,87,1800,26,0,26,0,0,0,151038,,,
02453267-c50a-48fe-9c7b-3c2444e820c7,Foot And Mouth Disease,ICD11_1F05,round3,2022-11-07T00:00:00,2022-12-17T00:00:00,country_IN,India,state_29,Karnataka,district_544,Mandya,6,4,10,0,0,0,75,4,79,186867,,,
72f6d518-d4d9-4ab8-8588-3e8fc55307e2,Foot And Mouth Disease,ICD11_1F05,round3,2022-11-07T00:00:00,2022-12-17T00:00:00,country_IN,India,state_29,Karnataka,district_549,Udupi,1968,0,1968,0,0,0,13,0,13,60128,,,
e5839dcd-2224-41fd-95b3-9a0ffc85a708,Foot And Mouth Disease,ICD11_1F05,round3,,2022-12-17T00:00:00,country_IN,India,state_29,Karnataka,district_527,Belagavi,0,0,0,0,0,0,0,0,0,0,,,
6fdb3b3c-6220-4008-89a3-0b0f3a33b242,Foot And Mouth Disease,ICD11_1F05,round3,,2022-12-17T00:00:00,country_IN,India,state_29,Karnataka,district_524,Bagalkote,0,0,0,0,0,0,0,0,0,0,,,
f23dfbb1-3b13-450e-9586-7f78c75c87c8,Foot And Mouth Disease,ICD11_1F05,round3,2022-11-07T00:00:00,2022-12-17T00:00:00,country_IN,India,state_29,Karnataka,district_536,Dharwad,227,38,265,0,0,0,0,0,0,81132,,,
bfa387e8-b7e5-4aa1-a9d9-e5afa28455a5,Foot And Mouth Disease,ICD11_1F05,round3,2022-11-07T00:00:00,2022-12-17T00:00:00,country_IN,India,state_29,Karnataka,district_537,Gadag,280,107,387,0,0,0,0,0,0,62524,,,
d3ee9412-a3e9-4523-a741-2c962ae0ae12,Foot And Mouth Disease,ICD11_1F05,round3,2022-11-07T00:00:00,2022-12-17T00:00:00,country_IN,India,state_29,Karnataka,district_540,Haveri,23,23,46,11,5,16,0,0,0,118397,,,
c0f7d658-3be1-4a61-82d8-3433bb45f41b,Foot And Mouth Disease,ICD11_1F05,round3,2022-11-07T00:00:00,2022-12-17T00:00:00,country_IN,India,state_29,Karnataka,district_550,Uttara Kannada,1898,800,2698,0,0,0,0,0,0,86025,,,
f9478d05-573a-4732-a738-6a88b8be7102,Foot And Mouth Disease,ICD11_1F05,round3,2022-11-07T00:00:00,2022-12-17T00:00:00,country_IN,India,state_29,Karnataka,district_530,Vijayapura,3,1,4,4,4,8,58,39,97,137834,,,
f15588fe-0fcc-46d8-9be0-e46468ddfa94,Foot And Mouth Disease,ICD11_1F05,round3,,2022-12-17T00:00:00,country_IN,India,state_29,Karnataka,district_528,Ballari,0,0,0,0,0,0,0,0,0,0,,,
f133d5f7-dfbe-43ae-b21a-d50b5cc4c025,Foot And Mouth Disease,ICD11_1F05,round3,2022-11-07T00:00:00,2022-12-17T00:00:00,country_IN,India,state_29,Karnataka,district_529,Bidar,149,149,298,0,0,0,0,0,0,115822,,,
65f86042-a1ce-4a80-85b8-27b84c6826ee,Foot And Mouth Disease,ICD11_1F05,round3,2022-11-07T00:00:00,2022-12-17T00:00:00,country_IN,India,state_29,Karnataka,district_543,Koppal,1306,82,1388,28,11,39,0,0,0,86835,,,
3572c23e-5665-4167-b183-e49a7050e0bc,Foot And Mouth Disease,ICD11_1F05,round3,2022-11-07T00:00:00,2022-12-17T00:00:00,country_IN,India,state_29,Karnataka,district_538,Kalaburagi,1517,190,1707,0,0,0,0,0,0,130776,,,
acf229e9-385f-45fe-8aa2-b110b6326743,Foot And Mouth Disease,ICD11_1F05,round3,,2022-12-17T00:00:00,country_IN,India,state_29,Karnataka,district_546,Raichur,0,0,0,0,0,0,0,0,0,0,,,
4392f586-e450-4908-b19e-10ce2b719d73,Foot And Mouth Disease,ICD11_1F05,round3,,2022-12-17T00:00:00,country_IN,India,state_29,Karnataka,district_635,Yadgir,0,0,0,0,0,0,0,0,0,0,,,
34392888-aee5-45b9-935c-a88f51e86564,Foot And Mouth Disease,ICD11_1F05,round3,2022-11-07T00:00:00,2022-11-14T00:00:00,country_IN,India,state_29,Karnataka,district_525,Bengaluru Urban,6062,138,6200,283,2,285,0,0,0,9055,,,
8421b60c-230b-4602-b788-626daee121d1,Foot And Mouth Disease,ICD11_1F05,round3,2022-11-07T00:00:00,2022-11-14T00:00:00,country_IN,India,state_29,Karnataka,district_526,Bengaluru Rural,6929,246,7175,201,1,202,9,0,9,14391,,,
5e92847a-ca07-49bf-b046-825334c4532f,Foot And Mouth Disease,ICD11_1F05,round3,2022-11-07T00:00:00,2022-11-14T00:00:00,country_IN,India,state_29,Karnataka,district_533,Chitradurga,8179,3912,12091,37,16,53,0,0,0,30378,,,
edcce794-190b-49e9-97e9-d877e0af4a7f,Foot And Mouth Disease,ICD11_1F05,round3,2022-11-07T00:00:00,2022-11-14T00:00:00,country_IN,India,state_29,Karnataka,district_630,Chikkaballapura,12455,1149,13604,233,16,249,0,0,0,30384,,,
538f6921-761d-448b-a7fb-f65ba484b1ac,Foot And Mouth Disease,ICD11_1F05,round3,2022-11-07T00:00:00,2022-11-14T00:00:00,country_IN,India,state_29,Karnataka,district_535,Davangere,5409,2027,7436,208,102,310,0,0,0,7999,,,
0ec59421-aaa3-439b-9b28-3bc25a193bcb,Foot And Mouth Disease,ICD11_1F05,round3,2022-11-07T00:00:00,2022-11-14T00:00:00,country_IN,India,state_29,Karnataka,district_542,Kolar,11446,650,12096,414,30,444,0,0,0,42089,,,
e1e0a49f-fab8-4e9f-b0d3-17c65a3709d2,Foot And Mouth Disease,ICD11_1F05,round3,2022-11-07T00:00:00,2022-11-14T00:00:00,country_IN,India,state_29,Karnataka,district_631,Ramanagara,12578,477,13055,501,37,538,0,0,0,21893,,,
c3317746-e880-44f0-a8f5-eb967c7b9053,Foot And Mouth Disease,ICD11_1F05,round3,2022-11-07T00:00:00,2022-11-14T00:00:00,country_IN,India,state_29,Karnataka,district_547,Shivamogga,13351,1934,15285,17,1,18,0,0,0,19400,,,
02d67f02-cd09-4db8-9177-2e478b70192c,Foot And Mouth Disease,ICD11_1F05,round3,2022-11-07T00:00:00,2022-11-14T00:00:00,country_IN,India,state_29,Karnataka,district_548,Tumakuru,16670,4998,21668,229,24,253,0,0,0,9132,,,
d9a573d1-2fd5-4c79-9cd2-7cbfe002d56d,Foot And Mouth Disease,ICD11_1F05,round3,2022-11-07T00:00:00,2022-11-14T00:00:00,country_IN,India,state_29,Karnataka,district_531,Chamarajanagara,8467,235,8702,239,1,240,0,0,0,18578,,,
c840d2ab-4d0d-4183-9b34-6212f69aee61,Foot And Mouth Disease,ICD11_1F05,round3,2022-11-07T00:00:00,2022-11-14T00:00:00,country_IN,India,state_29,Karnataka,district_532,Chikkamagaluru,8272,611,8883,29,0,29,0,0,0,12286,,,
84da071a-1edc-45a7-9920-8fb52d3228ed,Foot And Mouth Disease,ICD11_1F05,round3,2022-11-07T00:00:00,2022-11-14T00:00:00,country_IN,India,state_29,Karnataka,district_534,Dakshina Kannada,11815,26,11841,194,0,194,0,0,0,19755,,,
a7067178-4dae-445f-8610-751617f93303,Foot And Mouth Disease,ICD11_1F05,round3,2022-11-07T00:00:00,2022-11-14T00:00:00,country_IN,India,state_29,Karnataka,district_539,Hassan,21064,3150,24214,339,22,361,0,0,0,48058,,,
914b3e3d-eb95-44b9-a99c-8d9a4f242cc6,Foot And Mouth Disease,ICD11_1F05,round3,2022-11-07T00:00:00,2022-11-14T00:00:00,country_IN,India,state_29,Karnataka,district_541,Kodagu,2038,139,2177,66,1,67,0,0,0,4301,,,
7afae6d8-2b44-42db-8da5-9de670514f69,Foot And Mouth Disease,ICD11_1F05,round3,2022-11-07T00:00:00,2022-11-14T00:00:00,country_IN,India,state_29,Karnataka,district_545,Mysuru,22398,659,23057,623,22,645,0,0,0,42696,,,
7ef8bcd8-455c-4fc2-84bf-02a6155eb5bc,Foot And Mouth Disease,ICD11_1F05,round3,2022-11-07T00:00:00,2022-11-14T00:00:00,country_IN,India,state_29,Karnataka,district_544,Mandya,18396,4296,22692,346,47,393,0,0,0,59863,,,
c22e3ff2-9f70-446a-99fc-515262a34092,Foot And Mouth Disease,ICD11_1F05,round3,2022-11-07T00:00:00,2022-11-14T00:00:00,country_IN,India,state_29,Karnataka,district_549,Udupi,8124,19,8143,64,0,64,0,0,0,10724,,,
a37fda3c-e29c-4dcb-bf54-4abfd6ce3333,Foot And Mouth Disease,ICD11_1F05,round3,,2022-11-14T00:00:00,country_IN,India,state_29,Karnataka,district_527,Belagavi,0,0,0,0,0,0,0,0,0,0,,,
1c6c2d60-5b0a-4c04-b0e5-40dc3b625aa3,Foot And Mouth Disease,ICD11_1F05,round3,,2022-11-14T00:00:00,country_IN,India,state_29,Karnataka,district_524,Bagalkote,0,0,0,0,0,0,0,0,0,0,,,
ea52d7a9-ed84-4270-b5f9-5e10958a7b69,Foot And Mouth Disease,ICD11_1F05,round3,2022-11-07T00:00:00,2022-11-14T00:00:00,country_IN,India,state_29,Karnataka,district_536,Dharwad,5062,1454,6516,8,2,10,0,0,0,14880,,,
fa668616-9b7c-4adb-a2a3-0e23619028b2,Foot And Mouth Disease,ICD11_1F05,round3,2022-11-07T00:00:00,2022-11-14T00:00:00,country_IN,India,state_29,Karnataka,district_537,Gadag,3300,903,4203,85,44,129,0,0,0,11294,,,
3f87fbdc-f13b-4697-a987-da21ecaa88d9,Foot And Mouth Disease,ICD11_1F05,round3,2022-11-07T00:00:00,2022-11-14T00:00:00,country_IN,India,state_29,Karnataka,district_540,Haveri,9854,2362,12216,43,2,45,0,0,0,20628,,,
17220e1e-2b5c-4332-8293-1003036e6f50,Foot And Mouth Disease,ICD11_1F05,round3,2022-11-07T00:00:00,2022-11-14T00:00:00,country_IN,India,state_29,Karnataka,district_550,Uttara Kannada,11351,2259,13610,99,19,118,0,0,0,17114,,,
08dcb141-d672-421f-a5e0-8b57b3de53ee,Foot And Mouth Disease,ICD11_1F05,round3,2022-11-07T00:00:00,2022-11-14T00:00:00,country_IN,India,state_29,Karnataka,district_530,Vijayapura,7277,7016,14293,150,136,286,0,0,0,42070,,,
c88f8b36-222f-4b1e-9730-9bea014d5fca,Foot And Mouth Disease,ICD11_1F05,round3,,2022-11-14T00:00:00,country_IN,India,state_29,Karnataka,district_528,Ballari,0,0,0,0,0,0,0,0,0,0,,,
92f009fd-7d83-4d6d-a555-918910dfc7f9,Foot And Mouth Disease,ICD11_1F05,round3,2022-11-07T00:00:00,2022-11-14T00:00:00,country_IN,India,state_29,Karnataka,district_529,Bidar,7359,5274,12633,60,54,114,0,0,0,34561,,,
29e91244-c225-41ff-a89e-707269fa12d6,Foot And Mouth Disease,ICD11_1F05,round3,2022-11-07T00:00:00,2022-11-14T00:00:00,country_IN,India,state_29,Karnataka,district_543,Koppal,1919,704,2623,62,34,96,0,0,0,3801,,,
9f8a53b2-ffbb-43d8-a1dd-0b0da34de786,Foot And Mouth Disease,ICD11_1F05,round3,2022-11-07T00:00:00,2022-11-14T00:00:00,country_IN,India,state_29,Karnataka,district_538,Kalaburagi,14851,2550,17401,50,14,64,0,0,0,47072,,,
fa578aed-f05e-435c-a7ef-26abf74195ea,Foot And Mouth Disease,ICD11_1F05,round3,,2022-11-14T00:00:00,country_IN,India,state_29,Karnataka,district_546,Raichur,0,0,0,0,0,0,0,0,0,0,,,
1076f0db-24d4-47dc-8c1c-adbbb7a3ba76,Foot And Mouth Disease,ICD11_1F05,round3,,2022-11-14T00:00:00,country_IN,India,state_29,Karnataka,district_635,Yadgir,0,0,0,0,0,0,0,0,0,0,,,
8f101c5d-c3c8-4b1a-9b54-e022a33a3f95,Foot And Mouth Disease,ICD11_1F05,round3,2022-11-07T00:00:00,2022-12-10T00:00:00,country_IN,India,state_29,Karnataka,district_525,Bengaluru Urban,0,0,0,0,0,0,0,0,0,265970,,,
134ecc06-1787-4937-bd08-eaba9fc61c9b,Foot And Mouth Disease,ICD11_1F05,round3,2022-11-07T00:00:00,2022-12-10T00:00:00,country_IN,India,state_29,Karnataka,district_526,Bengaluru Rural,2350,0,2350,90,0,90,0,0,0,513280,,,
db21ad18-0d4c-4c52-9720-3ae61bed4556,Foot And Mouth Disease,ICD11_1F05,round3,2022-11-07T00:00:00,2022-12-10T00:00:00,country_IN,India,state_29,Karnataka,district_533,Chitradurga,250,130,380,0,0,0,100,10,110,1044740,,,
48d553dc-ca60-4e88-b3ef-72bcbb77ff34,Foot And Mouth Disease,ICD11_1F05,round3,2022-11-07T00:00:00,2022-12-10T00:00:00,country_IN,India,state_29,Karnataka,district_630,Chikkaballapura,8560,240,8800,480,0,480,0,0,0,800930,,,
dea9fefd-b57d-429d-8096-d354242b0d90,Foot And Mouth Disease,ICD11_1F05,round3,2022-11-07T00:00:00,2022-12-10T00:00:00,country_IN,India,state_29,Karnataka,district_535,Davangere,11350,2630,13980,590,70,660,80,0,80,920450,,,
8ab79e07-eaa0-41a7-99e4-e1502e10b723,Foot And Mouth Disease,ICD11_1F05,round3,2022-11-07T00:00:00,2022-12-10T00:00:00,country_IN,India,state_29,Karnataka,district_542,Kolar,0,0,0,0,0,0,0,0,0,921960,,,
3b36ca7c-e380-4e59-92e5-2e95cb1a14fc,Foot And Mouth Disease,ICD11_1F05,round3,2022-11-07T00:00:00,2022-12-10T00:00:00,country_IN,India,state_29,Karnataka,district_631,Ramanagara,8030,260,8290,190,0,190,330,0,330,792740,,,
126879d1-f250-4b71-acaa-3f33d4dcadc8,Foot And Mouth Disease,ICD11_1F05,round3,2022-11-07T00:00:00,2022-12-10T00:00:00,country_IN,India,state_29,Karnataka,district_547,Shivamogga,5500,1720,7220,0,0,0,0,0,0,1157390,,,
2eb989e9-cdc5-41f4-93e5-bac9327816c7,Foot And Mouth Disease,ICD11_1F05,round3,2022-11-07T00:00:00,2022-12-10T00:00:00,country_IN,India,state_29,Karnataka,district_548,Tumakuru,21730,6810,28540,110,10,120,0,0,0,1964890,,,
8a070373-0249-4663-aa13-e421155e6a9e,Foot And Mouth Disease,ICD11_1F05,round3,2022-11-07T00:00:00,2022-12-10T00:00:00,country_IN,India,state_29,Karnataka,district_531,Chamarajanagara,48120,870,48990,310,0,310,0,0,0,556120,,,
40475cef-1498-4b4b-adcf-b647e70d1b2a,Foot And Mouth Disease,ICD11_1F05,round3,2022-11-07T00:00:00,2022-12-10T00:00:00,country_IN,India,state_29,Karnataka,district_532,Chikkamagaluru,6150,190,6340,0,0,0,0,0,0,762600,,,
da653e28-af24-4464-9328-5106a3908a4e,Foot And Mouth Disease,ICD11_1F05,round3,2022-11-07T00:00:00,2022-12-10T00:00:00,country_IN,India,state_29,Karnataka,district_534,Dakshina Kannada,21310,0,21310,170,0,170,80,0,80,660280,,,
f325947d-9217-4819-8a5b-0a02a1949a24,Foot And Mouth Disease,ICD11_1F05,round3,2022-11-07T00:00:00,2022-12-10T00:00:00,country_IN,India,state_29,Karnataka,district_539,Hassan,80140,9720,89860,1250,110,1360,0,0,0,1958400,,,
6badb064-0b52-4158-8153-84e2e05d3aec,Foot And Mouth Disease,ICD11_1F05,round3,2022-11-07T00:00:00,2022-12-10T00:00:00,country_IN,India,state_29,Karnataka,district_541,Kodagu,5840,610,6450,460,0,460,0,0,0,156460,,,
739dc4b3-c66a-4b17-b9c6-3dbc9719d354,Foot And Mouth Disease,ICD11_1F05,round3,2022-11-07T00:00:00,2022-12-10T00:00:00,country_IN,India,state_29,Karnataka,district_545,Mysuru,47580,260,47840,110,10,120,0,0,0,1383560,,,
b1646825-5b46-42c4-bf33-e88d7b6e3ded,Foot And Mouth Disease,ICD11_1F05,round3,2022-11-07T00:00:00,2022-12-10T00:00:00,country_IN,India,state_29,Karnataka,district_544,Mandya,1610,60,1670,0,0,0,0,0,0,1866820,,,
e3f7debc-ad59-404d-9393-421a7485f3ac,Foot And Mouth Disease,ICD11_1F05,round3,2022-11-07T00:00:00,2022-12-10T00:00:00,country_IN,India,state_29,Karnataka,district_549,Udupi,3700,0,3700,10,0,10,0,0,0,570510,,,
877f23c7-d525-43d8-969b-22b7cb97ae89,Foot And Mouth Disease,ICD11_1F05,round3,,2022-12-10T00:00:00,country_IN,India,state_29,Karnataka,district_527,Belagavi,0,0,0,0,0,0,0,0,0,0,,,
aaea8ff1-e553-4745-925e-4489e94f55d3,Foot And Mouth Disease,ICD11_1F05,round3,,2022-12-10T00:00:00,country_IN,India,state_29,Karnataka,district_524,Bagalkote,0,0,0,0,0,0,0,0,0,0,,,
f25f022d-f889-4e0a-827f-7740e0e6b9b2,Foot And Mouth Disease,ICD11_1F05,round3,2022-11-07T00:00:00,2022-12-10T00:00:00,country_IN,India,state_29,Karnataka,district_536,Dharwad,31380,15120,46500,450,370,820,0,0,0,615780,,,
ccbddde1-ded9-4811-86cb-4cfdb6180a45,Foot And Mouth Disease,ICD11_1F05,round3,2022-11-07T00:00:00,2022-12-10T00:00:00,country_IN,India,state_29,Karnataka,district_537,Gadag,10570,7230,17800,130,100,230,0,0,0,550130,,,
4739016a-3ff2-4978-b1d1-74ef84b32564,Foot And Mouth Disease,ICD11_1F05,round3,2022-11-07T00:00:00,2022-12-10T00:00:00,country_IN,India,state_29,Karnataka,district_540,Haveri,24950,5960,30910,190,20,210,0,0,0,1120450,,,
98ac8146-9306-4675-b08d-566cf3dc6121,Foot And Mouth Disease,ICD11_1F05,round3,2022-11-07T00:00:00,2022-12-10T00:00:00,country_IN,India,state_29,Karnataka,district_550,Uttara Kannada,10190,3810,14000,440,10,450,0,0,0,765580,,,
0294e360-d37c-4da8-868c-72b66e8cdebd,Foot And Mouth Disease,ICD11_1F05,round3,2022-11-07T00:00:00,2022-12-10T00:00:00,country_IN,India,state_29,Karnataka,district_530,Vijayapura,6720,9030,15750,140,170,310,1010,840,1850,1336410,,,
a4d775c9-245d-46d5-a791-1a0876546a63,Foot And Mouth Disease,ICD11_1F05,round3,,2022-12-10T00:00:00,country_IN,India,state_29,Karnataka,district_528,Ballari,0,0,0,0,0,0,0,0,0,0,,,
8c111ed8-e126-45f3-b680-eb63811df9e5,Foot And Mouth Disease,ICD11_1F05,round3,2022-11-07T00:00:00,2022-12-10T00:00:00,country_IN,India,state_29,Karnataka,district_529,Bidar,0,0,0,0,0,0,0,0,0,1149410,,,
325bc56b-aef9-4c9d-8f13-7e9669bb56a7,Foot And Mouth Disease,ICD11_1F05,round3,2022-11-07T00:00:00,2022-12-10T00:00:00,country_IN,India,state_29,Karnataka,district_543,Koppal,0,0,0,0,0,0,0,0,0,796600,,,
6294130d-db01-435b-92cc-ac922c7934aa,Foot And Mouth Disease,ICD11_1F05,round3,2022-11-07T00:00:00,2022-12-10T00:00:00,country_IN,India,state_29,Karnataka,district_538,Kalaburagi,0,0,0,0,0,0,60,0,60,1256620,,,
35b5d517-656e-4d31-b040-c268767938b6,Foot And Mouth Disease,ICD11_1F05,round3,,2022-12-10T00:00:00,country_IN,India,state_29,Karnataka,district_546,Raichur,,,,,,,,,,,,,
67e813f2-4c02-436c-9a96-b665917f0b4d,Foot And Mouth Disease,ICD11_1F05,round3,,2022-12-10T00:00:00,country_IN,India,state_29,Karnataka,district_635,Yadgir,,,,,,,,,,,,,
bc39562e-a366-42d8-b801-4f27caba8fbf,Foot And Mouth Disease,ICD11_1F05,round3,2022-11-07T00:00:00,2022-11-23T00:00:00,country_IN,India,state_29,Karnataka,district_525,Bengaluru Urban,51560,1640,53200,1960,220,2180,0,0,0,195650,,,
659ab95f-e9a6-42e9-8143-0ef846468896,Foot And Mouth Disease,ICD11_1F05,round3,2022-11-07T00:00:00,2022-11-23T00:00:00,country_IN,India,state_29,Karnataka,district_526,Bengaluru Rural,58180,3000,61180,1730,30,1760,0,0,0,348970,,,
3e42d65e-2a4b-4b14-b20f-1f8cdf1b7f42,Foot And Mouth Disease,ICD11_1F05,round3,2022-11-07T00:00:00,2022-11-23T00:00:00,country_IN,India,state_29,Karnataka,district_533,Chitradurga,72830,32130,104960,650,330,980,0,0,0,702490,,,
7476cd33-d676-4eae-b6f9-89d7f6353739,Foot And Mouth Disease,ICD11_1F05,round3,2022-11-07T00:00:00,2022-11-23T00:00:00,country_IN,India,state_29,Karnataka,district_630,Chikkaballapura,81620,9430,91050,2320,190,2510,0,0,0,643520,,,
f6b20634-1615-48e4-be73-42bfff98c523,Foot And Mouth Disease,ICD11_1F05,round3,2022-11-07T00:00:00,2022-11-23T00:00:00,country_IN,India,state_29,Karnataka,district_535,Davangere,85060,25530,110590,3730,1230,4960,0,0,0,420800,,,
da8619d2-6b1f-43e1-bae1-45d92fdcfe8d,Foot And Mouth Disease,ICD11_1F05,round3,2022-11-07T00:00:00,2022-11-23T00:00:00,country_IN,India,state_29,Karnataka,district_542,Kolar,48690,4980,53670,1610,200,1810,0,0,0,809240,,,
a67f2def-6742-4971-a290-8c340c40137f,Foot And Mouth Disease,ICD11_1F05,round3,2022-11-07T00:00:00,2022-11-23T00:00:00,country_IN,India,state_29,Karnataka,district_631,Ramanagara,114920,4300,119220,3610,180,3790,0,0,0,497460,,,
18689a9c-5905-4dc2-8102-f335c9db50b1,Foot And Mouth Disease,ICD11_1F05,round3,2022-11-07T00:00:00,2022-11-23T00:00:00,country_IN,India,state_29,Karnataka,district_547,Shivamogga,117660,25910,143570,240,60,300,0,0,0,515670,,,
6002b449-2cc7-4e40-9542-0a29d3d5d2fc,Foot And Mouth Disease,ICD11_1F05,round3,2022-11-07T00:00:00,2022-11-23T00:00:00,country_IN,India,state_29,Karnataka,district_548,Tumakuru,176510,49670,226180,2440,390,2830,60,0,60,907670,,,
00e97410-d984-4ca6-bab5-c5a9f51eec1e,Foot And Mouth Disease,ICD11_1F05,round3,2022-11-07T00:00:00,2022-11-23T00:00:00,country_IN,India,state_29,Karnataka,district_531,Chamarajanagara,67660,1890,69550,1860,0,1860,0,0,0,390970,,,
d25dbe05-91e0-4c1e-a8c5-191e4d69b207,Foot And Mouth Disease,ICD11_1F05,round3,2022-11-07T00:00:00,2022-11-23T00:00:00,country_IN,India,state_29,Karnataka,district_532,Chikkamagaluru,56800,4530,61330,120,0,120,0,0,0,340810,,,
ec3626e0-1b52-425a-aa8b-1d31f353ed50,Foot And Mouth Disease,ICD11_1F05,round3,2022-11-07T00:00:00,2022-11-23T00:00:00,country_IN,India,state_29,Karnataka,district_534,Dakshina Kannada,80040,300,80340,2290,0,2290,0,0,0,442700,,,
43fc5058-8bff-4cf4-88e3-92b203a46274,Foot And Mouth Disease,ICD11_1F05,round3,2022-11-07T00:00:00,2022-11-23T00:00:00,country_IN,India,state_29,Karnataka,district_539,Hassan,169890,31640,201530,2210,140,2350,0,0,0,1153670,,,
bc629db5-e961-4797-8a0d-fa9360927cb1,Foot And Mouth Disease,ICD11_1F05,round3,2022-11-07T00:00:00,2022-11-23T00:00:00,country_IN,India,state_29,Karnataka,district_541,Kodagu,23350,700,24050,1040,40,1080,0,0,0,88470,,,
cde33529-cec3-4cf6-adfd-4f22657f0361,Foot And Mouth Disease,ICD11_1F05,round3,2022-11-07T00:00:00,2022-11-23T00:00:00,country_IN,India,state_29,Karnataka,district_545,Mysuru,174030,4440,178470,5340,90,5430,0,0,0,914870,,,
76551a93-a3ee-4a30-a3a9-9aba168c924a,Foot And Mouth Disease,ICD11_1F05,round3,2022-11-07T00:00:00,2022-11-23T00:00:00,country_IN,India,state_29,Karnataka,district_544,Mandya,165890,44160,210050,2130,290,2420,0,0,0,1315930,,,
eaf71de8-26e5-4800-82b0-5af07a263358,Foot And Mouth Disease,ICD11_1F05,round3,2022-11-07T00:00:00,2022-11-23T00:00:00,country_IN,India,state_29,Karnataka,district_549,Udupi,76510,180,76690,740,0,740,0,0,0,267730,,,
3dcd751d-3ef3-45b5-919b-295214e15500,Foot And Mouth Disease,ICD11_1F05,round3,,2022-11-23T00:00:00,country_IN,India,state_29,Karnataka,district_527,Belagavi,0,0,0,0,0,0,0,0,0,0,,,
00585809-e501-4ac5-8705-98dd27a44a92,Foot And Mouth Disease,ICD11_1F05,round3,,2022-11-23T00:00:00,country_IN,India,state_29,Karnataka,district_524,Bagalkote,0,0,0,0,0,0,0,0,0,0,,,
b5e075ca-929c-47f6-ae77-e3645000f094,Foot And Mouth Disease,ICD11_1F05,round3,2022-11-07T00:00:00,2022-11-23T00:00:00,country_IN,India,state_29,Karnataka,district_536,Dharwad,32690,13490,46180,250,150,400,0,0,0,326010,,,
ff61dbd7-118d-486a-8bfb-eb51e9f608ef,Foot And Mouth Disease,ICD11_1F05,round3,2022-11-07T00:00:00,2022-11-23T00:00:00,country_IN,India,state_29,Karnataka,district_537,Gadag,35480,14170,49650,660,310,970,0,0,0,290150,,,
d6988ed9-5c6f-4ed1-a963-efef906c609c,Foot And Mouth Disease,ICD11_1F05,round3,2022-11-07T00:00:00,2022-11-23T00:00:00,country_IN,India,state_29,Karnataka,district_540,Haveri,86990,27490,114480,360,110,470,0,0,0,641520,,,
dafdee37-cb71-4d95-a5f0-7e84029d48fb,Foot And Mouth Disease,ICD11_1F05,round3,2022-11-07T00:00:00,2022-11-23T00:00:00,country_IN,India,state_29,Karnataka,district_550,Uttara Kannada,75570,14770,90340,1590,190,1780,0,0,0,390180,,,
e6219341-7fae-4341-a84b-cc979b30d281,Foot And Mouth Disease,ICD11_1F05,round3,2022-11-07T00:00:00,2022-11-23T00:00:00,country_IN,India,state_29,Karnataka,district_530,Vijayapura,61310,60460,121770,810,810,1620,0,0,0,914170,,,
1ffb6695-3a76-48b4-83f0-663d327c42ad,Foot And Mouth Disease,ICD11_1F05,round3,,2022-11-23T00:00:00,country_IN,India,state_29,Karnataka,district_528,Ballari,0,0,0,0,0,0,0,0,0,0,,,
1c3de8a4-e933-44e1-8029-9db9d66cc641,Foot And Mouth Disease,ICD11_1F05,round3,2022-11-07T00:00:00,2022-11-23T00:00:00,country_IN,India,state_29,Karnataka,district_529,Bidar,65080,45460,110540,980,700,1680,0,0,0,783880,,,
b6277df8-7f66-4f95-a608-3e70acb83571,Foot And Mouth Disease,ICD11_1F05,round3,2022-11-07T00:00:00,2022-11-23T00:00:00,country_IN,India,state_29,Karnataka,district_543,Koppal,88910,18910,107820,740,340,1080,0,0,0,369790,,,
62ed8ed5-fa83-4fdf-be03-7638522ea672,Foot And Mouth Disease,ICD11_1F05,round3,2022-11-07T00:00:00,2022-11-23T00:00:00,country_IN,India,state_29,Karnataka,district_538,Kalaburagi,115800,17470,133270,490,340,830,0,0,0,930730,,,
630a9b5e-f998-4ac8-90ed-1cb02409ce27,Foot And Mouth Disease,ICD11_1F05,round3,,2022-11-23T00:00:00,country_IN,India,state_29,Karnataka,district_546,Raichur,,,,,,,,,,,,,
b181d390-e38d-4e56-9316-84d83329aa30,Foot And Mouth Disease,ICD11_1F05,round3,,2022-11-23T00:00:00,country_IN,India,state_29,Karnataka,district_635,Yadgir,,,,,,,,,,,,,
7375dc5d-4e06-4480-91c3-7a4c8c789bb2,Foot And Mouth Disease,ICD11_1F05,round3,2022-11-07T00:00:00,2022-11-24T00:00:00,country_IN,India,state_29,Karnataka,district_525,Bengaluru Urban,3589,135,3724,200,25,225,0,0,0,20366,,,
25e654db-d714-43e8-847f-7bc2a9e263d1,Foot And Mouth Disease,ICD11_1F05,round3,2022-11-07T00:00:00,2022-11-24T00:00:00,country_IN,India,state_29,Karnataka,district_526,Bengaluru Rural,6542,570,7112,127,1,128,0,0,0,37752,,,
56749f05-b350-42df-8472-5cd956000214,Foot And Mouth Disease,ICD11_1F05,round3,2022-11-07T00:00:00,2022-11-24T00:00:00,country_IN,India,state_29,Karnataka,district_533,Chitradurga,5224,2537,7761,31,16,47,0,0,0,73204,,,
8d414d3e-c775-451b-9f21-e77825d1ea72,Foot And Mouth Disease,ICD11_1F05,round3,2022-11-07T00:00:00,2022-11-24T00:00:00,country_IN,India,state_29,Karnataka,district_630,Chikkaballapura,6871,763,7634,111,14,125,0,0,0,67699,,,
38840d8b-4522-47f7-a53e-f0ed3050b566,Foot And Mouth Disease,ICD11_1F05,round3,2022-11-07T00:00:00,2022-11-24T00:00:00,country_IN,India,state_29,Karnataka,district_535,Davangere,7818,2329,10147,279,93,372,0,0,0,45945,,,
89f75270-de13-4303-afc6-62d5e32d9b14,Foot And Mouth Disease,ICD11_1F05,round3,2022-11-07T00:00:00,2022-11-24T00:00:00,country_IN,India,state_29,Karnataka,district_542,Kolar,4276,356,4632,194,37,231,0,0,0,82803,,,
f6067e50-e119-4dc8-86e0-792f451d3404,Foot And Mouth Disease,ICD11_1F05,round3,2022-11-07T00:00:00,2022-11-24T00:00:00,country_IN,India,state_29,Karnataka,district_631,Ramanagara,11760,607,12367,508,41,549,0,0,0,53151,,,
53dedae7-ce04-43b9-9974-f8d364863fb6,Foot And Mouth Disease,ICD11_1F05,round3,2022-11-07T00:00:00,2022-11-24T00:00:00,country_IN,India,state_29,Karnataka,district_547,Shivamogga,19732,4621,24353,33,0,33,0,0,0,57718,,,
153f5933-2680-4255-90ea-cbf8f5126744,Foot And Mouth Disease,ICD11_1F05,round3,2022-11-07T00:00:00,2022-11-24T00:00:00,country_IN,India,state_29,Karnataka,district_548,Tumakuru,18188,4858,23046,186,42,228,0,0,0,100293,,,
75267002-d867-431a-8169-db59ce9a8166,Foot And Mouth Disease,ICD11_1F05,round3,2022-11-07T00:00:00,2022-11-24T00:00:00,country_IN,India,state_29,Karnataka,district_531,Chamarajanagara,6716,176,6892,128,0,128,0,0,0,41083,,,
a4cf9423-ceee-45d6-bc44-4046cfc21add,Foot And Mouth Disease,ICD11_1F05,round3,2022-11-07T00:00:00,2022-11-24T00:00:00,country_IN,India,state_29,Karnataka,district_532,Chikkamagaluru,8391,508,8899,26,0,26,0,0,0,36861,,,
bab6be2c-d755-4ed8-9eb1-82adf922d69a,Foot And Mouth Disease,ICD11_1F05,round3,2022-11-07T00:00:00,2022-11-24T00:00:00,country_IN,India,state_29,Karnataka,district_534,Dakshina Kannada,5689,14,5703,226,0,226,0,0,0,46163,,,
1149ca6b-3d11-4dbf-be6b-514ae715fae2,Foot And Mouth Disease,ICD11_1F05,round3,2022-11-07T00:00:00,2022-11-24T00:00:00,country_IN,India,state_29,Karnataka,district_539,Hassan,16349,3214,19563,149,11,160,0,0,0,121162,,,
b6324e4b-660d-4f8c-932d-9d3553a36948,Foot And Mouth Disease,ICD11_1F05,round3,2022-11-07T00:00:00,2022-11-24T00:00:00,country_IN,India,state_29,Karnataka,district_541,Kodagu,2135,50,2185,71,0,71,0,0,0,9422,,,
dd1ab774-ca31-4b65-a88e-7d5026c130f4,Foot And Mouth Disease,ICD11_1F05,round3,2022-11-07T00:00:00,2022-11-24T00:00:00,country_IN,India,state_29,Karnataka,district_545,Mysuru,12902,716,13618,358,3,361,0,0,0,96104,,,
3b96ffbf-d369-4394-98b9-0195633a7c59,Foot And Mouth Disease,ICD11_1F05,round3,2022-11-07T00:00:00,2022-11-24T00:00:00,country_IN,India,state_29,Karnataka,district_544,Mandya,14727,3875,18602,292,68,360,0,0,0,139210,,,
33f6081b-4a44-40ce-b190-f7f54c64faef,Foot And Mouth Disease,ICD11_1F05,round3,2022-11-07T00:00:00,2022-11-24T00:00:00,country_IN,India,state_29,Karnataka,district_549,Udupi,5323,37,5360,44,0,44,0,0,0,28320,,,
b805d75b-b39b-4b15-b94a-c135e19a2641,Foot And Mouth Disease,ICD11_1F05,round3,,2022-11-24T00:00:00,country_IN,India,state_29,Karnataka,district_527,Belagavi,0,0,0,0,0,0,0,0,0,0,,,
9b65366c-cb56-4630-8daf-ad8f608dd2d7,Foot And Mouth Disease,ICD11_1F05,round3,,2022-11-24T00:00:00,country_IN,India,state_29,Karnataka,district_524,Bagalkote,0,0,0,0,0,0,0,0,0,0,,,
100f02da-6e28-4645-aad6-fbb29fdc49a1,Foot And Mouth Disease,ICD11_1F05,round3,2022-11-07T00:00:00,2022-11-24T00:00:00,country_IN,India,state_29,Karnataka,district_536,Dharwad,3116,738,3854,15,13,28,0,0,0,33929,,,
3d483741-2f8c-4a40-8e31-e652d85271c6,Foot And Mouth Disease,ICD11_1F05,round3,2022-11-07T00:00:00,2022-11-24T00:00:00,country_IN,India,state_29,Karnataka,district_537,Gadag,2515,1209,3724,76,59,135,0,0,0,30497,,,
2e7889f4-385b-4c82-8d77-2ceb27821d99,Foot And Mouth Disease,ICD11_1F05,round3,2022-11-07T00:00:00,2022-11-24T00:00:00,country_IN,India,state_29,Karnataka,district_540,Haveri,8344,2874,11218,46,11,57,0,0,0,68935,,,
b5dcdf4d-b3d7-40b3-a469-a3213a6ef9ee,Foot And Mouth Disease,ICD11_1F05,round3,2022-11-07T00:00:00,2022-11-24T00:00:00,country_IN,India,state_29,Karnataka,district_550,Uttara Kannada,7049,1338,8387,162,43,205,0,0,0,41448,,,
d897c03d-0542-4d96-a7c3-64b16f6da3e0,Foot And Mouth Disease,ICD11_1F05,round3,2022-11-07T00:00:00,2022-11-24T00:00:00,country_IN,India,state_29,Karnataka,district_530,Vijayapura,4242,4189,8431,39,39,78,0,0,0,95322,,,
d311731c-4a0c-4280-b8db-f630aadf82c8,Foot And Mouth Disease,ICD11_1F05,round3,,2022-11-24T00:00:00,country_IN,India,state_29,Karnataka,district_528,Ballari,0,0,0,0,0,0,0,0,0,0,,,
a177d903-5e36-4b23-a2b3-d34ce58317c7,Foot And Mouth Disease,ICD11_1F05,round3,2022-11-07T00:00:00,2022-11-24T00:00:00,country_IN,India,state_29,Karnataka,district_529,Bidar,3404,3886,7290,39,38,77,0,0,0,81949,,,
f25d4e4c-e68a-4213-8c3f-6c895d23a703,Foot And Mouth Disease,ICD11_1F05,round3,2022-11-07T00:00:00,2022-11-24T00:00:00,country_IN,India,state_29,Karnataka,district_543,Koppal,5448,1886,7334,105,63,168,0,0,0,39638,,,
76e85257-50c3-4b58-b3aa-d65d737a3c1e,Foot And Mouth Disease,ICD11_1F05,round3,2022-11-07T00:00:00,2022-11-24T00:00:00,country_IN,India,state_29,Karnataka,district_538,Kalaburagi,8273,1518,9791,5,5,10,0,0,0,96324,,,
b35627d2-7aa9-4c2d-9223-9670ca56f627,Foot And Mouth Disease,ICD11_1F05,round3,,2022-11-24T00:00:00,country_IN,India,state_29,Karnataka,district_546,Raichur,0,0,0,0,0,0,0,0,0,0,,,
2afe343e-e7f8-40f4-ae0c-c69d815284d5,Foot And Mouth Disease,ICD11_1F05,round3,,2022-11-24T00:00:00,country_IN,India,state_29,Karnataka,district_635,Yadgir,0,0,0,0,0,0,0,0,0,0,,,
fe7276c1-9d0d-4916-89ff-723ae0d14b41,Foot And Mouth Disease,ICD11_1F05,round3,2022-11-07T00:00:00,2022-11-16T00:00:00,country_IN,India,state_29,Karnataka,district_525,Bengaluru Urban,8122,251,8373,317,4,321,0,0,0,12531,,,
19fa96cf-032e-46dc-8330-88deaf1dc3c2,Foot And Mouth Disease,ICD11_1F05,round3,2022-11-07T00:00:00,2022-11-16T00:00:00,country_IN,India,state_29,Karnataka,district_526,Bengaluru Rural,7797,312,8109,221,6,227,0,0,0,19285,,,
fbb2a5ba-26e4-4336-b76e-126ef041d6d6,Foot And Mouth Disease,ICD11_1F05,round3,2022-11-07T00:00:00,2022-11-16T00:00:00,country_IN,India,state_29,Karnataka,district_533,Chitradurga,11739,4533,16272,86,42,128,0,0,0,41756,,,
fafea287-c4d6-4870-8535-768af2822adf,Foot And Mouth Disease,ICD11_1F05,round3,2022-11-07T00:00:00,2022-11-16T00:00:00,country_IN,India,state_29,Karnataka,district_630,Chikkaballapura,7029,748,7777,143,13,156,0,0,0,38507,,,
9b867b29-6170-4939-8c75-06b50be8c50c,Foot And Mouth Disease,ICD11_1F05,round3,2022-11-07T00:00:00,2022-11-16T00:00:00,country_IN,India,state_29,Karnataka,district_535,Davangere,8089,2316,10405,329,110,439,0,0,0,13401,,,
df8bf642-4d05-4802-9dba-6767654c36d3,Foot And Mouth Disease,ICD11_1F05,round3,2022-11-07T00:00:00,2022-11-16T00:00:00,country_IN,India,state_29,Karnataka,district_542,Kolar,12187,1226,13413,618,73,691,0,0,0,55406,,,
dc49335b-8768-4a43-8fd6-6ad891a8b6a0,Foot And Mouth Disease,ICD11_1F05,round3,2022-11-07T00:00:00,2022-11-16T00:00:00,country_IN,India,state_29,Karnataka,district_631,Ramanagara,12758,303,13061,578,17,595,0,0,0,29778,,,
7591cb48-11e1-4b6f-970c-5875a5506f8e,Foot And Mouth Disease,ICD11_1F05,round3,2022-11-07T00:00:00,2022-11-16T00:00:00,country_IN,India,state_29,Karnataka,district_547,Shivamogga,9444,1584,11028,59,3,62,0,0,0,26057,,,
2a4fc817-f670-4fe0-bb4f-98cde6b7f254,Foot And Mouth Disease,ICD11_1F05,round3,2022-11-07T00:00:00,2022-11-16T00:00:00,country_IN,India,state_29,Karnataka,district_548,Tumakuru,18373,4730,23103,207,28,235,0,0,0,29557,,,
7088947b-eecd-4fea-96ac-bf54349df3c0,Foot And Mouth Disease,ICD11_1F05,round3,2022-11-07T00:00:00,2022-11-16T00:00:00,country_IN,India,state_29,Karnataka,district_531,Chamarajanagara,8136,401,8537,234,3,237,0,0,0,23927,,,
475a1abf-3175-4194-b3f1-97c418f89d93,Foot And Mouth Disease,ICD11_1F05,round3,2022-11-07T00:00:00,2022-11-16T00:00:00,country_IN,India,state_29,Karnataka,district_532,Chikkamagaluru,7545,548,8093,22,1,23,0,0,0,17544,,,
d3f3eb1d-a5cb-4f4f-8d2b-c77a579f2e05,Foot And Mouth Disease,ICD11_1F05,round3,2022-11-07T00:00:00,2022-11-16T00:00:00,country_IN,India,state_29,Karnataka,district_534,Dakshina Kannada,10093,41,10134,169,0,169,0,0,0,26193,,,
7b666b7c-1119-4dc2-80d1-b99d30e1ccd4,Foot And Mouth Disease,ICD11_1F05,round3,2022-11-07T00:00:00,2022-11-16T00:00:00,country_IN,India,state_29,Karnataka,district_539,Hassan,26358,3695,30053,231,12,243,0,0,0,70404,,,
fc5d3fbc-6303-49ef-b36a-8726835b51e6,Foot And Mouth Disease,ICD11_1F05,round3,2022-11-07T00:00:00,2022-11-16T00:00:00,country_IN,India,state_29,Karnataka,district_541,Kodagu,1931,98,2029,87,0,87,0,0,0,5425,,,
10a670e5-3032-4a7c-a85a-59cb374e8a12,Foot And Mouth Disease,ICD11_1F05,round3,2022-11-07T00:00:00,2022-11-16T00:00:00,country_IN,India,state_29,Karnataka,district_545,Mysuru,18072,490,18562,538,7,545,0,0,0,56355,,,
d156c9ec-359c-4e8d-a459-59ea8526e036,Foot And Mouth Disease,ICD11_1F05,round3,2022-11-07T00:00:00,2022-11-16T00:00:00,country_IN,India,state_29,Karnataka,district_544,Mandya,15973,3926,19899,289,35,324,0,0,0,78481,,,
0b2608ac-9aa3-4f38-b67a-f75cb071279a,Foot And Mouth Disease,ICD11_1F05,round3,2022-11-07T00:00:00,2022-11-16T00:00:00,country_IN,India,state_29,Karnataka,district_549,Udupi,6704,30,6734,53,0,53,0,0,0,14910,,,
277338fd-2d03-4db7-b2fd-594f435ce142,Foot And Mouth Disease,ICD11_1F05,round3,,2022-11-16T00:00:00,country_IN,India,state_29,Karnataka,district_527,Belagavi,0,0,0,0,0,0,0,0,0,0,,,
43ec56c9-3041-4ccf-a1b0-7a12481d1899,Foot And Mouth Disease,ICD11_1F05,round3,,2022-11-16T00:00:00,country_IN,India,state_29,Karnataka,district_524,Bagalkote,0,0,0,0,0,0,0,0,0,0,,,
88ba0e79-cf0c-4375-8e7e-d5451edb3619,Foot And Mouth Disease,ICD11_1F05,round3,2022-11-07T00:00:00,2022-11-16T00:00:00,country_IN,India,state_29,Karnataka,district_536,Dharwad,4190,1549,5739,19,3,22,0,0,0,20108,,,
29da3dfb-75b7-4292-b44e-ad860349855e,Foot And Mouth Disease,ICD11_1F05,round3,2022-11-07T00:00:00,2022-11-16T00:00:00,country_IN,India,state_29,Karnataka,district_537,Gadag,3935,1638,5573,122,39,161,0,0,0,16257,,,
7a871ec9-cf83-4881-830f-396ca2170fc6,Foot And Mouth Disease,ICD11_1F05,round3,2022-11-07T00:00:00,2022-11-16T00:00:00,country_IN,India,state_29,Karnataka,district_540,Haveri,11454,3288,14742,105,13,118,0,0,0,30437,,,
95f8462d-5559-4d39-98ff-1d8e3dee3aba,Foot And Mouth Disease,ICD11_1F05,round3,2022-11-07T00:00:00,2022-11-16T00:00:00,country_IN,India,state_29,Karnataka,district_550,Uttara Kannada,7673,1650,9323,94,11,105,0,0,0,22684,,,
6984a583-5e0d-4a67-94de-f731a916be08,Foot And Mouth Disease,ICD11_1F05,round3,2022-11-07T00:00:00,2022-11-16T00:00:00,country_IN,India,state_29,Karnataka,district_530,Vijayapura,6433,5857,12290,92,82,174,0,0,0,54956,,,
1b2d23e6-507d-4026-8610-226f5f44d417,Foot And Mouth Disease,ICD11_1F05,round3,,2022-11-16T00:00:00,country_IN,India,state_29,Karnataka,district_528,Ballari,0,0,0,0,0,0,0,0,0,0,,,
89a8d01f-88f7-4651-92d1-d7350cbb29d0,Foot And Mouth Disease,ICD11_1F05,round3,2022-11-07T00:00:00,2022-11-16T00:00:00,country_IN,India,state_29,Karnataka,district_529,Bidar,7568,4781,12349,102,75,177,0,0,0,45131,,,
4aa42d21-8a3f-4d5e-9952-fb2b5ddd6bc1,Foot And Mouth Disease,ICD11_1F05,round3,2022-11-07T00:00:00,2022-11-16T00:00:00,country_IN,India,state_29,Karnataka,district_543,Koppal,3214,1155,4369,74,52,126,0,0,0,6476,,,
be91c88d-16ac-4239-8815-ab5b7662d0b0,Foot And Mouth Disease,ICD11_1F05,round3,2022-11-07T00:00:00,2022-11-16T00:00:00,country_IN,India,state_29,Karnataka,district_538,Kalaburagi,18268,3335,21603,78,27,105,0,0,0,60705,,,
d0bbe376-da53-40a8-8609-166590383555,Foot And Mouth Disease,ICD11_1F05,round3,,2022-11-16T00:00:00,country_IN,India,state_29,Karnataka,district_546,Raichur,0,0,0,0,0,0,0,0,0,0,,,
3984a6f2-aae3-4f29-a26e-1d88db3eebfe,Foot And Mouth Disease,ICD11_1F05,round3,,2022-11-16T00:00:00,country_IN,India,state_29,Karnataka,district_635,Yadgir,0,0,0,0,0,0,0,0,0,0,,,
a43b327a-8b52-4ec8-83d1-d9d5bfa9e479,Foot And Mouth Disease,ICD11_1F05,round3,2022-11-07T00:00:00,2022-12-14T00:00:00,country_IN,India,state_29,Karnataka,district_525,Bengaluru Urban,1297,66,1363,75,5,80,0,0,0,27090,,,
c87660e9-4fff-4c69-b892-9cb5208a575e,Foot And Mouth Disease,ICD11_1F05,round3,2022-11-07T00:00:00,2022-12-14T00:00:00,country_IN,India,state_29,Karnataka,district_526,Bengaluru Rural,569,11,580,95,0,95,0,0,0,51749,,,
00ae7614-b021-4351-b166-66ec753bd6d0,Foot And Mouth Disease,ICD11_1F05,round3,2022-11-07T00:00:00,2022-12-14T00:00:00,country_IN,India,state_29,Karnataka,district_533,Chitradurga,503,157,660,0,0,0,0,0,0,104904,,,
42985d5e-af80-4d19-be54-b64baede7598,Foot And Mouth Disease,ICD11_1F05,round3,2022-11-07T00:00:00,2022-12-14T00:00:00,country_IN,India,state_29,Karnataka,district_630,Chikkaballapura,1827,272,2099,0,0,0,0,0,0,81624,,,
01a842a1-da53-43a8-a36d-9752cafc4021,Foot And Mouth Disease,ICD11_1F05,round3,2022-11-07T00:00:00,2022-12-14T00:00:00,country_IN,India,state_29,Karnataka,district_535,Davangere,7038,1433,8471,166,25,191,21,8,29,96735,,,
f63fb764-a79e-4fc3-92f9-5e64ab5ab793,Foot And Mouth Disease,ICD11_1F05,round3,2022-11-07T00:00:00,2022-12-14T00:00:00,country_IN,India,state_29,Karnataka,district_542,Kolar,3717,262,3979,34,5,39,0,0,0,96595,,,
62060906-8de5-49dc-8934-3b8a74e8c26f,Foot And Mouth Disease,ICD11_1F05,round3,2022-11-07T00:00:00,2022-12-14T00:00:00,country_IN,India,state_29,Karnataka,district_631,Ramanagara,963,69,1032,49,2,51,0,0,0,79696,,,
a040deed-ffde-40d4-8f48-2256d9e280e6,Foot And Mouth Disease,ICD11_1F05,round3,2022-11-07T00:00:00,2022-12-14T00:00:00,country_IN,India,state_29,Karnataka,district_547,Shivamogga,7052,838,7890,3,0,3,0,0,0,124514,,,
340c42d2-f9d4-4d5e-abb5-6e7059502082,Foot And Mouth Disease,ICD11_1F05,round3,2022-11-07T00:00:00,2022-12-14T00:00:00,country_IN,India,state_29,Karnataka,district_548,Tumakuru,2915,983,3898,16,1,17,41,0,41,199844,,,
efa07523-6aeb-40f4-bb34-22165071136b,Foot And Mouth Disease,ICD11_1F05,round3,2022-11-07T00:00:00,2022-12-14T00:00:00,country_IN,India,state_29,Karnataka,district_531,Chamarajanagara,4136,54,4190,36,2,38,0,0,0,57443,,,
04278941-8eab-4618-9bdd-2fe19cb24954,Foot And Mouth Disease,ICD11_1F05,round3,2022-11-07T00:00:00,2022-12-14T00:00:00,country_IN,India,state_29,Karnataka,district_532,Chikkamagaluru,7230,299,7529,0,0,0,0,0,0,79365,,,
3ed65846-b65f-492e-9d2d-6a6b4031c7f9,Foot And Mouth Disease,ICD11_1F05,round3,2022-11-07T00:00:00,2022-12-14T00:00:00,country_IN,India,state_29,Karnataka,district_534,Dakshina Kannada,1790,1,1791,0,0,0,0,0,0,68213,,,
011ad2ed-4690-40a5-a696-45455b91ab38,Foot And Mouth Disease,ICD11_1F05,round3,2022-11-07T00:00:00,2022-12-14T00:00:00,country_IN,India,state_29,Karnataka,district_539,Hassan,572,89,661,0,0,0,44,3,47,200376,,,
923d0711-24cc-437a-8530-d45334ef6d73,Foot And Mouth Disease,ICD11_1F05,round3,2022-11-07T00:00:00,2022-12-14T00:00:00,country_IN,India,state_29,Karnataka,district_541,Kodagu,1393,126,1519,4,0,4,12,0,12,16500,,,
46b77fbb-07f2-4e32-a0cf-cb50904c2a99,Foot And Mouth Disease,ICD11_1F05,round3,2022-11-07T00:00:00,2022-12-14T00:00:00,country_IN,India,state_29,Karnataka,district_545,Mysuru,3487,5,3492,22,0,22,0,0,0,147322,,,
e46fb029-f3ae-4160-af77-721c0ab87067,Foot And Mouth Disease,ICD11_1F05,round3,2022-11-07T00:00:00,2022-12-14T00:00:00,country_IN,India,state_29,Karnataka,district_544,Mandya,0,0,0,0,0,0,0,0,0,186719,,,
054930c1-6589-4934-81fb-45798811eec8,Foot And Mouth Disease,ICD11_1F05,round3,2022-11-07T00:00:00,2022-12-14T00:00:00,country_IN,India,state_29,Karnataka,district_549,Udupi,3973,70,4043,1,0,1,0,0,0,58620,,,
6dcd914a-7490-4764-a628-df985871c590,Foot And Mouth Disease,ICD11_1F05,round3,,2022-12-14T00:00:00,country_IN,India,state_29,Karnataka,district_527,Belagavi,0,0,0,0,0,0,0,0,0,0,,,
c95b4b0a-d13c-4dfa-9698-113aa8aa8b05,Foot And Mouth Disease,ICD11_1F05,round3,,2022-12-14T00:00:00,country_IN,India,state_29,Karnataka,district_524,Bagalkote,0,0,0,0,0,0,0,0,0,0,,,
4c110d87-2a0c-428d-9e7b-19bb9807a686,Foot And Mouth Disease,ICD11_1F05,round3,2022-11-07T00:00:00,2022-12-14T00:00:00,country_IN,India,state_29,Karnataka,district_536,Dharwad,4409,3055,7464,198,133,331,0,0,0,79325,,,
de89f301-d5c6-4e83-9ce5-e5489f7a9035,Foot And Mouth Disease,ICD11_1F05,round3,2022-11-07T00:00:00,2022-12-14T00:00:00,country_IN,India,state_29,Karnataka,district_537,Gadag,3342,2115,5457,51,50,101,11,4,15,58672,,,
c4f7ebf5-0376-4fce-af9b-ba32d3960184,Foot And Mouth Disease,ICD11_1F05,round3,2022-11-07T00:00:00,2022-12-14T00:00:00,country_IN,India,state_29,Karnataka,district_540,Haveri,1921,322,2243,50,20,70,0,0,0,116864,,,
7768d532-40e2-4e58-8f78-376b4d95b422,Foot And Mouth Disease,ICD11_1F05,round3,2022-11-07T00:00:00,2022-12-14T00:00:00,country_IN,India,state_29,Karnataka,district_550,Uttara Kannada,6106,1181,7287,86,11,97,0,0,0,82373,,,
d8b9fdaf-64bf-4d03-b4da-45145739230f,Foot And Mouth Disease,ICD11_1F05,round3,2022-11-07T00:00:00,2022-12-14T00:00:00,country_IN,India,state_29,Karnataka,district_530,Vijayapura,1930,1196,3126,20,13,33,60,58,118,137378,,,
bb174a3c-e6d1-4330-bf1b-53d8209c8b7d,Foot And Mouth Disease,ICD11_1F05,round3,,2022-12-14T00:00:00,country_IN,India,state_29,Karnataka,district_528,Ballari,0,0,0,0,0,0,0,0,0,0,,,
ce8a87bd-bd9d-45a4-9595-7ed96589b90b,Foot And Mouth Disease,ICD11_1F05,round3,2022-11-07T00:00:00,2022-12-14T00:00:00,country_IN,India,state_29,Karnataka,district_529,Bidar,68,78,146,0,0,0,0,0,0,115503,,,
de8925a0-5986-4cf2-8e0e-ffbf34c6c8f3,Foot And Mouth Disease,ICD11_1F05,round3,2022-11-07T00:00:00,2022-12-14T00:00:00,country_IN,India,state_29,Karnataka,district_543,Koppal,2312,657,2969,112,31,143,0,0,0,81057,,,
33442511-f702-4d1d-bda9-f655452c2a33,Foot And Mouth Disease,ICD11_1F05,round3,2022-11-07T00:00:00,2022-12-14T00:00:00,country_IN,India,state_29,Karnataka,district_538,Kalaburagi,1774,337,2111,0,0,0,29,16,45,126651,,,
d8a87535-82fb-4eb4-9079-d0f5b601a082,Foot And Mouth Disease,ICD11_1F05,round3,,2022-12-14T00:00:00,country_IN,India,state_29,Karnataka,district_546,Raichur,0,0,0,0,0,0,0,0,0,0,,,
9ee77099-ce3a-44f8-833a-45b807f95fe6,Foot And Mouth Disease,ICD11_1F05,round3,,2022-12-14T00:00:00,country_IN,India,state_29,Karnataka,district_635,Yadgir,0,0,0,0,0,0,0,0,0,0,,,
e51f3595-6c03-4cdf-a6fa-1b72565b0958,Foot And Mouth Disease,ICD11_1F05,round3,2022-11-07T00:00:00,2022-11-17T00:00:00,country_IN,India,state_29,Karnataka,district_525,Bengaluru Urban,5535,94,5629,274,5,279,0,0,0,13940,,,
fcf739bc-7d38-4a37-8a5f-f904a55f53fc,Foot And Mouth Disease,ICD11_1F05,round3,2022-11-07T00:00:00,2022-11-17T00:00:00,country_IN,India,state_29,Karnataka,district_526,Bengaluru Rural,7233,304,7537,209,6,215,0,0,0,21866,,,
5e9d1530-5801-4b2c-b876-ecc5d8abfc36,Foot And Mouth Disease,ICD11_1F05,round3,2022-11-07T00:00:00,2022-11-17T00:00:00,country_IN,India,state_29,Karnataka,district_533,Chitradurga,9677,3957,13634,54,15,69,0,0,0,46847,,,
46a8f990-faab-4c91-bb05-1086e4cb6866,Foot And Mouth Disease,ICD11_1F05,round3,2022-11-07T00:00:00,2022-11-17T00:00:00,country_IN,India,state_29,Karnataka,district_630,Chikkaballapura,10883,892,11775,179,18,197,0,0,0,44094,,,
7830f560-42f5-444a-ba47-9dee1e9b4d73,Foot And Mouth Disease,ICD11_1F05,round3,2022-11-07T00:00:00,2022-11-17T00:00:00,country_IN,India,state_29,Karnataka,district_535,Davangere,6905,2615,9520,358,102,460,0,0,0,16590,,,
c1c32dbc-3ff3-4d5f-b456-d4e79453ed4d,Foot And Mouth Disease,ICD11_1F05,round3,2022-11-07T00:00:00,2022-11-17T00:00:00,country_IN,India,state_29,Karnataka,district_542,Kolar,9569,904,10473,442,43,485,0,0,0,60465,,,
0c61704b-6196-4349-b063-faf43d61b917,Foot And Mouth Disease,ICD11_1F05,round3,2022-11-07T00:00:00,2022-11-17T00:00:00,country_IN,India,state_29,Karnataka,district_631,Ramanagara,10622,295,10917,497,13,510,0,0,0,32908,,,
36410032-5d2d-47c6-adcd-ea81aca35791,Foot And Mouth Disease,ICD11_1F05,round3,2022-11-07T00:00:00,2022-11-17T00:00:00,country_IN,India,state_29,Karnataka,district_547,Shivamogga,11831,3165,14996,9,0,9,0,0,0,29791,,,
053bdb0b-c1a7-4aec-8999-a3907725087c,Foot And Mouth Disease,ICD11_1F05,round3,2022-11-07T00:00:00,2022-11-17T00:00:00,country_IN,India,state_29,Karnataka,district_548,Tumakuru,19326,5813,25139,273,46,319,0,0,0,40586,,,
5d307901-f090-434e-ab4e-9f2fc41d5d96,Foot And Mouth Disease,ICD11_1F05,round3,2022-11-07T00:00:00,2022-11-17T00:00:00,country_IN,India,state_29,Karnataka,district_531,Chamarajanagara,8624,182,8806,228,1,229,0,0,0,26789,,,
a65d6370-8da5-442a-b62b-670406d78843,Foot And Mouth Disease,ICD11_1F05,round3,2022-11-07T00:00:00,2022-11-17T00:00:00,country_IN,India,state_29,Karnataka,district_532,Chikkamagaluru,8008,913,8921,17,0,17,0,0,0,20300,,,
8aa46aa0-d84e-4c18-bd4b-562972f0ef44,Foot And Mouth Disease,ICD11_1F05,round3,2022-11-07T00:00:00,2022-11-17T00:00:00,country_IN,India,state_29,Karnataka,district_534,Dakshina Kannada,9244,13,9257,229,0,229,0,0,0,29159,,,
defd906a-e8de-4b2a-847e-a3c7d643d89a,Foot And Mouth Disease,ICD11_1F05,round3,2022-11-07T00:00:00,2022-11-17T00:00:00,country_IN,India,state_29,Karnataka,district_539,Hassan,16405,3585,19990,136,15,151,0,0,0,76602,,,
1e599ea3-3288-4fa2-8c32-5cdf44646f8c,Foot And Mouth Disease,ICD11_1F05,round3,2022-11-07T00:00:00,2022-11-17T00:00:00,country_IN,India,state_29,Karnataka,district_541,Kodagu,1773,85,1858,65,1,66,0,0,0,5923,,,
d2a03423-784c-4f15-aeaa-3c343817bd62,Foot And Mouth Disease,ICD11_1F05,round3,2022-11-07T00:00:00,2022-11-17T00:00:00,country_IN,India,state_29,Karnataka,district_545,Mysuru,19345,571,19916,600,9,609,0,0,0,63518,,,
61e092de-5376-449c-ab80-328321b46a7d,Foot And Mouth Disease,ICD11_1F05,round3,2022-11-07T00:00:00,2022-11-17T00:00:00,country_IN,India,state_29,Karnataka,district_544,Mandya,17587,4326,21913,395,46,441,0,0,0,88118,,,
f2c48b5a-ffc7-468b-802f-ea2f378f4dbe,Foot And Mouth Disease,ICD11_1F05,round3,2022-11-07T00:00:00,2022-11-17T00:00:00,country_IN,India,state_29,Karnataka,district_549,Udupi,6061,14,6075,67,0,67,0,0,0,16573,,,
e380b861-325e-4da3-8472-c9bf8c4e4fe0,Foot And Mouth Disease,ICD11_1F05,round3,,2022-11-17T00:00:00,country_IN,India,state_29,Karnataka,district_527,Belagavi,0,0,0,0,0,0,0,0,0,0,,,
d2600cdd-955d-4119-839c-e86e9505b7d5,Foot And Mouth Disease,ICD11_1F05,round3,,2022-11-17T00:00:00,country_IN,India,state_29,Karnataka,district_524,Bagalkote,0,0,0,0,0,0,0,0,0,0,,,
be99d9a4-d718-4665-9f32-8b34558bf751,Foot And Mouth Disease,ICD11_1F05,round3,2022-11-07T00:00:00,2022-11-17T00:00:00,country_IN,India,state_29,Karnataka,district_536,Dharwad,4924,1649,6573,26,2,28,0,0,0,22639,,,
48ac7433-bef4-4270-aa50-81b75f2a58e9,Foot And Mouth Disease,ICD11_1F05,round3,2022-11-07T00:00:00,2022-11-17T00:00:00,country_IN,India,state_29,Karnataka,district_537,Gadag,3435,1502,4937,81,45,126,0,0,0,18248,,,
0bc299c6-39fa-4542-a57d-35d82f2ef2bf,Foot And Mouth Disease,ICD11_1F05,round3,2022-11-07T00:00:00,2022-11-17T00:00:00,country_IN,India,state_29,Karnataka,district_540,Haveri,9297,3193,12490,41,10,51,0,0,0,35713,,,
0f155805-c44a-45ef-80f6-c6ceafae1a5c,Foot And Mouth Disease,ICD11_1F05,round3,2022-11-07T00:00:00,2022-11-17T00:00:00,country_IN,India,state_29,Karnataka,district_550,Uttara Kannada,7571,1573,9144,104,16,120,0,0,0,25254,,,
4ccf6a80-7af3-465c-8b52-2ad54e7af7d8,Foot And Mouth Disease,ICD11_1F05,round3,2022-11-07T00:00:00,2022-11-17T00:00:00,country_IN,India,state_29,Karnataka,district_530,Vijayapura,7023,6110,13133,118,95,213,0,0,0,60813,,,
ee7ffa57-7f47-4a1e-9268-a5461652ac07,Foot And Mouth Disease,ICD11_1F05,round3,,2022-11-17T00:00:00,country_IN,India,state_29,Karnataka,district_528,Ballari,0,0,0,0,0,0,0,0,0,0,,,
adf3513e-8f5c-4de1-86cc-9e2b8914f88c,Foot And Mouth Disease,ICD11_1F05,round3,2022-11-07T00:00:00,2022-11-17T00:00:00,country_IN,India,state_29,Karnataka,district_529,Bidar,7303,4838,12141,37,33,70,0,0,0,50706,,,
75e675c5-5e5a-45c0-97ec-7fab7a0cb458,Foot And Mouth Disease,ICD11_1F05,round3,2022-11-07T00:00:00,2022-11-17T00:00:00,country_IN,India,state_29,Karnataka,district_543,Koppal,2128,654,2782,56,41,97,0,0,0,7377,,,
5cd05100-0486-48fe-987e-90097b556f80,Foot And Mouth Disease,ICD11_1F05,round3,2022-11-07T00:00:00,2022-11-17T00:00:00,country_IN,India,state_29,Karnataka,district_538,Kalaburagi,16308,2184,18492,32,8,40,0,0,0,66541,,,
0d554b5d-9212-4313-a637-24c9456db120,Foot And Mouth Disease,ICD11_1F05,round3,,2022-11-17T00:00:00,country_IN,India,state_29,Karnataka,district_546,Raichur,0,0,0,0,0,0,0,0,0,0,,,
44ae81ee-0bee-4a61-b8e6-44238c702284,Foot And Mouth Disease,ICD11_1F05,round3,,2022-11-17T00:00:00,country_IN,India,state_29,Karnataka,district_635,Yadgir,0,0,0,0,0,0,0,0,0,0,,,
855f5a1f-95b6-4a38-994f-0ab5bf43f4e2,Foot And Mouth Disease,ICD11_1F05,round3,2022-11-07T00:00:00,2022-11-15T00:00:00,country_IN,India,state_29,Karnataka,district_525,Bengaluru Urban,7297,172,7469,228,7,235,0,0,0,10654,,,
725ec188-a072-4e7b-93a3-7ffb9d87d8b6,Foot And Mouth Disease,ICD11_1F05,round3,2022-11-07T00:00:00,2022-11-15T00:00:00,country_IN,India,state_29,Karnataka,district_526,Bengaluru Rural,6516,394,6910,231,8,239,0,0,0,16630,,,
79d86483-1bfa-47ec-8528-1d37ab1a9b84,Foot And Mouth Disease,ICD11_1F05,round3,2022-11-07T00:00:00,2022-11-15T00:00:00,country_IN,India,state_29,Karnataka,district_533,Chitradurga,9242,3849,13091,59,17,76,0,0,0,35516,,,
5747555a-f14a-4af6-966f-40873a64d38d,Foot And Mouth Disease,ICD11_1F05,round3,2022-11-07T00:00:00,2022-11-15T00:00:00,country_IN,India,state_29,Karnataka,district_630,Chikkaballapura,9737,729,10466,196,12,208,0,0,0,34974,,,
395367a0-e89c-473e-9396-ffced06a46c2,Foot And Mouth Disease,ICD11_1F05,round3,2022-11-07T00:00:00,2022-11-15T00:00:00,country_IN,India,state_29,Karnataka,district_535,Davangere,3348,1119,4467,204,60,264,0,0,0,9376,,,
df6dffff-7b1c-4902-ac93-1665da685d33,Foot And Mouth Disease,ICD11_1F05,round3,2022-11-07T00:00:00,2022-11-15T00:00:00,country_IN,India,state_29,Karnataka,district_542,Kolar,13477,904,14381,549,34,583,0,0,0,48775,,,
f7cdc6b7-13fe-4c1b-91b4-434ae20d042b,Foot And Mouth Disease,ICD11_1F05,round3,2022-11-07T00:00:00,2022-11-15T00:00:00,country_IN,India,state_29,Karnataka,district_631,Ramanagara,12406,395,12801,426,21,447,0,0,0,25737,,,
2eeab8b8-d927-4a45-8310-594853a20dac,Foot And Mouth Disease,ICD11_1F05,round3,2022-11-07T00:00:00,2022-11-15T00:00:00,country_IN,India,state_29,Karnataka,district_547,Shivamogga,11804,2571,14375,12,2,14,0,0,0,23134,,,
d94a1bd6-d307-42e4-bae9-31c587b610a2,Foot And Mouth Disease,ICD11_1F05,round3,2022-11-07T00:00:00,2022-11-15T00:00:00,country_IN,India,state_29,Karnataka,district_548,Tumakuru,20570,5097,25667,244,18,262,0,0,0,19797,,,
e125c5f5-1e8a-4431-ab96-7d3c49617e9e,Foot And Mouth Disease,ICD11_1F05,round3,2022-11-07T00:00:00,2022-11-15T00:00:00,country_IN,India,state_29,Karnataka,district_531,Chamarajanagara,9698,289,9987,196,6,202,0,0,0,21381,,,
6933ab20-e272-4970-be48-b24cf5ac3cf6,Foot And Mouth Disease,ICD11_1F05,round3,2022-11-07T00:00:00,2022-11-15T00:00:00,country_IN,India,state_29,Karnataka,district_532,Chikkamagaluru,7366,469,7835,38,2,40,0,0,0,14823,,,
492dd773-7534-4d62-983e-ca8c434eaad6,Foot And Mouth Disease,ICD11_1F05,round3,2022-11-07T00:00:00,2022-11-15T00:00:00,country_IN,India,state_29,Karnataka,district_534,Dakshina Kannada,10152,24,10176,148,0,148,0,0,0,23051,,,
a56f2d90-97aa-49af-993e-3a941409a4f3,Foot And Mouth Disease,ICD11_1F05,round3,2022-11-07T00:00:00,2022-11-15T00:00:00,country_IN,India,state_29,Karnataka,district_539,Hassan,24780,4010,28790,196,36,232,0,0,0,59043,,,
fcbb1aca-8cd7-4a0e-9fa0-7fb68ee2ff55,Foot And Mouth Disease,ICD11_1F05,round3,2022-11-07T00:00:00,2022-11-15T00:00:00,country_IN,India,state_29,Karnataka,district_541,Kodagu,2169,87,2256,42,0,42,0,0,0,4895,,,
5f769d30-ba96-4017-9f74-e51cdf6cd700,Foot And Mouth Disease,ICD11_1F05,round3,2022-11-07T00:00:00,2022-11-15T00:00:00,country_IN,India,state_29,Karnataka,district_545,Mysuru,21555,766,22321,598,15,613,0,0,0,50343,,,
bbfdf032-0516-4fd8-a781-16262935a0fa,Foot And Mouth Disease,ICD11_1F05,round3,2022-11-07T00:00:00,2022-11-15T00:00:00,country_IN,India,state_29,Karnataka,district_544,Mandya,17570,4476,22046,275,42,317,0,0,0,69227,,,
7baef796-9992-4af9-ae20-5dd4e8064f82,Foot And Mouth Disease,ICD11_1F05,round3,2022-11-07T00:00:00,2022-11-15T00:00:00,country_IN,India,state_29,Karnataka,district_549,Udupi,8731,14,8745,65,0,65,0,0,0,12980,,,
ecba2c59-66fc-4c67-8083-aed09884617d,Foot And Mouth Disease,ICD11_1F05,round3,,2022-11-15T00:00:00,country_IN,India,state_29,Karnataka,district_527,Belagavi,0,0,0,0,0,0,0,0,0,0,,,
d55981f2-e60f-4f63-bc61-7eb0890e0744,Foot And Mouth Disease,ICD11_1F05,round3,,2022-11-15T00:00:00,country_IN,India,state_29,Karnataka,district_524,Bagalkote,0,0,0,0,0,0,0,0,0,0,,,
1c93fb83-e778-478d-aaf5-c213dc0ade5c,Foot And Mouth Disease,ICD11_1F05,round3,2022-11-07T00:00:00,2022-11-15T00:00:00,country_IN,India,state_29,Karnataka,district_536,Dharwad,5750,2118,7868,26,9,35,0,0,0,17808,,,
fd3392cf-c715-47f2-998d-9053184e4f9a,Foot And Mouth Disease,ICD11_1F05,round3,2022-11-07T00:00:00,2022-11-15T00:00:00,country_IN,India,state_29,Karnataka,district_537,Gadag,4287,1699,5986,121,49,170,0,0,0,13976,,,
1c6f18c9-b1b7-4264-acb1-f858e71e18b7,Foot And Mouth Disease,ICD11_1F05,round3,2022-11-07T00:00:00,2022-11-15T00:00:00,country_IN,India,state_29,Karnataka,district_540,Haveri,7651,2466,10117,14,4,18,0,0,0,24599,,,
762a948d-d555-4201-9802-6f6eb5fd10a9,Foot And Mouth Disease,ICD11_1F05,round3,2022-11-07T00:00:00,2022-11-15T00:00:00,country_IN,India,state_29,Karnataka,district_550,Uttara Kannada,9245,1630,10875,87,23,110,0,0,0,19998,,,
78a9f700-835d-4317-868c-bbe796ca40fc,Foot And Mouth Disease,ICD11_1F05,round3,2022-11-07T00:00:00,2022-11-15T00:00:00,country_IN,India,state_29,Karnataka,district_530,Vijayapura,8195,7270,15465,127,107,234,0,0,0,48998,,,
95717839-1bd0-4146-885d-20c5d5e394f3,Foot And Mouth Disease,ICD11_1F05,round3,,2022-11-15T00:00:00,country_IN,India,state_29,Karnataka,district_528,Ballari,0,0,0,0,0,0,0,0,0,0,,,
a4729e66-675f-4a4c-9aa6-e07ade4d97a0,Foot And Mouth Disease,ICD11_1F05,round3,2022-11-07T00:00:00,2022-11-15T00:00:00,country_IN,India,state_29,Karnataka,district_529,Bidar,7478,5585,13063,70,54,124,0,0,0,40201,,,
22e6b3d8-2acb-4262-98d9-a6c98c541239,Foot And Mouth Disease,ICD11_1F05,round3,2022-11-07T00:00:00,2022-11-15T00:00:00,country_IN,India,state_29,Karnataka,district_543,Koppal,2598,1478,4076,78,45,123,0,0,0,4986,,,
2b27f28e-1a99-4e6f-958f-557a45c4300b,Foot And Mouth Disease,ICD11_1F05,round3,2022-11-07T00:00:00,2022-11-15T00:00:00,country_IN,India,state_29,Karnataka,district_538,Kalaburagi,14695,2146,16841,51,16,67,0,0,0,52960,,,
140dc16a-95d3-49e8-8c0b-e7cb33802964,Foot And Mouth Disease,ICD11_1F05,round3,,2022-11-15T00:00:00,country_IN,India,state_29,Karnataka,district_546,Raichur,0,0,0,0,0,0,0,0,0,0,,,
d0f35d6c-5c7f-47c5-8b69-7c8030f07c25,Foot And Mouth Disease,ICD11_1F05,round3,,2022-11-15T00:00:00,country_IN,India,state_29,Karnataka,district_635,Yadgir,0,0,0,0,0,0,0,0,0,0,,,
2aeab15d-fecb-4b4b-af89-2d92e169becf,Foot And Mouth Disease,ICD11_1F05,round3,2022-11-07T00:00:00,2022-11-29T00:00:00,country_IN,India,state_29,Karnataka,district_525,Bengaluru Urban,3432,81,3513,119,11,130,0,0,0,22731,,,
babdf7a2-7e83-400f-898e-48fd9189b60f,Foot And Mouth Disease,ICD11_1F05,round3,2022-11-07T00:00:00,2022-11-29T00:00:00,country_IN,India,state_29,Karnataka,district_526,Bengaluru Rural,5325,390,5715,134,6,140,0,0,0,46157,,,
e2f24ce5-6f49-4854-92e0-1307c2230e7c,Foot And Mouth Disease,ICD11_1F05,round3,2022-11-07T00:00:00,2022-11-29T00:00:00,country_IN,India,state_29,Karnataka,district_533,Chitradurga,6229,2574,8803,54,16,70,0,0,0,88497,,,
468dfed3-789f-483a-8144-aa3138c0d9c5,Foot And Mouth Disease,ICD11_1F05,round3,2022-11-07T00:00:00,2022-11-29T00:00:00,country_IN,India,state_29,Karnataka,district_630,Chikkaballapura,2815,252,3067,83,6,89,0,0,0,75207,,,
5a257fba-608b-4a97-9ffc-3e156f669826,Foot And Mouth Disease,ICD11_1F05,round3,2022-11-07T00:00:00,2022-11-29T00:00:00,country_IN,India,state_29,Karnataka,district_535,Davangere,9333,3081,12414,413,127,540,0,0,0,62681,,,
aaa22923-6f16-490b-80bb-b73e8e795958,Foot And Mouth Disease,ICD11_1F05,round3,2022-11-07T00:00:00,2022-11-29T00:00:00,country_IN,India,state_29,Karnataka,district_542,Kolar,1386,67,1453,9,0,9,0,0,0,86248,,,
7826d563-8e92-44fd-9693-105012295364,Foot And Mouth Disease,ICD11_1F05,round3,2022-11-07T00:00:00,2022-11-29T00:00:00,country_IN,India,state_29,Karnataka,district_631,Ramanagara,8467,425,8892,315,5,320,0,0,0,62906,,,
0db7c766-e13c-4b6b-89b1-235c8580af34,Foot And Mouth Disease,ICD11_1F05,round3,2022-11-07T00:00:00,2022-11-29T00:00:00,country_IN,India,state_29,Karnataka,district_547,Shivamogga,13282,1939,15221,16,0,16,0,0,0,73967,,,
3a53d3fa-a814-4ef9-9b41-3e2c39a5a78f,Foot And Mouth Disease,ICD11_1F05,round3,2022-11-07T00:00:00,2022-11-29T00:00:00,country_IN,India,state_29,Karnataka,district_548,Tumakuru,16679,4228,20907,180,39,219,0,0,0,132243,,,
9bd34a3b-d04d-4529-a85a-37bc201ac6fb,Foot And Mouth Disease,ICD11_1F05,round3,2022-11-07T00:00:00,2022-11-29T00:00:00,country_IN,India,state_29,Karnataka,district_531,Chamarajanagara,5528,68,5596,118,1,119,0,0,0,47802,,,
83db35c2-0c67-4695-9bb3-6b744778f085,Foot And Mouth Disease,ICD11_1F05,round3,2022-11-07T00:00:00,2022-11-29T00:00:00,country_IN,India,state_29,Karnataka,district_532,Chikkamagaluru,8244,975,9219,0,0,0,0,0,0,46237,,,
68f17c43-5e22-4931-a531-3869ea3c4949,Foot And Mouth Disease,ICD11_1F05,round3,2022-11-07T00:00:00,2022-11-29T00:00:00,country_IN,India,state_29,Karnataka,district_534,Dakshina Kannada,6153,18,6171,324,0,324,0,0,0,55117,,,
6fd02a5e-3082-4232-9ddb-581291b62f8c,Foot And Mouth Disease,ICD11_1F05,round3,2022-11-07T00:00:00,2022-11-29T00:00:00,country_IN,India,state_29,Karnataka,district_539,Hassan,17140,2619,19759,144,17,161,0,0,0,149346,,,
5d904690-8331-4dd6-bd42-9211b9f1247d,Foot And Mouth Disease,ICD11_1F05,round3,2022-11-07T00:00:00,2022-11-29T00:00:00,country_IN,India,state_29,Karnataka,district_541,Kodagu,1819,98,1917,93,0,93,0,0,0,11436,,,
b2ca2bee-1b1f-4eb9-aa5c-df524baccc71,Foot And Mouth Disease,ICD11_1F05,round3,2022-11-07T00:00:00,2022-11-29T00:00:00,country_IN,India,state_29,Karnataka,district_545,Mysuru,9699,119,9818,220,15,235,0,0,0,110512,,,
a7bca589-c2cb-48c3-ac87-081bd7b8c9f6,Foot And Mouth Disease,ICD11_1F05,round3,2022-11-07T00:00:00,2022-11-29T00:00:00,country_IN,India,state_29,Karnataka,district_544,Mandya,11439,3042,14481,102,12,114,0,0,0,163657,,,
7715bcf7-e9c2-4a01-be78-ae1f7e165b3e,Foot And Mouth Disease,ICD11_1F05,round3,2022-11-07T00:00:00,2022-11-29T00:00:00,country_IN,India,state_29,Karnataka,district_549,Udupi,7602,26,7628,53,0,53,0,0,0,36873,,,
3a6153c9-ccc3-4234-89e4-2ea827fedf19,Foot And Mouth Disease,ICD11_1F05,round3,,2022-11-29T00:00:00,country_IN,India,state_29,Karnataka,district_527,Belagavi,0,0,0,0,0,0,0,0,0,0,,,
e3b003e9-652c-4e07-b550-314b0f59a039,Foot And Mouth Disease,ICD11_1F05,round3,,2022-11-29T00:00:00,country_IN,India,state_29,Karnataka,district_524,Bagalkote,0,0,0,0,0,0,0,0,0,0,,,
dd4f29cb-b76d-4bd0-a564-32ef3e477ca8,Foot And Mouth Disease,ICD11_1F05,round3,2022-11-07T00:00:00,2022-11-29T00:00:00,country_IN,India,state_29,Karnataka,district_536,Dharwad,2933,985,3918,19,15,34,0,0,0,38330,,,
ec52e501-b9b9-40d2-ba82-9337b503be7f,Foot And Mouth Disease,ICD11_1F05,round3,2022-11-07T00:00:00,2022-11-29T00:00:00,country_IN,India,state_29,Karnataka,district_537,Gadag,2271,710,2981,14,8,22,0,0,0,36419,,,
10fc2eb8-0615-49d5-97e0-9b8b06fca7e7,Foot And Mouth Disease,ICD11_1F05,round3,2022-11-07T00:00:00,2022-11-29T00:00:00,country_IN,India,state_29,Karnataka,district_540,Haveri,7242,2508,9750,60,12,72,0,0,0,84567,,,
aedc392e-0e10-4683-aa48-a7a0880604d1,Foot And Mouth Disease,ICD11_1F05,round3,2022-11-07T00:00:00,2022-11-29T00:00:00,country_IN,India,state_29,Karnataka,district_550,Uttara Kannada,8082,1268,9350,125,9,134,0,0,0,52442,,,
f6f3b605-d421-4dab-9239-8a855c614541,Foot And Mouth Disease,ICD11_1F05,round3,2022-11-07T00:00:00,2022-11-29T00:00:00,country_IN,India,state_29,Karnataka,district_530,Vijayapura,3900,3712,7612,51,40,91,0,0,0,110313,,,
e0013660-a493-4377-a797-86242a40f8a3,Foot And Mouth Disease,ICD11_1F05,round3,,2022-11-29T00:00:00,country_IN,India,state_29,Karnataka,district_528,Ballari,0,0,0,0,0,0,0,0,0,0,,,
c59cd58d-b2a0-402a-bb67-9f2ce3c66ea7,Foot And Mouth Disease,ICD11_1F05,round3,2022-11-07T00:00:00,2022-11-29T00:00:00,country_IN,India,state_29,Karnataka,district_529,Bidar,3033,2568,5601,53,39,92,0,0,0,97868,,,
547bcad8-10b5-4ffb-bbdd-94490deb1eaf,Foot And Mouth Disease,ICD11_1F05,round3,2022-11-07T00:00:00,2022-11-29T00:00:00,country_IN,India,state_29,Karnataka,district_543,Koppal,6000,1979,7979,104,61,165,0,0,0,57222,,,
577ff3a7-d289-4b35-aa08-70970eefe7ad,Foot And Mouth Disease,ICD11_1F05,round3,2022-11-07T00:00:00,2022-11-29T00:00:00,country_IN,India,state_29,Karnataka,district_538,Kalaburagi,4654,750,5404,41,14,55,0,0,0,108654,,,
06165e64-7e8a-4b12-88d5-0b3565bf373b,Foot And Mouth Disease,ICD11_1F05,round3,,2022-11-29T00:00:00,country_IN,India,state_29,Karnataka,district_546,Raichur,0,0,0,0,0,0,0,0,0,0,,,
fa89f8cb-07b9-4384-991a-541164acee3a,Foot And Mouth Disease,ICD11_1F05,round3,,2022-11-29T00:00:00,country_IN,India,state_29,Karnataka,district_635,Yadgir,0,0,0,0,0,0,0,0,0,0,,,
f1378270-7c09-49f5-9b6c-8525752f5065,Foot And Mouth Disease,ICD11_1F05,round3,2022-11-07T00:00:00,2022-11-19T00:00:00,country_IN,India,state_29,Karnataka,district_525,Bengaluru Urban,4217,105,4322,233,3,236,0,0,0,16135,,,
0c1b401b-21e7-479a-8cc8-30a04e5a2c22,Foot And Mouth Disease,ICD11_1F05,round3,2022-11-07T00:00:00,2022-11-19T00:00:00,country_IN,India,state_29,Karnataka,district_526,Bengaluru Rural,5084,288,5372,73,0,73,0,0,0,26044,,,
cbc4829e-28d4-492d-9921-dec1dedcdea3,Foot And Mouth Disease,ICD11_1F05,round3,2022-11-07T00:00:00,2022-11-19T00:00:00,country_IN,India,state_29,Karnataka,district_533,Chitradurga,7781,3044,10825,28,13,41,0,0,0,56448,,,
6a44c96a-6812-4f97-a7f2-913f11f8cd40,Foot And Mouth Disease,ICD11_1F05,round3,2022-11-07T00:00:00,2022-11-19T00:00:00,country_IN,India,state_29,Karnataka,district_630,Chikkaballapura,7611,586,8197,191,20,211,0,0,0,52169,,,
84e2af7e-f56a-4f91-85ac-d76e2c09944c,Foot And Mouth Disease,ICD11_1F05,round3,2022-11-07T00:00:00,2022-11-19T00:00:00,country_IN,India,state_29,Karnataka,district_535,Davangere,6313,1571,7884,248,29,277,0,0,0,23276,,,
ce2c6fe5-50c3-4578-990b-36f1ee99bb4f,Foot And Mouth Disease,ICD11_1F05,round3,2022-11-07T00:00:00,2022-11-19T00:00:00,country_IN,India,state_29,Karnataka,district_542,Kolar,6984,746,7730,317,36,353,0,0,0,68137,,,
2982390b-face-419e-aea6-9bd97511c9bc,Foot And Mouth Disease,ICD11_1F05,round3,2022-11-07T00:00:00,2022-11-19T00:00:00,country_IN,India,state_29,Karnataka,district_631,Ramanagara,11110,250,11360,366,10,376,0,0,0,40009,,,
84dbad67-9abe-4066-8d84-30f40b1a56c7,Foot And Mouth Disease,ICD11_1F05,round3,2022-11-07T00:00:00,2022-11-19T00:00:00,country_IN,India,state_29,Karnataka,district_547,Shivamogga,9720,2012,11732,23,8,31,0,0,0,37196,,,
393afa67-07f1-46fb-a517-4e4c964349d0,Foot And Mouth Disease,ICD11_1F05,round3,2022-11-07T00:00:00,2022-11-19T00:00:00,country_IN,India,state_29,Karnataka,district_548,Tumakuru,17286,4403,21689,249,41,290,0,0,0,59993,,,
d3a9e064-8178-4a2c-b90c-647c4f71f2f8,Foot And Mouth Disease,ICD11_1F05,round3,2022-11-07T00:00:00,2022-11-19T00:00:00,country_IN,India,state_29,Karnataka,district_531,Chamarajanagara,7688,185,7873,187,4,191,0,0,0,31838,,,
85ec81f4-610c-4ccb-8f35-4f3c8abc593b,Foot And Mouth Disease,ICD11_1F05,round3,2022-11-07T00:00:00,2022-11-19T00:00:00,country_IN,India,state_29,Karnataka,district_532,Chikkamagaluru,10281,992,11273,10,0,10,0,0,0,25958,,,
6b1f0d40-3192-4e82-b36c-2b8d53e009d2,Foot And Mouth Disease,ICD11_1F05,round3,2022-11-07T00:00:00,2022-11-19T00:00:00,country_IN,India,state_29,Karnataka,district_534,Dakshina Kannada,9421,14,9435,225,0,225,0,0,0,34982,,,
210e9afd-cd20-4ab6-b958-b1459c9a9efa,Foot And Mouth Disease,ICD11_1F05,round3,2022-11-07T00:00:00,2022-11-19T00:00:00,country_IN,India,state_29,Karnataka,district_539,Hassan,15249,2335,17584,236,30,266,0,0,0,88896,,,
64fd4ba1-4946-4c53-986a-efc723d6d81d,Foot And Mouth Disease,ICD11_1F05,round3,2022-11-07T00:00:00,2022-11-19T00:00:00,country_IN,India,state_29,Karnataka,district_541,Kodagu,1664,86,1750,27,4,31,0,0,0,6822,,,
63e03a64-1ddb-43f7-9b3d-15fe9a7cde58,Foot And Mouth Disease,ICD11_1F05,round3,2022-11-07T00:00:00,2022-11-19T00:00:00,country_IN,India,state_29,Karnataka,district_545,Mysuru,16243,452,16695,359,4,363,0,0,0,74341,,,
9efbaa87-421d-4be9-81a5-9147761417d7,Foot And Mouth Disease,ICD11_1F05,round3,2022-11-07T00:00:00,2022-11-19T00:00:00,country_IN,India,state_29,Karnataka,district_544,Mandya,15064,4218,19282,199,37,236,0,0,0,105806,,,
ca16a219-b336-41dc-ab10-584fefe43556,Foot And Mouth Disease,ICD11_1F05,round3,2022-11-07T00:00:00,2022-11-19T00:00:00,country_IN,India,state_29,Karnataka,district_549,Udupi,5734,17,5751,50,0,50,0,0,0,20062,,,
7fb57e93-f863-4a83-bea2-ce6d169a6936,Foot And Mouth Disease,ICD11_1F05,round3,,2022-11-19T00:00:00,country_IN,India,state_29,Karnataka,district_527,Belagavi,0,0,0,0,0,0,0,0,0,0,,,
9453176c-3e80-4af8-ae3a-d00b0612ffc6,Foot And Mouth Disease,ICD11_1F05,round3,,2022-11-19T00:00:00,country_IN,India,state_29,Karnataka,district_524,Bagalkote,0,0,0,0,0,0,0,0,0,0,,,
6d8fffd8-47a6-4ab1-884d-35fa4326f659,Foot And Mouth Disease,ICD11_1F05,round3,2022-11-07T00:00:00,2022-11-19T00:00:00,country_IN,India,state_29,Karnataka,district_536,Dharwad,3103,1303,4406,17,7,24,0,0,0,26363,,,
2b8342b0-52ec-46e4-9231-db75b0d6be51,Foot And Mouth Disease,ICD11_1F05,round3,2022-11-07T00:00:00,2022-11-19T00:00:00,country_IN,India,state_29,Karnataka,district_537,Gadag,2690,1261,3951,11,8,19,0,0,0,22377,,,
4639e054-ca56-452c-be47-2bfacb78359b,Foot And Mouth Disease,ICD11_1F05,round3,2022-11-07T00:00:00,2022-11-19T00:00:00,country_IN,India,state_29,Karnataka,district_540,Haveri,10631,3879,14510,19,17,36,0,0,0,47691,,,
d8bcca00-3296-4255-9468-3f1faa5ab00d,Foot And Mouth Disease,ICD11_1F05,round3,2022-11-07T00:00:00,2022-11-19T00:00:00,country_IN,India,state_29,Karnataka,district_550,Uttara Kannada,7328,1624,8952,79,10,89,0,0,0,30367,,,
dfa5487d-a027-4941-9eeb-8f3c771a5542,Foot And Mouth Disease,ICD11_1F05,round3,2022-11-07T00:00:00,2022-11-19T00:00:00,country_IN,India,state_29,Karnataka,district_530,Vijayapura,6632,5627,12259,101,75,176,0,0,0,71877,,,
7aaeea2a-3b43-4135-9f32-d0f68fc7b779,Foot And Mouth Disease,ICD11_1F05,round3,,2022-11-19T00:00:00,country_IN,India,state_29,Karnataka,district_528,Ballari,0,0,0,0,0,0,0,0,0,0,,,
1c796885-02bb-4c21-8193-7b8610522d34,Foot And Mouth Disease,ICD11_1F05,round3,2022-11-07T00:00:00,2022-11-19T00:00:00,country_IN,India,state_29,Karnataka,district_529,Bidar,5990,4074,10064,53,39,92,0,0,0,62403,,,
2cba7f0c-ea87-4ab8-898f-940dac8cd727,Foot And Mouth Disease,ICD11_1F05,round3,2022-11-07T00:00:00,2022-11-19T00:00:00,country_IN,India,state_29,Karnataka,district_543,Koppal,5220,1411,6631,88,37,125,0,0,0,10288,,,
b6d9a285-2020-462a-aca9-c40fbde52806,Foot And Mouth Disease,ICD11_1F05,round3,2022-11-07T00:00:00,2022-11-19T00:00:00,country_IN,India,state_29,Karnataka,district_538,Kalaburagi,11558,1700,13258,29,5,34,0,0,0,76406,,,
00c94325-23b1-4a1d-a3b6-6f68562d05fe,Foot And Mouth Disease,ICD11_1F05,round3,,2022-11-19T00:00:00,country_IN,India,state_29,Karnataka,district_546,Raichur,0,0,0,0,0,0,0,0,0,0,,,
d3ad9f00-3b6a-4fc4-bc8e-08db7b73a515,Foot And Mouth Disease,ICD11_1F05,round3,,2022-11-19T00:00:00,country_IN,India,state_29,Karnataka,district_635,Yadgir,0,0,0,0,0,0,0,0,0,0,,,
f9201345-69e0-4ff1-8143-c3cd016351ec,Foot And Mouth Disease,ICD11_1F05,round3,2022-11-07T00:00:00,2022-11-28T00:00:00,country_IN,India,state_29,Karnataka,district_525,Bengaluru Urban,2605,40,2645,120,0,120,0,0,0,22029,,,
34925f34-8db7-472f-bffa-ad09d5a173de,Foot And Mouth Disease,ICD11_1F05,round3,2022-11-07T00:00:00,2022-11-28T00:00:00,country_IN,India,state_29,Karnataka,district_526,Bengaluru Rural,4884,293,5177,99,0,99,0,0,0,43673,,,
3c4f7bb2-d9cc-475f-a0d6-8c6ed1594792,Foot And Mouth Disease,ICD11_1F05,round3,2022-11-07T00:00:00,2022-11-28T00:00:00,country_IN,India,state_29,Karnataka,district_533,Chitradurga,6685,3096,9781,28,22,50,0,0,0,85075,,,
2f8b88cd-f7b8-45e6-806a-ede58ca48d50,Foot And Mouth Disease,ICD11_1F05,round3,2022-11-07T00:00:00,2022-11-28T00:00:00,country_IN,India,state_29,Karnataka,district_630,Chikkaballapura,5745,400,6145,123,12,135,0,0,0,73936,,,
e3e8c4c0-f123-40cc-8112-cfdd766defb1,Foot And Mouth Disease,ICD11_1F05,round3,2022-11-07T00:00:00,2022-11-28T00:00:00,country_IN,India,state_29,Karnataka,district_535,Davangere,8502,2437,10939,399,114,513,0,0,0,58177,,,
a0e8607c-d5ee-4af1-b165-26667e96188f,Foot And Mouth Disease,ICD11_1F05,round3,2022-11-07T00:00:00,2022-11-28T00:00:00,country_IN,India,state_29,Karnataka,district_542,Kolar,2595,417,3012,107,26,133,0,0,0,85817,,,
8b37e8f3-e1c2-48b0-9a56-4bbb534d9769,Foot And Mouth Disease,ICD11_1F05,round3,2022-11-07T00:00:00,2022-11-28T00:00:00,country_IN,India,state_29,Karnataka,district_631,Ramanagara,8398,430,8828,225,46,271,0,0,0,59918,,,
a65a16c7-ad81-4a7f-b1ed-79f06ebb2b74,Foot And Mouth Disease,ICD11_1F05,round3,2022-11-07T00:00:00,2022-11-28T00:00:00,country_IN,India,state_29,Karnataka,district_547,Shivamogga,12495,1801,14296,47,4,51,0,0,0,70297,,,
efffc250-2322-46f7-9ac9-1bee7deb638b,Foot And Mouth Disease,ICD11_1F05,round3,2022-11-07T00:00:00,2022-11-28T00:00:00,country_IN,India,state_29,Karnataka,district_548,Tumakuru,19591,5005,24596,208,48,256,0,0,0,123967,,,
73194c5d-b10f-4922-bf67-be47dc68b9a1,Foot And Mouth Disease,ICD11_1F05,round3,2022-11-07T00:00:00,2022-11-28T00:00:00,country_IN,India,state_29,Karnataka,district_531,Chamarajanagara,5517,70,5587,119,2,121,0,0,0,46337,,,
62ac4c3e-491a-475c-9a4a-d5fc1047415f,Foot And Mouth Disease,ICD11_1F05,round3,2022-11-07T00:00:00,2022-11-28T00:00:00,country_IN,India,state_29,Karnataka,district_532,Chikkamagaluru,7160,679,7839,0,0,0,0,0,0,43193,,,
fff6ff33-7a3c-4a79-8fb4-f97dc0b9233a,Foot And Mouth Disease,ICD11_1F05,round3,2022-11-07T00:00:00,2022-11-28T00:00:00,country_IN,India,state_29,Karnataka,district_534,Dakshina Kannada,7181,54,7235,267,0,267,0,0,0,52886,,,
9d52cf75-e9bb-42d7-801b-4f350124eccf,Foot And Mouth Disease,ICD11_1F05,round3,2022-11-07T00:00:00,2022-11-28T00:00:00,country_IN,India,state_29,Karnataka,district_539,Hassan,18087,3550,21637,168,24,192,0,0,0,143070,,,
3e6ddbe4-4069-47d9-83cd-dc0edf7c18d7,Foot And Mouth Disease,ICD11_1F05,round3,2022-11-07T00:00:00,2022-11-28T00:00:00,country_IN,India,state_29,Karnataka,district_541,Kodagu,1684,58,1742,89,0,89,0,0,0,10983,,,
41afd57b-0777-4e87-aa5a-1903d16b7160,Foot And Mouth Disease,ICD11_1F05,round3,2022-11-07T00:00:00,2022-11-28T00:00:00,country_IN,India,state_29,Karnataka,district_545,Mysuru,9434,223,9657,184,1,185,0,0,0,107201,,,
d4850e93-88e2-4a63-b42f-68cb1fb9d8e8,Foot And Mouth Disease,ICD11_1F05,round3,2022-11-07T00:00:00,2022-11-28T00:00:00,country_IN,India,state_29,Karnataka,district_544,Mandya,12400,2576,14976,167,24,191,0,0,0,158338,,,
35ac239b-f770-4ef5-be11-47b86ff0939d,Foot And Mouth Disease,ICD11_1F05,round3,2022-11-07T00:00:00,2022-11-28T00:00:00,country_IN,India,state_29,Karnataka,district_549,Udupi,8622,37,8659,74,0,74,0,0,0,34570,,,
12c9cb25-1fe0-406c-bd1c-a4103f92d1ad,Foot And Mouth Disease,ICD11_1F05,round3,,2022-11-28T00:00:00,country_IN,India,state_29,Karnataka,district_527,Belagavi,0,0,0,0,0,0,0,0,0,0,,,
fcf8ba73-ef7e-4c10-9982-27a08142fa8f,Foot And Mouth Disease,ICD11_1F05,round3,,2022-11-28T00:00:00,country_IN,India,state_29,Karnataka,district_524,Bagalkote,0,0,0,0,0,0,0,0,0,0,,,
4597f83b-3562-4019-9125-bea52c4b62a6,Foot And Mouth Disease,ICD11_1F05,round3,2022-11-07T00:00:00,2022-11-28T00:00:00,country_IN,India,state_29,Karnataka,district_536,Dharwad,2476,776,3252,13,2,15,0,0,0,37024,,,
91270f62-88ef-416b-a385-3ac9f5003cdf,Foot And Mouth Disease,ICD11_1F05,round3,2022-11-07T00:00:00,2022-11-28T00:00:00,country_IN,India,state_29,Karnataka,district_537,Gadag,3108,1292,4400,57,43,100,0,0,0,35269,,,
368160a1-2fa1-4c1a-b274-b9ce374cad45,Foot And Mouth Disease,ICD11_1F05,round3,2022-11-07T00:00:00,2022-11-28T00:00:00,country_IN,India,state_29,Karnataka,district_540,Haveri,8040,2903,10943,46,10,56,0,0,0,80765,,,
5344f438-7b8e-4376-9b40-a4f542914be4,Foot And Mouth Disease,ICD11_1F05,round3,2022-11-07T00:00:00,2022-11-28T00:00:00,country_IN,India,state_29,Karnataka,district_550,Uttara Kannada,10927,2296,13223,123,22,145,0,0,0,49878,,,
1bcd41c0-46ce-4d69-ba24-658c84dbe942,Foot And Mouth Disease,ICD11_1F05,round3,2022-11-07T00:00:00,2022-11-28T00:00:00,country_IN,India,state_29,Karnataka,district_530,Vijayapura,3935,3606,7541,75,58,133,0,0,0,107041,,,
be1a586a-f9d1-4088-98ff-e5544015aa14,Foot And Mouth Disease,ICD11_1F05,round3,,2022-11-28T00:00:00,country_IN,India,state_29,Karnataka,district_528,Ballari,0,0,0,0,0,0,0,0,0,0,,,
96f8062a-7b5c-4b81-bfff-bef2c07114c8,Foot And Mouth Disease,ICD11_1F05,round3,2022-11-07T00:00:00,2022-11-28T00:00:00,country_IN,India,state_29,Karnataka,district_529,Bidar,3197,2706,5903,25,6,31,0,0,0,95010,,,
e62cdc41-386e-4db3-a77b-b03506f116fe,Foot And Mouth Disease,ICD11_1F05,round3,2022-11-07T00:00:00,2022-11-28T00:00:00,country_IN,India,state_29,Karnataka,district_543,Koppal,16804,3226,20030,200,63,263,0,0,0,53857,,,
9614e68a-89e6-4f5c-ac2d-d5c5bef8a469,Foot And Mouth Disease,ICD11_1F05,round3,2022-11-07T00:00:00,2022-11-28T00:00:00,country_IN,India,state_29,Karnataka,district_538,Kalaburagi,6261,1304,7565,13,7,20,0,0,0,106528,,,
c593467d-e989-4341-b4b0-31ab4e06abe6,Foot And Mouth Disease,ICD11_1F05,round3,,2022-11-28T00:00:00,country_IN,India,state_29,Karnataka,district_546,Raichur,0,0,0,0,0,0,0,0,0,0,,,
98a5719f-8ac1-4fd8-9180-206b0fb6ce10,Foot And Mouth Disease,ICD11_1F05,round3,,2022-11-28T00:00:00,country_IN,India,state_29,Karnataka,district_635,Yadgir,0,0,0,0,0,0,0,0,0,0,,,
b463e29c-86a4-403b-8960-dcec49a60662,Foot And Mouth Disease,ICD11_1F05,round3,2022-11-07T00:00:00,2022-12-11T00:00:00,country_IN,India,state_29,Karnataka,district_525,Bengaluru Urban,0,1,1,0,0,0,0,0,0,26597,,,
9132e809-b262-446c-a846-e7f622208e63,Foot And Mouth Disease,ICD11_1F05,round3,2022-11-07T00:00:00,2022-12-11T00:00:00,country_IN,India,state_29,Karnataka,district_526,Bengaluru Rural,0,0,0,0,0,0,0,0,0,51328,,,
40eacf1f-7e38-49e3-be56-8e36686ab09b,Foot And Mouth Disease,ICD11_1F05,round3,2022-11-07T00:00:00,2022-12-11T00:00:00,country_IN,India,state_29,Karnataka,district_533,Chitradurga,6,2,8,0,0,0,8,0,8,104478,,,
5c6f11ec-81b8-46d2-9d40-fc784c52cd20,Foot And Mouth Disease,ICD11_1F05,round3,2022-11-07T00:00:00,2022-12-11T00:00:00,country_IN,India,state_29,Karnataka,district_630,Chikkaballapura,0,0,0,0,0,0,0,0,0,80093,,,
c44408a4-d345-4483-ab8c-7c1dddd96d2e,Foot And Mouth Disease,ICD11_1F05,round3,2022-11-07T00:00:00,2022-12-11T00:00:00,country_IN,India,state_29,Karnataka,district_535,Davangere,440,69,509,30,1,31,0,0,0,92265,,,
a5bda948-5f0f-4a43-9d02-1b531fc332db,Foot And Mouth Disease,ICD11_1F05,round3,2022-11-07T00:00:00,2022-12-11T00:00:00,country_IN,India,state_29,Karnataka,district_542,Kolar,0,0,0,0,0,0,0,0,0,92196,,,
1ad3d571-59e8-489b-a06f-1bd9270d1b55,Foot And Mouth Disease,ICD11_1F05,round3,2022-11-07T00:00:00,2022-12-11T00:00:00,country_IN,India,state_29,Karnataka,district_631,Ramanagara,0,0,0,0,0,0,0,0,0,79274,,,
b04a6991-89b7-4ab8-b034-84b33ba3316b,Foot And Mouth Disease,ICD11_1F05,round3,2022-11-07T00:00:00,2022-12-11T00:00:00,country_IN,India,state_29,Karnataka,district_547,Shivamogga,1859,894,2753,0,0,0,0,0,0,116585,,,
c6e7216c-06dd-4f9a-a2ee-7db52471027b,Foot And Mouth Disease,ICD11_1F05,round3,2022-11-07T00:00:00,2022-12-11T00:00:00,country_IN,India,state_29,Karnataka,district_548,Tumakuru,0,0,0,0,0,0,0,0,0,196489,,,
ef3bf9c6-b88c-4551-a058-3cdd16d71815,Foot And Mouth Disease,ICD11_1F05,round3,2022-11-07T00:00:00,2022-12-11T00:00:00,country_IN,India,state_29,Karnataka,district_531,Chamarajanagara,1016,7,1023,0,0,0,0,0,0,55778,,,
b4d10426-b901-4ec4-a74f-8db79d7b907e,Foot And Mouth Disease,ICD11_1F05,round3,2022-11-07T00:00:00,2022-12-11T00:00:00,country_IN,India,state_29,Karnataka,district_532,Chikkamagaluru,179,10,189,0,0,0,0,0,0,76324,,,
8073e17a-3d87-4658-aaef-15fc95df6e28,Foot And Mouth Disease,ICD11_1F05,round3,2022-11-07T00:00:00,2022-12-11T00:00:00,country_IN,India,state_29,Karnataka,district_534,Dakshina Kannada,2660,0,2660,30,0,30,0,0,0,67511,,,
6faa5867-a024-4530-8a07-910037aebdd5,Foot And Mouth Disease,ICD11_1F05,round3,2022-11-07T00:00:00,2022-12-11T00:00:00,country_IN,India,state_29,Karnataka,district_539,Hassan,2038,447,2485,0,0,0,0,0,0,196670,,,
a52875b8-a644-44b0-9e41-2cf9c10439d3,Foot And Mouth Disease,ICD11_1F05,round3,2022-11-07T00:00:00,2022-12-11T00:00:00,country_IN,India,state_29,Karnataka,district_541,Kodagu,0,0,0,0,0,0,0,0,0,15646,,,
843ba134-8bc9-4a9f-acc6-83149242d48b,Foot And Mouth Disease,ICD11_1F05,round3,2022-11-07T00:00:00,2022-12-11T00:00:00,country_IN,India,state_29,Karnataka,district_545,Mysuru,14552,25,14577,19,10,29,0,0,0,143497,,,
edd3b2d4-3851-48c4-834c-62dcb9dd9a8b,Foot And Mouth Disease,ICD11_1F05,round3,2022-11-07T00:00:00,2022-12-11T00:00:00,country_IN,India,state_29,Karnataka,district_544,Mandya,0,0,0,0,0,0,0,0,0,186682,,,
60f55945-1cf5-4f60-bde4-8594eca10fc3,Foot And Mouth Disease,ICD11_1F05,round3,2022-11-07T00:00:00,2022-12-11T00:00:00,country_IN,India,state_29,Karnataka,district_549,Udupi,346,0,346,0,0,0,0,0,0,57383,,,
da7e7dbd-3de8-40d2-ae87-1d6471daac54,Foot And Mouth Disease,ICD11_1F05,round3,,2022-12-11T00:00:00,country_IN,India,state_29,Karnataka,district_527,Belagavi,0,0,0,0,0,0,0,0,0,0,,,
f9a1a88c-8a1d-461a-adb1-63679236024b,Foot And Mouth Disease,ICD11_1F05,round3,,2022-12-11T00:00:00,country_IN,India,state_29,Karnataka,district_524,Bagalkote,0,0,0,0,0,0,0,0,0,0,,,
7aab0c16-6ef8-43d8-a57d-aa07421ba975,Foot And Mouth Disease,ICD11_1F05,round3,2022-11-07T00:00:00,2022-12-11T00:00:00,country_IN,India,state_29,Karnataka,district_536,Dharwad,850,158,1008,0,0,0,0,0,0,61907,,,
66889b90-05c0-4d98-b846-0a94bc860b6b,Foot And Mouth Disease,ICD11_1F05,round3,2022-11-07T00:00:00,2022-12-11T00:00:00,country_IN,India,state_29,Karnataka,district_537,Gadag,607,232,839,27,15,42,0,0,0,55389,,,
ff6e4ef6-e9b9-4c56-bae1-6dde000e8b88,Foot And Mouth Disease,ICD11_1F05,round3,2022-11-07T00:00:00,2022-12-11T00:00:00,country_IN,India,state_29,Karnataka,district_540,Haveri,1434,262,1696,252,111,363,0,0,0,112748,,,
fcf98e34-3a1a-4e24-9fe3-fe2663ca0656,Foot And Mouth Disease,ICD11_1F05,round3,2022-11-07T00:00:00,2022-12-11T00:00:00,country_IN,India,state_29,Karnataka,district_550,Uttara Kannada,0,0,0,0,0,0,0,0,0,76558,,,
fbee8e80-56d1-4855-8117-8ccb47fe97dd,Foot And Mouth Disease,ICD11_1F05,round3,2022-11-07T00:00:00,2022-12-11T00:00:00,country_IN,India,state_29,Karnataka,district_530,Vijayapura,1153,908,2061,21,22,43,3,2,5,134551,,,
db14b310-8b80-40aa-a4cc-2c9387be5134,Foot And Mouth Disease,ICD11_1F05,round3,,2022-12-11T00:00:00,country_IN,India,state_29,Karnataka,district_528,Ballari,0,0,0,0,0,0,0,0,0,0,,,
b850689d-c32b-4e48-8f13-4916b6494505,Foot And Mouth Disease,ICD11_1F05,round3,2022-11-07T00:00:00,2022-12-11T00:00:00,country_IN,India,state_29,Karnataka,district_529,Bidar,0,0,0,0,0,0,0,0,0,114941,,,
820c15ec-65cf-4d0e-a26c-af9e7c01df80,Foot And Mouth Disease,ICD11_1F05,round3,2022-11-07T00:00:00,2022-12-11T00:00:00,country_IN,India,state_29,Karnataka,district_543,Koppal,0,0,0,0,0,0,0,0,0,79660,,,
249452b0-08f7-4f86-9d53-04cc7552c2b4,Foot And Mouth Disease,ICD11_1F05,round3,2022-11-07T00:00:00,2022-12-11T00:00:00,country_IN,India,state_29,Karnataka,district_538,Kalaburagi,0,0,0,0,0,0,0,0,0,125662,,,
c3ad8778-a04a-4e27-be6b-062e09171e7e,Foot And Mouth Disease,ICD11_1F05,round3,,2022-12-11T00:00:00,country_IN,India,state_29,Karnataka,district_546,Raichur,0,0,0,0,0,0,0,0,0,0,,,
1c9a3a8c-f5e0-4841-bc69-cdf8efc2447a,Foot And Mouth Disease,ICD11_1F05,round3,,2022-12-11T00:00:00,country_IN,India,state_29,Karnataka,district_635,Yadgir,0,0,0,0,0,0,0,0,0,0,,,
de4e6cb1-ab63-4076-8956-0d762a154b96,Foot And Mouth Disease,ICD11_1F05,round3,2022-11-07T00:00:00,2022-12-01T00:00:00,country_IN,India,state_29,Karnataka,district_525,Bengaluru Urban,2935,43,2978,125,4,129,0,0,0,24132,,,
f0830fa7-4e9e-4a8c-b7e1-ead59e77b5dd,Foot And Mouth Disease,ICD11_1F05,round3,2022-11-07T00:00:00,2022-12-01T00:00:00,country_IN,India,state_29,Karnataka,district_526,Bengaluru Rural,2730,170,2900,41,0,41,0,0,0,48474,,,
9e97e8cf-2959-4182-a6d1-5ae7864f62b4,Foot And Mouth Disease,ICD11_1F05,round3,2022-11-07T00:00:00,2022-12-01T00:00:00,country_IN,India,state_29,Karnataka,district_533,Chitradurga,2318,1038,3356,26,10,36,0,0,0,93288,,,
54c15e27-586f-4791-9eb7-c3df6c10a75e,Foot And Mouth Disease,ICD11_1F05,round3,2022-11-07T00:00:00,2022-12-01T00:00:00,country_IN,India,state_29,Karnataka,district_630,Chikkaballapura,1205,123,1328,58,5,63,0,0,0,76899,,,
3a720301-f38a-4b6b-a093-5c419c53945b,Foot And Mouth Disease,ICD11_1F05,round3,2022-11-07T00:00:00,2022-12-01T00:00:00,country_IN,India,state_29,Karnataka,district_535,Davangere,5891,1785,7676,221,62,283,0,0,0,68903,,,
cd528ea8-31b4-45d3-b0ef-e0c16ec0b69c,Foot And Mouth Disease,ICD11_1F05,round3,2022-11-07T00:00:00,2022-12-01T00:00:00,country_IN,India,state_29,Karnataka,district_542,Kolar,1218,91,1309,58,8,66,0,0,0,87097,,,
6e3c71e0-4db2-464f-aa1f-885d514d34c2,Foot And Mouth Disease,ICD11_1F05,round3,2022-11-07T00:00:00,2022-12-01T00:00:00,country_IN,India,state_29,Karnataka,district_631,Ramanagara,9814,348,10162,309,6,315,0,0,0,67448,,,
eb8ac7b8-2935-4de3-934d-1484ba4af062,Foot And Mouth Disease,ICD11_1F05,round3,2022-11-07T00:00:00,2022-12-01T00:00:00,country_IN,India,state_29,Karnataka,district_547,Shivamogga,10248,2231,12479,1,0,1,0,0,0,81159,,,
529b9612-d063-44e4-a501-f966f60a9e0c,Foot And Mouth Disease,ICD11_1F05,round3,2022-11-07T00:00:00,2022-12-01T00:00:00,country_IN,India,state_29,Karnataka,district_548,Tumakuru,15682,4421,20103,167,41,208,0,0,0,149663,,,
b5da4e93-64c3-49d3-802e-839ed51d4df5,Foot And Mouth Disease,ICD11_1F05,round3,2022-11-07T00:00:00,2022-12-01T00:00:00,country_IN,India,state_29,Karnataka,district_531,Chamarajanagara,5143,51,5194,110,0,110,0,0,0,50489,,,
d3b52197-4cfe-4ae6-a800-31fe3e16cfee,Foot And Mouth Disease,ICD11_1F05,round3,2022-11-07T00:00:00,2022-12-01T00:00:00,country_IN,India,state_29,Karnataka,district_532,Chikkamagaluru,10806,1152,11958,34,7,41,0,0,0,52940,,,
5f322016-1b54-4771-a540-d72b6c6af7d9,Foot And Mouth Disease,ICD11_1F05,round3,2022-11-07T00:00:00,2022-12-01T00:00:00,country_IN,India,state_29,Karnataka,district_534,Dakshina Kannada,5817,14,5831,153,0,153,0,0,0,58105,,,
28d5c676-6687-4277-aa08-a8c222028cc8,Foot And Mouth Disease,ICD11_1F05,round3,2022-11-07T00:00:00,2022-12-01T00:00:00,country_IN,India,state_29,Karnataka,district_539,Hassan,14505,2220,16725,255,28,283,0,0,0,163277,,,
e22272c5-cffb-475f-ade1-38b3c30341ea,Foot And Mouth Disease,ICD11_1F05,round3,2022-11-07T00:00:00,2022-12-01T00:00:00,country_IN,India,state_29,Karnataka,district_541,Kodagu,1602,138,1740,39,0,39,0,0,0,12367,,,
53044f82-f1b3-4129-b794-0d745796646f,Foot And Mouth Disease,ICD11_1F05,round3,2022-11-07T00:00:00,2022-12-01T00:00:00,country_IN,India,state_29,Karnataka,district_545,Mysuru,5831,284,6115,215,4,219,0,0,0,116966,,,
0b63c0be-1781-467b-8c9d-b4a26f38918b,Foot And Mouth Disease,ICD11_1F05,round3,2022-11-07T00:00:00,2022-12-01T00:00:00,country_IN,India,state_29,Karnataka,district_544,Mandya,4911,873,5784,53,14,67,0,0,0,170767,,,
f64f09ba-ef84-49da-ad35-abe88a63e5f4,Foot And Mouth Disease,ICD11_1F05,round3,2022-11-07T00:00:00,2022-12-01T00:00:00,country_IN,India,state_29,Karnataka,district_549,Udupi,7027,17,7044,48,0,48,0,0,0,40641,,,
ea2bd552-79c8-473a-b476-b92dcfa176e8,Foot And Mouth Disease,ICD11_1F05,round3,,2022-12-01T00:00:00,country_IN,India,state_29,Karnataka,district_527,Belagavi,0,0,0,0,0,0,0,0,0,0,,,
1ccf726b-dcab-4eb1-b45e-7a699d366846,Foot And Mouth Disease,ICD11_1F05,round3,,2022-12-01T00:00:00,country_IN,India,state_29,Karnataka,district_524,Bagalkote,0,0,0,0,0,0,0,0,0,0,,,
228692ed-26f2-4e1d-a907-5000faf2a092,Foot And Mouth Disease,ICD11_1F05,round3,2022-11-07T00:00:00,2022-12-01T00:00:00,country_IN,India,state_29,Karnataka,district_536,Dharwad,2779,920,3699,8,1,9,0,0,0,40560,,,
7c80ecd2-531b-4f40-adc5-633566907e0a,Foot And Mouth Disease,ICD11_1F05,round3,2022-11-07T00:00:00,2022-12-01T00:00:00,country_IN,India,state_29,Karnataka,district_537,Gadag,1726,750,2476,0,0,0,0,0,0,38879,,,
32033674-1965-451e-9105-5c852ea7c443,Foot And Mouth Disease,ICD11_1F05,round3,2022-11-07T00:00:00,2022-12-01T00:00:00,country_IN,India,state_29,Karnataka,district_540,Haveri,6101,2851,8952,18,3,21,0,0,0,92083,,,
6dc5c4b1-c301-477b-9570-39fcbf4b3966,Foot And Mouth Disease,ICD11_1F05,round3,2022-11-07T00:00:00,2022-12-01T00:00:00,country_IN,India,state_29,Karnataka,district_550,Uttara Kannada,8894,1457,10351,68,9,77,0,0,0,58035,,,
d08053b8-e7ba-460e-b16c-78b8abab1071,Foot And Mouth Disease,ICD11_1F05,round3,2022-11-07T00:00:00,2022-12-01T00:00:00,country_IN,India,state_29,Karnataka,district_530,Vijayapura,2737,3139,5876,37,38,75,0,0,0,116590,,,
73a493d8-8057-4f34-a9e3-ba3d2a14f3b5,Foot And Mouth Disease,ICD11_1F05,round3,,2022-12-01T00:00:00,country_IN,India,state_29,Karnataka,district_528,Ballari,0,0,0,0,0,0,0,0,0,0,,,
434bd46e-166f-4ae6-ac0c-3eb98a313b66,Foot And Mouth Disease,ICD11_1F05,round3,2022-11-07T00:00:00,2022-12-01T00:00:00,country_IN,India,state_29,Karnataka,district_529,Bidar,1510,1007,2517,12,4,16,0,0,0,101793,,,
3fd8a203-8fb2-4a45-bf9a-58328c9ab5ed,Foot And Mouth Disease,ICD11_1F05,round3,2022-11-07T00:00:00,2022-12-01T00:00:00,country_IN,India,state_29,Karnataka,district_543,Koppal,7628,1999,9627,95,74,169,0,0,0,66558,,,
840b1208-e67d-475c-bf5e-7c033bc864d4,Foot And Mouth Disease,ICD11_1F05,round3,2022-11-07T00:00:00,2022-12-01T00:00:00,country_IN,India,state_29,Karnataka,district_538,Kalaburagi,3256,840,4096,2,0,2,0,0,0,112884,,,
718cec72-e3f5-47ef-851a-19fb1094c34c,Foot And Mouth Disease,ICD11_1F05,round3,,2022-12-01T00:00:00,country_IN,India,state_29,Karnataka,district_546,Raichur,0,0,0,0,0,0,0,0,0,0,,,
dac2e737-d8d8-454f-907d-fbb44aee7c5b,Foot And Mouth Disease,ICD11_1F05,round3,,2022-12-01T00:00:00,country_IN,India,state_29,Karnataka,district_635,Yadgir,0,0,0,0,0,0,0,0,0,0,,,
f54364a4-cb5f-41dc-9a73-275e68485a75,Foot And Mouth Disease,ICD11_1F05,round3,2022-11-07T00:00:00,2022-12-23T00:00:00,country_IN,India,state_29,Karnataka,district_525,Bengaluru Urban,79,0,79,0,0,0,0,0,0,27538,,,
660d1b1b-f6ad-4946-bb7b-42bd1160e980,Foot And Mouth Disease,ICD11_1F05,round3,2022-11-07T00:00:00,2022-12-23T00:00:00,country_IN,India,state_29,Karnataka,district_526,Bengaluru Rural,9,0,9,0,0,0,38,0,38,52586,,,
fe2760c9-ccfb-47ae-8893-2571f458fb73,Foot And Mouth Disease,ICD11_1F05,round3,2022-11-07T00:00:00,2022-12-23T00:00:00,country_IN,India,state_29,Karnataka,district_533,Chitradurga,0,0,0,0,0,0,16,4,20,105289,,,
3941d419-d51a-453d-8c27-7c60445b2244,Foot And Mouth Disease,ICD11_1F05,round3,2022-11-07T00:00:00,2022-12-23T00:00:00,country_IN,India,state_29,Karnataka,district_630,Chikkaballapura,49,0,49,0,0,0,0,0,0,81984,,,
ae9c650d-b886-4ee4-afc5-f5c846308e62,Foot And Mouth Disease,ICD11_1F05,round3,2022-11-07T00:00:00,2022-12-23T00:00:00,country_IN,India,state_29,Karnataka,district_535,Davangere,48,38,86,0,0,0,98,67,165,100563,,,
934ea79f-00f8-462b-8cce-2d04467612d4,Foot And Mouth Disease,ICD11_1F05,round3,2022-11-07T00:00:00,2022-12-23T00:00:00,country_IN,India,state_29,Karnataka,district_542,Kolar,918,47,965,42,7,49,906,72,978,102357,,,
a5fc9164-316d-4e16-a5f7-3b44c6c180dd,Foot And Mouth Disease,ICD11_1F05,round3,2022-11-07T00:00:00,2022-12-23T00:00:00,country_IN,India,state_29,Karnataka,district_631,Ramanagara,0,0,0,0,0,0,362,17,379,80225,,,
a5f221ff-8ea4-4c1c-9a5d-b3f4e013d671,Foot And Mouth Disease,ICD11_1F05,round3,2022-11-07T00:00:00,2022-12-23T00:00:00,country_IN,India,state_29,Karnataka,district_547,Shivamogga,0,0,0,0,0,0,0,0,0,126883,,,
a0fd7fb5-684c-4326-a920-aa5935327138,Foot And Mouth Disease,ICD11_1F05,round3,2022-11-07T00:00:00,2022-12-23T00:00:00,country_IN,India,state_29,Karnataka,district_548,Tumakuru,27,8,35,0,0,0,20,5,25,205944,,,
c7b2f991-54e2-4393-b4bd-d46bda919db0,Foot And Mouth Disease,ICD11_1F05,round3,2022-11-07T00:00:00,2022-12-23T00:00:00,country_IN,India,state_29,Karnataka,district_531,Chamarajanagara,876,0,876,0,0,0,0,0,0,63065,,,
f42cbb1a-6378-4c0e-8117-a9575b7ad9c1,Foot And Mouth Disease,ICD11_1F05,round3,2022-11-07T00:00:00,2022-12-23T00:00:00,country_IN,India,state_29,Karnataka,district_532,Chikkamagaluru,935,25,960,0,0,0,0,0,0,82649,,,
fd07d8bd-4d07-435e-99b3-50ff83e38ba3,Foot And Mouth Disease,ICD11_1F05,round3,2022-11-07T00:00:00,2022-12-23T00:00:00,country_IN,India,state_29,Karnataka,district_534,Dakshina Kannada,0,0,0,0,0,0,0,0,0,68874,,,
52a16ea7-c5be-47ab-8b7a-62c51a33f042,Foot And Mouth Disease,ICD11_1F05,round3,2022-11-07T00:00:00,2022-12-23T00:00:00,country_IN,India,state_29,Karnataka,district_539,Hassan,0,0,0,0,0,0,261,18,279,200921,,,
d0fe9c9d-7c95-4ed3-9471-10401b9f1b20,Foot And Mouth Disease,ICD11_1F05,round3,2022-11-07T00:00:00,2022-12-23T00:00:00,country_IN,India,state_29,Karnataka,district_541,Kodagu,0,0,0,0,0,0,0,0,0,16642,,,
140245fb-78cb-4e2e-927d-8267105a4cad,Foot And Mouth Disease,ICD11_1F05,round3,2022-11-07T00:00:00,2022-12-23T00:00:00,country_IN,India,state_29,Karnataka,district_545,Mysuru,807,0,807,0,0,0,54,0,54,155497,,,
3857f79e-f7bb-414a-bfa3-30a0ed2b86ed,Foot And Mouth Disease,ICD11_1F05,round3,2022-11-07T00:00:00,2022-12-23T00:00:00,country_IN,India,state_29,Karnataka,district_544,Mandya,81,0,81,0,0,0,129,29,158,187196,,,
358ab491-02a0-46a4-86ce-264a0bc4e4ef,Foot And Mouth Disease,ICD11_1F05,round3,2022-11-07T00:00:00,2022-12-23T00:00:00,country_IN,India,state_29,Karnataka,district_549,Udupi,0,0,0,0,0,0,0,0,0,63363,,,
96988231-06c3-4bae-ab0b-b861c92af621,Foot And Mouth Disease,ICD11_1F05,round3,,2022-12-23T00:00:00,country_IN,India,state_29,Karnataka,district_527,Belagavi,0,0,0,0,0,0,0,0,0,0,,,
a099e46f-cb42-4950-8666-43d6eab4d5d6,Foot And Mouth Disease,ICD11_1F05,round3,,2022-12-23T00:00:00,country_IN,India,state_29,Karnataka,district_524,Bagalkote,0,0,0,0,0,0,0,0,0,0,,,
6c45da6e-0ffe-4bc3-ad40-30a272123675,Foot And Mouth Disease,ICD11_1F05,round3,2022-11-07T00:00:00,2022-12-23T00:00:00,country_IN,India,state_29,Karnataka,district_536,Dharwad,92,14,106,0,0,0,0,0,0,81272,,,
de47012c-ea72-4553-8b73-1e5b0235641e,Foot And Mouth Disease,ICD11_1F05,round3,2022-11-07T00:00:00,2022-12-23T00:00:00,country_IN,India,state_29,Karnataka,district_537,Gadag,443,147,590,0,0,0,0,0,0,64908,,,
97e5e3f8-9a6c-481f-bdcf-92f90f05280b,Foot And Mouth Disease,ICD11_1F05,round3,2022-11-07T00:00:00,2022-12-23T00:00:00,country_IN,India,state_29,Karnataka,district_540,Haveri,0,0,0,429,0,429,6,2,8,119734,,,
0c3e313f-e771-4c07-9ecb-d5b5399602e1,Foot And Mouth Disease,ICD11_1F05,round3,2022-11-07T00:00:00,2022-12-23T00:00:00,country_IN,India,state_29,Karnataka,district_550,Uttara Kannada,487,188,675,0,0,0,0,0,0,86715,,,
36007d21-6e8f-44a5-8aa3-c39f6c3e3737,Foot And Mouth Disease,ICD11_1F05,round3,2022-11-07T00:00:00,2022-12-23T00:00:00,country_IN,India,state_29,Karnataka,district_530,Vijayapura,808,558,1366,0,0,0,44,51,95,146653,,,
8b33b840-eb7e-4e21-ad04-8825d77b0e30,Foot And Mouth Disease,ICD11_1F05,round3,,2022-12-23T00:00:00,country_IN,India,state_29,Karnataka,district_528,Ballari,0,0,0,0,0,0,0,0,0,0,,,
79fe206b-61fa-4f3e-a467-fb7356defc49,Foot And Mouth Disease,ICD11_1F05,round3,2022-11-07T00:00:00,2022-12-23T00:00:00,country_IN,India,state_29,Karnataka,district_529,Bidar,442,649,1091,0,0,0,18,7,25,116372,,,
63512cec-881e-4ef9-ac05-e84a3cade046,Foot And Mouth Disease,ICD11_1F05,round3,2022-11-07T00:00:00,2022-12-23T00:00:00,country_IN,India,state_29,Karnataka,district_543,Koppal,0,0,0,0,0,0,0,0,0,90374,,,
92bddb87-fc5a-485a-a443-0a444190eb5d,Foot And Mouth Disease,ICD11_1F05,round3,2022-11-07T00:00:00,2022-12-23T00:00:00,country_IN,India,state_29,Karnataka,district_538,Kalaburagi,1045,169,1214,0,0,0,0,0,0,133413,,,
a2398d6c-f407-430a-b4dd-b5726b535af5,Foot And Mouth Disease,ICD11_1F05,round3,,2022-12-23T00:00:00,country_IN,India,state_29,Karnataka,district_546,Raichur,0,0,0,0,0,0,0,0,0,0,,,
9ef22360-24a9-464b-bdfd-5a4035bccf64,Foot And Mouth Disease,ICD11_1F05,round3,,2022-12-23T00:00:00,country_IN,India,state_29,Karnataka,district_635,Yadgir,0,0,0,0,0,0,0,0,0,0,,,
9cb09ac6-bfea-424f-9489-ff1e417d573c,Foot And Mouth Disease,ICD11_1F05,round3,2022-11-07T00:00:00,2022-12-16T00:00:00,country_IN,India,state_29,Karnataka,district_525,Bengaluru Urban,61,0,61,68,0,68,0,0,0,27251,,,
14ac1d00-c2bf-4e20-9316-64f3d425ed12,Foot And Mouth Disease,ICD11_1F05,round3,2022-11-07T00:00:00,2022-12-16T00:00:00,country_IN,India,state_29,Karnataka,district_526,Bengaluru Rural,11,0,11,0,0,0,4,0,4,52429,,,
7f3f3a88-902d-4366-bd72-6f5357baf051,Foot And Mouth Disease,ICD11_1F05,round3,2022-11-07T00:00:00,2022-12-16T00:00:00,country_IN,India,state_29,Karnataka,district_533,Chitradurga,8,1,9,0,0,0,7,1,8,105232,,,
b83c14ef-ed79-4a73-867a-8939e378f596,Foot And Mouth Disease,ICD11_1F05,round3,2022-11-07T00:00:00,2022-12-16T00:00:00,country_IN,India,state_29,Karnataka,district_630,Chikkaballapura,410,52,462,15,3,18,0,0,0,81934,,,
3a1d3a77-35a1-4026-b417-8445cac4506e,Foot And Mouth Disease,ICD11_1F05,round3,2022-11-07T00:00:00,2022-12-16T00:00:00,country_IN,India,state_29,Karnataka,district_535,Davangere,18,8,26,0,0,0,35,14,49,100314,,,
cbb5bffe-6e3d-4a9a-a74e-85acc65f19c6,Foot And Mouth Disease,ICD11_1F05,round3,2022-11-07T00:00:00,2022-12-16T00:00:00,country_IN,India,state_29,Karnataka,district_542,Kolar,733,15,748,0,0,0,0,0,0,101643,,,
8a754806-7832-4770-9248-07660c61a53c,Foot And Mouth Disease,ICD11_1F05,round3,2022-11-07T00:00:00,2022-12-16T00:00:00,country_IN,India,state_29,Karnataka,district_631,Ramanagara,0,0,0,0,0,0,0,0,0,80150,,,
e483f840-0187-4f6a-9743-deea9d7f2274,Foot And Mouth Disease,ICD11_1F05,round3,2022-11-07T00:00:00,2022-12-16T00:00:00,country_IN,India,state_29,Karnataka,district_547,Shivamogga,239,107,346,0,0,0,0,0,0,126716,,,
5cdff594-b706-41de-a6ac-1f220029d671,Foot And Mouth Disease,ICD11_1F05,round3,2022-11-07T00:00:00,2022-12-16T00:00:00,country_IN,India,state_29,Karnataka,district_548,Tumakuru,2086,479,2565,0,0,0,0,0,0,202531,,,
bc2475dc-926a-43e0-bc23-6f7d89a17871,Foot And Mouth Disease,ICD11_1F05,round3,2022-11-07T00:00:00,2022-12-16T00:00:00,country_IN,India,state_29,Karnataka,district_531,Chamarajanagara,227,0,227,0,0,0,0,0,0,60422,,,
eb1d44aa-1a3e-4758-82e9-700b6a34d80e,Foot And Mouth Disease,ICD11_1F05,round3,2022-11-07T00:00:00,2022-12-16T00:00:00,country_IN,India,state_29,Karnataka,district_532,Chikkamagaluru,998,38,1036,0,0,0,0,0,0,81506,,,
e0c53643-aa55-4d64-870f-73e61d2164f4,Foot And Mouth Disease,ICD11_1F05,round3,2022-11-07T00:00:00,2022-12-16T00:00:00,country_IN,India,state_29,Karnataka,district_534,Dakshina Kannada,0,0,0,0,0,0,0,0,0,68874,,,
f0eeb6b1-0212-423a-b126-6e3624709c33,Foot And Mouth Disease,ICD11_1F05,round3,2022-11-07T00:00:00,2022-12-16T00:00:00,country_IN,India,state_29,Karnataka,district_539,Hassan,86,2,88,0,0,0,17,0,17,200492,,,
cdb949e0-9205-4af1-8385-15d0ced8f381,Foot And Mouth Disease,ICD11_1F05,round3,2022-11-07T00:00:00,2022-12-16T00:00:00,country_IN,India,state_29,Karnataka,district_541,Kodagu,18,0,18,0,0,0,32,0,32,16608,,,
207a2408-1da2-47d3-b05e-6e4d1ab868fe,Foot And Mouth Disease,ICD11_1F05,round3,2022-11-07T00:00:00,2022-12-16T00:00:00,country_IN,India,state_29,Karnataka,district_545,Mysuru,4435,47,4482,18,0,18,0,0,0,150186,,,
13552c6b-fa3c-46f0-8df1-c70062d11ff7,Foot And Mouth Disease,ICD11_1F05,round3,2022-11-07T00:00:00,2022-12-16T00:00:00,country_IN,India,state_29,Karnataka,district_544,Mandya,0,0,0,0,0,0,0,0,0,186867,,,
926b7104-f6df-448f-8489-bbb1b6a6d42c,Foot And Mouth Disease,ICD11_1F05,round3,2022-11-07T00:00:00,2022-12-16T00:00:00,country_IN,India,state_29,Karnataka,district_549,Udupi,0,0,0,0,0,0,0,0,0,59444,,,
f116e592-6539-4823-8fc6-f6b35154d9df,Foot And Mouth Disease,ICD11_1F05,round3,,2022-12-16T00:00:00,country_IN,India,state_29,Karnataka,district_527,Belagavi,0,0,0,0,0,0,0,0,0,0,,,
ed11df07-135e-4202-a879-bca212f1e66b,Foot And Mouth Disease,ICD11_1F05,round3,,2022-12-16T00:00:00,country_IN,India,state_29,Karnataka,district_524,Bagalkote,0,0,0,0,0,0,0,0,0,0,,,
4c4d67f8-d3cf-4a4f-bbf9-4d1628149dac,Foot And Mouth Disease,ICD11_1F05,round3,2022-11-07T00:00:00,2022-12-16T00:00:00,country_IN,India,state_29,Karnataka,district_536,Dharwad,0,0,0,0,0,0,0,0,0,81018,,,
250e10b9-e36e-4d4e-82f7-f6d45e55577e,Foot And Mouth Disease,ICD11_1F05,round3,2022-11-07T00:00:00,2022-12-16T00:00:00,country_IN,India,state_29,Karnataka,district_537,Gadag,2606,1050,3656,0,0,0,0,0,0,62224,,,
fc255497-8cd3-41cd-977a-f15c2555cb58,Foot And Mouth Disease,ICD11_1F05,round3,2022-11-07T00:00:00,2022-12-16T00:00:00,country_IN,India,state_29,Karnataka,district_540,Haveri,0,0,0,0,0,0,0,0,0,118350,,,
02c6b042-9719-4b07-943e-d02648286690,Foot And Mouth Disease,ICD11_1F05,round3,2022-11-07T00:00:00,2022-12-16T00:00:00,country_IN,India,state_29,Karnataka,district_550,Uttara Kannada,106,32,138,0,0,0,0,0,0,85271,,,
b03d56b1-9b83-4a75-8ebb-67d0f3e7c97e,Foot And Mouth Disease,ICD11_1F05,round3,2022-11-07T00:00:00,2022-12-16T00:00:00,country_IN,India,state_29,Karnataka,district_530,Vijayapura,7,4,11,0,0,0,12,5,17,137795,,,
7627e17b-2588-4e7f-880e-9e3c7f770b4d,Foot And Mouth Disease,ICD11_1F05,round3,,2022-12-16T00:00:00,country_IN,India,state_29,Karnataka,district_528,Ballari,0,0,0,0,0,0,0,0,0,0,,,
bfe1f7ac-2665-4ce8-ba01-f085f33b846e,Foot And Mouth Disease,ICD11_1F05,round3,2022-11-07T00:00:00,2022-12-16T00:00:00,country_IN,India,state_29,Karnataka,district_529,Bidar,0,0,0,0,0,0,0,0,0,115655,,,
5d88fb3e-d2bf-4821-8398-0639fda7815b,Foot And Mouth Disease,ICD11_1F05,round3,2022-11-07T00:00:00,2022-12-16T00:00:00,country_IN,India,state_29,Karnataka,district_543,Koppal,0,0,0,0,0,0,0,0,0,86084,,,
595eca4d-a953-41bb-804c-c96a6fcb8882,Foot And Mouth Disease,ICD11_1F05,round3,2022-11-07T00:00:00,2022-12-16T00:00:00,country_IN,India,state_29,Karnataka,district_538,Kalaburagi,0,0,0,0,0,0,0,0,0,130156,,,
8dd99b3b-1a49-44b8-927f-a7a25446414d,Foot And Mouth Disease,ICD11_1F05,round3,,2022-12-16T00:00:00,country_IN,India,state_29,Karnataka,district_546,Raichur,0,0,0,0,0,0,0,0,0,0,,,
7952152e-5d42-4386-addd-b8b4945971f7,Foot And Mouth Disease,ICD11_1F05,round3,,2022-12-16T00:00:00,country_IN,India,state_29,Karnataka,district_635,Yadgir,0,0,0,0,0,0,0,0,0,0,,,
dd56481a-a3d0-409b-95a7-a664cd20a2c4,Foot And Mouth Disease,ICD11_1F05,round3,2022-11-07T00:00:00,2022-11-07T00:00:00,country_IN,India,state_29,Karnataka,district_525,Bengaluru Urban,5061,118,5179,151,2,153,0,0,0,1152,,,
dff49c4c-497b-4582-88fc-2184fe756076,Foot And Mouth Disease,ICD11_1F05,round3,2022-11-07T00:00:00,2022-11-07T00:00:00,country_IN,India,state_29,Karnataka,district_526,Bengaluru Rural,4614,330,4944,43,0,43,0,0,0,1741,,,
a00e7dbd-dee6-4659-a462-3b1fd83d5c4e,Foot And Mouth Disease,ICD11_1F05,round3,2022-11-07T00:00:00,2022-11-07T00:00:00,country_IN,India,state_29,Karnataka,district_533,Chitradurga,7601,2749,10350,67,26,93,0,0,0,3864,,,
3956ffcb-7ab5-4765-8570-3baff93b614d,Foot And Mouth Disease,ICD11_1F05,round3,2022-11-07T00:00:00,2022-11-07T00:00:00,country_IN,India,state_29,Karnataka,district_630,Chikkaballapura,6260,532,6792,153,16,169,0,0,0,3645,,,
52d7c9c9-e3a5-4b9e-b56c-9b013402b8ca,Foot And Mouth Disease,ICD11_1F05,round3,2022-11-07T00:00:00,2022-11-07T00:00:00,country_IN,India,state_29,Karnataka,district_535,Davangere,782,175,957,69,12,81,0,0,0,377,,,
b0b1d099-4cd8-4c8b-9fbd-01cb8e0b2484,Foot And Mouth Disease,ICD11_1F05,round3,2022-11-07T00:00:00,2022-11-07T00:00:00,country_IN,India,state_29,Karnataka,district_542,Kolar,10415,764,11179,380,30,410,0,0,0,5387,,,
97db2c3e-b402-4dfe-b410-c424acd90403,Foot And Mouth Disease,ICD11_1F05,round3,2022-11-07T00:00:00,2022-11-07T00:00:00,country_IN,India,state_29,Karnataka,district_631,Ramanagara,11198,369,11567,324,18,342,0,0,0,3438,,,
72ecfbb0-fc86-460e-86ea-e64f9fbc5e65,Foot And Mouth Disease,ICD11_1F05,round3,2022-11-07T00:00:00,2022-11-07T00:00:00,country_IN,India,state_29,Karnataka,district_547,Shivamogga,3728,514,4242,16,0,16,0,0,0,1236,,,
25ade9d1-3685-462e-b44d-5dee128f7c93,Foot And Mouth Disease,ICD11_1F05,round3,2022-11-07T00:00:00,2022-11-07T00:00:00,country_IN,India,state_29,Karnataka,district_548,Tumakuru,0,0,0,0,0,0,0,0,0,0,,,
1559789e-ee9d-41e4-b72f-0ec92ba77c6b,Foot And Mouth Disease,ICD11_1F05,round3,2022-11-07T00:00:00,2022-11-07T00:00:00,country_IN,India,state_29,Karnataka,district_531,Chamarajanagara,8931,235,9166,169,4,173,0,0,0,2517,,,
4d224712-3821-4d96-9c86-3e493daa3f92,Foot And Mouth Disease,ICD11_1F05,round3,2022-11-07T00:00:00,2022-11-07T00:00:00,country_IN,India,state_29,Karnataka,district_532,Chikkamagaluru,3343,320,3663,156,2,158,0,0,0,1067,,,
6ecfa354-7ae1-4016-b605-71debf0acac7,Foot And Mouth Disease,ICD11_1F05,round3,2022-11-07T00:00:00,2022-11-07T00:00:00,country_IN,India,state_29,Karnataka,district_534,Dakshina Kannada,7964,27,7991,147,1,148,0,0,0,2237,,,
20bc0ee3-b875-46ea-9507-ffa034d1f75b,Foot And Mouth Disease,ICD11_1F05,round3,2022-11-07T00:00:00,2022-11-07T00:00:00,country_IN,India,state_29,Karnataka,district_539,Hassan,7522,959,8481,23,3,26,0,0,0,3119,,,
a77856f1-5a02-4041-aeed-9a30ba664bef,Foot And Mouth Disease,ICD11_1F05,round3,2022-11-07T00:00:00,2022-11-07T00:00:00,country_IN,India,state_29,Karnataka,district_541,Kodagu,1321,34,1355,37,2,39,0,0,0,327,,,
e534adb1-19db-41fe-84dd-859c7f161f21,Foot And Mouth Disease,ICD11_1F05,round3,2022-11-07T00:00:00,2022-11-07T00:00:00,country_IN,India,state_29,Karnataka,district_545,Mysuru,15414,303,15717,354,15,369,0,0,0,5656,,,
dcd032e0-a881-479f-ac3c-a4590f106a70,Foot And Mouth Disease,ICD11_1F05,round3,2022-11-07T00:00:00,2022-11-07T00:00:00,country_IN,India,state_29,Karnataka,district_544,Mandya,18345,3944,22289,262,35,297,0,0,0,9119,,,
6f318992-1e07-4072-8ac0-e5ff5aa42a8e,Foot And Mouth Disease,ICD11_1F05,round3,2022-11-07T00:00:00,2022-11-07T00:00:00,country_IN,India,state_29,Karnataka,district_549,Udupi,3578,4,3582,28,0,28,0,0,0,932,,,
cb0cb431-8a04-4761-bbc5-eac938c48834,Foot And Mouth Disease,ICD11_1F05,round3,,2022-11-07T00:00:00,country_IN,India,state_29,Karnataka,district_527,Belagavi,0,0,0,0,0,0,0,0,0,0,,,
55e07e0e-628a-492e-b589-53ccc721d327,Foot And Mouth Disease,ICD11_1F05,round3,,2022-11-07T00:00:00,country_IN,India,state_29,Karnataka,district_524,Bagalkote,0,0,0,0,0,0,0,0,0,0,,,
6b779696-29da-47ef-9c75-ef7297437299,Foot And Mouth Disease,ICD11_1F05,round3,2022-11-07T00:00:00,2022-11-07T00:00:00,country_IN,India,state_29,Karnataka,district_536,Dharwad,2875,756,3631,31,16,47,0,0,0,1547,,,
30abb0d4-ea66-4b56-b2d5-ba12a8bfca1d,Foot And Mouth Disease,ICD11_1F05,round3,2022-11-07T00:00:00,2022-11-07T00:00:00,country_IN,India,state_29,Karnataka,district_537,Gadag,1362,593,1955,6,5,11,0,0,0,939,,,
cb0842ad-89c6-4a7a-aa6d-a14256468a62,Foot And Mouth Disease,ICD11_1F05,round3,2022-11-07T00:00:00,2022-11-07T00:00:00,country_IN,India,state_29,Karnataka,district_540,Haveri,3959,894,4853,0,3,3,0,0,0,1988,,,
57ca5191-c1ec-41a9-b844-dc1e1980f9ed,Foot And Mouth Disease,ICD11_1F05,round3,2022-11-07T00:00:00,2022-11-07T00:00:00,country_IN,India,state_29,Karnataka,district_550,Uttara Kannada,4613,906,5519,60,26,86,0,0,0,1505,,,
3c1743fb-87e8-42e3-9c84-f6863d52f0b2,Foot And Mouth Disease,ICD11_1F05,round3,2022-11-07T00:00:00,2022-11-07T00:00:00,country_IN,India,state_29,Karnataka,district_530,Vijayapura,7934,6843,14777,57,44,101,0,0,0,6115,,,
ac5cbec5-d024-497a-a49a-d91dccae60e1,Foot And Mouth Disease,ICD11_1F05,round3,,2022-11-07T00:00:00,country_IN,India,state_29,Karnataka,district_528,Ballari,0,0,0,0,0,0,0,0,0,0,,,
7fd0bc6f-2dbc-45f4-abfd-3281911cb5f3,Foot And Mouth Disease,ICD11_1F05,round3,2022-11-07T00:00:00,2022-11-07T00:00:00,country_IN,India,state_29,Karnataka,district_529,Bidar,2050,1698,3748,9,5,14,0,0,0,1520,,,
e13b99ff-b719-4266-aba2-1557174a5008,Foot And Mouth Disease,ICD11_1F05,round3,2022-11-07T00:00:00,2022-11-07T00:00:00,country_IN,India,state_29,Karnataka,district_543,Koppal,839,366,1205,20,11,31,0,0,0,399,,,
ec9da396-9fea-4071-a359-c70573d0cdad,Foot And Mouth Disease,ICD11_1F05,round3,2022-11-07T00:00:00,2022-11-07T00:00:00,country_IN,India,state_29,Karnataka,district_538,Kalaburagi,14823,2917,17740,69,16,85,0,0,0,5807,,,
5fe4b35d-b6a5-49ff-bb77-78b9f44d6aea,Foot And Mouth Disease,ICD11_1F05,round3,,2022-11-07T00:00:00,country_IN,India,state_29,Karnataka,district_546,Raichur,0,0,0,0,0,0,0,0,0,0,,,
4235ad53-c37e-4417-ba6c-496f662eb5da,Foot And Mouth Disease,ICD11_1F05,round3,,2022-11-07T00:00:00,country_IN,India,state_29,Karnataka,district_635,Yadgir,0,0,0,0,0,0,0,0,0,0,,,
0814e1d5-e613-4844-9eca-6ad75e4d0276,Foot And Mouth Disease,ICD11_1F05,round3,2022-11-07T00:00:00,2022-12-08T00:00:00,country_IN,India,state_29,Karnataka,district_525,Bengaluru Urban,144,0,144,0,0,0,0,0,0,26556,,,
679f0767-9d74-4c4c-a872-aaee6c0fdfb0,Foot And Mouth Disease,ICD11_1F05,round3,2022-11-07T00:00:00,2022-12-08T00:00:00,country_IN,India,state_29,Karnataka,district_526,Bengaluru Rural,1572,59,1631,26,0,26,0,0,0,50873,,,
d159cf98-1fac-4145-bd62-1e4416963c17,Foot And Mouth Disease,ICD11_1F05,round3,2022-11-07T00:00:00,2022-12-08T00:00:00,country_IN,India,state_29,Karnataka,district_533,Chitradurga,228,172,400,0,0,0,25,5,30,103238,,,
c748d8d7-3b94-438d-9157-f4d465ec5127,Foot And Mouth Disease,ICD11_1F05,round3,2022-11-07T00:00:00,2022-12-08T00:00:00,country_IN,India,state_29,Karnataka,district_630,Chikkaballapura,895,109,1004,2,0,2,0,0,0,79338,,,
6cb154b6-8e40-4230-93b0-51a2d9496ae3,Foot And Mouth Disease,ICD11_1F05,round3,2022-11-07T00:00:00,2022-12-08T00:00:00,country_IN,India,state_29,Karnataka,district_535,Davangere,1344,205,1549,38,8,46,0,0,0,90443,,,
967a7b2a-1d08-4055-a0ed-7ee610928f81,Foot And Mouth Disease,ICD11_1F05,round3,2022-11-07T00:00:00,2022-12-08T00:00:00,country_IN,India,state_29,Karnataka,district_542,Kolar,1322,88,1410,33,1,34,0,0,0,91619,,,
23c2c496-81f1-4089-a353-b49876b3ce1d,Foot And Mouth Disease,ICD11_1F05,round3,2022-11-07T00:00:00,2022-12-08T00:00:00,country_IN,India,state_29,Karnataka,district_631,Ramanagara,1181,86,1267,77,6,83,0,0,0,78274,,,
7d8672d0-ea79-4320-ae3a-acbc35d20901,Foot And Mouth Disease,ICD11_1F05,round3,2022-11-07T00:00:00,2022-12-08T00:00:00,country_IN,India,state_29,Karnataka,district_547,Shivamogga,10007,3394,13401,0,0,0,0,0,0,113274,,,
f2044091-cb68-4991-a259-29cb7611ef7f,Foot And Mouth Disease,ICD11_1F05,round3,2022-11-07T00:00:00,2022-12-08T00:00:00,country_IN,India,state_29,Karnataka,district_548,Tumakuru,7527,2154,9681,138,87,225,0,0,0,191392,,,
a464453e-a9ae-4715-ba7f-1b05bc1c85ff,Foot And Mouth Disease,ICD11_1F05,round3,2022-11-07T00:00:00,2022-12-08T00:00:00,country_IN,India,state_29,Karnataka,district_531,Chamarajanagara,696,7,703,5,0,5,0,0,0,54391,,,
77ef7012-75b2-4e6c-876b-8c7d7609ad4a,Foot And Mouth Disease,ICD11_1F05,round3,2022-11-07T00:00:00,2022-12-08T00:00:00,country_IN,India,state_29,Karnataka,district_532,Chikkamagaluru,885,24,909,0,0,0,0,0,0,75674,,,
045f5f36-3973-4094-a6c2-6eed3cecfa05,Foot And Mouth Disease,ICD11_1F05,round3,2022-11-07T00:00:00,2022-12-08T00:00:00,country_IN,India,state_29,Karnataka,district_534,Dakshina Kannada,259,0,259,13,0,13,0,0,0,65303,,,
49485802-2bd5-411a-88d4-1ceb52476d07,Foot And Mouth Disease,ICD11_1F05,round3,2022-11-07T00:00:00,2022-12-08T00:00:00,country_IN,India,state_29,Karnataka,district_539,Hassan,2614,449,3063,36,3,39,0,0,0,191601,,,
a41c214a-c485-4cb1-8b2a-19a15d881056,Foot And Mouth Disease,ICD11_1F05,round3,2022-11-07T00:00:00,2022-12-08T00:00:00,country_IN,India,state_29,Karnataka,district_541,Kodagu,610,0,610,20,0,20,0,0,0,15332,,,
fbcaf9b9-0536-4459-a9b7-e89a0143c9f5,Foot And Mouth Disease,ICD11_1F05,round3,2022-11-07T00:00:00,2022-12-08T00:00:00,country_IN,India,state_29,Karnataka,district_545,Mysuru,8832,101,8933,51,0,51,15,0,15,135335,,,
5c78bafa-4da6-4cbc-ba79-a9da5ba77559,Foot And Mouth Disease,ICD11_1F05,round3,2022-11-07T00:00:00,2022-12-08T00:00:00,country_IN,India,state_29,Karnataka,district_544,Mandya,421,16,437,10,0,10,23,6,29,186534,,,
b92e3374-971c-49aa-81f2-d185ed03180b,Foot And Mouth Disease,ICD11_1F05,round3,2022-11-07T00:00:00,2022-12-08T00:00:00,country_IN,India,state_29,Karnataka,district_549,Udupi,1325,32,1357,23,0,23,0,0,0,56471,,,
a82e6fad-d9aa-4df4-a6dc-2008123205cd,Foot And Mouth Disease,ICD11_1F05,round3,,2022-12-08T00:00:00,country_IN,India,state_29,Karnataka,district_527,Belagavi,0,0,0,0,0,0,0,0,0,0,,,
28a16635-b705-4e60-8f0b-1e559951a140,Foot And Mouth Disease,ICD11_1F05,round3,,2022-12-08T00:00:00,country_IN,India,state_29,Karnataka,district_524,Bagalkote,0,0,0,0,0,0,0,0,0,0,,,
38a28420-d005-4967-a6d6-ebbebfdbbb12,Foot And Mouth Disease,ICD11_1F05,round3,2022-11-07T00:00:00,2022-12-08T00:00:00,country_IN,India,state_29,Karnataka,district_536,Dharwad,5148,1884,7032,6,0,6,0,0,0,54024,,,
464f4de3-91bd-4e24-8bd9-c425ec81f7c1,Foot And Mouth Disease,ICD11_1F05,round3,2022-11-07T00:00:00,2022-12-08T00:00:00,country_IN,India,state_29,Karnataka,district_537,Gadag,1026,335,1361,184,46,230,0,0,0,52431,,,
5b1e1648-f948-4f53-8f87-3f00a4b8286a,Foot And Mouth Disease,ICD11_1F05,round3,2022-11-07T00:00:00,2022-12-08T00:00:00,country_IN,India,state_29,Karnataka,district_540,Haveri,3298,921,4219,74,31,105,0,0,0,109930,,,
0b15d926-2bdb-43f9-ae88-ff6a4c44c0ab,Foot And Mouth Disease,ICD11_1F05,round3,2022-11-07T00:00:00,2022-12-08T00:00:00,country_IN,India,state_29,Karnataka,district_550,Uttara Kannada,3536,922,4458,58,11,69,0,0,0,74878,,,
1cd0d85d-09c0-48f9-a2df-4a5614e52350,Foot And Mouth Disease,ICD11_1F05,round3,2022-11-07T00:00:00,2022-12-08T00:00:00,country_IN,India,state_29,Karnataka,district_530,Vijayapura,595,809,1404,9,11,20,22,27,49,129215,,,
73c63316-9901-432f-bc53-d8ec4771272f,Foot And Mouth Disease,ICD11_1F05,round3,,2022-12-08T00:00:00,country_IN,India,state_29,Karnataka,district_528,Ballari,0,0,0,0,0,0,0,0,0,0,,,
12488f95-146a-461d-87f9-0715900c7393,Foot And Mouth Disease,ICD11_1F05,round3,2022-11-07T00:00:00,2022-12-08T00:00:00,country_IN,India,state_29,Karnataka,district_529,Bidar,442,205,647,0,0,0,0,0,0,114941,,,
ff7d777a-9c5f-47d2-a4e8-31072a995377,Foot And Mouth Disease,ICD11_1F05,round3,2022-11-07T00:00:00,2022-12-08T00:00:00,country_IN,India,state_29,Karnataka,district_543,Koppal,710,125,835,9,0,9,0,0,0,76223,,,
a49bbb38-5b94-4fa9-95b3-7382a9b26f18,Foot And Mouth Disease,ICD11_1F05,round3,2022-11-07T00:00:00,2022-12-08T00:00:00,country_IN,India,state_29,Karnataka,district_538,Kalaburagi,291,0,291,0,0,0,13,2,15,125274,,,
467ea6d8-0f00-49e3-879e-2d2ab8e16d55,Foot And Mouth Disease,ICD11_1F05,round3,,2022-12-08T00:00:00,country_IN,India,state_29,Karnataka,district_546,Raichur,0,0,0,0,0,0,0,0,0,0,,,
0c572270-9bcf-4ff3-9f35-b65ee4fdbaee,Foot And Mouth Disease,ICD11_1F05,round3,,2022-12-08T00:00:00,country_IN,India,state_29,Karnataka,district_635,Yadgir,0,0,0,0,0,0,0,0,0,0,,,
6b9f0db3-59eb-4104-825e-da0fc5c28c7c,Foot And Mouth Disease,ICD11_1F05,round3,2022-11-07T00:00:00,2022-11-08T00:00:00,country_IN,India,state_29,Karnataka,district_525,Bengaluru Urban,86240,3020,89260,2940,160,3100,0,0,0,33210,,,
f4bdc0db-9ccb-4ee9-a2cc-726c8a7fa494,Foot And Mouth Disease,ICD11_1F05,round3,2022-11-07T00:00:00,2022-11-08T00:00:00,country_IN,India,state_29,Karnataka,district_526,Bengaluru Rural,69850,3550,73400,1570,90,1660,0,0,0,45090,,,
d651b9e5-644c-4423-8fc2-f75676ac8f2c,Foot And Mouth Disease,ICD11_1F05,round3,2022-11-07T00:00:00,2022-11-08T00:00:00,country_IN,India,state_29,Karnataka,district_533,Chitradurga,83840,30990,114830,690,200,890,0,0,0,80240,,,
6e070d43-027d-4b1b-898d-dc59887ef272,Foot And Mouth Disease,ICD11_1F05,round3,2022-11-07T00:00:00,2022-11-08T00:00:00,country_IN,India,state_29,Karnataka,district_630,Chikkaballapura,90280,8840,99120,1780,110,1890,0,0,0,85380,,,
3ff7595c-9366-4357-af0a-831e402ad49f,Foot And Mouth Disease,ICD11_1F05,round3,2022-11-07T00:00:00,2022-11-08T00:00:00,country_IN,India,state_29,Karnataka,district_535,Davangere,8850,3310,12160,480,180,660,0,0,0,7710,,,
061e821c-ec80-4683-9624-e49cddd0ab97,Foot And Mouth Disease,ICD11_1F05,round3,2022-11-07T00:00:00,2022-11-08T00:00:00,country_IN,India,state_29,Karnataka,district_542,Kolar,134990,12060,147050,5750,530,6280,0,0,0,123580,,,
5565b1ba-bbcf-4b9f-bea6-525135c9cb88,Foot And Mouth Disease,ICD11_1F05,round3,2022-11-07T00:00:00,2022-11-08T00:00:00,country_IN,India,state_29,Karnataka,district_631,Ramanagara,131070,5810,136880,6080,330,6410,0,0,0,75060,,,
e7fbfa45-5f5e-42f1-b30b-6c17a4344f55,Foot And Mouth Disease,ICD11_1F05,round3,2022-11-07T00:00:00,2022-11-08T00:00:00,country_IN,India,state_29,Karnataka,district_547,Shivamogga,69220,13460,82680,340,80,420,0,0,0,32930,,,
95e1bbc6-5033-4fee-b6ed-13e9015328f4,Foot And Mouth Disease,ICD11_1F05,round3,2022-11-07T00:00:00,2022-11-08T00:00:00,country_IN,India,state_29,Karnataka,district_548,Tumakuru,0,0,0,0,0,0,0,0,0,0,,,
9569e9e2-5cad-4e6c-8f2a-8041c7187b03,Foot And Mouth Disease,ICD11_1F05,round3,2022-11-07T00:00:00,2022-11-08T00:00:00,country_IN,India,state_29,Karnataka,district_531,Chamarajanagara,98600,2680,101280,1780,60,1840,0,0,0,53040,,,
96a891bb-c605-4f14-8c29-897e65c2c311,Foot And Mouth Disease,ICD11_1F05,round3,2022-11-07T00:00:00,2022-11-08T00:00:00,country_IN,India,state_29,Karnataka,district_532,Chikkamagaluru,52220,2770,54990,470,0,470,0,0,0,31590,,,
c429962b-4a4a-4b4d-8dc7-43fade4f2c60,Foot And Mouth Disease,ICD11_1F05,round3,2022-11-07T00:00:00,2022-11-08T00:00:00,country_IN,India,state_29,Karnataka,district_534,Dakshina Kannada,104220,860,105080,1910,20,1930,0,0,0,54050,,,
4763852d-4954-4697-8998-2994bbf48096,Foot And Mouth Disease,ICD11_1F05,round3,2022-11-07T00:00:00,2022-11-08T00:00:00,country_IN,India,state_29,Karnataka,district_539,Hassan,134660,25990,160650,980,150,1130,0,0,0,87580,,,
4a7b49af-6625-4b63-b415-9fe6cf5194ba,Foot And Mouth Disease,ICD11_1F05,round3,2022-11-07T00:00:00,2022-11-08T00:00:00,country_IN,India,state_29,Karnataka,district_541,Kodagu,33130,1290,34420,770,80,850,0,0,0,12520,,,
4f2f40cd-ffef-4bf2-a174-1e34305aecc6,Foot And Mouth Disease,ICD11_1F05,round3,2022-11-07T00:00:00,2022-11-08T00:00:00,country_IN,India,state_29,Karnataka,district_545,Mysuru,177290,3550,180840,5020,80,5100,0,0,0,121900,,,
3042d725-06bb-4a6e-929c-e668379ffe93,Foot And Mouth Disease,ICD11_1F05,round3,2022-11-07T00:00:00,2022-11-08T00:00:00,country_IN,India,state_29,Karnataka,district_544,Mandya,190600,41780,232380,3250,710,3960,0,0,0,189490,,,
489cae14-1cc3-4c02-8265-7c75644109ee,Foot And Mouth Disease,ICD11_1F05,round3,2022-11-07T00:00:00,2022-11-08T00:00:00,country_IN,India,state_29,Karnataka,district_549,Udupi,43070,90,43160,280,0,280,0,0,0,21740,,,
40e63c0b-0f9c-48e2-8806-d2ba0ab22507,Foot And Mouth Disease,ICD11_1F05,round3,,2022-11-08T00:00:00,country_IN,India,state_29,Karnataka,district_527,Belagavi,0,0,0,0,0,0,0,0,0,0,,,
70e12371-a745-4769-b391-52a85900a61f,Foot And Mouth Disease,ICD11_1F05,round3,,2022-11-08T00:00:00,country_IN,India,state_29,Karnataka,district_524,Bagalkote,0,0,0,0,0,0,0,0,0,0,,,
8467795f-fe18-4286-ba0c-cfeb353ec416,Foot And Mouth Disease,ICD11_1F05,round3,2022-11-07T00:00:00,2022-11-08T00:00:00,country_IN,India,state_29,Karnataka,district_536,Dharwad,43510,13050,56560,150,60,210,0,0,0,37690,,,
9be4388b-f87b-4d50-af98-8f9f073f581a,Foot And Mouth Disease,ICD11_1F05,round3,2022-11-07T00:00:00,2022-11-08T00:00:00,country_IN,India,state_29,Karnataka,district_537,Gadag,20710,8490,29200,510,210,720,0,0,0,21650,,,
a0bc1985-12cb-4fdf-a1a1-b6336ef9964f,Foot And Mouth Disease,ICD11_1F05,round3,2022-11-07T00:00:00,2022-11-08T00:00:00,country_IN,India,state_29,Karnataka,district_540,Haveri,57370,14060,71430,150,0,150,0,0,0,50550,,,
fa515b97-dbad-44f4-b4dc-9bcdf2c131e4,Foot And Mouth Disease,ICD11_1F05,round3,2022-11-07T00:00:00,2022-11-08T00:00:00,country_IN,India,state_29,Karnataka,district_550,Uttara Kannada,77760,16170,93930,1000,110,1110,0,0,0,40100,,,
62acf000-164f-4dd8-aee9-fe9abcbe5ed3,Foot And Mouth Disease,ICD11_1F05,round3,2022-11-07T00:00:00,2022-11-08T00:00:00,country_IN,India,state_29,Karnataka,district_530,Vijayapura,91520,80060,171580,630,400,1030,0,0,0,134820,,,
9f789cd3-c5b1-4b29-b2ef-88054b061ae9,Foot And Mouth Disease,ICD11_1F05,round3,,2022-11-08T00:00:00,country_IN,India,state_29,Karnataka,district_528,Ballari,0,0,0,0,0,0,0,0,0,0,,,
796aa55b-79d6-4b0a-ab62-d4e314f79c7d,Foot And Mouth Disease,ICD11_1F05,round3,2022-11-07T00:00:00,2022-11-08T00:00:00,country_IN,India,state_29,Karnataka,district_529,Bidar,59810,53030,112840,340,230,570,0,0,0,65740,,,
0a8e759c-8545-4404-86aa-1e8bca020d64,Foot And Mouth Disease,ICD11_1F05,round3,2022-11-07T00:00:00,2022-11-08T00:00:00,country_IN,India,state_29,Karnataka,district_543,Koppal,20300,8020,28320,300,210,510,0,0,0,13620,,,
39a14ea3-adbb-476c-af18-feb47497b0c0,Foot And Mouth Disease,ICD11_1F05,round3,2022-11-07T00:00:00,2022-11-08T00:00:00,country_IN,India,state_29,Karnataka,district_538,Kalaburagi,183640,28200,211840,670,130,800,0,0,0,133620,,,
8bd1f0d7-15d8-4c8a-9c74-09b9c494e569,Foot And Mouth Disease,ICD11_1F05,round3,,2022-11-08T00:00:00,country_IN,India,state_29,Karnataka,district_546,Raichur,0,0,0,0,0,0,0,0,0,0,,,
170e4805-7fee-42f5-9046-819f92889e5b,Foot And Mouth Disease,ICD11_1F05,round3,,2022-11-08T00:00:00,country_IN,India,state_29,Karnataka,district_635,Yadgir,0,0,0,0,0,0,0,0,0,0,,,
f817df12-e993-4deb-b022-cd657eb2cf14,Foot And Mouth Disease,ICD11_1F05,round3,2022-11-07T00:00:00,2022-12-03T00:00:00,country_IN,India,state_29,Karnataka,district_525,Bengaluru Urban,3617,121,3738,187,1,188,0,0,0,25096,,,
b34607e0-879c-4ed2-ac15-b3a92b005857,Foot And Mouth Disease,ICD11_1F05,round3,2022-11-07T00:00:00,2022-12-03T00:00:00,country_IN,India,state_29,Karnataka,district_526,Bengaluru Rural,1149,79,1228,41,3,44,0,0,0,49248,,,
ff2ea38e-70d9-4041-8b98-0617dfa6ae6a,Foot And Mouth Disease,ICD11_1F05,round3,2022-11-07T00:00:00,2022-12-03T00:00:00,country_IN,India,state_29,Karnataka,district_533,Chitradurga,3423,1470,4893,34,20,54,0,0,0,97928,,,
40dd06f1-406c-45d8-8fd9-6bc8126c43e8,Foot And Mouth Disease,ICD11_1F05,round3,2022-11-07T00:00:00,2022-12-03T00:00:00,country_IN,India,state_29,Karnataka,district_630,Chikkaballapura,1034,41,1075,47,6,53,0,0,0,77922,,,
916cf95a-2484-460e-a313-676dd79f8a79,Foot And Mouth Disease,ICD11_1F05,round3,2022-11-07T00:00:00,2022-12-03T00:00:00,country_IN,India,state_29,Karnataka,district_535,Davangere,4624,1231,5855,225,60,285,0,0,0,73731,,,
de92e51c-cbe8-4e1b-9094-e41b43b224e1,Foot And Mouth Disease,ICD11_1F05,round3,2022-11-07T00:00:00,2022-12-03T00:00:00,country_IN,India,state_29,Karnataka,district_542,Kolar,2050,91,2141,34,1,35,0,0,0,88593,,,
fa6ef369-73e1-459a-b5f0-70d110235c6b,Foot And Mouth Disease,ICD11_1F05,round3,2022-11-07T00:00:00,2022-12-03T00:00:00,country_IN,India,state_29,Karnataka,district_631,Ramanagara,5129,86,5215,148,1,149,0,0,0,71130,,,
82a756c2-354d-4047-a826-0fa4b0d24a33,Foot And Mouth Disease,ICD11_1F05,round3,2022-11-07T00:00:00,2022-12-03T00:00:00,country_IN,India,state_29,Karnataka,district_547,Shivamogga,15836,3701,19537,0,0,0,0,0,0,89705,,,
bc89e965-d8c5-4eda-aa0b-f8aa9cd316e7,Foot And Mouth Disease,ICD11_1F05,round3,2022-11-07T00:00:00,2022-12-03T00:00:00,country_IN,India,state_29,Karnataka,district_548,Tumakuru,16183,3990,20173,109,23,132,0,0,0,166448,,,
85b26004-8276-4fae-9c53-a3c0e91f7835,Foot And Mouth Disease,ICD11_1F05,round3,2022-11-07T00:00:00,2022-12-03T00:00:00,country_IN,India,state_29,Karnataka,district_531,Chamarajanagara,2878,24,2902,59,0,59,0,0,0,52119,,,
555c1b2a-7f14-4deb-ae12-b3478b7cddbf,Foot And Mouth Disease,ICD11_1F05,round3,2022-11-07T00:00:00,2022-12-03T00:00:00,country_IN,India,state_29,Karnataka,district_532,Chikkamagaluru,16561,1926,18487,0,0,0,0,0,0,60197,,,
5cb56156-1f86-43f9-9ab5-7ec41ea701e6,Foot And Mouth Disease,ICD11_1F05,round3,2022-11-07T00:00:00,2022-12-03T00:00:00,country_IN,India,state_29,Karnataka,district_534,Dakshina Kannada,2497,2,2499,66,0,66,0,0,0,60493,,,
a7a7bc27-db9d-40ad-af71-df55faba8972,Foot And Mouth Disease,ICD11_1F05,round3,2022-11-07T00:00:00,2022-12-03T00:00:00,country_IN,India,state_29,Karnataka,district_539,Hassan,11918,2426,14344,76,10,86,0,0,0,174399,,,
c395b26a-866e-4061-acd2-be316b8daf0e,Foot And Mouth Disease,ICD11_1F05,round3,2022-11-07T00:00:00,2022-12-03T00:00:00,country_IN,India,state_29,Karnataka,district_541,Kodagu,1631,59,1690,63,0,63,0,0,0,13426,,,
ef26fe93-144c-4668-b539-7f421d1a0862,Foot And Mouth Disease,ICD11_1F05,round3,2022-11-07T00:00:00,2022-12-03T00:00:00,country_IN,India,state_29,Karnataka,district_545,Mysuru,7598,317,7915,171,9,180,0,0,0,123958,,,
d891efba-5836-4fcd-81dd-ffa9160e0818,Foot And Mouth Disease,ICD11_1F05,round3,2022-11-07T00:00:00,2022-12-03T00:00:00,country_IN,India,state_29,Karnataka,district_544,Mandya,4436,1069,5505,48,4,52,0,0,0,175741,,,
620ae972-2666-43b7-84a9-474548642fbc,Foot And Mouth Disease,ICD11_1F05,round3,2022-11-07T00:00:00,2022-12-03T00:00:00,country_IN,India,state_29,Karnataka,district_549,Udupi,8197,37,8234,41,0,41,0,0,0,44758,,,
a5995e4a-7158-4c1d-a924-5fae1e8ab2d9,Foot And Mouth Disease,ICD11_1F05,round3,,2022-12-03T00:00:00,country_IN,India,state_29,Karnataka,district_527,Belagavi,0,0,0,0,0,0,0,0,0,0,,,
d4a3244c-ae6d-4a86-a18b-d3182670e085,Foot And Mouth Disease,ICD11_1F05,round3,,2022-12-03T00:00:00,country_IN,India,state_29,Karnataka,district_524,Bagalkote,0,0,0,0,0,0,0,0,0,0,,,
3ea192e3-ca8c-4cbd-9627-23bb0419926b,Foot And Mouth Disease,ICD11_1F05,round3,2022-11-07T00:00:00,2022-12-03T00:00:00,country_IN,India,state_29,Karnataka,district_536,Dharwad,2585,1064,3649,6,3,9,0,0,0,44109,,,
4063b37c-c1f9-4923-8e54-dbaffb0a21ed,Foot And Mouth Disease,ICD11_1F05,round3,2022-11-07T00:00:00,2022-12-03T00:00:00,country_IN,India,state_29,Karnataka,district_537,Gadag,3735,1587,5322,22,18,40,0,0,0,41771,,,
4e9d7343-6907-4c8a-82bb-dd472895e938,Foot And Mouth Disease,ICD11_1F05,round3,2022-11-07T00:00:00,2022-12-03T00:00:00,country_IN,India,state_29,Karnataka,district_540,Haveri,5979,2211,8190,81,16,97,0,0,0,98370,,,
84b86f40-d8d7-4154-8cdb-176450b029f7,Foot And Mouth Disease,ICD11_1F05,round3,2022-11-07T00:00:00,2022-12-03T00:00:00,country_IN,India,state_29,Karnataka,district_550,Uttara Kannada,7809,1166,8975,71,11,82,0,0,0,63210,,,
29f938a7-7c73-42d9-aef9-104ff2d952d2,Foot And Mouth Disease,ICD11_1F05,round3,2022-11-07T00:00:00,2022-12-03T00:00:00,country_IN,India,state_29,Karnataka,district_530,Vijayapura,2070,2371,4441,24,25,49,0,0,0,121168,,,
22be765f-6904-418e-931f-1e19756caaa0,Foot And Mouth Disease,ICD11_1F05,round3,,2022-12-03T00:00:00,country_IN,India,state_29,Karnataka,district_528,Ballari,0,0,0,0,0,0,0,0,0,0,,,
28cbc7b3-bc3c-4f3b-8275-b693c250f07f,Foot And Mouth Disease,ICD11_1F05,round3,2022-11-07T00:00:00,2022-12-03T00:00:00,country_IN,India,state_29,Karnataka,district_529,Bidar,1759,1423,3182,44,22,66,0,0,0,104491,,,
fd46f01a-baf5-4d69-a237-9eed033a1108,Foot And Mouth Disease,ICD11_1F05,round3,2022-11-07T00:00:00,2022-12-03T00:00:00,country_IN,India,state_29,Karnataka,district_543,Koppal,6367,1813,8180,173,84,257,0,0,0,70726,,,
d10def37-786a-4875-9bce-34a8e8134746,Foot And Mouth Disease,ICD11_1F05,round3,2022-11-07T00:00:00,2022-12-03T00:00:00,country_IN,India,state_29,Karnataka,district_538,Kalaburagi,6085,1105,7190,28,14,42,0,0,0,116979,,,
9e06fa47-c764-4664-852a-fb5c1326bdc4,Foot And Mouth Disease,ICD11_1F05,round3,,2022-12-03T00:00:00,country_IN,India,state_29,Karnataka,district_546,Raichur,0,0,0,0,0,0,0,0,0,0,,,
86b60125-2817-4e16-b056-86b063149d34,Foot And Mouth Disease,ICD11_1F05,round3,,2022-12-03T00:00:00,country_IN,India,state_29,Karnataka,district_635,Yadgir,0,0,0,0,0,0,0,0,0,0,,,
9815149a-94cb-4f61-a034-305a678c4dea,Foot And Mouth Disease,ICD11_1F05,round3,2022-11-07T00:00:00,2022-12-19T00:00:00,country_IN,India,state_29,Karnataka,district_525,Bengaluru Urban,301,24,325,0,0,0,0,0,0,27350,,,
e759054d-c4de-4a54-8ed1-7138b495150c,Foot And Mouth Disease,ICD11_1F05,round3,2022-11-07T00:00:00,2022-12-19T00:00:00,country_IN,India,state_29,Karnataka,district_526,Bengaluru Rural,259,0,259,0,0,0,0,0,0,52517,,,
669a5aff-6b33-4f9a-8ff2-ec8004d916c8,Foot And Mouth Disease,ICD11_1F05,round3,2022-11-07T00:00:00,2022-12-19T00:00:00,country_IN,India,state_29,Karnataka,district_533,Chitradurga,4,0,4,2,0,2,51,11,62,105267,,,
344e6a97-22c7-4554-a638-8a7f47c56455,Foot And Mouth Disease,ICD11_1F05,round3,2022-11-07T00:00:00,2022-12-19T00:00:00,country_IN,India,state_29,Karnataka,district_630,Chikkaballapura,0,0,0,0,0,0,0,0,0,81934,,,
d1a88d87-1dc6-46d0-8e50-c0aa6025a2e6,Foot And Mouth Disease,ICD11_1F05,round3,2022-11-07T00:00:00,2022-12-19T00:00:00,country_IN,India,state_29,Karnataka,district_535,Davangere,9,2,11,28,14,42,225,47,272,100398,,,
a0966109-f822-4fe0-b531-d7f01ac56a6d,Foot And Mouth Disease,ICD11_1F05,round3,2022-11-07T00:00:00,2022-12-19T00:00:00,country_IN,India,state_29,Karnataka,district_542,Kolar,404,0,404,0,0,0,0,0,0,101643,,,
85d46b6b-a609-4aa3-8fa4-f71b16ea9f6e,Foot And Mouth Disease,ICD11_1F05,round3,2022-11-07T00:00:00,2022-12-19T00:00:00,country_IN,India,state_29,Karnataka,district_631,Ramanagara,31,0,31,0,0,0,22,2,24,80185,,,
88d0dfd0-eb94-4bd5-8b09-08eaaf3b80b6,Foot And Mouth Disease,ICD11_1F05,round3,2022-11-07T00:00:00,2022-12-19T00:00:00,country_IN,India,state_29,Karnataka,district_547,Shivamogga,275,35,310,0,0,0,0,0,0,126878,,,
c1c6cd95-2fe8-4149-9389-92e91c2ca656,Foot And Mouth Disease,ICD11_1F05,round3,2022-11-07T00:00:00,2022-12-19T00:00:00,country_IN,India,state_29,Karnataka,district_548,Tumakuru,2609,326,2935,158,19,177,0,0,0,204145,,,
ad668c15-d992-411b-9002-41352cfa719a,Foot And Mouth Disease,ICD11_1F05,round3,2022-11-07T00:00:00,2022-12-19T00:00:00,country_IN,India,state_29,Karnataka,district_531,Chamarajanagara,0,0,0,0,0,0,0,0,0,60864,,,
e4474864-4542-43be-8bff-9af6958a37d2,Foot And Mouth Disease,ICD11_1F05,round3,2022-11-07T00:00:00,2022-12-19T00:00:00,country_IN,India,state_29,Karnataka,district_532,Chikkamagaluru,3196,238,3434,0,0,0,0,0,0,82387,,,
d2ea717b-6d7c-41ca-ba03-d6af04f7be81,Foot And Mouth Disease,ICD11_1F05,round3,2022-11-07T00:00:00,2022-12-19T00:00:00,country_IN,India,state_29,Karnataka,district_534,Dakshina Kannada,0,0,0,0,0,0,0,0,0,68874,,,
0799aa0d-3be7-4cd4-9551-33cf3fdfa6b2,Foot And Mouth Disease,ICD11_1F05,round3,2022-11-07T00:00:00,2022-12-19T00:00:00,country_IN,India,state_29,Karnataka,district_539,Hassan,0,0,0,0,0,0,0,0,0,200919,,,
8630154c-efc7-4be8-b269-0a44666ed676,Foot And Mouth Disease,ICD11_1F05,round3,2022-11-07T00:00:00,2022-12-19T00:00:00,country_IN,India,state_29,Karnataka,district_541,Kodagu,31,0,31,0,0,0,31,0,31,16629,,,
afdb3a31-0538-45ea-b132-bc10c8d691bf,Foot And Mouth Disease,ICD11_1F05,round3,2022-11-07T00:00:00,2022-12-19T00:00:00,country_IN,India,state_29,Karnataka,district_545,Mysuru,4037,5,4042,11,0,11,0,0,0,152821,,,
d534aa6f-4201-49b0-919a-27cc31569a4f,Foot And Mouth Disease,ICD11_1F05,round3,2022-11-07T00:00:00,2022-12-19T00:00:00,country_IN,India,state_29,Karnataka,district_544,Mandya,0,0,0,0,0,0,0,0,0,186867,,,
5ef5ba53-95f1-4c73-bfef-ebadb7d3eee7,Foot And Mouth Disease,ICD11_1F05,round3,2022-11-07T00:00:00,2022-12-19T00:00:00,country_IN,India,state_29,Karnataka,district_549,Udupi,3968,0,3968,0,0,0,26,0,26,61495,,,
a6d337a9-0cbc-4d2c-9216-7e511343f13f,Foot And Mouth Disease,ICD11_1F05,round3,,2022-12-19T00:00:00,country_IN,India,state_29,Karnataka,district_527,Belagavi,0,0,0,0,0,0,0,0,0,0,,,
e99356a1-e0c2-40dc-88c6-88c86f5954d0,Foot And Mouth Disease,ICD11_1F05,round3,,2022-12-19T00:00:00,country_IN,India,state_29,Karnataka,district_524,Bagalkote,0,0,0,0,0,0,0,0,0,0,,,
13dcd070-b392-452e-b604-6230d64f837e,Foot And Mouth Disease,ICD11_1F05,round3,2022-11-07T00:00:00,2022-12-19T00:00:00,country_IN,India,state_29,Karnataka,district_536,Dharwad,98,97,195,0,0,0,0,0,0,81209,,,
eafe3867-0ed4-4732-a8f0-0e12d5783b68,Foot And Mouth Disease,ICD11_1F05,round3,2022-11-07T00:00:00,2022-12-19T00:00:00,country_IN,India,state_29,Karnataka,district_537,Gadag,146,37,183,0,0,0,0,0,0,62676,,,
e277d448-bdca-4962-89e4-e2c136cabb6f,Foot And Mouth Disease,ICD11_1F05,round3,2022-11-07T00:00:00,2022-12-19T00:00:00,country_IN,India,state_29,Karnataka,district_540,Haveri,316,109,425,0,0,0,174,79,253,118725,,,
0e3ca4b4-b795-43a1-88b1-5212656da366,Foot And Mouth Disease,ICD11_1F05,round3,2022-11-07T00:00:00,2022-12-19T00:00:00,country_IN,India,state_29,Karnataka,district_550,Uttara Kannada,363,59,422,12,1,13,0,0,0,86181,,,
ee9a01f4-dcdb-4985-bc67-724f49773ed8,Foot And Mouth Disease,ICD11_1F05,round3,2022-11-07T00:00:00,2022-12-19T00:00:00,country_IN,India,state_29,Karnataka,district_530,Vijayapura,1085,807,1892,0,0,0,1,0,1,139872,,,
ebc4be21-42aa-4891-b381-5d9b44aa3236,Foot And Mouth Disease,ICD11_1F05,round3,,2022-12-19T00:00:00,country_IN,India,state_29,Karnataka,district_528,Ballari,0,0,0,0,0,0,0,0,0,0,,,
31ae652f-140a-4adf-aa21-73e24528e73f,Foot And Mouth Disease,ICD11_1F05,round3,2022-11-07T00:00:00,2022-12-19T00:00:00,country_IN,India,state_29,Karnataka,district_529,Bidar,26,18,44,0,0,0,26,9,35,115860,,,
9dea961d-1b4c-4a55-836c-52705189cb54,Foot And Mouth Disease,ICD11_1F05,round3,2022-11-07T00:00:00,2022-12-19T00:00:00,country_IN,India,state_29,Karnataka,district_543,Koppal,2917,550,3467,29,9,38,0,0,0,88521,,,
ae7c78ac-bfbb-4de8-9b16-c7cd3e3da40a,Foot And Mouth Disease,ICD11_1F05,round3,2022-11-07T00:00:00,2022-12-19T00:00:00,country_IN,India,state_29,Karnataka,district_538,Kalaburagi,1707,691,2398,0,0,0,0,0,0,131728,,,
47bb8bfb-8086-442d-99de-42d88b2c50b5,Foot And Mouth Disease,ICD11_1F05,round3,,2022-12-19T00:00:00,country_IN,India,state_29,Karnataka,district_546,Raichur,0,0,0,0,0,0,0,0,0,0,,,
f4b18baf-4fb9-4977-9948-83e478639c29,Foot And Mouth Disease,ICD11_1F05,round3,,2022-12-19T00:00:00,country_IN,India,state_29,Karnataka,district_635,Yadgir,0,0,0,0,0,0,0,0,0,0,,,
6855e20c-6ac5-4a81-b820-344f32bd09ac,Foot And Mouth Disease,ICD11_1F05,round3,2022-11-07T00:00:00,2022-11-12T00:00:00,country_IN,India,state_29,Karnataka,district_525,Bengaluru Urban,2468,48,2516,106,0,106,0,0,0,7622,,,
87d1a803-c02f-4d8d-95ef-9e665726fa7a,Foot And Mouth Disease,ICD11_1F05,round3,2022-11-07T00:00:00,2022-11-12T00:00:00,country_IN,India,state_29,Karnataka,district_526,Bengaluru Rural,2823,171,2994,81,1,82,0,0,0,11811,,,
6d014eff-e1db-437a-87b4-27e5ef6df8b1,Foot And Mouth Disease,ICD11_1F05,round3,2022-11-07T00:00:00,2022-11-12T00:00:00,country_IN,India,state_29,Karnataka,district_533,Chitradurga,5587,2684,8271,31,20,51,0,0,0,24109,,,
0ac5d4ad-9782-4d46-ba96-8fbc01a7679c,Foot And Mouth Disease,ICD11_1F05,round3,2022-11-07T00:00:00,2022-11-12T00:00:00,country_IN,India,state_29,Karnataka,district_630,Chikkaballapura,5370,571,5941,165,19,184,0,0,0,23737,,,
23c3952f-7c74-41bd-82c6-aafd2a0b9995,Foot And Mouth Disease,ICD11_1F05,round3,2022-11-07T00:00:00,2022-11-12T00:00:00,country_IN,India,state_29,Karnataka,district_535,Davangere,1080,404,1484,32,9,41,0,0,0,4892,,,
aa80e61e-711a-4ea5-ab37-6e0745756cbd,Foot And Mouth Disease,ICD11_1F05,round3,2022-11-07T00:00:00,2022-11-12T00:00:00,country_IN,India,state_29,Karnataka,district_542,Kolar,5667,254,5921,135,5,140,0,0,0,34920,,,
80d81b33-c1bb-4298-88ce-451a099dca17,Foot And Mouth Disease,ICD11_1F05,round3,2022-11-07T00:00:00,2022-11-12T00:00:00,country_IN,India,state_29,Karnataka,district_631,Ramanagara,5429,271,5700,269,7,276,0,0,0,18097,,,
e7c0d982-ab57-4e1d-a7b9-35b04dd12072,Foot And Mouth Disease,ICD11_1F05,round3,2022-11-07T00:00:00,2022-11-12T00:00:00,country_IN,India,state_29,Karnataka,district_547,Shivamogga,7730,2132,9862,14,2,16,0,0,0,14496,,,
669bf44b-f864-4c9a-b857-e26197de0746,Foot And Mouth Disease,ICD11_1F05,round3,2022-11-07T00:00:00,2022-11-12T00:00:00,country_IN,India,state_29,Karnataka,district_548,Tumakuru,0,0,0,0,0,0,0,0,0,0,,,
bc30f848-bc5c-4351-9d20-588d104a33ef,Foot And Mouth Disease,ICD11_1F05,round3,2022-11-07T00:00:00,2022-11-12T00:00:00,country_IN,India,state_29,Karnataka,district_531,Chamarajanagara,7329,215,7544,170,0,170,0,0,0,15077,,,
b790ac9e-6090-4287-b7bf-7622a3cffb8c,Foot And Mouth Disease,ICD11_1F05,round3,2022-11-07T00:00:00,2022-11-12T00:00:00,country_IN,India,state_29,Karnataka,district_532,Chikkamagaluru,2217,166,2383,13,0,13,0,0,0,8905,,,
5ac41657-fe3d-4e1b-8d19-4b2f0c2359d4,Foot And Mouth Disease,ICD11_1F05,round3,2022-11-07T00:00:00,2022-11-12T00:00:00,country_IN,India,state_29,Karnataka,district_534,Dakshina Kannada,8959,65,9024,159,0,159,0,0,0,15329,,,
223da7ba-8f88-4968-9c43-9cf32a67e086,Foot And Mouth Disease,ICD11_1F05,round3,2022-11-07T00:00:00,2022-11-12T00:00:00,country_IN,India,state_29,Karnataka,district_539,Hassan,16686,3343,20029,187,17,204,0,0,0,36341,,,
c741964f-1d59-453b-86f4-df0eb1ec1a87,Foot And Mouth Disease,ICD11_1F05,round3,2022-11-07T00:00:00,2022-11-12T00:00:00,country_IN,India,state_29,Karnataka,district_541,Kodagu,1399,40,1439,37,1,38,0,0,0,3287,,,
6039964f-97d6-43e6-a5e1-9b6468a98a9c,Foot And Mouth Disease,ICD11_1F05,round3,2022-11-07T00:00:00,2022-11-12T00:00:00,country_IN,India,state_29,Karnataka,district_545,Mysuru,10096,355,10451,280,11,291,0,0,0,33513,,,
2036ceec-3274-4fa1-b8fb-7200cddb3bd2,Foot And Mouth Disease,ICD11_1F05,round3,2022-11-07T00:00:00,2022-11-12T00:00:00,country_IN,India,state_29,Karnataka,district_544,Mandya,13751,3881,17632,199,29,228,0,0,0,50190,,,
fcf02a71-198b-4c23-8ccb-e52efd691be4,Foot And Mouth Disease,ICD11_1F05,round3,2022-11-07T00:00:00,2022-11-12T00:00:00,country_IN,India,state_29,Karnataka,district_549,Udupi,5572,31,5603,33,0,33,0,0,0,7924,,,
6f195edd-2c26-4752-abd4-b880242f4474,Foot And Mouth Disease,ICD11_1F05,round3,,2022-11-12T00:00:00,country_IN,India,state_29,Karnataka,district_527,Belagavi,0,0,0,0,0,0,0,0,0,0,,,
8b5b3dc2-9859-41f5-94cc-2ce660a85835,Foot And Mouth Disease,ICD11_1F05,round3,,2022-11-12T00:00:00,country_IN,India,state_29,Karnataka,district_524,Bagalkote,0,0,0,0,0,0,0,0,0,0,,,
26492a98-1fc7-453a-b3a5-0e88efc84ead,Foot And Mouth Disease,ICD11_1F05,round3,2022-11-07T00:00:00,2022-11-12T00:00:00,country_IN,India,state_29,Karnataka,district_536,Dharwad,4426,1146,5572,20,3,23,0,0,0,12176,,,
a0add6d1-f97f-4d26-ab47-49a87822cab6,Foot And Mouth Disease,ICD11_1F05,round3,2022-11-07T00:00:00,2022-11-12T00:00:00,country_IN,India,state_29,Karnataka,district_537,Gadag,2396,833,3229,73,45,118,0,0,0,8865,,,
7da67dd9-d28b-4b83-910e-f079dc277324,Foot And Mouth Disease,ICD11_1F05,round3,2022-11-07T00:00:00,2022-11-12T00:00:00,country_IN,India,state_29,Karnataka,district_540,Haveri,3162,958,4120,22,3,25,0,0,0,15659,,,
5abcbf19-ef18-4c2c-b1f3-c890feb66743,Foot And Mouth Disease,ICD11_1F05,round3,2022-11-07T00:00:00,2022-11-12T00:00:00,country_IN,India,state_29,Karnataka,district_550,Uttara Kannada,5076,1175,6251,71,26,97,0,0,0,13264,,,
f4761c81-d678-4b5c-beb6-b29964e7bfa2,Foot And Mouth Disease,ICD11_1F05,round3,2022-11-07T00:00:00,2022-11-12T00:00:00,country_IN,India,state_29,Karnataka,district_530,Vijayapura,3270,3380,6650,19,18,37,0,0,0,33895,,,
b616bbb3-ef6f-4a78-8c1c-3a8b950ca00f,Foot And Mouth Disease,ICD11_1F05,round3,,2022-11-12T00:00:00,country_IN,India,state_29,Karnataka,district_528,Ballari,0,0,0,0,0,0,0,0,0,0,,,
53de0300-e74c-4f81-87fe-2f5fb7eea089,Foot And Mouth Disease,ICD11_1F05,round3,2022-11-07T00:00:00,2022-11-12T00:00:00,country_IN,India,state_29,Karnataka,district_529,Bidar,6818,4590,11408,45,25,70,0,0,0,26766,,,
9c1e1c70-3dcc-42ac-95be-e771b02e7842,Foot And Mouth Disease,ICD11_1F05,round3,2022-11-07T00:00:00,2022-11-12T00:00:00,country_IN,India,state_29,Karnataka,district_543,Koppal,433,323,756,32,28,60,0,0,0,2987,,,
b0afa7d9-4aa1-4725-bf0f-9c5a9785cf76,Foot And Mouth Disease,ICD11_1F05,round3,2022-11-07T00:00:00,2022-11-12T00:00:00,country_IN,India,state_29,Karnataka,district_538,Kalaburagi,13015,1761,14776,47,6,53,0,0,0,36924,,,
3254f362-87e2-4e6a-9d20-6c87e48177c8,Foot And Mouth Disease,ICD11_1F05,round3,,2022-11-12T00:00:00,country_IN,India,state_29,Karnataka,district_546,Raichur,0,0,0,0,0,0,0,0,0,0,,,
46848d42-a436-4260-bf8f-4fd00817cf08,Foot And Mouth Disease,ICD11_1F05,round3,,2022-11-12T00:00:00,country_IN,India,state_29,Karnataka,district_635,Yadgir,0,0,0,0,0,0,0,0,0,0,,,
d8b423a0-0864-4cea-b080-b6a1ced2b9f9,Foot And Mouth Disease,ICD11_1F05,round3,2022-11-07T00:00:00,2022-12-07T00:00:00,country_IN,India,state_29,Karnataka,district_525,Bengaluru Urban,1675,24,1699,103,0,103,47,0,47,26543,,,
67f882ab-38be-4e18-bc23-82b7755dd74a,Foot And Mouth Disease,ICD11_1F05,round3,2022-11-07T00:00:00,2022-12-07T00:00:00,country_IN,India,state_29,Karnataka,district_526,Bengaluru Rural,1209,35,1244,17,2,19,0,0,0,50419,,,
ba970678-5d2c-4834-9aa3-b7ee5afbd270,Foot And Mouth Disease,ICD11_1F05,round3,2022-11-07T00:00:00,2022-12-07T00:00:00,country_IN,India,state_29,Karnataka,district_533,Chitradurga,2150,1550,3700,0,0,0,36,1,37,103090,,,
d1232e14-6694-4958-950a-6a9f9152208c,Foot And Mouth Disease,ICD11_1F05,round3,2022-11-07T00:00:00,2022-12-07T00:00:00,country_IN,India,state_29,Karnataka,district_630,Chikkaballapura,1866,365,2231,159,16,175,0,0,0,78774,,,
8ea96ae6-0ecd-4f02-9ba5-4e7d78033834,Foot And Mouth Disease,ICD11_1F05,round3,2022-11-07T00:00:00,2022-12-07T00:00:00,country_IN,India,state_29,Karnataka,district_535,Davangere,9110,3210,12320,210,93,303,0,0,0,89870,,,
751cffa8-3858-40d9-910d-8c57264d1a05,Foot And Mouth Disease,ICD11_1F05,round3,2022-11-07T00:00:00,2022-12-07T00:00:00,country_IN,India,state_29,Karnataka,district_542,Kolar,1165,115,1280,27,7,34,0,0,0,90792,,,
3522be09-7d12-45d7-8bf3-6c89280648fa,Foot And Mouth Disease,ICD11_1F05,round3,2022-11-07T00:00:00,2022-12-07T00:00:00,country_IN,India,state_29,Karnataka,district_631,Ramanagara,5120,305,5425,323,24,347,0,0,0,77895,,,
4d99acbe-18ae-4362-a9cd-b7384bac649f,Foot And Mouth Disease,ICD11_1F05,round3,2022-11-07T00:00:00,2022-12-07T00:00:00,country_IN,India,state_29,Karnataka,district_547,Shivamogga,26222,6062,32284,94,12,106,0,0,0,109565,,,
b034470d-37de-4a26-88ae-a21fe6f08947,Foot And Mouth Disease,ICD11_1F05,round3,2022-11-07T00:00:00,2022-12-07T00:00:00,country_IN,India,state_29,Karnataka,district_548,Tumakuru,10446,3761,14207,107,19,126,4,0,4,186934,,,
252350db-9166-4217-8fa3-5a7919d8d3c2,Foot And Mouth Disease,ICD11_1F05,round3,2022-11-07T00:00:00,2022-12-07T00:00:00,country_IN,India,state_29,Karnataka,district_531,Chamarajanagara,2461,36,2497,82,0,82,0,0,0,54223,,,
5c4cd9de-366b-4463-b330-70afe5105c85,Foot And Mouth Disease,ICD11_1F05,round3,2022-11-07T00:00:00,2022-12-07T00:00:00,country_IN,India,state_29,Karnataka,district_532,Chikkamagaluru,13879,1254,15133,0,0,0,139,0,139,75306,,,
10abd03e-7c32-4acf-9075-c1c73fd801f2,Foot And Mouth Disease,ICD11_1F05,round3,2022-11-07T00:00:00,2022-12-07T00:00:00,country_IN,India,state_29,Karnataka,district_534,Dakshina Kannada,3411,4,3415,94,0,94,0,0,0,65229,,,
ca671554-9912-4120-996f-89af4c10cf50,Foot And Mouth Disease,ICD11_1F05,round3,2022-11-07T00:00:00,2022-12-07T00:00:00,country_IN,India,state_29,Karnataka,district_539,Hassan,14507,1125,15632,68,1,69,0,0,0,190661,,,
e939eb0a-cf1f-4345-b39e-ac2195b48b9d,Foot And Mouth Disease,ICD11_1F05,round3,2022-11-07T00:00:00,2022-12-07T00:00:00,country_IN,India,state_29,Karnataka,district_541,Kodagu,2276,107,2383,69,0,69,0,0,0,15140,,,
e9927a2a-5d55-4fa4-941b-77ab155252de,Foot And Mouth Disease,ICD11_1F05,round3,2022-11-07T00:00:00,2022-12-07T00:00:00,country_IN,India,state_29,Karnataka,district_545,Mysuru,6735,294,7029,104,2,106,22,0,22,132070,,,
8d134ca1-1208-4c40-9da4-3c88919d0e62,Foot And Mouth Disease,ICD11_1F05,round3,2022-11-07T00:00:00,2022-12-07T00:00:00,country_IN,India,state_29,Karnataka,district_544,Mandya,6842,1853,8695,12,0,12,0,0,0,186309,,,
7f3a2560-0157-464e-9340-4776873426f3,Foot And Mouth Disease,ICD11_1F05,round3,2022-11-07T00:00:00,2022-12-07T00:00:00,country_IN,India,state_29,Karnataka,district_549,Udupi,14844,83,14927,289,0,289,12,0,12,55869,,,
1dc01f3a-d609-4ad2-bd11-c8fd8e6abcb4,Foot And Mouth Disease,ICD11_1F05,round3,,2022-12-07T00:00:00,country_IN,India,state_29,Karnataka,district_527,Belagavi,0,0,0,0,0,0,0,0,0,0,,,
dc99fcc0-48ce-425c-aa68-a0b3fcff5931,Foot And Mouth Disease,ICD11_1F05,round3,,2022-12-07T00:00:00,country_IN,India,state_29,Karnataka,district_524,Bagalkote,0,0,0,0,0,0,0,0,0,0,,,
99de72bf-4006-4106-b289-dc1dd0af9beb,Foot And Mouth Disease,ICD11_1F05,round3,2022-11-07T00:00:00,2022-12-07T00:00:00,country_IN,India,state_29,Karnataka,district_536,Dharwad,2456,597,3053,36,13,49,0,0,0,49541,,,
b4a2954a-e85a-4e16-8350-271254bd9f18,Foot And Mouth Disease,ICD11_1F05,round3,2022-11-07T00:00:00,2022-12-07T00:00:00,country_IN,India,state_29,Karnataka,district_537,Gadag,2679,1147,3826,105,82,187,2,2,4,51918,,,
49611c7a-2455-43d1-aecf-106d8e620272,Foot And Mouth Disease,ICD11_1F05,round3,2022-11-07T00:00:00,2022-12-07T00:00:00,country_IN,India,state_29,Karnataka,district_540,Haveri,5386,2015,7401,80,22,102,0,0,0,108426,,,
7b185d2c-8634-41f4-b815-e6fa38e6aa6e,Foot And Mouth Disease,ICD11_1F05,round3,2022-11-07T00:00:00,2022-12-07T00:00:00,country_IN,India,state_29,Karnataka,district_550,Uttara Kannada,7604,1496,9100,102,9,111,0,0,0,73445,,,
6ca09315-2bab-4e9e-ae36-026907ce96c8,Foot And Mouth Disease,ICD11_1F05,round3,2022-11-07T00:00:00,2022-12-07T00:00:00,country_IN,India,state_29,Karnataka,district_530,Vijayapura,2488,2747,5235,29,33,62,0,0,0,128547,,,
899adf47-41e0-4952-8e99-d45f7ca4dea7,Foot And Mouth Disease,ICD11_1F05,round3,,2022-12-07T00:00:00,country_IN,India,state_29,Karnataka,district_528,Ballari,0,0,0,0,0,0,0,0,0,0,,,
40abd39c-bf49-45f7-9b84-897792370479,Foot And Mouth Disease,ICD11_1F05,round3,2022-11-07T00:00:00,2022-12-07T00:00:00,country_IN,India,state_29,Karnataka,district_529,Bidar,5748,4392,10140,51,39,90,0,0,0,114607,,,
c7703298-4a71-43e2-8f07-2f1b1d7aa1fd,Foot And Mouth Disease,ICD11_1F05,round3,2022-11-07T00:00:00,2022-12-07T00:00:00,country_IN,India,state_29,Karnataka,district_543,Koppal,7038,947,7985,98,22,120,0,0,0,75739,,,
470d196d-7b2e-497c-963b-84350f683c30,Foot And Mouth Disease,ICD11_1F05,round3,2022-11-07T00:00:00,2022-12-07T00:00:00,country_IN,India,state_29,Karnataka,district_538,Kalaburagi,5734,1387,7121,268,77,345,8,0,8,125196,,,
04791559-e461-4ed4-a669-83d44f2b2c55,Foot And Mouth Disease,ICD11_1F05,round3,,2022-12-07T00:00:00,country_IN,India,state_29,Karnataka,district_546,Raichur,0,0,0,0,0,0,0,0,0,0,,,
6daacf1d-ffbd-4cb1-945e-00d6e9e15afb,Foot And Mouth Disease,ICD11_1F05,round3,,2022-12-07T00:00:00,country_IN,India,state_29,Karnataka,district_635,Yadgir,0,0,0,0,0,0,0,0,0,0,,,
776e38fb-cda5-45d9-9d81-b2a96c9baab6,Foot And Mouth Disease,ICD11_1F05,round3,2022-11-07T00:00:00,2022-12-22T00:00:00,country_IN,India,state_29,Karnataka,district_525,Bengaluru Urban,277,0,277,1,0,1,77,0,77,27521,,,
834be490-2741-4fe6-8287-605297a97864,Foot And Mouth Disease,ICD11_1F05,round3,2022-11-07T00:00:00,2022-12-22T00:00:00,country_IN,India,state_29,Karnataka,district_526,Bengaluru Rural,0,0,0,0,0,0,0,0,0,52577,,,
b59f6edf-8cd4-4680-9d17-565c6c2af45b,Foot And Mouth Disease,ICD11_1F05,round3,2022-11-07T00:00:00,2022-12-22T00:00:00,country_IN,India,state_29,Karnataka,district_533,Chitradurga,0,0,0,1,0,1,92,34,126,105288,,,
99be18b1-349f-4fb4-bbf9-c17509211c31,Foot And Mouth Disease,ICD11_1F05,round3,2022-11-07T00:00:00,2022-12-22T00:00:00,country_IN,India,state_29,Karnataka,district_630,Chikkaballapura,5,0,5,0,0,0,0,0,0,81955,,,
38717a36-e9d0-4b56-a993-045be6cee5b5,Foot And Mouth Disease,ICD11_1F05,round3,2022-11-07T00:00:00,2022-12-22T00:00:00,country_IN,India,state_29,Karnataka,district_535,Davangere,17,0,17,17,0,17,340,130,470,100479,,,
b84d630d-ac14-43a2-926e-876c3ada187a,Foot And Mouth Disease,ICD11_1F05,round3,2022-11-07T00:00:00,2022-12-22T00:00:00,country_IN,India,state_29,Karnataka,district_542,Kolar,211,23,234,68,8,76,685,15,700,102099,,,
daf26382-cae5-4cbf-9361-8dfdd1068950,Foot And Mouth Disease,ICD11_1F05,round3,2022-11-07T00:00:00,2022-12-22T00:00:00,country_IN,India,state_29,Karnataka,district_631,Ramanagara,41,8,49,2,2,4,127,3,130,80225,,,
4b09ef80-d56a-471a-92f7-aecd7f8183de,Foot And Mouth Disease,ICD11_1F05,round3,2022-11-07T00:00:00,2022-12-22T00:00:00,country_IN,India,state_29,Karnataka,district_547,Shivamogga,0,0,0,0,0,0,0,0,0,126883,,,
2f292a78-0d79-4d9a-be6e-03b2c30b23e0,Foot And Mouth Disease,ICD11_1F05,round3,2022-11-07T00:00:00,2022-12-22T00:00:00,country_IN,India,state_29,Karnataka,district_548,Tumakuru,160,97,257,0,0,0,260,40,300,205922,,,
19b84484-1069-409f-a278-ad1ef032ec03,Foot And Mouth Disease,ICD11_1F05,round3,2022-11-07T00:00:00,2022-12-22T00:00:00,country_IN,India,state_29,Karnataka,district_531,Chamarajanagara,1017,0,1017,0,0,0,0,0,0,62770,,,
b04b48c3-3b51-415f-9a05-d06b11665bf3,Foot And Mouth Disease,ICD11_1F05,round3,2022-11-07T00:00:00,2022-12-22T00:00:00,country_IN,India,state_29,Karnataka,district_532,Chikkamagaluru,78,0,78,0,0,0,0,0,0,82402,,,
7635ec04-3265-48d1-a74d-306eadc949b0,Foot And Mouth Disease,ICD11_1F05,round3,2022-11-07T00:00:00,2022-12-22T00:00:00,country_IN,India,state_29,Karnataka,district_534,Dakshina Kannada,0,0,0,0,0,0,0,0,0,68874,,,
a7d5aca8-0c93-438c-a54b-31fce7bd2a0e,Foot And Mouth Disease,ICD11_1F05,round3,2022-11-07T00:00:00,2022-12-22T00:00:00,country_IN,India,state_29,Karnataka,district_539,Hassan,7,0,7,0,0,0,0,0,0,200921,,,
f422bc40-b3ee-404c-960a-e5eaa192ffec,Foot And Mouth Disease,ICD11_1F05,round3,2022-11-07T00:00:00,2022-12-22T00:00:00,country_IN,India,state_29,Karnataka,district_541,Kodagu,0,0,0,0,0,0,0,0,0,16642,,,
22a8d923-1383-417d-8fbd-0208d103f85a,Foot And Mouth Disease,ICD11_1F05,round3,2022-11-07T00:00:00,2022-12-22T00:00:00,country_IN,India,state_29,Karnataka,district_545,Mysuru,3437,160,3597,0,0,0,26,0,26,155269,,,
aab78b2e-4503-4ce8-a599-8336c3ff5061,Foot And Mouth Disease,ICD11_1F05,round3,2022-11-07T00:00:00,2022-12-22T00:00:00,country_IN,India,state_29,Karnataka,district_544,Mandya,557,47,604,0,4,4,272,36,308,187111,,,
37953018-516e-4dfc-a819-7a511136fa05,Foot And Mouth Disease,ICD11_1F05,round3,2022-11-07T00:00:00,2022-12-22T00:00:00,country_IN,India,state_29,Karnataka,district_549,Udupi,38,0,38,0,0,0,0,0,0,63363,,,
649bf8cc-2006-48d0-a498-4a146c7ae494,Foot And Mouth Disease,ICD11_1F05,round3,,2022-12-22T00:00:00,country_IN,India,state_29,Karnataka,district_527,Belagavi,0,0,0,0,0,0,0,0,0,0,,,
13e732fe-8b3e-4420-80c5-910a5462b37e,Foot And Mouth Disease,ICD11_1F05,round3,,2022-12-22T00:00:00,country_IN,India,state_29,Karnataka,district_524,Bagalkote,0,0,0,0,0,0,0,0,0,0,,,
a711d569-a380-4738-a26d-2ec9738ab364,Foot And Mouth Disease,ICD11_1F05,round3,2022-11-07T00:00:00,2022-12-22T00:00:00,country_IN,India,state_29,Karnataka,district_536,Dharwad,0,0,0,0,0,0,0,0,0,81272,,,
9b177d71-3137-4293-947f-07804969116c,Foot And Mouth Disease,ICD11_1F05,round3,2022-11-07T00:00:00,2022-12-22T00:00:00,country_IN,India,state_29,Karnataka,district_537,Gadag,644,214,858,2,0,2,0,0,0,64372,,,
500ac695-162b-4df6-a8bd-cb93e6ce2c36,Foot And Mouth Disease,ICD11_1F05,round3,2022-11-07T00:00:00,2022-12-22T00:00:00,country_IN,India,state_29,Karnataka,district_540,Haveri,28,8,36,40,0,40,187,82,269,119727,,,
314fc2ec-155c-4442-9fcf-c5279295a3a6,Foot And Mouth Disease,ICD11_1F05,round3,2022-11-07T00:00:00,2022-12-22T00:00:00,country_IN,India,state_29,Karnataka,district_550,Uttara Kannada,209,184,393,7,0,7,0,0,0,86547,,,
1fb03821-b06b-4f66-8c63-e4701ccac119,Foot And Mouth Disease,ICD11_1F05,round3,2022-11-07T00:00:00,2022-12-22T00:00:00,country_IN,India,state_29,Karnataka,district_530,Vijayapura,2330,1267,3597,14,33,47,19,18,37,145758,,,
fa753e18-ed08-4179-b8b2-e9fc6abdca4b,Foot And Mouth Disease,ICD11_1F05,round3,,2022-12-22T00:00:00,country_IN,India,state_29,Karnataka,district_528,Ballari,0,0,0,0,0,0,0,0,0,0,,,
2a2c1608-8405-4dc6-8d02-1f1542bd057a,Foot And Mouth Disease,ICD11_1F05,round3,2022-11-07T00:00:00,2022-12-22T00:00:00,country_IN,India,state_29,Karnataka,district_529,Bidar,0,0,0,0,0,0,0,0,0,115953,,,
de3b648d-d9de-4507-abbb-069b9a04a8b3,Foot And Mouth Disease,ICD11_1F05,round3,2022-11-07T00:00:00,2022-12-22T00:00:00,country_IN,India,state_29,Karnataka,district_543,Koppal,0,0,0,0,0,0,0,0,0,90374,,,
7d08f320-782b-4d53-9250-e4a208707847,Foot And Mouth Disease,ICD11_1F05,round3,2022-11-07T00:00:00,2022-12-22T00:00:00,country_IN,India,state_29,Karnataka,district_538,Kalaburagi,970,347,1317,0,0,0,43,55,98,133019,,,
f742a979-f903-411b-b0c1-4a28799cf1fa,Foot And Mouth Disease,ICD11_1F05,round3,,2022-12-22T00:00:00,country_IN,India,state_29,Karnataka,district_546,Raichur,0,0,0,0,0,0,0,0,0,0,,,
00002c96-d619-45c4-9a5c-9f45e9c74dec,Foot And Mouth Disease,ICD11_1F05,round3,,2022-12-22T00:00:00,country_IN,India,state_29,Karnataka,district_635,Yadgir,0,0,0,0,0,0,0,0,0,0,,,
c53acfef-a769-463b-9a68-b0e07e3ab95b,Foot And Mouth Disease,ICD11_1F05,round3,2022-11-07T00:00:00,2022-12-13T00:00:00,country_IN,India,state_29,Karnataka,district_525,Bengaluru Urban,308,9,317,0,0,0,0,0,0,26762,,,
05bc1b5e-a9e0-485c-8780-f3084916efce,Foot And Mouth Disease,ICD11_1F05,round3,2022-11-07T00:00:00,2022-12-13T00:00:00,country_IN,India,state_29,Karnataka,district_526,Bengaluru Rural,25,0,25,0,0,0,0,0,0,51498,,,
0e5d0c3d-7fde-455e-b916-1a691a779358,Foot And Mouth Disease,ICD11_1F05,round3,2022-11-07T00:00:00,2022-12-13T00:00:00,country_IN,India,state_29,Karnataka,district_533,Chitradurga,43,6,49,0,0,0,21,5,26,104705,,,
0bde9b72-ebf6-4709-b055-31a30b033ffe,Foot And Mouth Disease,ICD11_1F05,round3,2022-11-07T00:00:00,2022-12-13T00:00:00,country_IN,India,state_29,Karnataka,district_630,Chikkaballapura,170,3,173,0,0,0,0,0,0,80204,,,
b715d6b5-ff51-4198-b41b-afd34c3b30bc,Foot And Mouth Disease,ICD11_1F05,round3,2022-11-07T00:00:00,2022-12-13T00:00:00,country_IN,India,state_29,Karnataka,district_535,Davangere,2055,397,2452,112,27,139,15,2,17,93655,,,
0fa99296-6d15-4a39-bfa0-cc63f8697ef7,Foot And Mouth Disease,ICD11_1F05,round3,2022-11-07T00:00:00,2022-12-13T00:00:00,country_IN,India,state_29,Karnataka,district_542,Kolar,2769,101,2870,17,0,17,0,0,0,93816,,,
35c78b05-103b-493d-8245-77933013ca03,Foot And Mouth Disease,ICD11_1F05,round3,2022-11-07T00:00:00,2022-12-13T00:00:00,country_IN,India,state_29,Karnataka,district_631,Ramanagara,118,16,134,0,0,0,0,0,0,79434,,,
ea991bf8-ca51-433e-a8b2-e1a97b9fddb7,Foot And Mouth Disease,ICD11_1F05,round3,2022-11-07T00:00:00,2022-12-13T00:00:00,country_IN,India,state_29,Karnataka,district_547,Shivamogga,8101,1484,9585,0,0,0,0,0,0,122821,,,
483d40e6-3578-4550-b636-2efc3bc9bd42,Foot And Mouth Disease,ICD11_1F05,round3,2022-11-07T00:00:00,2022-12-13T00:00:00,country_IN,India,state_29,Karnataka,district_548,Tumakuru,1795,387,2182,34,2,36,51,8,59,198520,,,
a0a20557-a1a2-436c-804a-4cc1660eb98b,Foot And Mouth Disease,ICD11_1F05,round3,2022-11-07T00:00:00,2022-12-13T00:00:00,country_IN,India,state_29,Karnataka,district_531,Chamarajanagara,1621,195,1816,0,0,0,0,0,0,56508,,,
c9f72eff-5c8d-411d-8fa2-9854d8268964,Foot And Mouth Disease,ICD11_1F05,round3,2022-11-07T00:00:00,2022-12-13T00:00:00,country_IN,India,state_29,Karnataka,district_532,Chikkamagaluru,668,19,687,0,0,0,0,0,0,77269,,,
c07b2c27-1b24-4b72-b74e-212ac89e2856,Foot And Mouth Disease,ICD11_1F05,round3,2022-11-07T00:00:00,2022-12-13T00:00:00,country_IN,India,state_29,Karnataka,district_534,Dakshina Kannada,42,0,42,0,0,0,0,0,0,67676,,,
3668e020-4b3e-49d8-98c0-000a8124f7b7,Foot And Mouth Disease,ICD11_1F05,round3,2022-11-07T00:00:00,2022-12-13T00:00:00,country_IN,India,state_29,Karnataka,district_539,Hassan,2693,1283,3976,29,16,45,95,0,95,200218,,,
aa4fe65f-e125-4d53-bb5a-21c217b64566,Foot And Mouth Disease,ICD11_1F05,round3,2022-11-07T00:00:00,2022-12-13T00:00:00,country_IN,India,state_29,Karnataka,district_541,Kodagu,942,41,983,43,0,43,79,0,79,16094,,,
e7192896-1b74-4ba3-ae6b-09fabfc32745,Foot And Mouth Disease,ICD11_1F05,round3,2022-11-07T00:00:00,2022-12-13T00:00:00,country_IN,India,state_29,Karnataka,district_545,Mysuru,4654,38,4692,11,0,11,0,0,0,146281,,,
23834d48-bdd8-4189-be35-0b40fce2a1ad,Foot And Mouth Disease,ICD11_1F05,round3,2022-11-07T00:00:00,2022-12-13T00:00:00,country_IN,India,state_29,Karnataka,district_544,Mandya,65,59,124,0,0,0,0,0,0,186719,,,
b3812c09-986e-4054-a2d2-687d1931d608,Foot And Mouth Disease,ICD11_1F05,round3,2022-11-07T00:00:00,2022-12-13T00:00:00,country_IN,India,state_29,Karnataka,district_549,Udupi,418,0,418,10,0,10,0,0,0,57859,,,
aef0ebc5-d09e-4aa3-81d9-1d6bd43e486a,Foot And Mouth Disease,ICD11_1F05,round3,,2022-12-13T00:00:00,country_IN,India,state_29,Karnataka,district_527,Belagavi,0,0,0,0,0,0,0,0,0,0,,,
a04f3991-df6a-4e01-98b9-62467e4162c2,Foot And Mouth Disease,ICD11_1F05,round3,,2022-12-13T00:00:00,country_IN,India,state_29,Karnataka,district_524,Bagalkote,0,0,0,0,0,0,0,0,0,0,,,
2fa446eb-48a2-414d-b516-36fea1eb7d68,Foot And Mouth Disease,ICD11_1F05,round3,2022-11-07T00:00:00,2022-12-13T00:00:00,country_IN,India,state_29,Karnataka,district_536,Dharwad,5011,1991,7002,126,96,222,0,0,0,74391,,,
fe7e75f1-c34b-49fa-8e75-4c8402c5f6d4,Foot And Mouth Disease,ICD11_1F05,round3,2022-11-07T00:00:00,2022-12-13T00:00:00,country_IN,India,state_29,Karnataka,district_537,Gadag,1159,383,1542,7,2,9,0,0,0,56748,,,
212a341d-0dc4-4068-b94f-60f5a06eee9b,Foot And Mouth Disease,ICD11_1F05,round3,2022-11-07T00:00:00,2022-12-13T00:00:00,country_IN,India,state_29,Karnataka,district_540,Haveri,3558,1055,4613,288,188,476,0,0,0,116084,,,
08393c7c-e78e-471f-a1ed-94c932eb74e0,Foot And Mouth Disease,ICD11_1F05,round3,2022-11-07T00:00:00,2022-12-13T00:00:00,country_IN,India,state_29,Karnataka,district_550,Uttara Kannada,5061,1386,6447,31,6,37,0,0,0,80054,,,
21558748-9988-4445-8f11-56fe58d94dc1,Foot And Mouth Disease,ICD11_1F05,round3,2022-11-07T00:00:00,2022-12-13T00:00:00,country_IN,India,state_29,Karnataka,district_530,Vijayapura,1298,1558,2856,11,15,26,4,2,6,136477,,,
72b5f583-3d5d-4e0e-926c-081fd35e0ac5,Foot And Mouth Disease,ICD11_1F05,round3,,2022-12-13T00:00:00,country_IN,India,state_29,Karnataka,district_528,Ballari,0,0,0,0,0,0,0,0,0,0,,,
01fe429c-9469-476c-baf1-99e0fafdf277,Foot And Mouth Disease,ICD11_1F05,round3,2022-11-07T00:00:00,2022-12-13T00:00:00,country_IN,India,state_29,Karnataka,district_529,Bidar,748,569,1317,0,0,0,0,0,0,115429,,,
72fd0333-2a0a-4906-aeb9-caf83b525cfe,Foot And Mouth Disease,ICD11_1F05,round3,2022-11-07T00:00:00,2022-12-13T00:00:00,country_IN,India,state_29,Karnataka,district_543,Koppal,1057,181,1238,50,32,82,0,0,0,80076,,,
91e08f7c-64c1-431d-bbcb-0ffc0aa36e65,Foot And Mouth Disease,ICD11_1F05,round3,2022-11-07T00:00:00,2022-12-13T00:00:00,country_IN,India,state_29,Karnataka,district_538,Kalaburagi,242,2,244,0,0,0,5,3,8,125821,,,
7876949a-94c0-480a-90ca-96174aaeab46,Foot And Mouth Disease,ICD11_1F05,round3,,2022-12-13T00:00:00,country_IN,India,state_29,Karnataka,district_546,Raichur,0,0,0,0,0,0,0,0,0,0,,,
acadc729-dd12-4887-afbf-a5b021cbf28c,Foot And Mouth Disease,ICD11_1F05,round3,,2022-12-13T00:00:00,country_IN,India,state_29,Karnataka,district_635,Yadgir,0,0,0,0,0,0,0,0,0,0,,,
eac1b33c-4af6-47bf-94f5-e45166b18a6b,Foot And Mouth Disease,ICD11_1F05,round3,2022-11-07T00:00:00,2022-11-10T00:00:00,country_IN,India,state_29,Karnataka,district_525,Bengaluru Urban,6965,188,7153,230,2,232,0,0,0,6545,,,
503fdb09-b5c5-4748-bf25-fc9ba3d7b741,Foot And Mouth Disease,ICD11_1F05,round3,2022-11-07T00:00:00,2022-11-10T00:00:00,country_IN,India,state_29,Karnataka,district_526,Bengaluru Rural,6109,308,6417,180,2,182,0,0,0,9476,,,
76beb07d-1b18-44bb-868b-55489f0d7d17,Foot And Mouth Disease,ICD11_1F05,round3,2022-11-07T00:00:00,2022-11-10T00:00:00,country_IN,India,state_29,Karnataka,district_533,Chitradurga,8668,4163,12831,68,30,98,0,0,0,17947,,,
cd0932bd-ec69-4739-9edd-85610607ae65,Foot And Mouth Disease,ICD11_1F05,round3,2022-11-07T00:00:00,2022-11-10T00:00:00,country_IN,India,state_29,Karnataka,district_630,Chikkaballapura,9739,705,10444,264,32,296,0,0,0,17119,,,
6efbdfa7-58a1-428b-be13-e2cb25eb13b1,Foot And Mouth Disease,ICD11_1F05,round3,2022-11-07T00:00:00,2022-11-10T00:00:00,country_IN,India,state_29,Karnataka,district_535,Davangere,1880,900,2780,81,13,94,0,0,0,3347,,,
61855288-00e4-4804-8fcf-6b9b795c61d4,Foot And Mouth Disease,ICD11_1F05,round3,2022-11-07T00:00:00,2022-11-10T00:00:00,country_IN,India,state_29,Karnataka,district_542,Kolar,14538,1266,15804,651,55,706,0,0,0,26334,,,
baf32c62-b673-401b-ba2b-9f92adae62fa,Foot And Mouth Disease,ICD11_1F05,round3,2022-11-07T00:00:00,2022-11-10T00:00:00,country_IN,India,state_29,Karnataka,district_631,Ramanagara,13638,429,14067,526,25,551,0,0,0,15484,,,
ad866983-19e9-4bb8-bdff-1e38d6a4ade7,Foot And Mouth Disease,ICD11_1F05,round3,2022-11-07T00:00:00,2022-11-10T00:00:00,country_IN,India,state_29,Karnataka,district_547,Shivamogga,11397,2467,13864,24,2,26,0,0,0,9544,,,
53019f2d-ce11-42fd-8871-c95b42510687,Foot And Mouth Disease,ICD11_1F05,round3,2022-11-07T00:00:00,2022-11-10T00:00:00,country_IN,India,state_29,Karnataka,district_548,Tumakuru,0,0,0,0,0,0,0,0,0,0,,,
4a3ef127-b3c0-4590-b142-db33ef66c34f,Foot And Mouth Disease,ICD11_1F05,round3,2022-11-07T00:00:00,2022-11-10T00:00:00,country_IN,India,state_29,Karnataka,district_531,Chamarajanagara,9781,257,10038,238,15,253,10,0,10,10942,,,
c12c1cba-7fcd-4e6c-a094-ac37cbdd675c,Foot And Mouth Disease,ICD11_1F05,round3,2022-11-07T00:00:00,2022-11-10T00:00:00,country_IN,India,state_29,Karnataka,district_532,Chikkamagaluru,6129,510,6639,55,0,55,0,0,0,7086,,,
a2536960-55d8-4601-bcbf-14f8e280f06c,Foot And Mouth Disease,ICD11_1F05,round3,2022-11-07T00:00:00,2022-11-10T00:00:00,country_IN,India,state_29,Karnataka,district_534,Dakshina Kannada,7649,10,7659,137,0,137,0,0,0,10748,,,
84613bbf-42f7-42db-b20f-7143cc3bae23,Foot And Mouth Disease,ICD11_1F05,round3,2022-11-07T00:00:00,2022-11-10T00:00:00,country_IN,India,state_29,Karnataka,district_539,Hassan,16968,3106,20074,83,25,108,0,0,0,23679,,,
3ea9a0aa-d5df-4755-838b-dacb7edc7911,Foot And Mouth Disease,ICD11_1F05,round3,2022-11-07T00:00:00,2022-11-10T00:00:00,country_IN,India,state_29,Karnataka,district_541,Kodagu,2058,95,2153,63,6,69,2,0,2,2510,,,
b79462f5-5d22-421d-ad19-5e55f1bfd78a,Foot And Mouth Disease,ICD11_1F05,round3,2022-11-07T00:00:00,2022-11-10T00:00:00,country_IN,India,state_29,Karnataka,district_545,Mysuru,18674,522,19196,435,20,455,0,0,0,25230,,,
faa355cf-61ba-4a7f-b0b5-a5e7af009d67,Foot And Mouth Disease,ICD11_1F05,round3,2022-11-07T00:00:00,2022-11-10T00:00:00,country_IN,India,state_29,Karnataka,district_544,Mandya,16280,4228,20508,298,59,357,0,0,0,36278,,,
5f757948-9177-4bd5-8d52-76754383a00c,Foot And Mouth Disease,ICD11_1F05,round3,2022-11-07T00:00:00,2022-11-10T00:00:00,country_IN,India,state_29,Karnataka,district_549,Udupi,5813,11,5824,48,0,48,0,0,0,5344,,,
b55b0b5c-36cc-4c26-bb88-8e81c3428864,Foot And Mouth Disease,ICD11_1F05,round3,,2022-11-10T00:00:00,country_IN,India,state_29,Karnataka,district_527,Belagavi,0,0,0,0,0,0,0,0,0,0,,,
4b64f80f-933a-423a-90a3-806a4281ec47,Foot And Mouth Disease,ICD11_1F05,round3,,2022-11-10T00:00:00,country_IN,India,state_29,Karnataka,district_524,Bagalkote,0,0,0,0,0,0,0,0,0,0,,,
afd23f0b-c893-4148-85ac-3568e7aec5ff,Foot And Mouth Disease,ICD11_1F05,round3,2022-11-07T00:00:00,2022-11-10T00:00:00,country_IN,India,state_29,Karnataka,district_536,Dharwad,4498,1545,6043,28,4,32,0,0,0,8579,,,
e3a1eaa5-ba4b-40d8-8274-097f1f630fa2,Foot And Mouth Disease,ICD11_1F05,round3,2022-11-07T00:00:00,2022-11-10T00:00:00,country_IN,India,state_29,Karnataka,district_537,Gadag,3088,1312,4400,86,37,123,0,0,0,5806,,,
55b155bb-51b6-44fc-9391-3352549505b1,Foot And Mouth Disease,ICD11_1F05,round3,2022-11-07T00:00:00,2022-11-10T00:00:00,country_IN,India,state_29,Karnataka,district_540,Haveri,7009,1729,8738,12,0,12,6,0,6,11966,,,
50f7e1ea-6a20-4620-85f2-8baad3731158,Foot And Mouth Disease,ICD11_1F05,round3,2022-11-07T00:00:00,2022-11-10T00:00:00,country_IN,India,state_29,Karnataka,district_550,Uttara Kannada,8269,1647,9916,80,5,85,0,0,0,9160,,,
33961ae8-a075-4743-b918-5775ea3ce316,Foot And Mouth Disease,ICD11_1F05,round3,2022-11-07T00:00:00,2022-11-10T00:00:00,country_IN,India,state_29,Karnataka,district_530,Vijayapura,7992,7462,15454,66,58,124,0,0,0,26249,,,
f7125ef0-42c9-420e-b4af-d8267160d1b3,Foot And Mouth Disease,ICD11_1F05,round3,,2022-11-10T00:00:00,country_IN,India,state_29,Karnataka,district_528,Ballari,0,0,0,0,0,0,0,0,0,0,,,
febc6ee2-13e4-4949-ab9e-952158074289,Foot And Mouth Disease,ICD11_1F05,round3,2022-11-07T00:00:00,2022-11-10T00:00:00,country_IN,India,state_29,Karnataka,district_529,Bidar,8758,5747,14505,87,64,151,0,0,0,17447,,,
ddb5c4aa-d146-4f23-8acf-5a04c3cd26e5,Foot And Mouth Disease,ICD11_1F05,round3,2022-11-07T00:00:00,2022-11-10T00:00:00,country_IN,India,state_29,Karnataka,district_543,Koppal,1448,662,2110,40,22,62,0,0,0,2383,,,
6cb3a42f-c648-4523-9db6-980519c6cda0,Foot And Mouth Disease,ICD11_1F05,round3,2022-11-07T00:00:00,2022-11-10T00:00:00,country_IN,India,state_29,Karnataka,district_538,Kalaburagi,15810,2588,18398,78,10,88,0,0,0,26545,,,
2586235d-2570-4e45-90e3-7a09b7a9ab77,Foot And Mouth Disease,ICD11_1F05,round3,,2022-11-10T00:00:00,country_IN,India,state_29,Karnataka,district_546,Raichur,0,0,0,0,0,0,0,0,0,0,,,
b49df675-4646-4a46-b107-935448f0a344,Foot And Mouth Disease,ICD11_1F05,round3,,2022-11-10T00:00:00,country_IN,India,state_29,Karnataka,district_635,Yadgir,0,0,0,0,0,0,0,0,0,0,,,
781594a5-48f8-4d5e-8647-c9b00979e66c,Foot And Mouth Disease,ICD11_1F05,round3,2022-11-07T00:00:00,2022-11-11T00:00:00,country_IN,India,state_29,Karnataka,district_525,Bengaluru Urban,2030,67,2097,65,0,65,0,0,0,6964,,,
3531dae3-1afa-46dd-8536-464b66d3cb21,Foot And Mouth Disease,ICD11_1F05,round3,2022-11-07T00:00:00,2022-11-11T00:00:00,country_IN,India,state_29,Karnataka,district_526,Bengaluru Rural,4151,159,4310,127,5,132,0,0,0,10885,,,
fb3ec6e7-0f57-4d47-9cf7-d1d31e33842c,Foot And Mouth Disease,ICD11_1F05,round3,2022-11-07T00:00:00,2022-11-11T00:00:00,country_IN,India,state_29,Karnataka,district_533,Chitradurga,6136,2269,8405,17,9,26,0,0,0,20837,,,
1ce6cc93-22d2-47d1-8f21-65268bca66e2,Foot And Mouth Disease,ICD11_1F05,round3,2022-11-07T00:00:00,2022-11-11T00:00:00,country_IN,India,state_29,Karnataka,district_630,Chikkaballapura,8099,1077,9176,188,26,214,0,0,0,21065,,,
3e1b9920-e823-4420-bdd1-edd958d1bb00,Foot And Mouth Disease,ICD11_1F05,round3,2022-11-07T00:00:00,2022-11-11T00:00:00,country_IN,India,state_29,Karnataka,district_535,Davangere,2468,674,3142,90,30,120,0,0,0,4432,,,
bcdeae92-1900-4117-b298-54caada9b3c2,Foot And Mouth Disease,ICD11_1F05,round3,2022-11-07T00:00:00,2022-11-11T00:00:00,country_IN,India,state_29,Karnataka,district_542,Kolar,10877,758,11635,450,63,513,0,0,0,32290,,,
92da23a8-291e-48b2-bb0c-78fc7bf6f6b3,Foot And Mouth Disease,ICD11_1F05,round3,2022-11-07T00:00:00,2022-11-11T00:00:00,country_IN,India,state_29,Karnataka,district_631,Ramanagara,3978,141,4119,131,4,135,0,0,0,16790,,,
6a770f99-60fd-47d4-88c5-9b51df4dd6fc,Foot And Mouth Disease,ICD11_1F05,round3,2022-11-07T00:00:00,2022-11-11T00:00:00,country_IN,India,state_29,Karnataka,district_547,Shivamogga,7438,1575,9013,8,0,8,0,0,0,11823,,,
6c207a94-d2d6-4ae2-9be9-aa56cfad145c,Foot And Mouth Disease,ICD11_1F05,round3,2022-11-07T00:00:00,2022-11-11T00:00:00,country_IN,India,state_29,Karnataka,district_548,Tumakuru,0,0,0,0,0,0,0,0,0,0,,,
5d6bb715-2d02-4b65-81cb-071909f9b381,Foot And Mouth Disease,ICD11_1F05,round3,2022-11-07T00:00:00,2022-11-11T00:00:00,country_IN,India,state_29,Karnataka,district_531,Chamarajanagara,7000,137,7137,113,4,117,0,0,0,12857,,,
13a4f104-1735-404b-81ba-6512c8619665,Foot And Mouth Disease,ICD11_1F05,round3,2022-11-07T00:00:00,2022-11-11T00:00:00,country_IN,India,state_29,Karnataka,district_532,Chikkamagaluru,3055,306,3361,27,1,28,0,0,0,8212,,,
f00d8074-8d37-493e-851b-b3c891345ceb,Foot And Mouth Disease,ICD11_1F05,round3,2022-11-07T00:00:00,2022-11-11T00:00:00,country_IN,India,state_29,Karnataka,district_534,Dakshina Kannada,5482,15,5497,90,0,90,0,0,0,12595,,,
ea350385-edb7-49cc-88c7-8b863907c3d3,Foot And Mouth Disease,ICD11_1F05,round3,2022-11-07T00:00:00,2022-11-11T00:00:00,country_IN,India,state_29,Karnataka,district_539,Hassan,15786,3242,19028,226,18,244,0,0,0,30332,,,
bdc77793-71f1-4fa1-a153-3685197acf12,Foot And Mouth Disease,ICD11_1F05,round3,2022-11-07T00:00:00,2022-11-11T00:00:00,country_IN,India,state_29,Karnataka,district_541,Kodagu,1550,181,1731,29,4,33,0,0,0,2948,,,
ac3b6eb3-3e8a-454c-9238-9df3b4ab059b,Foot And Mouth Disease,ICD11_1F05,round3,2022-11-07T00:00:00,2022-11-11T00:00:00,country_IN,India,state_29,Karnataka,district_545,Mysuru,13373,477,13850,450,16,466,0,0,0,29998,,,
5f2dd647-6410-4503-85a5-d054014dc368,Foot And Mouth Disease,ICD11_1F05,round3,2022-11-07T00:00:00,2022-11-11T00:00:00,country_IN,India,state_29,Karnataka,district_544,Mandya,12570,2803,15373,207,18,225,0,0,0,42267,,,
cd89347f-17ed-437b-95c5-7b354cd309fe,Foot And Mouth Disease,ICD11_1F05,round3,2022-11-07T00:00:00,2022-11-11T00:00:00,country_IN,India,state_29,Karnataka,district_549,Udupi,4277,17,4294,16,0,16,0,0,0,6539,,,
ecc53e0b-fede-4331-a0d2-e1ddcf4c007a,Foot And Mouth Disease,ICD11_1F05,round3,,2022-11-11T00:00:00,country_IN,India,state_29,Karnataka,district_527,Belagavi,0,0,0,0,0,0,0,0,0,0,,,
d24e321a-a3f4-4560-8be2-a7e53e6b6c6e,Foot And Mouth Disease,ICD11_1F05,round3,,2022-11-11T00:00:00,country_IN,India,state_29,Karnataka,district_524,Bagalkote,0,0,0,0,0,0,0,0,0,0,,,
498f967e-52d0-4041-b8fe-5da99c3e18dc,Foot And Mouth Disease,ICD11_1F05,round3,2022-11-07T00:00:00,2022-11-11T00:00:00,country_IN,India,state_29,Karnataka,district_536,Dharwad,3389,1048,4437,9,1,10,0,0,0,10150,,,
51570bda-8a68-478a-9442-75f7cceb119f,Foot And Mouth Disease,ICD11_1F05,round3,2022-11-07T00:00:00,2022-11-11T00:00:00,country_IN,India,state_29,Karnataka,district_537,Gadag,2737,1135,3872,57,41,98,0,0,0,7647,,,
fd119556-6b2f-4e53-b4a3-f3bb2d35221f,Foot And Mouth Disease,ICD11_1F05,round3,2022-11-07T00:00:00,2022-11-11T00:00:00,country_IN,India,state_29,Karnataka,district_540,Haveri,3875,1142,5017,40,3,43,8,0,8,14042,,,
065be439-5653-4f0e-8a12-7acb169ba1d3,Foot And Mouth Disease,ICD11_1F05,round3,2022-11-07T00:00:00,2022-11-11T00:00:00,country_IN,India,state_29,Karnataka,district_550,Uttara Kannada,7108,1494,8602,59,19,78,0,0,0,11454,,,
876301e2-a5f6-453d-b18b-42adc1f339f5,Foot And Mouth Disease,ICD11_1F05,round3,2022-11-07T00:00:00,2022-11-11T00:00:00,country_IN,India,state_29,Karnataka,district_530,Vijayapura,5211,4466,9677,30,27,57,0,0,0,30555,,,
94955d57-ef47-4d35-8a18-81c43d6b277a,Foot And Mouth Disease,ICD11_1F05,round3,,2022-11-11T00:00:00,country_IN,India,state_29,Karnataka,district_528,Ballari,0,0,0,0,0,0,0,0,0,0,,,
1fa6fc6f-0b13-4c22-bf4a-0ceca599a44c,Foot And Mouth Disease,ICD11_1F05,round3,2022-11-07T00:00:00,2022-11-11T00:00:00,country_IN,India,state_29,Karnataka,district_529,Bidar,6833,5285,12118,59,49,108,0,0,0,22251,,,
11f4c962-794e-40e8-b94c-07d06b63a3f9,Foot And Mouth Disease,ICD11_1F05,round3,2022-11-07T00:00:00,2022-11-11T00:00:00,country_IN,India,state_29,Karnataka,district_543,Koppal,478,338,816,37,29,66,0,0,0,2648,,,
ea15445c-8d77-4de6-ad54-f96732e2dc8c,Foot And Mouth Disease,ICD11_1F05,round3,2022-11-07T00:00:00,2022-11-11T00:00:00,country_IN,India,state_29,Karnataka,district_538,Kalaburagi,15366,1622,16988,108,12,120,0,0,0,31953,,,
5edd7293-d7e0-449b-a1f3-ef8c898a8b83,Foot And Mouth Disease,ICD11_1F05,round3,,2022-11-11T00:00:00,country_IN,India,state_29,Karnataka,district_546,Raichur,0,0,0,0,0,0,0,0,0,0,,,
b3800957-0df3-40ff-8d20-2f000b3164ab,Foot And Mouth Disease,ICD11_1F05,round3,,2022-11-11T00:00:00,country_IN,India,state_29,Karnataka,district_635,Yadgir,0,0,0,0,0,0,0,0,0,0,,,
e3ec471a-3be9-45c4-9cca-ad027fee8375,Foot And Mouth Disease,ICD11_1F05,round3,2022-11-07T00:00:00,2022-12-09T00:00:00,country_IN,India,state_29,Karnataka,district_525,Bengaluru Urban,212,5,217,0,0,0,23,0,23,26597,,,
64844659-3bcb-4932-ba45-da735b51fa8c,Foot And Mouth Disease,ICD11_1F05,round3,2022-11-07T00:00:00,2022-12-09T00:00:00,country_IN,India,state_29,Karnataka,district_526,Bengaluru Rural,1218,0,1218,29,0,29,0,0,0,51246,,,
0740f6ac-27bd-4164-b5d3-c1e9155faf72,Foot And Mouth Disease,ICD11_1F05,round3,2022-11-07T00:00:00,2022-12-09T00:00:00,country_IN,India,state_29,Karnataka,district_533,Chitradurga,1512,1544,3056,0,0,0,2,0,2,104460,,,
458498c2-70e5-4fe6-aaf1-d4ce89dae60a,Foot And Mouth Disease,ICD11_1F05,round3,2022-11-07T00:00:00,2022-12-09T00:00:00,country_IN,India,state_29,Karnataka,district_630,Chikkaballapura,1012,51,1063,0,0,0,0,0,0,79771,,,
fd1622d3-9c06-417f-92f2-ed8cdb2a1468,Foot And Mouth Disease,ICD11_1F05,round3,2022-11-07T00:00:00,2022-12-09T00:00:00,country_IN,India,state_29,Karnataka,district_535,Davangere,3451,573,4024,152,34,186,0,0,0,91723,,,
dd0d30de-2840-4dae-9f4f-4a4514eb6b4f,Foot And Mouth Disease,ICD11_1F05,round3,2022-11-07T00:00:00,2022-12-09T00:00:00,country_IN,India,state_29,Karnataka,district_542,Kolar,1239,305,1544,20,6,26,0,0,0,92196,,,
9b3daac1-dfe8-4936-94b8-033cf64d6ad5,Foot And Mouth Disease,ICD11_1F05,round3,2022-11-07T00:00:00,2022-12-09T00:00:00,country_IN,India,state_29,Karnataka,district_631,Ramanagara,2052,303,2355,109,19,128,0,0,0,79024,,,
e37a65d7-3aa5-48d5-a698-535c02a1c4ae,Foot And Mouth Disease,ICD11_1F05,round3,2022-11-07T00:00:00,2022-12-09T00:00:00,country_IN,India,state_29,Karnataka,district_547,Shivamogga,6766,2214,8980,0,0,0,0,0,0,115503,,,
efa0361d-27b4-4475-bcb0-a1553df9ef06,Foot And Mouth Disease,ICD11_1F05,round3,2022-11-07T00:00:00,2022-12-09T00:00:00,country_IN,India,state_29,Karnataka,district_548,Tumakuru,6486,1590,8076,53,13,66,7,1,8,195285,,,
bf3bef30-395f-408c-9c99-fe115e9bce83,Foot And Mouth Disease,ICD11_1F05,round3,2022-11-07T00:00:00,2022-12-09T00:00:00,country_IN,India,state_29,Karnataka,district_531,Chamarajanagara,397,53,450,4,0,4,0,0,0,54522,,,
db0bfb8a-2f55-4ea2-a7b1-b0b6f2f6f2fc,Foot And Mouth Disease,ICD11_1F05,round3,2022-11-07T00:00:00,2022-12-09T00:00:00,country_IN,India,state_29,Karnataka,district_532,Chikkamagaluru,1227,66,1293,0,0,0,0,0,0,76083,,,
8e9ebe86-f165-405a-b7cb-28ee15046a30,Foot And Mouth Disease,ICD11_1F05,round3,2022-11-07T00:00:00,2022-12-09T00:00:00,country_IN,India,state_29,Karnataka,district_534,Dakshina Kannada,796,0,796,15,0,15,0,0,0,65468,,,
3fb0e1ef-8e50-4fb5-9e4c-567db219d804,Foot And Mouth Disease,ICD11_1F05,round3,2022-11-07T00:00:00,2022-12-09T00:00:00,country_IN,India,state_29,Karnataka,district_539,Hassan,2298,459,2757,12,0,12,0,0,0,192799,,,
ba44e00e-9e66-433a-bed9-7a5bc4d09095,Foot And Mouth Disease,ICD11_1F05,round3,2022-11-07T00:00:00,2022-12-09T00:00:00,country_IN,India,state_29,Karnataka,district_541,Kodagu,478,90,568,16,0,16,0,0,0,15473,,,
8ccd6ad7-83b0-4e71-a666-66f60cc290d8,Foot And Mouth Disease,ICD11_1F05,round3,2022-11-07T00:00:00,2022-12-09T00:00:00,country_IN,India,state_29,Karnataka,district_545,Mysuru,4096,83,4179,123,1,124,0,0,0,136999,,,
4697cc1c-f014-4a3d-9859-fa353bb71fd5,Foot And Mouth Disease,ICD11_1F05,round3,2022-11-07T00:00:00,2022-12-09T00:00:00,country_IN,India,state_29,Karnataka,district_544,Mandya,300,10,310,0,0,0,0,0,0,186634,,,
79c8f254-69d8-430e-863e-d6560b0667e1,Foot And Mouth Disease,ICD11_1F05,round3,2022-11-07T00:00:00,2022-12-09T00:00:00,country_IN,India,state_29,Karnataka,district_549,Udupi,1475,64,1539,22,0,22,0,0,0,56950,,,
229cea95-8ffc-4178-9602-3cc544ca0992,Foot And Mouth Disease,ICD11_1F05,round3,,2022-12-09T00:00:00,country_IN,India,state_29,Karnataka,district_527,Belagavi,0,0,0,0,0,0,0,0,0,0,,,
8cad0694-7b39-4595-a7e9-6f56a413ea2b,Foot And Mouth Disease,ICD11_1F05,round3,,2022-12-09T00:00:00,country_IN,India,state_29,Karnataka,district_524,Bagalkote,0,0,0,0,0,0,0,0,0,0,,,
3d064b4f-060a-46af-a827-09066e1cb950,Foot And Mouth Disease,ICD11_1F05,round3,2022-11-07T00:00:00,2022-12-09T00:00:00,country_IN,India,state_29,Karnataka,district_536,Dharwad,5659,3063,8722,84,61,145,0,0,0,58311,,,
7ceee332-fdc9-44a9-bff4-58cb2eb8d7bc,Foot And Mouth Disease,ICD11_1F05,round3,2022-11-07T00:00:00,2022-12-09T00:00:00,country_IN,India,state_29,Karnataka,district_537,Gadag,2859,947,3806,39,28,67,0,0,0,54358,,,
de53d93f-5b23-4aff-a96d-e364e2f1c52e,Foot And Mouth Disease,ICD11_1F05,round3,2022-11-07T00:00:00,2022-12-09T00:00:00,country_IN,India,state_29,Karnataka,district_540,Haveri,1959,543,2502,26,6,32,0,0,0,110955,,,
86c08496-5826-43e1-a16c-99adcdd5b696,Foot And Mouth Disease,ICD11_1F05,round3,2022-11-07T00:00:00,2022-12-09T00:00:00,country_IN,India,state_29,Karnataka,district_550,Uttara Kannada,4023,660,4683,43,7,50,0,0,0,76150,,,
b795ea28-2846-4aed-90c9-3f108c866db0,Foot And Mouth Disease,ICD11_1F05,round3,2022-11-07T00:00:00,2022-12-09T00:00:00,country_IN,India,state_29,Karnataka,district_530,Vijayapura,2529,3355,5884,24,47,71,25,25,50,132805,,,
3f8902ea-95d1-4131-a6ee-fcbb26ed793f,Foot And Mouth Disease,ICD11_1F05,round3,,2022-12-09T00:00:00,country_IN,India,state_29,Karnataka,district_528,Ballari,0,0,0,0,0,0,0,0,0,0,,,
6eaebb22-54a5-4cb1-9a17-605901bf6f98,Foot And Mouth Disease,ICD11_1F05,round3,2022-11-07T00:00:00,2022-12-09T00:00:00,country_IN,India,state_29,Karnataka,district_529,Bidar,0,0,0,0,0,0,0,0,0,114941,,,
1997b31a-6c8c-4a80-9214-260b04773a4b,Foot And Mouth Disease,ICD11_1F05,round3,2022-11-07T00:00:00,2022-12-09T00:00:00,country_IN,India,state_29,Karnataka,district_543,Koppal,8579,951,9530,154,45,199,0,0,0,79660,,,
2251e332-a337-4c47-ad1b-685855d549cf,Foot And Mouth Disease,ICD11_1F05,round3,2022-11-07T00:00:00,2022-12-09T00:00:00,country_IN,India,state_29,Karnataka,district_538,Kalaburagi,742,97,839,6,0,6,0,0,0,125660,,,
0b7970fe-5613-40a3-91eb-fc8480817faf,Foot And Mouth Disease,ICD11_1F05,round3,,2022-12-09T00:00:00,country_IN,India,state_29,Karnataka,district_546,Raichur,0,0,0,0,0,0,0,0,0,0,,,
3ebafa2b-61af-4ebd-9b8e-4dd11b2dcc50,Foot And Mouth Disease,ICD11_1F05,round3,,2022-12-09T00:00:00,country_IN,India,state_29,Karnataka,district_635,Yadgir,0,0,0,0,0,0,0,0,0,0,,,