metadata.recordID,metadata.diseaseName,metadata.diseaseCode,metadata.round,metadata.vaccinationStartDate,metadata.reportDate,country.ID,country.name,state.ID,state.name,district.ID,district.name,daily.vaccinated.cattle,daily.vaccinated.buffalo,daily.vaccinated.total,daily.vaccinated.cattle4to5m,daily.vaccinated.buffalo4to5m,daily.vaccinated.total4to5m,daily.booster.cattle4to5m,daily.booster.buffalo4to5m,daily.booster.total4to5m,daily.farmersCovered,cumulative.tagged.cattle,cumulative.tagged.buffalo,cumulative.tagged.total
0075556b-998d-4d7f-acf5-363d31814775,Foot and Mouth Disease,ICD11_1F05,6,2024-10-21,2024-11-28,country_IN,INDIA,state_29,Karnataka,district_525,Bengaluru Urban,9,0,9,0,0,0,32,0,32,26339,12429,344,12773
70d5babc-941d-4528-9c30-c13b41fea5c3,Foot and Mouth Disease,ICD11_1F05,6,2024-10-21,2024-11-28,country_IN,INDIA,state_29,Karnataka,district_526,Bengaluru Rural,0,0,0,0,0,0,0,0,0,48516,9950,602,10552
85fa6b36-5318-44cf-b02c-cb9e71f63338,Foot and Mouth Disease,ICD11_1F05,6,2024-10-21,2024-11-28,country_IN,INDIA,state_29,Karnataka,district_533,Chitradurga,25,26,51,0,0,0,32,37,69,97808,7012,2923,9935
34ab85ee-0f32-4d15-a600-4540244222d4,Foot and Mouth Disease,ICD11_1F05,6,2024-10-21,2024-11-28,country_IN,INDIA,state_29,Karnataka,district_630,Chikkaballapura,0,0,0,0,0,0,0,0,0,78724,7792,776,8568
523d9151-f5c2-4846-a72e-1555a6d84e72,Foot and Mouth Disease,ICD11_1F05,6,2024-10-21,2024-11-28,country_IN,INDIA,state_29,Karnataka,district_535,Davangere,158,41,199,7,0,7,0,0,0,89668,13017,3287,16304
a5d67126-7d04-4986-bfb9-86279397afbb,Foot and Mouth Disease,ICD11_1F05,6,2024-10-21,2024-11-28,country_IN,INDIA,state_29,Karnataka,district_542,Kolar,55,0,55,0,0,0,31,0,31,95181,16137,1046,17183
438b3837-331d-42b6-b443-59e368195808,Foot and Mouth Disease,ICD11_1F05,6,2024-10-21,2024-11-28,country_IN,INDIA,state_29,Karnataka,district_631,Ramanagara,0,0,0,0,0,0,0,0,0,72813,13918,388,14306
af8b12f8-af4a-47ac-9973-28c6359f684d,Foot and Mouth Disease,ICD11_1F05,6,2024-10-21,2024-11-28,country_IN,INDIA,state_29,Karnataka,district_547,Shivamogga,4,0,4,0,0,0,0,0,0,126579,2398,298,2696
843dc92c-f348-40a8-8616-47cef017f640,Foot and Mouth Disease,ICD11_1F05,6,2024-10-21,2024-11-28,country_IN,INDIA,state_29,Karnataka,district_548,Tumakuru,54,259,313,1,0,1,225,36,261,196686,12034,2538,14572
ae9c7e3e-9412-4789-9885-c35abcd69700,Foot and Mouth Disease,ICD11_1F05,6,2024-10-21,2024-11-28,country_IN,INDIA,state_29,Karnataka,district_531,Chamarajanagara,324,0,324,0,0,0,0,0,0,59524,4223,125,4348
ecd7ec44-88ac-4389-a8e8-0799c1f79096,Foot and Mouth Disease,ICD11_1F05,6,2024-10-21,2024-11-28,country_IN,INDIA,state_29,Karnataka,district_532,Chikkamagaluru,2,2,4,1,1,2,3,1,4,78997,5926,263,6189
86518e37-d838-46e1-a002-c222f7ba2c62,Foot and Mouth Disease,ICD11_1F05,6,2024-10-21,2024-11-28,country_IN,INDIA,state_29,Karnataka,district_534,Dakshina Kannada,0,0,0,0,0,0,0,0,0,65336,10666,63,10729
653bcfcc-41d9-4369-8263-eb3cfd17c393,Foot and Mouth Disease,ICD11_1F05,6,2024-10-21,2024-11-28,country_IN,INDIA,state_29,Karnataka,district_539,Hassan,0,0,0,0,0,0,27,0,27,206893,14361,1147,15508
d8514fa8-6506-478d-9a70-8de8c866f748,Foot and Mouth Disease,ICD11_1F05,6,2024-10-21,2024-11-28,country_IN,INDIA,state_29,Karnataka,district_541,Kodagu,0,0,0,0,0,0,0,0,0,14795,3727,53,3780
60478dc6-f29d-4f85-bbe0-2e9683634c03,Foot and Mouth Disease,ICD11_1F05,6,2024-10-21,2024-11-28,country_IN,INDIA,state_29,Karnataka,district_545,Mysuru,41,0,41,0,0,0,0,0,0,160795,10173,152,10325
541bea42-6db4-4f03-8d59-273d7bb0e9bb,Foot and Mouth Disease,ICD11_1F05,6,2024-10-21,2024-11-28,country_IN,INDIA,state_29,Karnataka,district_544,Mandya,0,0,0,0,0,0,0,0,0,181938,9150,1869,11019
3d07fe1b-69a9-44e5-b1fe-acd5a2cdd57a,Foot and Mouth Disease,ICD11_1F05,6,2024-10-21,2024-11-28,country_IN,INDIA,state_29,Karnataka,district_549,Udupi,25,0,25,0,0,0,23,0,23,57442,2085,20,2105
6ff45037-d270-4dd5-b9b1-934ff96e67ef,Foot and Mouth Disease,ICD11_1F05,6,2024-10-21,2024-11-28,country_IN,INDIA,state_29,Karnataka,district_527,Belagavi,0,4,4,0,0,0,0,0,0,567555,1116,1335,2451
d2cdb53d-da42-41a2-9873-fe6c9676a7c2,Foot and Mouth Disease,ICD11_1F05,6,2024-10-21,2024-11-28,country_IN,INDIA,state_29,Karnataka,district_524,Bagalkote,29,26,55,0,0,0,0,0,0,145443,1906,2873,4779
a22fec76-faf9-4127-8ef5-de5db263b8d8,Foot and Mouth Disease,ICD11_1F05,6,2024-10-21,2024-11-28,country_IN,INDIA,state_29,Karnataka,district_536,Dharwad,0,0,0,0,0,0,0,0,0,60666,2633,943,3576
dcfe8f4d-e1bf-4298-97b9-b631b4911811,Foot and Mouth Disease,ICD11_1F05,6,2024-10-21,2024-11-28,country_IN,INDIA,state_29,Karnataka,district_537,Gadag,0,0,0,0,0,0,0,0,0,63230,2825,1232,4057
044e402c-9cbd-4e21-bdb2-c204c2cdcdac,Foot and Mouth Disease,ICD11_1F05,6,2024-10-21,2024-11-28,country_IN,INDIA,state_29,Karnataka,district_540,Haveri,0,0,0,0,0,0,0,0,0,109611,12858,3154,16012
de8e16a5-daf6-42c9-b8f8-e80cd8d9737d,Foot and Mouth Disease,ICD11_1F05,6,2024-10-21,2024-11-28,country_IN,INDIA,state_29,Karnataka,district_550,Uttara Kannada,311,103,414,0,0,0,1,0,1,84723,3980,741,4721
8ef8ad15-70f2-46a7-a619-159f7b041e40,Foot and Mouth Disease,ICD11_1F05,6,2024-10-21,2024-11-28,country_IN,INDIA,state_29,Karnataka,district_530,Vijayapura,0,0,0,0,0,0,0,0,0,143099,5244,4311,9555
fb87b62b-605e-46bb-8734-a6c224dcd1de,Foot and Mouth Disease,ICD11_1F05,6,2024-10-21,2024-11-28,country_IN,INDIA,state_29,Karnataka,district_528,Ballari,0,0,0,0,0,0,0,0,0,49831,1004,967,1971
05a26458-ff0f-4969-8c20-262f39f56fdb,Foot and Mouth Disease,ICD11_1F05,6,2024-10-21,2024-11-28,country_IN,INDIA,state_29,Karnataka,district_529,Bidar,0,0,0,0,0,0,17,10,27,93580,786,754,1540
253a4a41-3a7d-40f7-b3d3-06b5d247cfa3,Foot and Mouth Disease,ICD11_1F05,6,2024-10-21,2024-11-28,country_IN,INDIA,state_29,Karnataka,district_543,Koppal,143,97,240,0,0,0,67,43,110,88998,2916,1681,4597
ae02d5f5-86eb-4d29-85a8-484f049a4c13,Foot and Mouth Disease,ICD11_1F05,6,2024-10-21,2024-11-28,country_IN,INDIA,state_29,Karnataka,district_538,Kalaburagi,0,0,0,0,0,0,35,6,41,125801,9662,3445,13107
8f2ca6a3-99e6-4cbe-b84f-fc26407dc013,Foot and Mouth Disease,ICD11_1F05,6,2024-10-21,2024-11-28,country_IN,INDIA,state_29,Karnataka,district_546,Raichur,0,0,0,0,0,0,0,0,0,185243,75893,24444,100337
67047a55-10e0-4664-aa70-35bff222d590,Foot and Mouth Disease,ICD11_1F05,6,2024-10-21,2024-11-28,country_IN,INDIA,state_29,Karnataka,district_635,Yadgir,0,0,0,0,0,0,0,0,0,88654,5714,1750,7464
f8ce6ae8-95cd-4cc2-ba41-b9a246bb7a03,Foot and Mouth Disease,ICD11_1F05,6,2024-10-21,2024-11-28,country_IN,INDIA,state_29,Karnataka,district_738,Vijayanagar,830,211,1041,47,17,64,22,12,34,112194,1838,962,2800
96a75cf9-ce53-42fd-bf24-99e9d834ac45,Foot and Mouth Disease,ICD11_1F05,6,2024-10-21,2024-10-24,country_IN,INDIA,state_29,Karnataka,district_525,Bengaluru Urban,7571,242,7813,456,8,464,0,0,0,6136,3015,131,3146
85f42ad9-a378-4e6a-aa9e-618116691bd4,Foot and Mouth Disease,ICD11_1F05,6,2024-10-21,2024-10-24,country_IN,INDIA,state_29,Karnataka,district_526,Bengaluru Rural,9045,395,9440,432,10,442,0,0,0,14102,3168,214,3382
cfd20e13-08f7-4eb7-ae07-1b0233c70ec7,Foot and Mouth Disease,ICD11_1F05,6,2024-10-21,2024-10-24,country_IN,INDIA,state_29,Karnataka,district_533,Chitradurga,9348,3771,13119,153,45,198,0,0,0,18517,897,397,1294
0f9d03c0-7ef8-4147-8246-280b60daf457,Foot and Mouth Disease,ICD11_1F05,6,2024-10-21,2024-10-24,country_IN,INDIA,state_29,Karnataka,district_630,Chikkaballapura,8206,622,8828,165,5,170,0,0,0,14492,1410,93,1503
713be6dd-0d71-4a3e-8e6f-7c8fc589ecc1,Foot and Mouth Disease,ICD11_1F05,6,2024-10-21,2024-10-24,country_IN,INDIA,state_29,Karnataka,district_535,Davangere,6929,1771,8700,315,56,371,0,0,0,11701,1610,373,1983
e33a4055-5ac9-473a-a324-3ae3f5b4dd60,Foot and Mouth Disease,ICD11_1F05,6,2024-10-21,2024-10-24,country_IN,INDIA,state_29,Karnataka,district_542,Kolar,16860,1719,18579,477,52,529,0,0,0,27132,3944,352,4296
4407cc6d-872e-4f13-8754-a49d81db2781,Foot and Mouth Disease,ICD11_1F05,6,2024-10-21,2024-10-24,country_IN,INDIA,state_29,Karnataka,district_631,Ramanagara,11313,258,11571,381,13,394,0,0,0,14513,2565,77,2642
97127474-fd81-434a-8bb2-37bee4670d52,Foot and Mouth Disease,ICD11_1F05,6,2024-10-21,2024-10-24,country_IN,INDIA,state_29,Karnataka,district_547,Shivamogga,22133,3654,25787,254,33,287,0,0,0,11412,531,55,586
f0500380-4451-4b2a-9bfb-cb5248f2b752,Foot and Mouth Disease,ICD11_1F05,6,2024-10-21,2024-10-24,country_IN,INDIA,state_29,Karnataka,district_548,Tumakuru,17510,4684,22194,436,165,601,0,0,0,35473,2356,438,2794
8a08ae02-995e-407a-ba26-9fbab95588a1,Foot and Mouth Disease,ICD11_1F05,6,2024-10-21,2024-10-24,country_IN,INDIA,state_29,Karnataka,district_531,Chamarajanagara,9643,247,9890,81,38,119,0,0,0,11212,615,25,640
6fa64305-4ee0-428b-b8d7-a17eac132f81,Foot and Mouth Disease,ICD11_1F05,6,2024-10-21,2024-10-24,country_IN,INDIA,state_29,Karnataka,district_532,Chikkamagaluru,6395,581,6976,100,10,110,0,0,0,6257,532,44,576
8a1af70a-e9c7-4a96-b081-c2975c393cdd,Foot and Mouth Disease,ICD11_1F05,6,2024-10-21,2024-10-24,country_IN,INDIA,state_29,Karnataka,district_534,Dakshina Kannada,9435,15,9450,284,0,284,0,0,0,12470,900,8,908
f241f005-af81-4676-b2a0-c9696b4e46d5,Foot and Mouth Disease,ICD11_1F05,6,2024-10-21,2024-10-24,country_IN,INDIA,state_29,Karnataka,district_539,Hassan,21501,3760,25261,332,23,355,0,0,0,27296,1293,70,1363
1f225a35-14a3-456a-ac56-70ddeeaaef4b,Foot and Mouth Disease,ICD11_1F05,6,2024-10-21,2024-10-24,country_IN,INDIA,state_29,Karnataka,district_541,Kodagu,2082,52,2134,60,1,61,0,0,0,1756,550,12,562
4540c2c5-8659-4e6f-be07-3326b496ec27,Foot and Mouth Disease,ICD11_1F05,6,2024-10-21,2024-10-24,country_IN,INDIA,state_29,Karnataka,district_545,Mysuru,18159,447,18606,345,81,426,0,0,0,22797,1692,15,1707
02283a29-9de2-4fd5-bee3-f6041c1aed0b,Foot and Mouth Disease,ICD11_1F05,6,2024-10-21,2024-10-24,country_IN,INDIA,state_29,Karnataka,district_544,Mandya,16795,4233,21028,188,30,218,0,0,0,34605,1460,262,1722
019812e3-d536-4065-8e64-203e97b3686e,Foot and Mouth Disease,ICD11_1F05,6,2024-10-21,2024-10-24,country_IN,INDIA,state_29,Karnataka,district_549,Udupi,5592,4,5596,19,0,19,0,0,0,3582,101,0,101
d8fb650b-0e8a-4502-99b8-b8132e9f4e61,Foot and Mouth Disease,ICD11_1F05,6,2024-10-21,2024-10-24,country_IN,INDIA,state_29,Karnataka,district_527,Belagavi,18511,31767,50278,188,288,476,0,0,0,79993,345,291,636
f0f28d78-0b40-4bf9-bec6-dc4191456538,Foot and Mouth Disease,ICD11_1F05,6,2024-10-21,2024-10-24,country_IN,INDIA,state_29,Karnataka,district_524,Bagalkote,11897,11623,23520,188,217,405,0,0,0,27550,234,375,609
861ec66d-677d-4691-ba94-ca68329e80e6,Foot and Mouth Disease,ICD11_1F05,6,2024-10-21,2024-10-24,country_IN,INDIA,state_29,Karnataka,district_536,Dharwad,9217,2341,11558,224,76,300,0,0,0,12637,659,227,886
d26654c1-833d-43ae-b78f-ebe05645e84f,Foot and Mouth Disease,ICD11_1F05,6,2024-10-21,2024-10-24,country_IN,INDIA,state_29,Karnataka,district_537,Gadag,4762,1839,6601,90,68,158,0,0,0,10244,589,272,861
11d5163c-c402-45aa-a5c4-0bd58b6375e0,Foot and Mouth Disease,ICD11_1F05,6,2024-10-21,2024-10-24,country_IN,INDIA,state_29,Karnataka,district_540,Haveri,12792,3800,16592,360,71,431,0,0,0,21697,2091,570,2661
11938dcf-8faf-4488-bb43-c41fd45c50e7,Foot and Mouth Disease,ICD11_1F05,6,2024-10-21,2024-10-24,country_IN,INDIA,state_29,Karnataka,district_550,Uttara Kannada,6890,1301,8191,55,7,62,0,0,0,7552,518,90,608
01f75df1-238a-45a0-bba9-4d3174caffbf,Foot and Mouth Disease,ICD11_1F05,6,2024-10-21,2024-10-24,country_IN,INDIA,state_29,Karnataka,district_530,Vijayapura,8234,7450,15684,83,84,167,0,0,0,30572,882,805,1687
901921ca-2436-486f-a651-eff2e7ca9f09,Foot and Mouth Disease,ICD11_1F05,6,2024-10-21,2024-10-24,country_IN,INDIA,state_29,Karnataka,district_528,Ballari,4649,3141,7790,34,29,63,0,0,0,9937,182,189,371
80a4287e-f069-40bd-a1e5-ff3d9a8d991a,Foot and Mouth Disease,ICD11_1F05,6,2024-10-21,2024-10-24,country_IN,INDIA,state_29,Karnataka,district_529,Bidar,9510,6538,16048,213,200,413,0,0,0,18933,174,137,311
44b9590d-e162-46dd-9d69-065ddf27b41d,Foot and Mouth Disease,ICD11_1F05,6,2024-10-21,2024-10-24,country_IN,INDIA,state_29,Karnataka,district_543,Koppal,2235,688,2923,89,45,134,0,0,0,3165,350,186,536
a2700009-9ef1-4f1a-b9d8-451bb8b54ad7,Foot and Mouth Disease,ICD11_1F05,6,2024-10-21,2024-10-24,country_IN,INDIA,state_29,Karnataka,district_538,Kalaburagi,20886,3264,24150,179,42,221,0,0,0,34037,3399,1389,4788
037deae1-8d21-4725-8eee-443627398bf8,Foot and Mouth Disease,ICD11_1F05,6,2024-10-21,2024-10-24,country_IN,INDIA,state_29,Karnataka,district_546,Raichur,15297,5860,21157,37,12,49,0,0,0,36362,25254,7822,33076
c86a91c8-7c88-43d5-81e0-64b56d1ac3a8,Foot and Mouth Disease,ICD11_1F05,6,2024-10-21,2024-10-24,country_IN,INDIA,state_29,Karnataka,district_635,Yadgir,9488,2075,11563,198,69,267,0,0,0,16097,1508,384,1892
76c9ae59-b007-46c4-9b8a-317a3fb2f6de,Foot and Mouth Disease,ICD11_1F05,6,2024-10-21,2024-10-24,country_IN,INDIA,state_29,Karnataka,district_738,Vijayanagar,15020,5468,20488,284,109,393,0,0,0,27084,341,161,502
d2c99930-2619-4597-aae9-2aee810fa167,Foot and Mouth Disease,ICD11_1F05,6,2024-10-21,2024-11-22,country_IN,INDIA,state_29,Karnataka,district_525,Bengaluru Urban,247,0,247,0,0,0,42,0,42,26240,12417,344,12761
0a47e7f8-175c-4f4f-84d7-9385596754d3,Foot and Mouth Disease,ICD11_1F05,6,2024-10-21,2024-11-22,country_IN,INDIA,state_29,Karnataka,district_526,Bengaluru Rural,0,0,0,0,0,0,0,0,0,48506,9947,602,10549
b7494406-4096-488f-8790-8309d4ed794a,Foot and Mouth Disease,ICD11_1F05,6,2024-10-21,2024-11-22,country_IN,INDIA,state_29,Karnataka,district_533,Chitradurga,93,183,276,3,5,8,0,0,0,97733,7012,2923,9935
8ab65fdc-3596-4d47-babb-95d62dac7b05,Foot and Mouth Disease,ICD11_1F05,6,2024-10-21,2024-11-22,country_IN,INDIA,state_29,Karnataka,district_630,Chikkaballapura,0,0,0,0,0,0,0,0,0,78528,7792,776,8568
762aa79d-03e2-4143-b3bb-cd582455fa5d,Foot and Mouth Disease,ICD11_1F05,6,2024-10-21,2024-11-22,country_IN,INDIA,state_29,Karnataka,district_535,Davangere,989,321,1310,45,6,51,0,0,0,89495,12988,3279,16267
dc9aaaeb-80ed-4266-ba7a-4d5e62e9095d,Foot and Mouth Disease,ICD11_1F05,6,2024-10-21,2024-11-22,country_IN,INDIA,state_29,Karnataka,district_542,Kolar,0,0,0,0,0,0,0,0,0,95162,16137,1046,17183
ba82f9c8-36fb-4f81-8097-cfaed84c9e03,Foot and Mouth Disease,ICD11_1F05,6,2024-10-21,2024-11-22,country_IN,INDIA,state_29,Karnataka,district_631,Ramanagara,-256,0,-256,0,0,0,0,0,0,72801,13878,388,14266
76315115-1fc6-4324-ac46-88610817d7bb,Foot and Mouth Disease,ICD11_1F05,6,2024-10-21,2024-11-22,country_IN,INDIA,state_29,Karnataka,district_547,Shivamogga,3645,544,4189,0,0,0,0,0,0,126234,2388,298,2686
80d5e76d-0e10-4732-a1b3-80bbc58107bd,Foot and Mouth Disease,ICD11_1F05,6,2024-10-21,2024-11-22,country_IN,INDIA,state_29,Karnataka,district_548,Tumakuru,260,0,260,0,0,0,32,0,32,196430,12028,2532,14560
515892ac-9d00-4513-bb4b-9ec87d3049aa,Foot and Mouth Disease,ICD11_1F05,6,2024-10-21,2024-11-22,country_IN,INDIA,state_29,Karnataka,district_531,Chamarajanagara,307,0,307,0,0,0,0,0,0,59323,4223,125,4348
d45c16b2-71f6-4349-ace9-0c32919d6559,Foot and Mouth Disease,ICD11_1F05,6,2024-10-21,2024-11-22,country_IN,INDIA,state_29,Karnataka,district_532,Chikkamagaluru,573,0,573,0,0,0,0,0,0,78919,5926,263,6189
0de64823-d14c-40bd-a6e4-2aede1b1fafb,Foot and Mouth Disease,ICD11_1F05,6,2024-10-21,2024-11-22,country_IN,INDIA,state_29,Karnataka,district_534,Dakshina Kannada,0,0,0,0,0,0,0,0,0,65326,10666,63,10729
328c860e-d016-432e-a69f-208c04716e0d,Foot and Mouth Disease,ICD11_1F05,6,2024-10-21,2024-11-22,country_IN,INDIA,state_29,Karnataka,district_539,Hassan,12,0,12,1,0,1,0,0,0,206835,14352,1147,15499
5fc800d9-1a20-45f2-a2fc-7019a5a2e5a6,Foot and Mouth Disease,ICD11_1F05,6,2024-10-21,2024-11-22,country_IN,INDIA,state_29,Karnataka,district_541,Kodagu,1012,41,1053,49,0,49,0,0,0,14760,3679,51,3730
a15a1f26-051c-458d-bbc7-45867173c3dd,Foot and Mouth Disease,ICD11_1F05,6,2024-10-21,2024-11-22,country_IN,INDIA,state_29,Karnataka,district_545,Mysuru,527,1,528,3,0,3,0,0,0,160692,10171,152,10323
93456931-3502-4a58-975c-538e08c6fe7b,Foot and Mouth Disease,ICD11_1F05,6,2024-10-21,2024-11-22,country_IN,INDIA,state_29,Karnataka,district_544,Mandya,45,15,60,0,0,0,0,0,0,181456,9150,1869,11019
56791d06-e5b5-4238-9e74-9b46af82e7aa,Foot and Mouth Disease,ICD11_1F05,6,2024-10-21,2024-11-22,country_IN,INDIA,state_29,Karnataka,district_549,Udupi,76,0,76,0,0,0,8,0,8,56843,2079,20,2099
c771f6aa-6caa-46d4-9a23-18623c8449ab,Foot and Mouth Disease,ICD11_1F05,6,2024-10-21,2024-11-22,country_IN,INDIA,state_29,Karnataka,district_527,Belagavi,299,1266,1565,5,6,11,5,6,11,567090,1116,1335,2451
0d413b0b-9da7-4545-9583-0cc6adde6bd9,Foot and Mouth Disease,ICD11_1F05,6,2024-10-21,2024-11-22,country_IN,INDIA,state_29,Karnataka,district_524,Bagalkote,79,116,195,0,0,0,0,0,0,145258,1895,2861,4756
d1da0201-9489-4723-a3ab-79fde396a772,Foot and Mouth Disease,ICD11_1F05,6,2024-10-21,2024-11-22,country_IN,INDIA,state_29,Karnataka,district_536,Dharwad,0,0,0,0,0,0,0,0,0,60666,2633,943,3576
bb0a5a4a-16c6-40f9-8697-2c26c5c635a3,Foot and Mouth Disease,ICD11_1F05,6,2024-10-21,2024-11-22,country_IN,INDIA,state_29,Karnataka,district_537,Gadag,0,0,0,0,0,0,0,0,0,63162,2825,1232,4057
ae4ea257-3f92-42cd-b294-4f43fa330ea3,Foot and Mouth Disease,ICD11_1F05,6,2024-10-21,2024-11-22,country_IN,INDIA,state_29,Karnataka,district_540,Haveri,0,0,0,0,0,0,0,0,0,109309,12828,3154,15982
f69332ba-e319-4efe-b712-c308434bb948,Foot and Mouth Disease,ICD11_1F05,6,2024-10-21,2024-11-22,country_IN,INDIA,state_29,Karnataka,district_550,Uttara Kannada,682,222,904,0,0,0,0,0,0,84138,3960,741,4701
86e10615-33d2-4afa-8d17-5081daf92c5e,Foot and Mouth Disease,ICD11_1F05,6,2024-10-21,2024-11-22,country_IN,INDIA,state_29,Karnataka,district_530,Vijayapura,251,255,506,49,72,121,0,0,0,143099,5244,4311,9555
0b376bf6-e35d-4027-a8a2-a2ecb2b03d50,Foot and Mouth Disease,ICD11_1F05,6,2024-10-21,2024-11-22,country_IN,INDIA,state_29,Karnataka,district_528,Ballari,0,0,0,0,0,0,0,0,0,49831,1004,967,1971
24abf8cb-c592-4689-a282-dc1682ed2de3,Foot and Mouth Disease,ICD11_1F05,6,2024-10-21,2024-11-22,country_IN,INDIA,state_29,Karnataka,district_529,Bidar,141,73,214,0,0,0,0,0,0,93502,779,746,1525
386bd65d-31fb-4c89-9327-f193ed8e0ed3,Foot and Mouth Disease,ICD11_1F05,6,2024-10-21,2024-11-22,country_IN,INDIA,state_29,Karnataka,district_543,Koppal,0,0,0,0,0,0,0,0,0,88780,2916,1681,4597
9f20dbcc-7c29-46d3-bed3-45bce3c80b4f,Foot and Mouth Disease,ICD11_1F05,6,2024-10-21,2024-11-22,country_IN,INDIA,state_29,Karnataka,district_538,Kalaburagi,0,0,0,0,0,0,0,0,0,125710,9657,3444,13101
305c645b-712c-4d0b-94ff-f2f2e905b146,Foot and Mouth Disease,ICD11_1F05,6,2024-10-21,2024-11-22,country_IN,INDIA,state_29,Karnataka,district_546,Raichur,0,0,0,0,0,0,0,0,0,185243,75893,24444,100337
c849f3d3-8857-40e7-a0eb-660ffd9b6b17,Foot and Mouth Disease,ICD11_1F05,6,2024-10-21,2024-11-22,country_IN,INDIA,state_29,Karnataka,district_635,Yadgir,3249,428,3677,0,0,0,0,0,0,88635,5714,1750,7464
209ec4ce-4f8d-4304-bfc1-9da73d392dba,Foot and Mouth Disease,ICD11_1F05,6,2024-10-21,2024-11-22,country_IN,INDIA,state_29,Karnataka,district_738,Vijayanagar,0,0,0,0,0,0,0,0,0,111724,1838,962,2800
ee8e5ffe-aac1-4166-81d5-8a8e73c8622b,Foot and Mouth Disease,ICD11_1F05,6,2024-10-21,2024-11-14,country_IN,INDIA,state_29,Karnataka,district_525,Bengaluru Urban,4669,191,4860,180,0,180,0,0,0,24700,11551,296,11847
b1a57995-f39c-46c0-aaa1-8f6e15e92abe,Foot and Mouth Disease,ICD11_1F05,6,2024-10-21,2024-11-14,country_IN,INDIA,state_29,Karnataka,district_526,Bengaluru Rural,293,0,293,18,0,18,0,0,0,45438,9613,601,10214
18430521-5b07-4827-8b19-44be0d74557a,Foot and Mouth Disease,ICD11_1F05,6,2024-10-21,2024-11-14,country_IN,INDIA,state_29,Karnataka,district_533,Chitradurga,2565,1030,3595,52,13,65,0,0,0,80951,5906,2508,8414
90ed21e0-34fa-4c30-a844-cc0f363ce3ce,Foot and Mouth Disease,ICD11_1F05,6,2024-10-21,2024-11-14,country_IN,INDIA,state_29,Karnataka,district_630,Chikkaballapura,2550,141,2691,41,2,43,0,0,0,60228,6468,575,7043
a5be20aa-1884-47c1-9b5a-9e393566cdcb,Foot and Mouth Disease,ICD11_1F05,6,2024-10-21,2024-11-14,country_IN,INDIA,state_29,Karnataka,district_535,Davangere,5847,1348,7195,246,56,302,0,0,0,72943,9750,2494,12244
d95af4a0-9332-4bec-b247-dd6bd81ab265,Foot and Mouth Disease,ICD11_1F05,6,2024-10-21,2024-11-14,country_IN,INDIA,state_29,Karnataka,district_542,Kolar,6950,188,7138,5,0,5,0,0,0,90833,15672,1034,16706
2d000358-8523-4d95-8670-f24abeeac95f,Foot and Mouth Disease,ICD11_1F05,6,2024-10-21,2024-11-14,country_IN,INDIA,state_29,Karnataka,district_631,Ramanagara,9594,405,9999,317,8,325,0,0,0,63360,11978,333,12311
1f0c3d0c-22e3-49fd-b307-5be0f581c0fb,Foot and Mouth Disease,ICD11_1F05,6,2024-10-21,2024-11-14,country_IN,INDIA,state_29,Karnataka,district_547,Shivamogga,16661,3982,20643,165,49,214,0,0,0,102997,2146,220,2366
2d2f8985-33c6-4754-b5b9-e29947352417,Foot and Mouth Disease,ICD11_1F05,6,2024-10-21,2024-11-14,country_IN,INDIA,state_29,Karnataka,district_548,Tumakuru,10510,2148,12658,253,41,294,0,0,0,172754,11216,2320,13536
b125e588-6159-4426-9d11-81f4613c791a,Foot and Mouth Disease,ICD11_1F05,6,2024-10-21,2024-11-14,country_IN,INDIA,state_29,Karnataka,district_531,Chamarajanagara,5924,42,5966,15,0,15,0,0,0,51896,4000,125,4125
3798ddab-2f80-489a-a748-329bf3d54c6a,Foot and Mouth Disease,ICD11_1F05,6,2024-10-21,2024-11-14,country_IN,INDIA,state_29,Karnataka,district_532,Chikkamagaluru,6863,209,7072,23,0,23,0,0,0,69509,5010,214,5224
b96de984-90eb-4ea5-b51a-fa35246ca672,Foot and Mouth Disease,ICD11_1F05,6,2024-10-21,2024-11-14,country_IN,INDIA,state_29,Karnataka,district_534,Dakshina Kannada,4511,11,4522,145,0,145,0,0,0,59645,9873,51,9924
cc9d5dfa-0997-424e-8420-aed94b036d13,Foot and Mouth Disease,ICD11_1F05,6,2024-10-21,2024-11-14,country_IN,INDIA,state_29,Karnataka,district_539,Hassan,20448,2532,22980,165,6,171,0,0,0,187280,12978,972,13950
18405320-ed73-42c3-9140-cd28389c3eb8,Foot and Mouth Disease,ICD11_1F05,6,2024-10-21,2024-11-14,country_IN,INDIA,state_29,Karnataka,district_541,Kodagu,1482,68,1550,48,0,48,0,0,0,11359,2664,35,2699
c9576fa3-8fa2-4790-81a1-90685996a8c5,Foot and Mouth Disease,ICD11_1F05,6,2024-10-21,2024-11-14,country_IN,INDIA,state_29,Karnataka,district_545,Mysuru,18180,608,18788,197,2,199,0,0,0,141557,8957,149,9106
8d5ecc69-f82b-4f33-9b9b-a39b5df6d3a5,Foot and Mouth Disease,ICD11_1F05,6,2024-10-21,2024-11-14,country_IN,INDIA,state_29,Karnataka,district_544,Mandya,4888,1016,5904,112,13,125,0,0,0,168431,8368,1624,9992
4b99c1c0-f13f-4a18-a567-6f2d15519ad7,Foot and Mouth Disease,ICD11_1F05,6,2024-10-21,2024-11-14,country_IN,INDIA,state_29,Karnataka,district_549,Udupi,7002,12,7014,77,1,78,0,0,0,47583,1553,20,1573
4ca95ec1-5494-45ed-ac88-c5b4e51334b3,Foot and Mouth Disease,ICD11_1F05,6,2024-10-21,2024-11-14,country_IN,INDIA,state_29,Karnataka,district_527,Belagavi,9272,13697,22969,67,86,153,0,0,0,483970,1083,1291,2374
190eaa2d-7013-4e8c-b2fd-69c98bb9cb9b,Foot and Mouth Disease,ICD11_1F05,6,2024-10-21,2024-11-14,country_IN,INDIA,state_29,Karnataka,district_524,Bagalkote,2859,3071,5930,30,48,78,0,0,0,135624,1561,2411,3972
83d9837c-7cdb-4e96-b00b-09aae128c083,Foot and Mouth Disease,ICD11_1F05,6,2024-10-21,2024-11-14,country_IN,INDIA,state_29,Karnataka,district_536,Dharwad,1119,526,1645,12,3,15,0,0,0,52093,2498,889,3387
e3fd58d0-a2bc-42a4-9111-c7746f87a77e,Foot and Mouth Disease,ICD11_1F05,6,2024-10-21,2024-11-14,country_IN,INDIA,state_29,Karnataka,district_537,Gadag,4395,1519,5914,12,12,24,0,0,0,59027,2794,1210,4004
0cfe8816-9386-4933-9d13-37cb86ec1f36,Foot and Mouth Disease,ICD11_1F05,6,2024-10-21,2024-11-14,country_IN,INDIA,state_29,Karnataka,district_540,Haveri,5298,1606,6904,119,29,148,0,0,0,96150,10728,2293,13021
7fe25696-ea91-47f7-a3f4-903d0cbb70db,Foot and Mouth Disease,ICD11_1F05,6,2024-10-21,2024-11-14,country_IN,INDIA,state_29,Karnataka,district_550,Uttara Kannada,9018,1416,10434,59,3,62,0,0,0,62200,3137,577,3714
33f630c4-f9a1-469a-bcc4-520a3862a534,Foot and Mouth Disease,ICD11_1F05,6,2024-10-21,2024-11-14,country_IN,INDIA,state_29,Karnataka,district_530,Vijayapura,3588,3866,7454,38,38,76,0,0,0,128680,4699,3708,8407
04c5a0e0-9f69-438d-850a-a27b73e2c332,Foot and Mouth Disease,ICD11_1F05,6,2024-10-21,2024-11-14,country_IN,INDIA,state_29,Karnataka,district_528,Ballari,1844,547,2391,4,3,7,0,0,0,48033,990,934,1924
60d3984a-cfc0-4ed9-96c6-872b13f6e30d,Foot and Mouth Disease,ICD11_1F05,6,2024-10-21,2024-11-14,country_IN,INDIA,state_29,Karnataka,district_529,Bidar,3225,2724,5949,58,51,109,0,0,0,85230,709,664,1373
42efce0d-d80a-4f0a-966e-a6537c964194,Foot and Mouth Disease,ICD11_1F05,6,2024-10-21,2024-11-14,country_IN,INDIA,state_29,Karnataka,district_543,Koppal,7447,1572,9019,57,18,75,0,0,0,74496,2636,1458,4094
69c4cbe9-b0ef-4223-ae58-aec55944f5b7,Foot and Mouth Disease,ICD11_1F05,6,2024-10-21,2024-11-14,country_IN,INDIA,state_29,Karnataka,district_538,Kalaburagi,4804,1176,5980,41,16,57,0,0,0,118133,9347,3286,12633
6de9cc19-38a5-4ede-820e-45f2e322f58d,Foot and Mouth Disease,ICD11_1F05,6,2024-10-21,2024-11-14,country_IN,INDIA,state_29,Karnataka,district_546,Raichur,2708,1678,4386,69,12,81,0,0,0,143953,74165,22584,96749
973ee24c-a78b-47cd-8f72-c61d7f1a938f,Foot and Mouth Disease,ICD11_1F05,6,2024-10-21,2024-11-14,country_IN,INDIA,state_29,Karnataka,district_635,Yadgir,735,261,996,18,6,24,0,0,0,84849,5693,1744,7437
b1a8abb5-bd7c-4ee9-ab0a-dcfb7f38cf0d,Foot and Mouth Disease,ICD11_1F05,6,2024-10-21,2024-11-14,country_IN,INDIA,state_29,Karnataka,district_738,Vijayanagar,843,755,1598,15,10,25,0,0,0,101039,1321,670,1991
5f6d367d-d8c9-47f4-b338-d4bfc41174ff,Foot and Mouth Disease,ICD11_1F05,6,2024-10-21,2024-11-06,country_IN,INDIA,state_29,Karnataka,district_525,Bengaluru Urban,5396,73,5469,193,2,195,0,0,0,19019,8861,258,9119
80af3866-8c49-4a8a-b57d-238f9ea6ef20,Foot and Mouth Disease,ICD11_1F05,6,2024-10-21,2024-11-06,country_IN,INDIA,state_29,Karnataka,district_526,Bengaluru Rural,4647,268,4915,184,9,193,0,0,0,41908,8769,570,9339
61fc1da4-af60-423b-8b89-6096721c479c,Foot and Mouth Disease,ICD11_1F05,6,2024-10-21,2024-11-06,country_IN,INDIA,state_29,Karnataka,district_533,Chitradurga,6531,3799,10330,99,81,180,0,0,0,60905,4105,1758,5863
86352ca7-0157-45c5-bc82-d3f203b1f330,Foot and Mouth Disease,ICD11_1F05,6,2024-10-21,2024-11-06,country_IN,INDIA,state_29,Karnataka,district_630,Chikkaballapura,7991,894,8885,234,22,256,0,0,0,43708,4372,358,4730
dd34b48b-4e8f-43ab-87a7-21002866097e,Foot and Mouth Disease,ICD11_1F05,6,2024-10-21,2024-11-06,country_IN,INDIA,state_29,Karnataka,district_535,Davangere,9738,2477,12215,303,57,360,0,0,0,48439,6498,1703,8201
8d972d95-2828-4313-b50b-5532d481cc57,Foot and Mouth Disease,ICD11_1F05,6,2024-10-21,2024-11-06,country_IN,INDIA,state_29,Karnataka,district_542,Kolar,8742,957,9699,366,55,421,0,0,0,78877,12968,907,13875
c671172b-3df9-418d-b91d-e72393218b1e,Foot and Mouth Disease,ICD11_1F05,6,2024-10-21,2024-11-06,country_IN,INDIA,state_29,Karnataka,district_631,Ramanagara,11515,399,11914,347,5,352,0,0,0,44696,7894,252,8146
788f55b1-41f0-41fb-9553-0c9b82ee940f,Foot and Mouth Disease,ICD11_1F05,6,2024-10-21,2024-11-06,country_IN,INDIA,state_29,Karnataka,district_547,Shivamogga,19415,4227,23642,151,78,229,0,0,0,62171,1636,141,1777
44edf9e2-39f5-4687-8dbe-abfb33f47351,Foot and Mouth Disease,ICD11_1F05,6,2024-10-21,2024-11-06,country_IN,INDIA,state_29,Karnataka,district_548,Tumakuru,17628,5002,22630,420,85,505,0,0,0,126467,8423,1762,10185
9fb1fbb5-92b7-49f3-aaca-4bd584c2b937,Foot and Mouth Disease,ICD11_1F05,6,2024-10-21,2024-11-06,country_IN,INDIA,state_29,Karnataka,district_531,Chamarajanagara,10317,67,10384,106,0,106,0,0,0,38663,3352,89,3441
a0e34fd8-30e3-4bb3-abea-889e74236c4d,Foot and Mouth Disease,ICD11_1F05,6,2024-10-21,2024-11-06,country_IN,INDIA,state_29,Karnataka,district_532,Chikkamagaluru,16826,1590,18416,210,29,239,0,0,0,46751,2980,183,3163
86f9dff0-dbeb-43c6-abc3-7442fc35518b,Foot and Mouth Disease,ICD11_1F05,6,2024-10-21,2024-11-06,country_IN,INDIA,state_29,Karnataka,district_534,Dakshina Kannada,8787,23,8810,208,0,208,0,0,0,43287,6689,37,6726
0bb700bd-72c5-4e07-aaee-b19b9ab365c4,Foot and Mouth Disease,ICD11_1F05,6,2024-10-21,2024-11-06,country_IN,INDIA,state_29,Karnataka,district_539,Hassan,43910,6787,50697,478,39,517,0,0,0,136948,8095,683,8778
b20c8cb1-9111-4921-91bb-dfabd3c419c1,Foot and Mouth Disease,ICD11_1F05,6,2024-10-21,2024-11-06,country_IN,INDIA,state_29,Karnataka,district_541,Kodagu,3331,63,3394,96,0,96,0,0,0,6685,1769,22,1791
49bf00e7-b2fd-4f3d-aeca-f116071a6af9,Foot and Mouth Disease,ICD11_1F05,6,2024-10-21,2024-11-06,country_IN,INDIA,state_29,Karnataka,district_545,Mysuru,19576,324,19900,335,2,337,0,0,0,92873,6125,97,6222
f6aeeb15-76f9-4d82-b71f-c3215e8017f6,Foot and Mouth Disease,ICD11_1F05,6,2024-10-21,2024-11-06,country_IN,INDIA,state_29,Karnataka,district_544,Mandya,17958,4372,22330,338,65,403,0,0,0,128647,6268,1124,7392
5d274d0c-5216-4800-acc2-3551e06c6a73,Foot and Mouth Disease,ICD11_1F05,6,2024-10-21,2024-11-06,country_IN,INDIA,state_29,Karnataka,district_549,Udupi,9670,32,9702,34,0,34,0,0,0,30880,1028,0,1028
a560bfd2-bb82-4128-896e-c6dc4c5a670d,Foot and Mouth Disease,ICD11_1F05,6,2024-10-21,2024-11-06,country_IN,INDIA,state_29,Karnataka,district_527,Belagavi,16825,29060,45885,149,207,356,0,0,0,358987,918,986,1904
ec68e06b-bb41-46cf-b6ef-2e808f7ecacb,Foot and Mouth Disease,ICD11_1F05,6,2024-10-21,2024-11-06,country_IN,INDIA,state_29,Karnataka,district_524,Bagalkote,9843,10982,20825,272,530,802,0,0,0,106096,1165,1791,2956
29e5874a-35d4-401f-a291-6307197ee46e,Foot and Mouth Disease,ICD11_1F05,6,2024-10-21,2024-11-06,country_IN,INDIA,state_29,Karnataka,district_536,Dharwad,3109,1513,4622,64,34,98,0,0,0,42095,2209,782,2991
fbf8704e-a0fb-4b74-819c-0734cfaec3b6,Foot and Mouth Disease,ICD11_1F05,6,2024-10-21,2024-11-06,country_IN,INDIA,state_29,Karnataka,district_537,Gadag,9643,3845,13488,256,142,398,0,0,0,41934,2245,984,3229
e935cd73-4eb2-4031-afd7-0f46ca2b6b03,Foot and Mouth Disease,ICD11_1F05,6,2024-10-21,2024-11-06,country_IN,INDIA,state_29,Karnataka,district_540,Haveri,10595,2639,13234,305,63,368,0,0,0,72383,7583,1664,9247
66b67c9a-6194-472f-81f2-9bc8c3e1e463,Foot and Mouth Disease,ICD11_1F05,6,2024-10-21,2024-11-06,country_IN,INDIA,state_29,Karnataka,district_550,Uttara Kannada,9496,2221,11717,53,8,61,0,0,0,35948,1988,367,2355
9949fcd0-f3fd-464c-81ec-44b740f59006,Foot and Mouth Disease,ICD11_1F05,6,2024-10-21,2024-11-06,country_IN,INDIA,state_29,Karnataka,district_530,Vijayapura,7071,6447,13518,62,53,115,0,0,0,95596,3570,2857,6427
af5a4a4d-ffd0-4b8c-889e-0db37bac6eb9,Foot and Mouth Disease,ICD11_1F05,6,2024-10-21,2024-11-06,country_IN,INDIA,state_29,Karnataka,district_528,Ballari,3708,2179,5887,39,22,61,0,0,0,40628,770,718,1488
b5485a91-e3e2-44b0-8c58-80730c8facae,Foot and Mouth Disease,ICD11_1F05,6,2024-10-21,2024-11-06,country_IN,INDIA,state_29,Karnataka,district_529,Bidar,5433,4625,10058,70,103,173,0,0,0,63547,551,541,1092
057fc45c-378c-4412-ab42-ee23878b2482,Foot and Mouth Disease,ICD11_1F05,6,2024-10-21,2024-11-06,country_IN,INDIA,state_29,Karnataka,district_543,Koppal,7642,1526,9168,138,56,194,0,0,0,50138,2051,1093,3144
a249c411-24f3-433e-8147-e2e2faa14b0f,Foot and Mouth Disease,ICD11_1F05,6,2024-10-21,2024-11-06,country_IN,INDIA,state_29,Karnataka,district_538,Kalaburagi,12226,2768,14994,102,13,115,0,0,0,100778,8611,3026,11637
82d36434-f75a-40b3-8e86-977cccbeeecd,Foot and Mouth Disease,ICD11_1F05,6,2024-10-21,2024-11-06,country_IN,INDIA,state_29,Karnataka,district_546,Raichur,5651,3142,8793,7361,26,7387,0,0,0,108608,61349,18549,79898
03bec4e3-e6d6-48fb-9d5e-6dcfb3e838bd,Foot and Mouth Disease,ICD11_1F05,6,2024-10-21,2024-11-06,country_IN,INDIA,state_29,Karnataka,district_635,Yadgir,15695,3414,19109,244,67,311,0,0,0,70869,4496,1425,5921
2f32bd4a-49d8-45e0-b3dc-e43e2efeb39c,Foot and Mouth Disease,ICD11_1F05,6,2024-10-21,2024-11-06,country_IN,INDIA,state_29,Karnataka,district_738,Vijayanagar,6382,2567,8949,129,61,190,0,0,0,84758,1032,539,1571
f0a179c6-338d-49e3-b36d-087d0db7fb1c,Foot and Mouth Disease,ICD11_1F05,6,2024-10-21,2024-10-23,country_IN,INDIA,state_29,Karnataka,district_525,Bengaluru Urban,9524,176,9700,486,9,495,0,0,0,4476,2069,108,2177
73e510f0-39f0-4f3e-af2c-76f0590454e1,Foot and Mouth Disease,ICD11_1F05,6,2024-10-21,2024-10-23,country_IN,INDIA,state_29,Karnataka,district_526,Bengaluru Rural,10227,635,10862,469,26,495,0,0,0,10869,2415,179,2594
db6143b1-bf22-4346-bc20-a69ff845cd3f,Foot and Mouth Disease,ICD11_1F05,6,2024-10-21,2024-10-23,country_IN,INDIA,state_29,Karnataka,district_533,Chitradurga,11076,4352,15428,178,62,240,0,0,0,13761,686,309,995
04b8081d-008c-4b4f-9d5e-9eebc4a6deb8,Foot and Mouth Disease,ICD11_1F05,6,2024-10-21,2024-10-23,country_IN,INDIA,state_29,Karnataka,district_630,Chikkaballapura,8401,591,8992,232,12,244,0,0,0,10682,1078,75,1153
7f38ad9f-53fe-4138-97ec-f5fee0b1e405,Foot and Mouth Disease,ICD11_1F05,6,2024-10-21,2024-10-23,country_IN,INDIA,state_29,Karnataka,district_535,Davangere,7345,2423,9768,299,89,388,0,0,0,8304,1104,245,1349
067acb1e-2a36-4a83-9c2e-b50a3e4bd278,Foot and Mouth Disease,ICD11_1F05,6,2024-10-21,2024-10-23,country_IN,INDIA,state_29,Karnataka,district_542,Kolar,14748,888,15636,591,43,634,0,0,0,18498,2600,193,2793
e1e6eb18-00d6-45ac-b0a3-3e2ca7c9fe8b,Foot and Mouth Disease,ICD11_1F05,6,2024-10-21,2024-10-23,country_IN,INDIA,state_29,Karnataka,district_631,Ramanagara,11675,348,12023,307,14,321,0,0,0,10950,1922,60,1982
a106b45b-6297-4adf-b7e3-65754dbece24,Foot and Mouth Disease,ICD11_1F05,6,2024-10-21,2024-10-23,country_IN,INDIA,state_29,Karnataka,district_547,Shivamogga,7634,1537,9171,135,20,155,0,0,0,4629,289,24,313
1aff06d5-790f-48a1-bc79-c2efd241d944,Foot and Mouth Disease,ICD11_1F05,6,2024-10-21,2024-10-23,country_IN,INDIA,state_29,Karnataka,district_548,Tumakuru,22057,6257,28314,518,141,659,0,0,0,26161,1804,304,2108
7fde3e56-d3b2-4679-b20d-de5420200989,Foot and Mouth Disease,ICD11_1F05,6,2024-10-21,2024-10-23,country_IN,INDIA,state_29,Karnataka,district_531,Chamarajanagara,10503,146,10649,104,4,108,0,0,0,8420,429,13,442
94dcc394-1a73-440d-8844-7074c5d10fac,Foot and Mouth Disease,ICD11_1F05,6,2024-10-21,2024-10-23,country_IN,INDIA,state_29,Karnataka,district_532,Chikkamagaluru,6374,359,6733,73,2,75,0,0,0,4183,375,33,408
584632c0-d69d-4faf-8721-6f51fcfad85a,Foot and Mouth Disease,ICD11_1F05,6,2024-10-21,2024-10-23,country_IN,INDIA,state_29,Karnataka,district_534,Dakshina Kannada,9178,56,9234,273,0,273,0,0,0,9251,665,8,673
2133584d-0fad-4009-a4cc-a4ca589a327e,Foot and Mouth Disease,ICD11_1F05,6,2024-10-21,2024-10-23,country_IN,INDIA,state_29,Karnataka,district_539,Hassan,21117,3218,24335,287,40,327,0,0,0,17976,661,52,713
845bbc08-8aae-435a-8eaf-90be193ce7cf,Foot and Mouth Disease,ICD11_1F05,6,2024-10-21,2024-10-23,country_IN,INDIA,state_29,Karnataka,district_541,Kodagu,1733,86,1819,50,4,54,0,0,0,1209,384,9,393
d617baad-4e10-4f57-9e52-49d77f391917,Foot and Mouth Disease,ICD11_1F05,6,2024-10-21,2024-10-23,country_IN,INDIA,state_29,Karnataka,district_545,Mysuru,18039,125,18164,336,2,338,0,0,0,16236,1227,7,1234
5b7b70bc-8b46-4d0d-9896-1903e2f42910,Foot and Mouth Disease,ICD11_1F05,6,2024-10-21,2024-10-23,country_IN,INDIA,state_29,Karnataka,district_544,Mandya,18860,4487,23347,230,66,296,0,0,0,25316,1064,199,1263
ad176f0a-bdd3-402e-8cde-202bebccd7fd,Foot and Mouth Disease,ICD11_1F05,6,2024-10-21,2024-10-23,country_IN,INDIA,state_29,Karnataka,district_549,Udupi,3243,6,3249,15,0,15,0,0,0,1887,53,0,53
008fe7b7-f9e6-4337-8a5f-c9ff49a9ab48,Foot and Mouth Disease,ICD11_1F05,6,2024-10-21,2024-10-23,country_IN,INDIA,state_29,Karnataka,district_527,Belagavi,24064,35553,59617,194,254,448,0,0,0,56219,163,199,362
373bceb2-be9f-4e5c-bbef-f57397f47a04,Foot and Mouth Disease,ICD11_1F05,6,2024-10-21,2024-10-23,country_IN,INDIA,state_29,Karnataka,district_524,Bagalkote,11051,10540,21591,187,173,360,0,0,0,19094,161,210,371
194bea65-dfe3-47cd-acad-a0f122e46cfb,Foot and Mouth Disease,ICD11_1F05,6,2024-10-21,2024-10-23,country_IN,INDIA,state_29,Karnataka,district_536,Dharwad,5784,1803,7587,194,53,247,0,0,0,8354,463,154,617
6d7d3c42-c19d-44a3-bd38-a7a4cd0adece,Foot and Mouth Disease,ICD11_1F05,6,2024-10-21,2024-10-23,country_IN,INDIA,state_29,Karnataka,district_537,Gadag,4934,1771,6705,74,59,133,0,0,0,7218,472,202,674
2f0cd741-9e79-4b99-95a7-660277baff7e,Foot and Mouth Disease,ICD11_1F05,6,2024-10-21,2024-10-23,country_IN,INDIA,state_29,Karnataka,district_540,Haveri,13208,3383,16591,304,90,394,0,0,0,15410,1418,445,1863
7ff2e44a-2990-48d4-987e-3187a78a8298,Foot and Mouth Disease,ICD11_1F05,6,2024-10-21,2024-10-23,country_IN,INDIA,state_29,Karnataka,district_550,Uttara Kannada,8472,1680,10152,82,8,90,0,0,0,5191,369,61,430
192aa40a-0151-469e-b7b3-63ec0702148e,Foot and Mouth Disease,ICD11_1F05,6,2024-10-21,2024-10-23,country_IN,INDIA,state_29,Karnataka,district_530,Vijayapura,8914,8201,17115,131,86,217,0,0,0,22913,728,657,1385
6cb1ac14-bc97-4e12-a67f-b833c516ac23,Foot and Mouth Disease,ICD11_1F05,6,2024-10-21,2024-10-23,country_IN,INDIA,state_29,Karnataka,district_528,Ballari,6050,4215,10265,104,51,155,0,0,0,7488,142,126,268
df409364-40c5-42c1-bead-2ba1abe9501e,Foot and Mouth Disease,ICD11_1F05,6,2024-10-21,2024-10-23,country_IN,INDIA,state_29,Karnataka,district_529,Bidar,7559,6065,13624,665,282,947,0,0,0,13098,113,90,203
54aba7c1-4d2c-4a01-9bfc-bb1764e4d260,Foot and Mouth Disease,ICD11_1F05,6,2024-10-21,2024-10-23,country_IN,INDIA,state_29,Karnataka,district_543,Koppal,3753,1063,4816,75,47,122,0,0,0,2408,249,136,385
8ec660c6-87d9-4594-8156-12e24d2b0085,Foot and Mouth Disease,ICD11_1F05,6,2024-10-21,2024-10-23,country_IN,INDIA,state_29,Karnataka,district_538,Kalaburagi,22522,3380,25902,149,37,186,0,0,0,25940,2573,1066,3639
1e2cd4c0-8a2a-4a86-be3a-fb2cefe5af57,Foot and Mouth Disease,ICD11_1F05,6,2024-10-21,2024-10-23,country_IN,INDIA,state_29,Karnataka,district_546,Raichur,13678,5413,19091,84,33,117,0,0,0,25428,18136,5217,23353
a73a52c6-00a8-4928-840b-cfc1013f00cf,Foot and Mouth Disease,ICD11_1F05,6,2024-10-21,2024-10-23,country_IN,INDIA,state_29,Karnataka,district_635,Yadgir,10897,2346,13243,230,105,335,0,0,0,11840,966,273,1239
5ffa0f9c-8831-40ef-b035-e3d0f968cdf6,Foot and Mouth Disease,ICD11_1F05,6,2024-10-21,2024-10-23,country_IN,INDIA,state_29,Karnataka,district_738,Vijayanagar,10977,4694,15671,206,94,300,0,0,0,18261,194,117,311
2d763f55-e782-4ef3-8bb6-cdd6a69bc029,Foot and Mouth Disease,ICD11_1F05,6,2024-10-21,2024-10-26,country_IN,INDIA,state_29,Karnataka,district_525,Bengaluru Urban,2167,123,2290,78,4,82,0,0,0,8373,3980,170,4150
8be36a1f-9772-40d2-a94a-57cad8d5f8a4,Foot and Mouth Disease,ICD11_1F05,6,2024-10-21,2024-10-26,country_IN,INDIA,state_29,Karnataka,district_526,Bengaluru Rural,8139,435,8574,381,11,392,0,0,0,20580,4628,328,4956
fa533bfb-8698-4a1d-b994-dbe47296024d,Foot and Mouth Disease,ICD11_1F05,6,2024-10-21,2024-10-26,country_IN,INDIA,state_29,Karnataka,district_533,Chitradurga,7801,3407,11208,83,39,122,0,0,0,27140,1561,698,2259
f2353228-37c1-4b74-a8a8-65fe45d24003,Foot and Mouth Disease,ICD11_1F05,6,2024-10-21,2024-10-26,country_IN,INDIA,state_29,Karnataka,district_630,Chikkaballapura,3631,235,3866,68,7,75,0,0,0,20552,2017,148,2165
683c53d5-5106-44ba-b5d7-33449bf3bb23,Foot and Mouth Disease,ICD11_1F05,6,2024-10-21,2024-10-26,country_IN,INDIA,state_29,Karnataka,district_535,Davangere,4662,1189,5851,221,49,270,0,0,0,17148,2477,590,3067
c7516b0c-22e3-42df-979e-9137b252a0dc,Foot and Mouth Disease,ICD11_1F05,6,2024-10-21,2024-10-26,country_IN,INDIA,state_29,Karnataka,district_542,Kolar,12456,909,13365,584,36,620,0,0,0,39836,6242,459,6701
b6eeb401-3ffd-46e1-af15-1c03a049e12f,Foot and Mouth Disease,ICD11_1F05,6,2024-10-21,2024-10-26,country_IN,INDIA,state_29,Karnataka,district_631,Ramanagara,9771,175,9946,274,6,280,0,0,0,21581,3570,113,3683
003e6312-f294-43a7-98f3-01415ff373bf,Foot and Mouth Disease,ICD11_1F05,6,2024-10-21,2024-10-26,country_IN,INDIA,state_29,Karnataka,district_547,Shivamogga,10724,2298,13022,201,115,316,0,0,0,21579,765,83,848
bc143b79-a5d9-4e19-9b10-ed1d04a55693,Foot and Mouth Disease,ICD11_1F05,6,2024-10-21,2024-10-26,country_IN,INDIA,state_29,Karnataka,district_548,Tumakuru,13259,3571,16830,533,134,667,0,0,0,54003,4080,931,5011
f0d50745-2934-494d-9029-d7decda74e0d,Foot and Mouth Disease,ICD11_1F05,6,2024-10-21,2024-10-26,country_IN,INDIA,state_29,Karnataka,district_531,Chamarajanagara,10479,277,10756,50,4,54,0,0,0,16781,1352,41,1393
fc5820c4-dab3-423b-99ea-ef129371e325,Foot and Mouth Disease,ICD11_1F05,6,2024-10-21,2024-10-26,country_IN,INDIA,state_29,Karnataka,district_532,Chikkamagaluru,6535,616,7151,93,7,100,0,0,0,12103,900,62,962
cdd7fa03-bf3a-46b5-a232-eefe2e2c4f34,Foot and Mouth Disease,ICD11_1F05,6,2024-10-21,2024-10-26,country_IN,INDIA,state_29,Karnataka,district_534,Dakshina Kannada,7522,15,7537,196,0,196,0,0,0,18144,1789,8,1797
d2d95dab-8077-489d-bd01-861da2ebea77,Foot and Mouth Disease,ICD11_1F05,6,2024-10-21,2024-10-26,country_IN,INDIA,state_29,Karnataka,district_539,Hassan,19974,2743,22717,220,27,247,0,0,0,44863,2072,95,2167
18804a1a-5859-4863-a3d1-7357fb5742bf,Foot and Mouth Disease,ICD11_1F05,6,2024-10-21,2024-10-26,country_IN,INDIA,state_29,Karnataka,district_541,Kodagu,607,31,638,20,0,20,0,0,0,2314,678,16,694
543f64a3-987d-4ea7-ad61-95c05b579e4e,Foot and Mouth Disease,ICD11_1F05,6,2024-10-21,2024-10-26,country_IN,INDIA,state_29,Karnataka,district_545,Mysuru,12747,217,12964,250,8,258,0,0,0,34360,2372,41,2413
ce48f750-3b3d-4c13-a5a8-57fce0ff5a9c,Foot and Mouth Disease,ICD11_1F05,6,2024-10-21,2024-10-26,country_IN,INDIA,state_29,Karnataka,district_544,Mandya,17399,3513,20912,195,28,223,0,0,0,51481,2530,423,2953
77940f2b-e5bb-4ec8-aadb-0586a0b62d56,Foot and Mouth Disease,ICD11_1F05,6,2024-10-21,2024-10-26,country_IN,INDIA,state_29,Karnataka,district_549,Udupi,11225,6,11231,40,0,40,0,0,0,8176,284,0,284
61645341-e0fb-4507-9245-82ec038e54d0,Foot and Mouth Disease,ICD11_1F05,6,2024-10-21,2024-10-26,country_IN,INDIA,state_29,Karnataka,district_527,Belagavi,18629,29636,48265,250,348,598,0,0,0,127425,467,442,909
3b973f1a-1f79-4b60-8dfe-4f2a87f1bc4a,Foot and Mouth Disease,ICD11_1F05,6,2024-10-21,2024-10-26,country_IN,INDIA,state_29,Karnataka,district_524,Bagalkote,10566,9935,20501,217,249,466,0,0,0,43623,384,573,957
6b25dd21-0330-49dc-8bae-065ad346fafd,Foot and Mouth Disease,ICD11_1F05,6,2024-10-21,2024-10-26,country_IN,INDIA,state_29,Karnataka,district_536,Dharwad,7486,2080,9566,213,65,278,0,0,0,18507,1057,364,1421
c3926fa9-5e76-4227-ac89-7ad93871e929,Foot and Mouth Disease,ICD11_1F05,6,2024-10-21,2024-10-26,country_IN,INDIA,state_29,Karnataka,district_537,Gadag,3168,1334,4502,88,53,141,0,0,0,16243,928,402,1330
4b249bd5-1a00-4ad9-9fd1-38ce33f1ebb5,Foot and Mouth Disease,ICD11_1F05,6,2024-10-21,2024-10-26,country_IN,INDIA,state_29,Karnataka,district_540,Haveri,9713,2603,12316,223,70,293,0,0,0,32634,3197,790,3987
67695062-4b51-4184-9400-2272d2ca4e2e,Foot and Mouth Disease,ICD11_1F05,6,2024-10-21,2024-10-26,country_IN,INDIA,state_29,Karnataka,district_550,Uttara Kannada,6019,1161,7180,31,3,34,0,0,0,12177,794,129,923
05e5bd8a-e3d5-4deb-89d1-00a84b8d7f37,Foot and Mouth Disease,ICD11_1F05,6,2024-10-21,2024-10-26,country_IN,INDIA,state_29,Karnataka,district_530,Vijayapura,5018,5354,10372,112,142,254,0,0,0,43137,1382,1289,2671
2b339360-527f-45a2-b6eb-d0f1f6c7d564,Foot and Mouth Disease,ICD11_1F05,6,2024-10-21,2024-10-26,country_IN,INDIA,state_29,Karnataka,district_528,Ballari,6424,4497,10921,68,36,104,0,0,0,15808,308,294,602
57ecbd6f-461b-4360-9c70-d02910e6135e,Foot and Mouth Disease,ICD11_1F05,6,2024-10-21,2024-10-26,country_IN,INDIA,state_29,Karnataka,district_529,Bidar,6459,5015,11474,129,168,297,0,0,0,28120,240,210,450
51ea3c72-51b9-4d14-a48d-6ab63fe065f7,Foot and Mouth Disease,ICD11_1F05,6,2024-10-21,2024-10-26,country_IN,INDIA,state_29,Karnataka,district_543,Koppal,6080,1503,7583,118,45,163,0,0,0,12529,681,336,1017
8fabbaf6-34d6-4050-9570-13502b3da456,Foot and Mouth Disease,ICD11_1F05,6,2024-10-21,2024-10-26,country_IN,INDIA,state_29,Karnataka,district_538,Kalaburagi,16855,3053,19908,514,38,552,0,0,0,49732,4582,1913,6495
7cd910ed-7428-4e36-82f3-98d0bb0c2161,Foot and Mouth Disease,ICD11_1F05,6,2024-10-21,2024-10-26,country_IN,INDIA,state_29,Karnataka,district_546,Raichur,5631,2348,7979,23,0,23,0,0,0,49330,34074,10570,44644
4e3e0703-f763-46d0-831f-d777ccc6be56,Foot and Mouth Disease,ICD11_1F05,6,2024-10-21,2024-10-26,country_IN,INDIA,state_29,Karnataka,district_635,Yadgir,9652,2422,12074,167,55,222,0,0,0,27221,1963,531,2494
4fc171d7-dea2-414c-b5e9-4a57697ed8c4,Foot and Mouth Disease,ICD11_1F05,6,2024-10-21,2024-10-26,country_IN,INDIA,state_29,Karnataka,district_738,Vijayanagar,10212,3439,13651,218,106,324,0,0,0,40954,499,240,739
652daff4-3473-46a4-a539-eb5855b2541b,Foot and Mouth Disease,ICD11_1F05,6,2024-10-21,2024-10-27,country_IN,INDIA,state_29,Karnataka,district_525,Bengaluru Urban,381,0,381,26,0,26,0,0,0,8440,4013,170,4183
dd1d1fe4-3449-437a-8968-ae4b76b0c412,Foot and Mouth Disease,ICD11_1F05,6,2024-10-21,2024-10-27,country_IN,INDIA,state_29,Karnataka,district_526,Bengaluru Rural,1627,49,1676,84,0,84,0,0,0,21107,4779,331,5110
46345215-4c02-4389-b8f5-3034bdce4842,Foot and Mouth Disease,ICD11_1F05,6,2024-10-21,2024-10-27,country_IN,INDIA,state_29,Karnataka,district_533,Chitradurga,2087,653,2740,9,0,9,0,0,0,27924,1583,705,2288
877b932d-e583-480c-8083-82e881648c15,Foot and Mouth Disease,ICD11_1F05,6,2024-10-21,2024-10-27,country_IN,INDIA,state_29,Karnataka,district_630,Chikkaballapura,2020,190,2210,25,1,26,0,0,0,21427,2056,153,2209
6cef2f68-bd1d-4482-8c8c-caf1123a3d68,Foot and Mouth Disease,ICD11_1F05,6,2024-10-21,2024-10-27,country_IN,INDIA,state_29,Karnataka,district_535,Davangere,1264,463,1727,74,23,97,0,0,0,17754,2584,615,3199
1aaa15e1-4777-42a6-8fe6-36c9f933a403,Foot and Mouth Disease,ICD11_1F05,6,2024-10-21,2024-10-27,country_IN,INDIA,state_29,Karnataka,district_542,Kolar,1986,193,2179,101,5,106,0,0,0,40648,6518,467,6985
3cb8d14a-acce-4e04-ae93-0c00ff9200c2,Foot and Mouth Disease,ICD11_1F05,6,2024-10-21,2024-10-27,country_IN,INDIA,state_29,Karnataka,district_631,Ramanagara,756,40,796,27,0,27,0,0,0,21727,3590,113,3703
a9b7da18-947a-4885-b8fd-8efa0bf0518a,Foot and Mouth Disease,ICD11_1F05,6,2024-10-21,2024-10-27,country_IN,INDIA,state_29,Karnataka,district_547,Shivamogga,6217,1245,7462,77,30,107,0,0,0,23197,793,86,879
8f47c42c-9624-43a6-8eb6-a7a358bae424,Foot and Mouth Disease,ICD11_1F05,6,2024-10-21,2024-10-27,country_IN,INDIA,state_29,Karnataka,district_548,Tumakuru,2019,800,2819,62,25,87,0,0,0,55027,4092,934,5026
1a1ad02a-5536-46b2-a86f-8360fe663d5f,Foot and Mouth Disease,ICD11_1F05,6,2024-10-21,2024-10-27,country_IN,INDIA,state_29,Karnataka,district_531,Chamarajanagara,4617,150,4767,68,6,74,0,0,0,17922,1652,47,1699
c0d081c7-f20d-4a98-9a85-d1541ce59aa6,Foot and Mouth Disease,ICD11_1F05,6,2024-10-21,2024-10-27,country_IN,INDIA,state_29,Karnataka,district_532,Chikkamagaluru,2804,106,2910,51,2,53,0,0,0,13120,948,64,1012
0be7d9f9-95b1-4f90-85cd-80d5144e0f46,Foot and Mouth Disease,ICD11_1F05,6,2024-10-21,2024-10-27,country_IN,INDIA,state_29,Karnataka,district_534,Dakshina Kannada,3577,28,3605,83,0,83,0,0,0,19387,1985,8,1993
b325f1aa-67ec-4887-8a9d-ea6011d9b421,Foot and Mouth Disease,ICD11_1F05,6,2024-10-21,2024-10-27,country_IN,INDIA,state_29,Karnataka,district_539,Hassan,7280,1106,8386,470,100,570,0,0,0,47642,2532,191,2723
db95f3db-2320-4f9a-8c9b-2869c2d85cc4,Foot and Mouth Disease,ICD11_1F05,6,2024-10-21,2024-10-27,country_IN,INDIA,state_29,Karnataka,district_541,Kodagu,330,0,330,24,0,24,0,0,0,2405,690,16,706
80ec1bbc-6a34-4391-8cdb-fe3b814c5d7c,Foot and Mouth Disease,ICD11_1F05,6,2024-10-21,2024-10-27,country_IN,INDIA,state_29,Karnataka,district_545,Mysuru,9122,61,9183,149,3,152,0,0,0,37704,2603,41,2644
5357b687-9166-4dba-b0dc-65a0e2cd12fd,Foot and Mouth Disease,ICD11_1F05,6,2024-10-21,2024-10-27,country_IN,INDIA,state_29,Karnataka,district_544,Mandya,2170,477,2647,14,2,16,0,0,0,52773,2646,452,3098
c1abd23b-ac85-4d9a-b00f-9fbcc737c655,Foot and Mouth Disease,ICD11_1F05,6,2024-10-21,2024-10-27,country_IN,INDIA,state_29,Karnataka,district_549,Udupi,4289,29,4318,9,0,9,0,0,0,9337,313,0,313
3e7a48b2-d720-4c81-87fe-bdd9a5f493b0,Foot and Mouth Disease,ICD11_1F05,6,2024-10-21,2024-10-27,country_IN,INDIA,state_29,Karnataka,district_527,Belagavi,16423,25951,42374,97,140,237,0,0,0,146348,478,458,936
fbfb1717-1d6a-4c98-b29b-cdbf0d19bab2,Foot and Mouth Disease,ICD11_1F05,6,2024-10-21,2024-10-27,country_IN,INDIA,state_29,Karnataka,district_524,Bagalkote,3966,4288,8254,89,96,185,0,0,0,46144,428,626,1054
971b5e51-e750-488f-b880-6f4ea81a0c20,Foot and Mouth Disease,ICD11_1F05,6,2024-10-21,2024-10-27,country_IN,INDIA,state_29,Karnataka,district_536,Dharwad,2770,1004,3774,67,29,96,0,0,0,19747,1117,393,1510
8b42e29e-c5fa-4cab-8a03-b482caaf26b4,Foot and Mouth Disease,ICD11_1F05,6,2024-10-21,2024-10-27,country_IN,INDIA,state_29,Karnataka,district_537,Gadag,594,371,965,7,6,13,0,0,0,16838,959,434,1393
e5b83d19-6569-45f6-8faa-205e283224ba,Foot and Mouth Disease,ICD11_1F05,6,2024-10-21,2024-10-27,country_IN,INDIA,state_29,Karnataka,district_540,Haveri,2808,827,3635,76,20,96,0,0,0,34167,3386,810,4196
aa315b79-3dd7-4b94-8ff5-6e26687f98a1,Foot and Mouth Disease,ICD11_1F05,6,2024-10-21,2024-10-27,country_IN,INDIA,state_29,Karnataka,district_550,Uttara Kannada,1555,260,1815,4,0,4,0,0,0,12665,813,129,942
b637aa5f-7607-4ea1-9c39-4d0b8e373371,Foot and Mouth Disease,ICD11_1F05,6,2024-10-21,2024-10-27,country_IN,INDIA,state_29,Karnataka,district_530,Vijayapura,3686,3641,7327,34,46,80,0,0,0,46869,1431,1346,2777
64d17f49-4c6d-49bb-bfc4-7b9501739614,Foot and Mouth Disease,ICD11_1F05,6,2024-10-21,2024-10-27,country_IN,INDIA,state_29,Karnataka,district_528,Ballari,3794,2694,6488,24,23,47,0,0,0,17787,349,330,679
297006f4-3d7b-4ef7-a04a-febd9c173d6a,Foot and Mouth Disease,ICD11_1F05,6,2024-10-21,2024-10-27,country_IN,INDIA,state_29,Karnataka,district_529,Bidar,3252,1560,4812,68,37,105,0,0,0,30286,258,230,488
41dbcf7f-6513-4388-8020-b223c7e1f6e9,Foot and Mouth Disease,ICD11_1F05,6,2024-10-21,2024-10-27,country_IN,INDIA,state_29,Karnataka,district_543,Koppal,2196,686,2882,64,32,96,0,0,0,13690,823,431,1254
09f86cce-b27e-4931-aa17-ecb90b6fef0c,Foot and Mouth Disease,ICD11_1F05,6,2024-10-21,2024-10-27,country_IN,INDIA,state_29,Karnataka,district_538,Kalaburagi,8293,2002,10295,42,7,49,0,0,0,53715,4976,2048,7024
ee6a683d-35d4-422a-a384-b44a3932cd56,Foot and Mouth Disease,ICD11_1F05,6,2024-10-21,2024-10-27,country_IN,INDIA,state_29,Karnataka,district_546,Raichur,2343,939,3282,49,9,58,0,0,0,50621,35670,10924,46594
3a95a2eb-4500-4394-a334-250757fb5719,Foot and Mouth Disease,ICD11_1F05,6,2024-10-21,2024-10-27,country_IN,INDIA,state_29,Karnataka,district_635,Yadgir,6216,1546,7762,90,40,130,0,0,0,30175,2083,609,2692
dbb1b9b9-e0b2-42de-9dc0-93dcd892f67d,Foot and Mouth Disease,ICD11_1F05,6,2024-10-21,2024-10-27,country_IN,INDIA,state_29,Karnataka,district_738,Vijayanagar,4131,1246,5377,107,47,154,0,0,0,43480,516,243,759
2806ccc4-cee2-4067-8367-5b94e54ebf4f,Foot and Mouth Disease,ICD11_1F05,6,2024-10-21,2025-11-04,country_IN,India,state_29,Karnataka,district_525,Bengaluru Urban,7309,169,7478,238,6,244,0,0,0,16219,7423,230,7653
d80ac77c-842f-48f8-988e-6e63677b81d4,Foot and Mouth Disease,ICD11_1F05,6,2024-10-21,2025-11-04,country_IN,India,state_29,Karnataka,district_526,Bengaluru Rural,7974,394,8368,338,10,348,0,0,0,37812,7858,512,8370
1baf3535-9920-40f0-bd2f-d368c4d0454e,Foot and Mouth Disease,ICD11_1F05,6,2024-10-21,2025-11-04,country_IN,India,state_29,Karnataka,district_533,Chitradurga,7956,3464,11420,168,54,222,0,0,0,52016,3478,1415,4893
2c36256e-b521-4ffd-9f2c-c337b72a9bb9,Foot and Mouth Disease,ICD11_1F05,6,2024-10-21,2025-11-04,country_IN,India,state_29,Karnataka,district_630,Chikkaballapura,6133,492,6625,181,5,186,0,0,0,35886,3695,296,3991
7f18669c-e795-4854-9559-26f182c1e337,Foot and Mouth Disease,ICD11_1F05,6,2024-10-21,2025-11-04,country_IN,India,state_29,Karnataka,district_535,Davangere,6791,2275,9066,214,49,263,0,0,0,39039,5502,1437,6939
fc108447-dd1e-440b-a95c-ab8d1f9c4112,Foot and Mouth Disease,ICD11_1F05,6,2024-10-21,2025-11-04,country_IN,India,state_29,Karnataka,district_542,Kolar,11074,1073,12147,593,80,673,0,0,0,69757,11710,753,12463
8e17a031-44ca-4d1a-9e51-d7752658d084,Foot and Mouth Disease,ICD11_1F05,6,2024-10-21,2025-11-04,country_IN,India,state_29,Karnataka,district_631,Ramanagara,10427,251,10678,295,6,301,0,0,0,37544,6684,212,6896
255b8cc8-5e50-440b-b157-9e37e986fe42,Foot and Mouth Disease,ICD11_1F05,6,2024-10-21,2025-11-04,country_IN,India,state_29,Karnataka,district_547,Shivamogga,11346,1848,13194,128,18,146,0,0,0,48738,1435,116,1551
35f8022b-3588-46b5-9f87-9c08ee11ee62,Foot and Mouth Disease,ICD11_1F05,6,2024-10-21,2025-11-04,country_IN,India,state_29,Karnataka,district_548,Tumakuru,19355,5211,24566,429,69,498,0,0,0,105966,7477,1599,9076
870b5d08-d5e4-4e70-9e88-465a3b130c38,Foot and Mouth Disease,ICD11_1F05,6,2024-10-21,2025-11-04,country_IN,India,state_29,Karnataka,district_531,Chamarajanagara,9315,109,9424,75,5,80,0,0,0,32367,2998,89,3087
fb0d6ac1-f706-4b1a-b7aa-87a4418329d4,Foot and Mouth Disease,ICD11_1F05,6,2024-10-21,2025-11-04,country_IN,India,state_29,Karnataka,district_532,Chikkamagaluru,13988,1891,15879,178,24,202,0,0,0,36829,2353,122,2475
2dbed5d6-beb2-43e1-b888-ec8cd2463133,Foot and Mouth Disease,ICD11_1F05,6,2024-10-21,2025-11-04,country_IN,India,state_29,Karnataka,district_534,Dakshina Kannada,10190,55,10245,296,0,296,0,0,0,37358,5569,31,5600
38932a80-adca-4a57-b109-02b11997a5f2,Foot and Mouth Disease,ICD11_1F05,6,2024-10-21,2025-11-04,country_IN,India,state_29,Karnataka,district_539,Hassan,25281,4409,29690,298,41,339,0,0,0,110622,5483,434,5917
a832f9b9-1cfb-41cc-bf4d-2e80078b169f,Foot and Mouth Disease,ICD11_1F05,6,2024-10-21,2025-11-04,country_IN,India,state_29,Karnataka,district_541,Kodagu,2477,95,2572,21,0,21,0,0,0,5104,1365,22,1387
1c0ebfba-96bd-414e-af81-a930c0121182,Foot and Mouth Disease,ICD11_1F05,6,2024-10-21,2025-11-04,country_IN,India,state_29,Karnataka,district_545,Mysuru,22280,381,22661,368,1,369,0,0,0,77959,5134,88,5222
3e2eb5f9-51d7-42a7-9ff9-0d0eb6989f43,Foot and Mouth Disease,ICD11_1F05,6,2024-10-21,2025-11-04,country_IN,India,state_29,Karnataka,district_544,Mandya,17730,4365,22095,314,103,417,0,0,0,110484,5527,980,6507
f798bbfd-2047-4059-a543-741289d1fd7f,Foot and Mouth Disease,ICD11_1F05,6,2024-10-21,2025-11-04,country_IN,India,state_29,Karnataka,district_549,Udupi,11615,32,11647,25,0,25,0,0,0,25549,844,0,844
462c0184-541f-46bd-b680-1af0eda55b20,Foot and Mouth Disease,ICD11_1F05,6,2024-10-21,2025-11-04,country_IN,India,state_29,Karnataka,district_527,Belagavi,24266,40187,64453,202,217,419,0,0,0,310975,782,924,1706
8be6e1e3-5a47-48b7-a7ea-7fe8e2d4a4fc,Foot and Mouth Disease,ICD11_1F05,6,2024-10-21,2025-11-04,country_IN,India,state_29,Karnataka,district_524,Bagalkote,11257,12854,24111,170,233,403,0,0,0,91745,949,1374,2323
7cd0bd5b-23b3-47ee-8473-c33108e0ad55,Foot and Mouth Disease,ICD11_1F05,6,2024-10-21,2025-11-04,country_IN,India,state_29,Karnataka,district_536,Dharwad,4868,2441,7309,116,44,160,0,0,0,37709,2031,706,2737
286e4488-bdad-48b6-afab-5405cb67be6e,Foot and Mouth Disease,ICD11_1F05,6,2024-10-21,2025-11-04,country_IN,India,state_29,Karnataka,district_537,Gadag,5518,2318,7836,114,41,155,0,0,0,33414,1665,807,2472
8b682e08-edf6-468f-8739-31d381e42b66,Foot and Mouth Disease,ICD11_1F05,6,2024-10-21,2025-11-04,country_IN,India,state_29,Karnataka,district_540,Haveri,11118,3183,14301,230,75,305,0,0,0,63301,6422,1461,7883
e255f9ca-cf21-4dd2-8624-de64c732b2eb,Foot and Mouth Disease,ICD11_1F05,6,2024-10-21,2025-11-04,country_IN,India,state_29,Karnataka,district_550,Uttara Kannada,13518,3684,17202,75,8,83,0,0,0,29222,1679,313,1992
7289e4cf-4c27-4c11-9e02-e7f4f3a4ad85,Foot and Mouth Disease,ICD11_1F05,6,2024-10-21,2025-11-04,country_IN,India,state_29,Karnataka,district_530,Vijayapura,8134,7129,15263,98,67,165,0,0,0,82105,3113,2600,5713
134e8720-b8a1-4e8a-8b30-f3eb529776a5,Foot and Mouth Disease,ICD11_1F05,6,2024-10-21,2025-11-04,country_IN,India,state_29,Karnataka,district_528,Ballari,4139,2078,6217,65,37,102,0,0,0,36642,675,598,1273
987a2e4c-f8be-4b89-a1c3-e00a3322b5cc,Foot and Mouth Disease,ICD11_1F05,6,2024-10-21,2025-11-04,country_IN,India,state_29,Karnataka,district_529,Bidar,6082,5059,11141,92,109,201,0,0,0,55054,451,430,881
47a6b94f-f230-4503-b9bf-1762fa2b28f4,Foot and Mouth Disease,ICD11_1F05,6,2024-10-21,2025-11-04,country_IN,India,state_29,Karnataka,district_543,Koppal,19435,4488,23923,207,88,295,0,0,0,44937,1790,934,2724
a327dcaf-4c9e-4cb5-b69f-a9ec6149c508,Foot and Mouth Disease,ICD11_1F05,6,2024-10-21,2025-11-04,country_IN,India,state_29,Karnataka,district_538,Kalaburagi,15059,2653,17712,90,21,111,0,0,0,92471,8011,2872,10883
dce033fe-c1af-49a7-bb75-f5645d2ad6e0,Foot and Mouth Disease,ICD11_1F05,6,2024-10-21,2025-11-04,country_IN,India,state_29,Karnataka,district_546,Raichur,10842,4197,15039,30,30,60,0,0,0,97749,58973,17707,76680
365aa362-83a8-4ed5-a155-b14023a0d974,Foot and Mouth Disease,ICD11_1F05,6,2024-10-21,2025-11-04,country_IN,India,state_29,Karnataka,district_635,Yadgir,12307,2735,15042,239,85,324,0,0,0,59014,3661,1209,4870
13189225-91d3-4a58-a8c6-70ce76741e15,Foot and Mouth Disease,ICD11_1F05,6,2024-10-21,2025-11-04,country_IN,India,state_29,Karnataka,district_738,Vijayanagar,8343,3321,11664,133,79,212,0,0,0,78030,964,503,1467
e8dd627c-c7e2-4b03-b367-5e0861008dd3,Foot and Mouth Disease,ICD11_1F05,6,2024-10-21,2024-10-29,country_IN,INDIA,state_29,Karnataka,district_525,Bengaluru Urban,8243,203,8446,376,13,389,0,0,0,11740,5672,207,5879
f4c6502d-2f41-459b-8d82-e6d63a9eedbb,Foot and Mouth Disease,ICD11_1F05,6,2024-10-21,2024-10-29,country_IN,INDIA,state_29,Karnataka,district_526,Bengaluru Rural,9275,536,9811,398,10,408,0,0,0,29090,6300,418,6718
23d4993a-af15-4a36-864f-5e99fe6e123a,Foot and Mouth Disease,ICD11_1F05,6,2024-10-21,2024-10-29,country_IN,INDIA,state_29,Karnataka,district_533,Chitradurga,12886,5475,18361,206,117,323,0,0,0,38752,2188,947,3135
7bdbbcf8-4b7c-4e02-ba5d-6d3a46a9fb45,Foot and Mouth Disease,ICD11_1F05,6,2024-10-21,2024-10-29,country_IN,INDIA,state_29,Karnataka,district_630,Chikkaballapura,6106,596,6702,154,28,182,0,0,0,27423,2771,247,3018
741e795f-e71a-4ee9-9afc-fdc77831b604,Foot and Mouth Disease,ICD11_1F05,6,2024-10-21,2024-10-29,country_IN,INDIA,state_29,Karnataka,district_535,Davangere,7498,2398,9896,346,89,435,0,0,0,25781,3695,920,4615
8644bd70-414d-4f96-aeb7-a1f60bab0406,Foot and Mouth Disease,ICD11_1F05,6,2024-10-21,2024-10-29,country_IN,INDIA,state_29,Karnataka,district_542,Kolar,14348,936,15284,647,42,689,0,0,0,55177,9273,580,9853
de40fbb1-d0f7-4c20-b092-f260b682437d,Foot and Mouth Disease,ICD11_1F05,6,2024-10-21,2024-10-29,country_IN,INDIA,state_29,Karnataka,district_631,Ramanagara,13424,457,13881,408,11,419,0,0,0,28619,5114,170,5284
26fcc4c2-d687-4142-a94f-791d1aacf875,Foot and Mouth Disease,ICD11_1F05,6,2024-10-21,2024-10-29,country_IN,INDIA,state_29,Karnataka,district_547,Shivamogga,18047,2849,20896,410,94,504,0,0,0,34208,1161,101,1262
5efe8aac-6c77-4214-96d0-0a3afebdf129,Foot and Mouth Disease,ICD11_1F05,6,2024-10-21,2024-10-29,country_IN,INDIA,state_29,Karnataka,district_548,Tumakuru,20792,5410,26202,497,105,602,0,0,0,76064,5615,1181,6796
d006cef1-efba-4f7b-ace3-cdfbafcedd3d,Foot and Mouth Disease,ICD11_1F05,6,2024-10-21,2024-10-29,country_IN,INDIA,state_29,Karnataka,district_531,Chamarajanagara,13069,428,13497,136,63,199,0,0,0,24059,2334,73,2407
9b2c3f11-261c-4f23-a7c4-9f21d6e5dcc9,Foot and Mouth Disease,ICD11_1F05,6,2024-10-21,2024-10-29,country_IN,INDIA,state_29,Karnataka,district_532,Chikkamagaluru,12898,1451,14349,149,21,170,0,0,0,22366,1344,85,1429
f27ecff9-fd56-4190-966b-090fcf73bf3a,Foot and Mouth Disease,ICD11_1F05,6,2024-10-21,2024-10-29,country_IN,INDIA,state_29,Karnataka,district_534,Dakshina Kannada,9446,6,9452,314,0,314,0,0,0,26085,3259,8,3267
7b9b9403-c9e9-476a-b20f-2843604b05a5,Foot and Mouth Disease,ICD11_1F05,6,2024-10-21,2024-10-29,country_IN,INDIA,state_29,Karnataka,district_539,Hassan,25293,4507,29800,245,19,264,0,0,0,73312,3329,236,3565
4bea6b9a-bf34-40d5-9911-9a985648e704,Foot and Mouth Disease,ICD11_1F05,6,2024-10-21,2024-10-29,country_IN,INDIA,state_29,Karnataka,district_541,Kodagu,2476,111,2587,86,0,86,0,0,0,3655,961,19,980
fb7340a9-bb1a-4181-9bbf-ecdce1513337,Foot and Mouth Disease,ICD11_1F05,6,2024-10-21,2024-10-29,country_IN,INDIA,state_29,Karnataka,district_545,Mysuru,24040,911,24951,441,0,441,0,0,0,53476,3513,72,3585
ddb11911-8913-4a85-87dc-cffe9d0512b5,Foot and Mouth Disease,ICD11_1F05,6,2024-10-21,2024-10-29,country_IN,INDIA,state_29,Karnataka,district_544,Mandya,18144,4248,22392,355,83,438,0,0,0,73901,3756,652,4408
8b228d3b-c216-4e58-a4aa-7bb30a496388,Foot and Mouth Disease,ICD11_1F05,6,2024-10-21,2024-10-29,country_IN,INDIA,state_29,Karnataka,district_549,Udupi,12383,17,12400,63,0,63,0,0,0,15526,556,0,556
3e0ea634-408f-4f95-9dd1-e7f5689021a7,Foot and Mouth Disease,ICD11_1F05,6,2024-10-21,2024-10-29,country_IN,INDIA,state_29,Karnataka,district_527,Belagavi,24892,37527,62419,265,347,612,0,0,0,204610,596,608,1204
84b2145c-a4ac-4abb-b42a-b6ea2c70eb97,Foot and Mouth Disease,ICD11_1F05,6,2024-10-21,2024-10-29,country_IN,INDIA,state_29,Karnataka,district_524,Bagalkote,13024,14619,27643,265,274,539,0,0,0,64713,617,940,1557
4ea406ec-dcb9-41f2-9514-37612708fae3,Foot and Mouth Disease,ICD11_1F05,6,2024-10-21,2024-10-29,country_IN,INDIA,state_29,Karnataka,district_536,Dharwad,6041,2280,8321,115,37,152,0,0,0,25894,1478,523,2001
631b43af-f64f-4fcf-9ee6-a155c90a4330,Foot and Mouth Disease,ICD11_1F05,6,2024-10-21,2024-10-29,country_IN,INDIA,state_29,Karnataka,district_537,Gadag,5445,1915,7360,166,66,232,0,0,0,23021,1328,638,1966
bc0682da-8ddf-4595-8af4-866756ea275c,Foot and Mouth Disease,ICD11_1F05,6,2024-10-21,2024-10-29,country_IN,INDIA,state_29,Karnataka,district_540,Haveri,12718,3745,16463,325,97,422,0,0,0,47744,4912,1126,6038
79eb4b2d-a3aa-4b6e-8a93-ccb1b03756f8,Foot and Mouth Disease,ICD11_1F05,6,2024-10-21,2024-10-29,country_IN,INDIA,state_29,Karnataka,district_550,Uttara Kannada,9339,1604,10943,63,10,73,0,0,0,19708,1245,208,1453
0f9f8179-fb8b-419d-86cb-bf7d54a19e8e,Foot and Mouth Disease,ICD11_1F05,6,2024-10-21,2024-10-29,country_IN,INDIA,state_29,Karnataka,district_530,Vijayapura,7990,7559,15549,166,131,297,0,0,0,63175,2146,1871,4017
0dfca21b-8f3e-4da4-a589-dd642e0290aa,Foot and Mouth Disease,ICD11_1F05,6,2024-10-21,2024-10-29,country_IN,INDIA,state_29,Karnataka,district_528,Ballari,4544,2361,6905,52,37,89,0,0,0,23039,406,390,796
e36de00c-a42d-4d3a-b262-c2f162e5e538,Foot and Mouth Disease,ICD11_1F05,6,2024-10-21,2024-10-29,country_IN,INDIA,state_29,Karnataka,district_529,Bidar,8397,5433,13830,307,161,468,0,0,0,41151,353,303,656
7cbb5b09-ae7d-41ac-8b45-685d3f64593d,Foot and Mouth Disease,ICD11_1F05,6,2024-10-21,2024-10-29,country_IN,INDIA,state_29,Karnataka,district_543,Koppal,9842,2219,12061,145,54,199,0,0,0,26374,1254,640,1894
9699d6bf-67c8-49fd-81f8-6961d33d9a6e,Foot and Mouth Disease,ICD11_1F05,6,2024-10-21,2024-10-29,country_IN,INDIA,state_29,Karnataka,district_538,Kalaburagi,17881,3238,21119,128,31,159,0,0,0,67911,6214,2300,8514
cc6e083f-7062-4125-bf8c-8fb69b7a23a5,Foot and Mouth Disease,ICD11_1F05,6,2024-10-21,2024-10-29,country_IN,INDIA,state_29,Karnataka,district_546,Raichur,10239,4888,15127,153,90,243,0,0,0,69183,49661,15014,64675
f7c436f4-4379-48ee-a3c3-5aca30a5a9c1,Foot and Mouth Disease,ICD11_1F05,6,2024-10-21,2024-10-29,country_IN,INDIA,state_29,Karnataka,district_635,Yadgir,9246,2347,11593,157,64,221,0,0,0,39926,2662,829,3491
207f062f-b876-4f9f-b58b-15828cc047ac,Foot and Mouth Disease,ICD11_1F05,6,2024-10-21,2024-10-29,country_IN,INDIA,state_29,Karnataka,district_738,Vijayanagar,11868,6320,18188,175,137,312,0,0,0,56913,723,387,1110
1e0e98a4-6c71-4709-bccf-c7e084752334,Foot and Mouth Disease,ICD11_1F05,6,2024-10-24,2024-11-05,country_IN,India,state_29,Karnataka,district_525,Bengaluru Urban,7931,234,8165,399,13,412,0,0,0,17996,8302,258,8560
40728f16-395a-432f-bc7a-030eae49e659,Foot and Mouth Disease,ICD11_1F05,6,2024-10-24,2024-11-05,country_IN,India,state_29,Karnataka,district_526,Bengaluru Rural,8123,443,8566,283,15,298,0,0,0,40391,8390,541,8931
fa8ed43e-1739-4907-a0ee-56452cc7cb4f,Foot and Mouth Disease,ICD11_1F05,6,2024-10-24,2024-11-05,country_IN,India,state_29,Karnataka,district_533,Chitradurga,8693,4721,13414,142,70,212,0,0,0,57224,3857,1619,5476
60a2e45e-dee5-4bdc-917a-9f872f42374c,Foot and Mouth Disease,ICD11_1F05,6,2024-10-24,2024-11-05,country_IN,India,state_29,Karnataka,district_630,Chikkaballapura,8258,893,9151,131,1,132,0,0,0,40036,4022,325,4347
b4c88ae2-7b12-4f5e-b162-47c6619b5ac6,Foot and Mouth Disease,ICD11_1F05,6,2024-10-24,2024-11-05,country_IN,India,state_29,Karnataka,district_535,Davangere,10623,2935,13558,285,78,363,0,0,0,44312,5970,1551,7521
2f858d67-7ba7-4c82-a2f7-a232b1432499,Foot and Mouth Disease,ICD11_1F05,6,2024-10-24,2024-11-05,country_IN,India,state_29,Karnataka,district_542,Kolar,10668,1041,11709,365,49,414,0,0,0,74913,12356,830,13186
83bdf3f2-1940-46d6-9db8-f314c1665623,Foot and Mouth Disease,ICD11_1F05,6,2024-10-24,2024-11-05,country_IN,India,state_29,Karnataka,district_631,Ramanagara,10781,360,11141,324,6,330,0,0,0,41016,7379,232,7611
456d4441-be9e-4711-82d1-ccf601dd8169,Foot and Mouth Disease,ICD11_1F05,6,2024-10-24,2024-11-05,country_IN,India,state_29,Karnataka,district_547,Shivamogga,24111,4712,28823,421,106,527,0,0,0,56737,1603,129,1732
06a5b99e-df1a-4104-807d-730e47aa51c1,Foot and Mouth Disease,ICD11_1F05,6,2024-10-24,2024-11-05,country_IN,India,state_29,Karnataka,district_548,Tumakuru,20035,4993,25028,467,74,541,0,0,0,116787,7983,1678,9661
c78607d1-f2f6-489b-8073-6478b0911b66,Foot and Mouth Disease,ICD11_1F05,6,2024-10-24,2024-11-05,country_IN,India,state_29,Karnataka,district_531,Chamarajanagara,10871,208,11079,91,1,92,0,0,0,35859,3181,89,3270
5f07b723-c01b-40be-a052-2aac27da7487,Foot and Mouth Disease,ICD11_1F05,6,2024-10-24,2024-11-05,country_IN,India,state_29,Karnataka,district_532,Chikkamagaluru,12450,1642,14092,178,40,218,0,0,0,41026,2636,156,2792
3e4c44e5-7160-4982-9ddf-1d1634d34a4b,Foot and Mouth Disease,ICD11_1F05,6,2024-10-24,2024-11-05,country_IN,India,state_29,Karnataka,district_534,Dakshina Kannada,8671,11,8682,249,0,249,0,0,0,40396,6134,35,6169
3e0e7590-9ceb-4225-a3ee-320a34590452,Foot and Mouth Disease,ICD11_1F05,6,2024-10-24,2024-11-05,country_IN,India,state_29,Karnataka,district_539,Hassan,23731,3157,26888,296,18,314,0,0,0,119579,6078,569,6647
b0764477-4d9e-4706-ba4c-578ae6834e2d,Foot and Mouth Disease,ICD11_1F05,6,2024-10-24,2024-11-05,country_IN,India,state_29,Karnataka,district_541,Kodagu,2304,41,2345,50,0,50,0,0,0,5691,1501,22,1523
b842c43c-1e68-42de-b651-c641962cdefd,Foot and Mouth Disease,ICD11_1F05,6,2024-10-24,2024-11-05,country_IN,India,state_29,Karnataka,district_545,Mysuru,24048,743,24791,408,7,415,0,0,0,86308,5661,94,5755
2475acc8-b955-4f1c-8aad-1108a6933a7d,Foot and Mouth Disease,ICD11_1F05,6,2024-10-24,2024-11-05,country_IN,India,state_29,Karnataka,district_544,Mandya,14906,3769,18675,220,76,296,0,0,0,118657,5831,1058,6889
0f3a731d-8981-4277-92fb-32b1f1aedfdf,Foot and Mouth Disease,ICD11_1F05,6,2024-10-24,2024-11-05,country_IN,India,state_29,Karnataka,district_549,Udupi,8901,73,8974,54,0,54,0,0,0,27806,940,0,940
1d8bd9b1-ad82-48ae-b692-574154c6c26a,Foot and Mouth Disease,ICD11_1F05,6,2024-10-24,2024-11-05,country_IN,India,state_29,Karnataka,district_527,Belagavi,22498,39455,61953,222,348,570,0,0,0,339905,900,969,1869
85d4417a-97da-4960-8ee2-7296e6d90d0d,Foot and Mouth Disease,ICD11_1F05,6,2024-10-24,2024-11-05,country_IN,India,state_29,Karnataka,district_524,Bagalkote,10220,10779,20999,129,163,292,0,0,0,98834,1053,1630,2683
2fff3992-dfc2-4948-b615-9f74ff46e976,Foot and Mouth Disease,ICD11_1F05,6,2024-10-24,2024-11-05,country_IN,India,state_29,Karnataka,district_536,Dharwad,5688,2401,8089,118,74,192,0,0,0,40443,2131,753,2884
ff24845b-3534-4c15-b4a2-6628c084eed0,Foot and Mouth Disease,ICD11_1F05,6,2024-10-24,2024-11-05,country_IN,India,state_29,Karnataka,district_537,Gadag,5331,1837,7168,90,58,148,0,0,0,36247,1774,881,2655
270c7c33-bb35-4682-ac5a-199fc6d7bcf4,Foot and Mouth Disease,ICD11_1F05,6,2024-10-24,2024-11-05,country_IN,India,state_29,Karnataka,district_540,Haveri,9084,2713,11797,192,60,252,0,0,0,67703,6799,1570,8369
53386ecf-a921-49a2-8020-5dd0af8ef68e,Foot and Mouth Disease,ICD11_1F05,6,2024-10-24,2024-11-05,country_IN,India,state_29,Karnataka,district_550,Uttara Kannada,10312,1895,12207,66,7,73,0,0,0,32595,1853,340,2193
05163f04-1c8a-4601-8e0d-fca60fd804a3,Foot and Mouth Disease,ICD11_1F05,6,2024-10-24,2024-11-05,country_IN,India,state_29,Karnataka,district_530,Vijayapura,7809,6998,14807,113,97,210,0,0,0,89498,3340,2734,6074
2579e955-911a-447b-8ed4-fedb6a84a1fb,Foot and Mouth Disease,ICD11_1F05,6,2024-10-24,2024-11-05,country_IN,India,state_29,Karnataka,district_528,Ballari,3076,2584,5660,38,29,67,0,0,0,38673,716,663,1379
d4ad02da-5536-4f76-afdc-032221a08da4,Foot and Mouth Disease,ICD11_1F05,6,2024-10-24,2024-11-05,country_IN,India,state_29,Karnataka,district_529,Bidar,5213,3509,8722,97,76,173,0,0,0,59130,520,467,987
4518f626-5293-4b51-9063-9040412f2fb1,Foot and Mouth Disease,ICD11_1F05,6,2024-10-24,2024-11-05,country_IN,India,state_29,Karnataka,district_543,Koppal,8743,2249,10992,99,34,133,0,0,0,47631,1889,994,2883
f5a3bf9c-b4a0-4496-a57d-42a859196973,Foot and Mouth Disease,ICD11_1F05,6,2024-10-24,2024-11-05,country_IN,India,state_29,Karnataka,district_538,Kalaburagi,9195,1570,10765,66,16,82,0,0,0,96053,8145,2911,11056
bb1704dc-feaf-4281-95ce-dc7ceb2fb198,Foot and Mouth Disease,ICD11_1F05,6,2024-10-24,2024-11-05,country_IN,India,state_29,Karnataka,district_546,Raichur,8260,4195,12455,38,28,66,0,0,0,104985,60056,18152,78208
ab3671a8-d25b-4b28-933c-d08b55e54124,Foot and Mouth Disease,ICD11_1F05,6,2024-10-24,2024-11-05,country_IN,India,state_29,Karnataka,district_635,Yadgir,8363,2023,10386,143,50,193,0,0,0,63214,3954,1276,5230
583457e4-2105-4f84-94e9-533e5d594a89,Foot and Mouth Disease,ICD11_1F05,6,2024-10-24,2024-11-05,country_IN,India,state_29,Karnataka,district_738,Vijayanagar,7258,2186,9444,137,47,184,0,0,0,82050,1001,526,1527
5007deb5-653e-4b77-8b28-4aa0548118f6,Foot and Mouth Disease,ICD11_1F05,6,2024-10-21,2024-10-21,country_IN,INDIA,state_29,Karnataka,district_525,Bengaluru Urban,5393,199,5592,226,6,232,0,0,0,1079,514,82,596
e1e7e20b-8f80-4130-90b7-205f69a1b358,Foot and Mouth Disease,ICD11_1F05,6,2024-10-21,2024-10-21,country_IN,INDIA,state_29,Karnataka,district_526,Bengaluru Rural,9226,648,9874,508,19,527,0,0,0,3598,764,61,825
388def9b-51a6-4b7b-aeea-315115fe2bad,Foot and Mouth Disease,ICD11_1F05,6,2024-10-21,2024-10-21,country_IN,INDIA,state_29,Karnataka,district_533,Chitradurga,6160,2328,8488,89,20,109,0,0,0,2887,134,55,189
c4dfcf51-456e-4975-81cf-2013edd6e655,Foot and Mouth Disease,ICD11_1F05,6,2024-10-21,2024-10-21,country_IN,INDIA,state_29,Karnataka,district_630,Chikkaballapura,5066,295,5361,133,2,135,0,0,0,2502,234,14,248
7b504d85-d2b6-4447-aaaf-5af58e2be462,Foot and Mouth Disease,ICD11_1F05,6,2024-10-21,2024-10-21,country_IN,INDIA,state_29,Karnataka,district_535,Davangere,2603,554,3157,101,25,126,0,0,0,1207,170,47,217
45dfcd98-476b-4f23-9ca2-26976f7fdf00,Foot and Mouth Disease,ICD11_1F05,6,2024-10-21,2024-10-21,country_IN,INDIA,state_29,Karnataka,district_542,Kolar,8405,610,9015,252,15,267,0,0,0,4017,548,35,583
edfa0abc-404c-4a4d-9b49-12980c295364,Foot and Mouth Disease,ICD11_1F05,6,2024-10-21,2024-10-21,country_IN,INDIA,state_29,Karnataka,district_631,Ramanagara,10049,202,10251,207,4,211,0,0,0,3233,456,10,466
b95f5ea1-7285-48bb-a75c-a9ac1ba65ccb,Foot and Mouth Disease,ICD11_1F05,6,2024-10-21,2024-10-21,country_IN,INDIA,state_29,Karnataka,district_547,Shivamogga,1302,176,1478,35,2,37,0,0,0,402,41,2,43
67d07b46-9d93-452e-bc6e-3b20d5eb01d0,Foot and Mouth Disease,ICD11_1F05,6,2024-10-21,2024-10-21,country_IN,INDIA,state_29,Karnataka,district_548,Tumakuru,9560,1737,11297,325,94,419,0,0,0,4649,452,68,520
3fed497e-4ea6-44e0-b205-f961bfa70fc7,Foot and Mouth Disease,ICD11_1F05,6,2024-10-21,2024-10-21,country_IN,INDIA,state_29,Karnataka,district_531,Chamarajanagara,9838,124,9962,141,0,141,0,0,0,2725,115,0,115
f9709e8a-a8cc-4c4a-8d7d-fdae77400059,Foot and Mouth Disease,ICD11_1F05,6,2024-10-21,2024-10-21,country_IN,INDIA,state_29,Karnataka,district_532,Chikkamagaluru,3434,139,3573,45,1,46,0,0,0,1004,32,1,33
48e38bff-b4d1-468c-ab82-5a0553d8f086,Foot and Mouth Disease,ICD11_1F05,6,2024-10-21,2024-10-21,country_IN,INDIA,state_29,Karnataka,district_534,Dakshina Kannada,8088,18,8106,408,0,408,0,0,0,2911,144,0,144
cddd12ff-5969-4aa2-9ae8-b270f9d2fbf7,Foot and Mouth Disease,ICD11_1F05,6,2024-10-21,2024-10-21,country_IN,INDIA,state_29,Karnataka,district_539,Hassan,2340,81,2421,46,2,48,0,0,0,771,65,6,71
451217b1-31bf-47a7-8ef3-3a3e3d55f929,Foot and Mouth Disease,ICD11_1F05,6,2024-10-21,2024-10-21,country_IN,INDIA,state_29,Karnataka,district_541,Kodagu,1048,35,1083,33,0,33,0,0,0,252,82,0,82
e050014d-bdea-4f03-ba5f-0a8736bc49e7,Foot and Mouth Disease,ICD11_1F05,6,2024-10-21,2024-10-21,country_IN,INDIA,state_29,Karnataka,district_545,Mysuru,11340,29,11369,268,2,270,0,0,0,3774,314,2,316
cf6770b4-abcd-454b-b309-fa1f16f39041,Foot and Mouth Disease,ICD11_1F05,6,2024-10-21,2024-10-21,country_IN,INDIA,state_29,Karnataka,district_544,Mandya,12873,2479,15352,135,30,165,0,0,0,6398,237,55,292
3574bace-f8ff-4b51-aa72-f836cd4c1118,Foot and Mouth Disease,ICD11_1F05,6,2024-10-21,2024-10-21,country_IN,INDIA,state_29,Karnataka,district_549,Udupi,2485,31,2516,2,0,2,0,0,0,255,3,0,3
fabcc823-b7d1-4141-a640-4710c1df4d99,Foot and Mouth Disease,ICD11_1F05,6,2024-10-21,2024-10-21,country_IN,INDIA,state_29,Karnataka,district_527,Belagavi,6118,12010,18128,46,81,127,0,0,0,8273,22,48,70
4e7916b1-b1cf-48e1-9475-f04fea742b8c,Foot and Mouth Disease,ICD11_1F05,6,2024-10-21,2024-10-21,country_IN,INDIA,state_29,Karnataka,district_524,Bagalkote,5140,4454,9594,60,62,122,0,0,0,3584,37,33,70
1d44caae-6a7a-412f-b8ea-e037483ce7de,Foot and Mouth Disease,ICD11_1F05,6,2024-10-21,2024-10-21,country_IN,INDIA,state_29,Karnataka,district_536,Dharwad,4884,1570,6454,171,65,236,0,0,0,2489,143,53,196
c3ea07f7-4c0d-4ddc-aed4-199560f1f6dd,Foot and Mouth Disease,ICD11_1F05,6,2024-10-21,2024-10-21,country_IN,INDIA,state_29,Karnataka,district_537,Gadag,2536,1036,3572,40,30,70,0,0,0,1501,159,54,213
8dd88c5f-bd46-4100-ae23-68431ff812b7,Foot and Mouth Disease,ICD11_1F05,6,2024-10-21,2024-10-21,country_IN,INDIA,state_29,Karnataka,district_540,Haveri,7184,2274,9458,176,73,249,0,0,0,3618,330,121,451
9dcad7b0-3e5c-4e4b-9103-765e6cd3088c,Foot and Mouth Disease,ICD11_1F05,6,2024-10-21,2024-10-21,country_IN,INDIA,state_29,Karnataka,district_550,Uttara Kannada,1757,260,2017,35,4,39,0,0,0,566,61,13,74
4f90c75f-bb22-40a3-ab26-41c3328abeea,Foot and Mouth Disease,ICD11_1F05,6,2024-10-21,2024-10-21,country_IN,INDIA,state_29,Karnataka,district_530,Vijayapura,7273,6107,13380,64,74,138,0,0,0,5866,227,205,432
7975c3ed-cc0d-49c5-ae8f-d65b9381ff13,Foot and Mouth Disease,ICD11_1F05,6,2024-10-21,2024-10-21,country_IN,INDIA,state_29,Karnataka,district_528,Ballari,4250,2402,6652,24,11,35,0,0,0,2244,36,28,64
1fb915fe-c8eb-4b52-9335-91565d4ffa02,Foot and Mouth Disease,ICD11_1F05,6,2024-10-21,2024-10-21,country_IN,INDIA,state_29,Karnataka,district_529,Bidar,3231,2405,5636,226,258,484,0,0,0,2641,40,40,80
7ec60e15-990a-46dc-a5f4-c81687bb19b6,Foot and Mouth Disease,ICD11_1F05,6,2024-10-21,2024-10-21,country_IN,INDIA,state_29,Karnataka,district_543,Koppal,776,465,1241,43,34,77,0,0,0,350,31,13,44
fdfbedf3-271b-403c-abea-54189709b6d2,Foot and Mouth Disease,ICD11_1F05,6,2024-10-21,2024-10-21,country_IN,INDIA,state_29,Karnataka,district_538,Kalaburagi,19581,3227,22808,131,73,204,0,0,0,7573,707,319,1026
ad9727d6-f854-48b1-bfa0-b1dce2ed997d,Foot and Mouth Disease,ICD11_1F05,6,2024-10-21,2024-10-21,country_IN,INDIA,state_29,Karnataka,district_546,Raichur,8549,3021,11570,7,4,11,0,0,0,6997,5923,1855,7778
5630e993-b4e3-4e46-afca-347f10e6e688,Foot and Mouth Disease,ICD11_1F05,6,2024-10-21,2024-10-21,country_IN,INDIA,state_29,Karnataka,district_635,Yadgir,5372,1209,6581,34,13,47,0,0,0,2488,319,112,431
806a28e5-990f-45c7-a00c-007005a82dd5,Foot and Mouth Disease,ICD11_1F05,6,2024-10-21,2024-10-21,country_IN,INDIA,state_29,Karnataka,district_738,Vijayanagar,3828,1326,5154,86,29,115,0,0,0,3171,29,15,44
2f6ce3b0-659b-4e18-812d-69f51376fe31,Foot and Mouth Disease,ICD11_1F05,6,2024-10-21,2024-11-13,country_IN,INDIA,state_29,Karnataka,district_525,Bengaluru Urban,4249,111,4360,174,1,175,0,0,0,23966,11093,296,11389
1e9b9c04-ff1b-42a8-9e1f-e3a2b988c049,Foot and Mouth Disease,ICD11_1F05,6,2024-10-21,2024-11-13,country_IN,INDIA,state_29,Karnataka,district_526,Bengaluru Rural,124,0,124,7,0,7,0,0,0,45337,9613,601,10214
c8a5ca51-5fd1-4e38-b802-9923691fd1f9,Foot and Mouth Disease,ICD11_1F05,6,2024-10-21,2024-11-13,country_IN,INDIA,state_29,Karnataka,district_533,Chitradurga,6039,3086,9125,57,38,95,0,0,0,79689,5576,2345,7921
03d10658-2fe7-407c-aaa2-f345d48cfce9,Foot and Mouth Disease,ICD11_1F05,6,2024-10-21,2024-11-13,country_IN,INDIA,state_29,Karnataka,district_630,Chikkaballapura,2958,144,3102,27,0,27,0,0,0,59259,6329,572,6901
5072f710-cf7c-45ee-b019-99c5a99ee0aa,Foot and Mouth Disease,ICD11_1F05,6,2024-10-21,2024-11-13,country_IN,INDIA,state_29,Karnataka,district_535,Davangere,8440,2758,11198,381,118,499,0,0,0,70608,9369,2435,11804
5cc28655-f691-4a99-a5c6-e69646d8b570,Foot and Mouth Disease,ICD11_1F05,6,2024-10-21,2024-11-13,country_IN,INDIA,state_29,Karnataka,district_542,Kolar,3529,70,3599,150,0,150,0,0,0,89914,14587,1005,15592
008a18aa-6780-4ab0-890c-74bea70e1541,Foot and Mouth Disease,ICD11_1F05,6,2024-10-21,2024-11-13,country_IN,INDIA,state_29,Karnataka,district_631,Ramanagara,4448,100,4548,76,1,77,0,0,0,60450,11207,324,11531
f04cebf5-16a1-4a9a-b3c7-525594573d04,Foot and Mouth Disease,ICD11_1F05,6,2024-10-21,2024-11-13,country_IN,INDIA,state_29,Karnataka,district_547,Shivamogga,13564,3923,17487,128,28,156,0,0,0,97574,2062,207,2269
9db2adf7-742f-4bc5-b342-656d085f47ab,Foot and Mouth Disease,ICD11_1F05,6,2024-10-21,2024-11-13,country_IN,INDIA,state_29,Karnataka,district_548,Tumakuru,11407,3045,14452,255,63,318,0,0,0,168247,10966,2278,13244
bd290913-5131-4c33-8e56-577590a299d1,Foot and Mouth Disease,ICD11_1F05,6,2024-10-21,2024-11-13,country_IN,INDIA,state_29,Karnataka,district_531,Chamarajanagara,9561,189,9750,43,4,47,0,0,0,50638,3975,125,4100
6f13754f-d0ce-4043-a94d-e3bd76139d4a,Foot and Mouth Disease,ICD11_1F05,6,2024-10-21,2024-11-13,country_IN,INDIA,state_29,Karnataka,district_532,Chikkamagaluru,11773,801,12574,79,2,81,0,0,0,67467,4752,214,4966
f17b71df-57dd-4fb0-9c35-3ce45764d0f6,Foot and Mouth Disease,ICD11_1F05,6,2024-10-21,2024-11-13,country_IN,INDIA,state_29,Karnataka,district_534,Dakshina Kannada,5751,4,5755,160,0,160,0,0,0,58139,9575,44,9619
71a3748c-3077-409c-a1ba-112b7dd4fc15,Foot and Mouth Disease,ICD11_1F05,6,2024-10-21,2024-11-13,country_IN,INDIA,state_29,Karnataka,district_539,Hassan,9798,694,10492,140,7,147,0,0,0,179927,11283,834,12117
145224a1-3f60-4969-8d5e-da8ac937e483,Foot and Mouth Disease,ICD11_1F05,6,2024-10-21,2024-11-13,country_IN,INDIA,state_29,Karnataka,district_541,Kodagu,2403,108,2511,84,0,84,0,0,0,11002,2610,32,2642
0d0f8354-0e1e-44ab-870a-ba16645c35c2,Foot and Mouth Disease,ICD11_1F05,6,2024-10-21,2024-11-13,country_IN,INDIA,state_29,Karnataka,district_545,Mysuru,15511,790,16301,359,37,396,0,0,0,135080,8721,147,8868
377d0506-24a3-4a22-b1ae-900f593c1daa,Foot and Mouth Disease,ICD11_1F05,6,2024-10-21,2024-11-13,country_IN,INDIA,state_29,Karnataka,district_544,Mandya,5768,1880,7648,77,7,84,0,0,0,165488,8125,1548,9673
5445c69f-1370-4537-bee1-872a5322ac0b,Foot and Mouth Disease,ICD11_1F05,6,2024-10-21,2024-11-13,country_IN,INDIA,state_29,Karnataka,district_549,Udupi,8188,51,8239,71,0,71,0,0,0,45055,1526,0,1526
95e0160b-6a15-485d-8445-a98f30abe89e,Foot and Mouth Disease,ICD11_1F05,6,2024-10-21,2024-11-13,country_IN,INDIA,state_29,Karnataka,district_527,Belagavi,11385,16729,28114,63,103,166,0,0,0,475516,1078,1282,2360
bfd2a0f0-64e6-4d35-aa24-68cb9e5a27b7,Foot and Mouth Disease,ICD11_1F05,6,2024-10-21,2024-11-13,country_IN,INDIA,state_29,Karnataka,district_524,Bagalkote,3083,3566,6649,49,120,169,0,0,0,133696,1544,2376,3920
d692e497-fb06-4a19-a246-aac25964ee88,Foot and Mouth Disease,ICD11_1F05,6,2024-10-21,2024-11-13,country_IN,INDIA,state_29,Karnataka,district_536,Dharwad,3810,1632,5442,53,23,76,0,0,0,51545,2489,885,3374
17799e39-627b-41e8-9373-f784459c61a8,Foot and Mouth Disease,ICD11_1F05,6,2024-10-21,2024-11-13,country_IN,INDIA,state_29,Karnataka,district_537,Gadag,2353,1114,3467,39,26,65,0,0,0,57085,2763,1205,3968
646e732b-53ad-42b6-b648-6693e6dbf826,Foot and Mouth Disease,ICD11_1F05,6,2024-10-21,2024-11-13,country_IN,INDIA,state_29,Karnataka,district_540,Haveri,5624,1800,7424,156,57,213,0,0,0,93539,10491,2246,12737
f4c4f766-ede6-4e46-b39a-43853876e09d,Foot and Mouth Disease,ICD11_1F05,6,2024-10-21,2024-11-13,country_IN,INDIA,state_29,Karnataka,district_550,Uttara Kannada,10435,1981,12416,43,4,47,0,0,0,58988,3004,561,3565
36d7998b-932e-4b46-97a9-c3ed50ce7cf0,Foot and Mouth Disease,ICD11_1F05,6,2024-10-21,2024-11-13,country_IN,INDIA,state_29,Karnataka,district_530,Vijayapura,3087,3709,6796,41,45,86,0,0,0,124900,4307,3424,7731
c8464a27-cb77-4a2f-82f9-6374081bd824,Foot and Mouth Disease,ICD11_1F05,6,2024-10-21,2024-11-13,country_IN,INDIA,state_29,Karnataka,district_528,Ballari,376,222,598,0,0,0,0,0,0,47485,946,920,1866
fbd1c1c9-8054-4272-bd3e-c5261f516a8c,Foot and Mouth Disease,ICD11_1F05,6,2024-10-21,2024-11-13,country_IN,INDIA,state_29,Karnataka,district_529,Bidar,2937,1540,4477,51,31,82,0,0,0,82873,684,652,1336
54f37852-3464-453d-9400-0f0417671f9e,Foot and Mouth Disease,ICD11_1F05,6,2024-10-21,2024-11-13,country_IN,INDIA,state_29,Karnataka,district_543,Koppal,7508,1802,9310,77,29,106,0,0,0,72422,2582,1434,4016
2e6f01a5-7274-4026-9641-87324b57500a,Foot and Mouth Disease,ICD11_1F05,6,2024-10-21,2024-11-13,country_IN,INDIA,state_29,Karnataka,district_538,Kalaburagi,4525,505,5030,16,2,18,0,0,0,115987,9154,3175,12329
b4f42df5-4a81-4a5f-9b04-168fa9f615ea,Foot and Mouth Disease,ICD11_1F05,6,2024-10-21,2024-11-13,country_IN,INDIA,state_29,Karnataka,district_546,Raichur,1772,844,2616,83,6,89,0,0,0,141722,73797,22459,96256
ec24d305-adfc-4087-b3f2-6a2ab1712e67,Foot and Mouth Disease,ICD11_1F05,6,2024-10-21,2024-11-13,country_IN,INDIA,state_29,Karnataka,district_635,Yadgir,1104,623,1727,13,4,17,0,0,0,84626,5693,1744,7437
fae2c057-a02e-4f46-a8a2-661d221c6049,Foot and Mouth Disease,ICD11_1F05,6,2024-10-21,2024-11-13,country_IN,INDIA,state_29,Karnataka,district_738,Vijayanagar,2336,1071,3407,80,42,122,0,0,0,100490,1308,654,1962
704446e6-f01d-48de-9e13-1a75dfb799ce,Foot and Mouth Disease,ICD11_1F05,6,2024-10-21,2024-10-28,country_IN,INDIA,state_29,Karnataka,district_525,Bengaluru Urban,8003,99,8102,521,9,530,0,0,0,10124,4757,188,4945
2c4b35d6-0c89-4222-b365-abbf25a72dd3,Foot and Mouth Disease,ICD11_1F05,6,2024-10-21,2024-10-28,country_IN,INDIA,state_29,Karnataka,district_526,Bengaluru Rural,12134,605,12739,547,14,561,0,0,0,25764,5559,387,5946
5bac3af9-9ac3-436b-ad4c-cf389796b9a7,Foot and Mouth Disease,ICD11_1F05,6,2024-10-21,2024-10-28,country_IN,INDIA,state_29,Karnataka,district_533,Chitradurga,8151,3090,11241,69,33,102,0,0,0,31735,1842,821,2663
8daf27e9-5b37-4521-b499-09b451197a46,Foot and Mouth Disease,ICD11_1F05,6,2024-10-21,2024-10-28,country_IN,INDIA,state_29,Karnataka,district_630,Chikkaballapura,7282,472,7754,189,6,195,0,0,0,24678,2453,192,2645
a9e64149-f30f-4cb4-b034-227eb3c180ef,Foot and Mouth Disease,ICD11_1F05,6,2024-10-21,2024-10-28,country_IN,INDIA,state_29,Karnataka,district_535,Davangere,9308,2949,12257,365,102,467,0,0,0,22157,3146,762,3908
72a9c6ba-2b39-4e3f-8c71-a2aece9a65cd,Foot and Mouth Disease,ICD11_1F05,6,2024-10-21,2024-10-28,country_IN,INDIA,state_29,Karnataka,district_542,Kolar,15316,1033,16349,575,32,607,0,0,0,47681,8034,515,8549
f1ccc37c-db78-4f9c-bb8b-45e771d860ba,Foot and Mouth Disease,ICD11_1F05,6,2024-10-21,2024-10-28,country_IN,INDIA,state_29,Karnataka,district_631,Ramanagara,10285,369,10654,307,13,320,0,0,0,24811,4246,154,4400
72a2391c-9f2d-4b87-82b5-78e22696791e,Foot and Mouth Disease,ICD11_1F05,6,2024-10-21,2024-10-28,country_IN,INDIA,state_29,Karnataka,district_547,Shivamogga,20332,3110,23442,429,97,526,0,0,0,29105,1036,92,1128
97305887-750a-436a-8d9f-6dcee46daf9c,Foot and Mouth Disease,ICD11_1F05,6,2024-10-21,2024-10-28,country_IN,INDIA,state_29,Karnataka,district_548,Tumakuru,20240,4899,25139,657,213,870,0,0,0,65544,4968,1051,6019
c79e555f-426b-4be7-b7ed-ea6e5b46d29f,Foot and Mouth Disease,ICD11_1F05,6,2024-10-21,2024-10-28,country_IN,INDIA,state_29,Karnataka,district_531,Chamarajanagara,8897,530,9427,83,1,84,0,0,0,20355,1968,47,2015
f01473e8-43d9-46ff-9206-4b21a4c76dd1,Foot and Mouth Disease,ICD11_1F05,6,2024-10-21,2024-10-28,country_IN,INDIA,state_29,Karnataka,district_532,Chikkamagaluru,14056,906,14962,158,6,164,0,0,0,18001,1100,73,1173
007ca28b-ec02-457b-a93a-361f3e4fd0d1,Foot and Mouth Disease,ICD11_1F05,6,2024-10-21,2024-10-28,country_IN,INDIA,state_29,Karnataka,district_534,Dakshina Kannada,10813,22,10835,288,0,288,0,0,0,22843,2640,8,2648
5f568eca-9c62-4a30-bcf6-ff181ede1f81,Foot and Mouth Disease,ICD11_1F05,6,2024-10-21,2024-10-28,country_IN,INDIA,state_29,Karnataka,district_539,Hassan,34497,5020,39517,398,43,441,0,0,0,62250,2969,207,3176
c68c53a9-cefd-4e53-b0bb-8b684867c6a0,Foot and Mouth Disease,ICD11_1F05,6,2024-10-21,2024-10-28,country_IN,INDIA,state_29,Karnataka,district_541,Kodagu,2138,72,2210,44,1,45,0,0,0,2988,817,18,835
7d1eba04-bc47-4dd1-b513-dedc57f7d1d0,Foot and Mouth Disease,ICD11_1F05,6,2024-10-21,2024-10-28,country_IN,INDIA,state_29,Karnataka,district_545,Mysuru,19854,738,20592,363,24,387,0,0,0,44800,2937,65,3002
55ef92b8-5eb3-40c2-b68a-963ccdced051,Foot and Mouth Disease,ICD11_1F05,6,2024-10-21,2024-10-28,country_IN,INDIA,state_29,Karnataka,district_544,Mandya,20619,5005,25624,395,83,478,0,0,0,63867,3332,592,3924
6a147a1d-6aec-4971-922a-923091b5f925,Foot and Mouth Disease,ICD11_1F05,6,2024-10-21,2024-10-28,country_IN,INDIA,state_29,Karnataka,district_549,Udupi,9985,17,10002,45,0,45,0,0,0,12120,411,0,411
38e739f1-38b2-4d34-a2ad-9634fb7fdb2d,Foot and Mouth Disease,ICD11_1F05,6,2024-10-21,2024-10-28,country_IN,INDIA,state_29,Karnataka,district_527,Belagavi,28228,40033,68261,291,363,654,0,0,0,177820,512,499,1011
e1b09edb-ba85-45ba-b354-9668493cb24c,Foot and Mouth Disease,ICD11_1F05,6,2024-10-21,2024-10-28,country_IN,INDIA,state_29,Karnataka,district_524,Bagalkote,12823,13163,25986,200,240,440,0,0,0,55114,493,746,1239
20d355ce-bde5-4c1e-9791-4f320afbb4f1,Foot and Mouth Disease,ICD11_1F05,6,2024-10-21,2024-10-28,country_IN,INDIA,state_29,Karnataka,district_536,Dharwad,7299,2144,9443,172,46,218,0,0,0,23026,1314,459,1773
da27c4bc-3e20-4041-acc1-e3b72f386699,Foot and Mouth Disease,ICD11_1F05,6,2024-10-21,2024-10-28,country_IN,INDIA,state_29,Karnataka,district_537,Gadag,4931,1932,6863,71,67,138,0,0,0,19998,1148,561,1709
ca82b34f-cb59-4743-8e7f-4685ecbc7a07,Foot and Mouth Disease,ICD11_1F05,6,2024-10-21,2024-10-28,country_IN,INDIA,state_29,Karnataka,district_540,Haveri,12875,4190,17065,355,94,449,0,0,0,41027,4029,971,5000
68b13a82-c97a-4bba-b8ff-46878905d9ff,Foot and Mouth Disease,ICD11_1F05,6,2024-10-21,2024-10-28,country_IN,INDIA,state_29,Karnataka,district_550,Uttara Kannada,11935,2118,14053,95,17,112,0,0,0,16487,1027,160,1187
335c9401-c5fd-483d-b650-7bda725f4f5a,Foot and Mouth Disease,ICD11_1F05,6,2024-10-21,2024-10-28,country_IN,INDIA,state_29,Karnataka,district_530,Vijayapura,10144,9480,19624,99,89,188,0,0,0,56074,1818,1620,3438
fcd1fef9-b669-4a24-b672-3615d8d171b6,Foot and Mouth Disease,ICD11_1F05,6,2024-10-21,2024-10-28,country_IN,INDIA,state_29,Karnataka,district_528,Ballari,5295,3122,8417,53,30,83,0,0,0,20748,375,353,728
6f4271da-a3cc-4a0e-88ba-88c358d6a90a,Foot and Mouth Disease,ICD11_1F05,6,2024-10-21,2024-10-28,country_IN,INDIA,state_29,Karnataka,district_529,Bidar,9783,6351,16134,101,96,197,0,0,0,36032,292,256,548
4bc01ddb-fe55-4a12-a622-b5696643f349,Foot and Mouth Disease,ICD11_1F05,6,2024-10-21,2024-10-28,country_IN,INDIA,state_29,Karnataka,district_543,Koppal,18108,4288,22396,190,73,263,0,0,0,21313,1065,531,1596
efd8fcdc-5b99-4c1e-942d-d982373e1eb8,Foot and Mouth Disease,ICD11_1F05,6,2024-10-21,2024-10-28,country_IN,INDIA,state_29,Karnataka,district_538,Kalaburagi,17253,3317,20570,120,47,167,0,0,0,60749,5736,2183,7919
6ceae5f1-c130-4505-a5b1-7ef60216048e,Foot and Mouth Disease,ICD11_1F05,6,2024-10-21,2024-10-28,country_IN,INDIA,state_29,Karnataka,district_546,Raichur,16038,5185,21223,31,8,39,0,0,0,61714,44636,13199,57835
ffd9cec1-b48e-43ff-b503-101ecbe0723a,Foot and Mouth Disease,ICD11_1F05,6,2024-10-21,2024-10-28,country_IN,INDIA,state_29,Karnataka,district_635,Yadgir,11656,2531,14187,192,78,270,0,0,0,35303,2375,775,3150
184db01a-27ff-487f-a3d2-3dc1d931304c,Foot and Mouth Disease,ICD11_1F05,6,2024-10-21,2024-10-28,country_IN,INDIA,state_29,Karnataka,district_738,Vijayanagar,9030,2967,11997,134,84,218,0,0,0,48678,604,286,890
f1608906-fcf7-4733-a5fa-4654a85d3e62,Foot and Mouth Disease,ICD11_1F05,6,2024-10-21,2024-11-16,country_IN,INDIA,state_29,Karnataka,district_525,Bengaluru Urban,2490,17,2507,73,0,73,0,0,0,25675,12219,334,12553
07428279-7194-438a-a47d-08758fe4af74,Foot and Mouth Disease,ICD11_1F05,6,2024-10-21,2024-11-16,country_IN,INDIA,state_29,Karnataka,district_526,Bengaluru Rural,99,5,104,0,0,0,0,0,0,45972,9661,601,10262
c6e8f73b-2ee6-453d-86e7-2cfd0dbef40d,Foot and Mouth Disease,ICD11_1F05,6,2024-10-21,2024-11-16,country_IN,INDIA,state_29,Karnataka,district_533,Chitradurga,4025,1922,5947,25,20,45,0,0,0,86209,6423,2751,9174
dc25e2c2-8bcd-4640-ad25-ccbc00735ca9,Foot and Mouth Disease,ICD11_1F05,6,2024-10-21,2024-11-16,country_IN,INDIA,state_29,Karnataka,district_630,Chikkaballapura,1792,211,2003,16,2,18,0,0,0,62654,6804,610,7414
2845a917-6ca6-4571-9e4c-df7425ee50f7,Foot and Mouth Disease,ICD11_1F05,6,2024-10-21,2024-11-16,country_IN,INDIA,state_29,Karnataka,district_535,Davangere,5129,1679,6808,171,38,209,0,0,0,78150,10577,2726,13303
e5acfe73-4cd5-4d81-ba25-ae81fed19491,Foot and Mouth Disease,ICD11_1F05,6,2024-10-21,2024-11-16,country_IN,INDIA,state_29,Karnataka,district_542,Kolar,953,19,972,37,0,37,0,0,0,91310,15738,1034,16772
8377b990-8763-41da-ac3c-bc587703e8ea,Foot and Mouth Disease,ICD11_1F05,6,2024-10-21,2024-11-16,country_IN,INDIA,state_29,Karnataka,district_631,Ramanagara,5043,150,5193,130,4,134,0,0,0,67046,12539,345,12884
68aed8b9-01f7-4f5d-88d8-02bd522adc94,Foot and Mouth Disease,ICD11_1F05,6,2024-10-21,2024-11-16,country_IN,INDIA,state_29,Karnataka,district_548,Tumakuru,6205,1413,7618,207,21,228,0,0,0,180548,11607,2387,13994
a9d248f5-4cae-4392-b433-e94cdd91eba8,Foot and Mouth Disease,ICD11_1F05,6,2024-10-21,2024-11-16,country_IN,INDIA,state_29,Karnataka,district_531,Chamarajanagara,4388,5,4393,19,0,19,0,0,0,55150,4070,125,4195
f68487e2-90b5-468d-971d-97b5f7de0f7a,Foot and Mouth Disease,ICD11_1F05,6,2024-10-21,2024-11-16,country_IN,INDIA,state_29,Karnataka,district_532,Chikkamagaluru,4965,399,5364,36,18,54,0,0,0,73243,5170,215,5385
2bbc1d04-c681-488a-9a78-79b9081bf25d,Foot and Mouth Disease,ICD11_1F05,6,2024-10-21,2024-11-16,country_IN,INDIA,state_29,Karnataka,district_534,Dakshina Kannada,2841,25,2866,124,0,124,0,0,0,62178,10265,63,10328
4c2721a0-d085-4c16-b00c-3133723ac15f,Foot and Mouth Disease,ICD11_1F05,6,2024-10-21,2024-11-16,country_IN,INDIA,state_29,Karnataka,district_539,Hassan,18723,2884,21607,243,15,258,0,0,0,198906,13696,1009,14705
be0c51fa-c2a9-441d-b1c8-ab81366ca4d3,Foot and Mouth Disease,ICD11_1F05,6,2024-10-21,2024-11-16,country_IN,INDIA,state_29,Karnataka,district_541,Kodagu,1780,169,1949,52,2,54,0,0,0,12222,2834,44,2878
bd45a6cd-5be2-41be-91f9-f9c3b5e6e54d,Foot and Mouth Disease,ICD11_1F05,6,2024-10-21,2024-11-16,country_IN,INDIA,state_29,Karnataka,district_545,Mysuru,8872,90,8962,187,0,187,0,0,0,149568,9494,149,9643
e6191012-9eac-4e29-a172-4be7f5ed6085,Foot and Mouth Disease,ICD11_1F05,6,2024-10-21,2024-11-16,country_IN,INDIA,state_29,Karnataka,district_544,Mandya,2121,453,2574,16,1,17,0,0,0,173037,8631,1673,10304
47ab5cb4-5d6d-4011-bf6e-c847cff2fdcb,Foot and Mouth Disease,ICD11_1F05,6,2024-10-21,2024-11-16,country_IN,INDIA,state_29,Karnataka,district_549,Udupi,3635,13,3648,60,0,60,0,0,0,50210,1632,20,1652
25dcdc6d-ec4c-4d30-9e33-26daad39b87c,Foot and Mouth Disease,ICD11_1F05,6,2024-10-21,2024-11-16,country_IN,INDIA,state_29,Karnataka,district_527,Belagavi,23580,38565,62145,173,198,371,0,0,0,530251,1086,1296,2382
38821795-f413-479b-8f19-e51dcbe7b6c3,Foot and Mouth Disease,ICD11_1F05,6,2024-10-21,2024-11-16,country_IN,INDIA,state_29,Karnataka,district_524,Bagalkote,1136,1159,2295,159,201,360,0,0,0,138069,1569,2437,4006
0c558f08-04aa-4f1c-b66f-38ed8868581a,Foot and Mouth Disease,ICD11_1F05,6,2024-10-21,2024-11-16,country_IN,INDIA,state_29,Karnataka,district_536,Dharwad,448,186,634,15,9,24,0,0,0,53385,2559,905,3464
a35dfb0a-5515-4efa-b1ad-2fce166822f3,Foot and Mouth Disease,ICD11_1F05,6,2024-10-21,2024-11-16,country_IN,INDIA,state_29,Karnataka,district_537,Gadag,4273,1110,5383,6,6,12,0,0,0,61148,2799,1212,4011
8641c274-c3e7-4491-a83d-e5d3e763b4bb,Foot and Mouth Disease,ICD11_1F05,6,2024-10-21,2024-11-16,country_IN,INDIA,state_29,Karnataka,district_540,Haveri,3468,1266,4734,121,40,161,0,0,0,99158,11192,2625,13817
e5758615-2b56-4d81-98e5-7a6fdc05990e,Foot and Mouth Disease,ICD11_1F05,6,2024-10-21,2024-11-16,country_IN,INDIA,state_29,Karnataka,district_550,Uttara Kannada,14420,2364,16784,114,12,126,0,0,0,70423,3482,632,4114
032b27dd-3dd8-49e7-9e8f-bd28e89ed0d7,Foot and Mouth Disease,ICD11_1F05,6,2024-10-21,2024-11-16,country_IN,INDIA,state_29,Karnataka,district_530,Vijayapura,2372,2531,4903,25,21,46,0,0,0,134686,5075,4198,9273
af6e48c7-5a92-42f1-a5fa-85a719f710d8,Foot and Mouth Disease,ICD11_1F05,6,2024-10-21,2024-11-16,country_IN,INDIA,state_29,Karnataka,district_528,Ballari,8,6,14,0,0,0,0,0,0,48564,996,939,1935
18f5063f-c49e-4d16-9153-2b5b07265dc0,Foot and Mouth Disease,ICD11_1F05,6,2024-10-21,2024-11-16,country_IN,INDIA,state_29,Karnataka,district_529,Bidar,529,450,979,7,6,13,0,0,0,87425,715,666,1381
cbd5a1da-ad55-4c07-956d-18856f671006,Foot and Mouth Disease,ICD11_1F05,6,2024-10-21,2024-11-16,country_IN,INDIA,state_29,Karnataka,district_543,Koppal,6114,1621,7735,136,58,194,0,0,0,80378,2779,1548,4327
04704e41-f498-4b2c-bb5a-bf246fb8b973,Foot and Mouth Disease,ICD11_1F05,6,2024-10-21,2024-11-16,country_IN,INDIA,state_29,Karnataka,district_538,Kalaburagi,3028,323,3351,12,2,14,0,0,0,122038,9638,3438,13076
fcec144c-8113-4f4d-8ee9-63a44c543db0,Foot and Mouth Disease,ICD11_1F05,6,2024-10-21,2024-11-16,country_IN,INDIA,state_29,Karnataka,district_546,Raichur,206,804,1010,0,0,0,0,0,0,147070,74587,22845,97432
39bf757f-32f5-417d-9933-5026a4f2a83f,Foot and Mouth Disease,ICD11_1F05,6,2024-10-21,2024-11-16,country_IN,INDIA,state_29,Karnataka,district_635,Yadgir,489,90,579,0,0,0,0,0,0,85100,5693,1744,7437
13b736a9-b1d9-474c-9f15-98e928d5cf70,Foot and Mouth Disease,ICD11_1F05,6,2024-10-21,2024-11-16,country_IN,INDIA,state_29,Karnataka,district_738,Vijayanagar,2900,874,3774,46,25,71,0,0,0,104550,1462,755,2217
490a9e4b-b04f-4c3f-8bf9-b024a5f2ca54,Foot and Mouth Disease,ICD11_1F05,6,2024-10-21,2024-11-07,country_IN,INDIA,state_29,Karnataka,district_525,Bengaluru Urban,6112,93,6205,214,2,216,0,0,0,20226,9379,259,9638
c80589d8-2767-4d98-a6ff-f89501f94dc5,Foot and Mouth Disease,ICD11_1F05,6,2024-10-21,2024-11-07,country_IN,INDIA,state_29,Karnataka,district_526,Bengaluru Rural,3790,210,4000,126,1,127,0,0,0,43213,8962,582,9544
b4799538-fc30-41dd-b14e-4c8acf36c4a9,Foot and Mouth Disease,ICD11_1F05,6,2024-10-21,2024-11-07,country_IN,INDIA,state_29,Karnataka,district_533,Chitradurga,7263,3613,10876,106,49,155,0,0,0,65639,4461,1909,6370
f231ac90-2bcc-4da2-858f-c9ce84ffccd4,Foot and Mouth Disease,ICD11_1F05,6,2024-10-21,2024-11-07,country_IN,INDIA,state_29,Karnataka,district_630,Chikkaballapura,6339,481,6820,120,22,142,0,0,0,46825,4681,388,5069
0fd62ede-0a80-433a-903d-f00c68dc4975,Foot and Mouth Disease,ICD11_1F05,6,2024-10-21,2024-11-07,country_IN,INDIA,state_29,Karnataka,district_535,Davangere,7874,2243,10117,327,80,407,0,0,0,52403,6958,1821,8779
339d7dba-33fa-4bba-8968-c4f854179120,Foot and Mouth Disease,ICD11_1F05,6,2024-10-21,2024-11-07,country_IN,INDIA,state_29,Karnataka,district_542,Kolar,3438,420,3858,155,30,185,0,0,0,80548,13203,932,14135
79f17a53-db9b-4d04-9c6e-2e7b88c8b675,Foot and Mouth Disease,ICD11_1F05,6,2024-10-21,2024-11-07,country_IN,INDIA,state_29,Karnataka,district_631,Ramanagara,14404,346,14750,514,4,518,0,0,0,49194,9023,265,9288
1d89bd97-03a5-495c-9fe5-79af120c945a,Foot and Mouth Disease,ICD11_1F05,6,2024-10-21,2024-11-07,country_IN,INDIA,state_29,Karnataka,district_547,Shivamogga,15443,3177,18620,345,79,424,0,0,0,66678,1775,163,1938
cfb23f82-15b6-4ba3-a78c-7d65e6fb73a0,Foot and Mouth Disease,ICD11_1F05,6,2024-10-21,2024-11-07,country_IN,INDIA,state_29,Karnataka,district_548,Tumakuru,17275,4751,22026,387,71,458,0,0,0,134869,8866,1871,10737
c5b88272-3a98-4c01-822a-e479516bade7,Foot and Mouth Disease,ICD11_1F05,6,2024-10-21,2024-11-07,country_IN,INDIA,state_29,Karnataka,district_531,Chamarajanagara,8610,35,8645,77,0,77,0,0,0,40978,3439,89,3528
c83ab429-5d8d-4e37-81ed-00864e34d792,Foot and Mouth Disease,ICD11_1F05,6,2024-10-21,2024-11-07,country_IN,INDIA,state_29,Karnataka,district_532,Chikkamagaluru,10381,1165,11546,74,7,81,0,0,0,50097,3064,191,3255
ad96c1f3-41bf-40d0-ac2e-4e3079ecc7f5,Foot and Mouth Disease,ICD11_1F05,6,2024-10-21,2024-11-07,country_IN,INDIA,state_29,Karnataka,district_534,Dakshina Kannada,10599,15,10614,291,0,291,0,0,0,46821,7402,37,7439
8f670244-e59f-4a2d-803d-a84cb24fb4c8,Foot and Mouth Disease,ICD11_1F05,6,2024-10-21,2024-11-07,country_IN,INDIA,state_29,Karnataka,district_539,Hassan,18059,2675,20734,291,19,310,0,0,0,144713,9257,754,10011
6e98f9e6-3e29-472d-8faf-71e482a80ec0,Foot and Mouth Disease,ICD11_1F05,6,2024-10-21,2024-11-07,country_IN,INDIA,state_29,Karnataka,district_541,Kodagu,2036,88,2124,38,0,38,0,0,0,7299,1908,25,1933
2fac4829-fcee-4c0c-8a40-5ee2ebf8fd82,Foot and Mouth Disease,ICD11_1F05,6,2024-10-21,2024-11-07,country_IN,INDIA,state_29,Karnataka,district_545,Mysuru,18850,319,19169,293,2,295,0,0,0,99889,6533,98,6631
14bff79f-532b-4aea-8740-79a74f77c240,Foot and Mouth Disease,ICD11_1F05,6,2024-10-21,2024-11-07,country_IN,INDIA,state_29,Karnataka,district_544,Mandya,15389,3541,18930,225,48,273,0,0,0,136935,6585,1205,7790
93cd2535-891c-4557-865f-2058b1dfb77e,Foot and Mouth Disease,ICD11_1F05,6,2024-10-21,2024-11-07,country_IN,INDIA,state_29,Karnataka,district_549,Udupi,6220,0,6220,52,0,52,0,0,0,32787,1099,0,1099
2373b210-d26c-41f2-a3f1-0e62aee3aa07,Foot and Mouth Disease,ICD11_1F05,6,2024-10-21,2024-11-07,country_IN,INDIA,state_29,Karnataka,district_527,Belagavi,16431,27713,44144,82,138,220,0,0,0,376528,940,1009,1949
19973ac6-11a0-4ce2-a027-4b31a7127e78,Foot and Mouth Disease,ICD11_1F05,6,2024-10-21,2024-11-07,country_IN,INDIA,state_29,Karnataka,district_524,Bagalkote,8734,9723,18457,141,173,314,0,0,0,112798,1228,1906,3134
17ac8772-1f79-4556-af55-03f7c988c1d8,Foot and Mouth Disease,ICD11_1F05,6,2024-10-21,2024-11-07,country_IN,INDIA,state_29,Karnataka,district_536,Dharwad,2500,934,3434,54,14,68,0,0,0,43211,2261,795,3056
927323dd-38a0-4a2b-8e28-38f440ee35d9,Foot and Mouth Disease,ICD11_1F05,6,2024-10-21,2024-11-07,country_IN,INDIA,state_29,Karnataka,district_537,Gadag,3977,2132,6109,83,42,125,0,0,0,44611,2315,1026,3341
7fa2bfe2-27d8-40e0-8ca5-3ed6125e9a13,Foot and Mouth Disease,ICD11_1F05,6,2024-10-21,2024-11-07,country_IN,INDIA,state_29,Karnataka,district_540,Haveri,9486,3041,12527,238,85,323,0,0,0,77282,8053,1803,9856
d1c10e48-aceb-49d9-8434-759332b3f657,Foot and Mouth Disease,ICD11_1F05,6,2024-10-21,2024-11-07,country_IN,INDIA,state_29,Karnataka,district_550,Uttara Kannada,11467,2218,13685,69,13,82,0,0,0,39717,2211,411,2622
32e73ddd-3a7c-42f0-9e48-2cac2c1012b6,Foot and Mouth Disease,ICD11_1F05,6,2024-10-21,2024-11-07,country_IN,INDIA,state_29,Karnataka,district_530,Vijayapura,6303,5325,11628,98,73,171,0,0,0,101232,3808,3025,6833
8d1e597c-16ca-4107-a9d5-6abad703cabf,Foot and Mouth Disease,ICD11_1F05,6,2024-10-21,2024-11-07,country_IN,INDIA,state_29,Karnataka,district_528,Ballari,1833,1328,3161,9,13,22,0,0,0,41658,813,800,1613
3bbabc5d-fd7f-4c07-b50c-5a4cf8fda306,Foot and Mouth Disease,ICD11_1F05,6,2024-10-21,2024-11-07,country_IN,INDIA,state_29,Karnataka,district_529,Bidar,4547,3191,7738,73,46,119,0,0,0,66169,563,551,1114
35956f8b-5f2b-45f4-86b2-9cfec28f65ac,Foot and Mouth Disease,ICD11_1F05,6,2024-10-21,2024-11-07,country_IN,INDIA,state_29,Karnataka,district_543,Koppal,17754,3945,21699,65,25,90,0,0,0,58144,2103,1138,3241
e7d94107-1192-420a-ad1f-753bd850cf78,Foot and Mouth Disease,ICD11_1F05,6,2024-10-21,2024-11-07,country_IN,INDIA,state_29,Karnataka,district_538,Kalaburagi,9170,1809,10979,53,15,68,0,0,0,104266,8750,3067,11817
a7b23c86-c05c-4687-9cfb-530c98de1b68,Foot and Mouth Disease,ICD11_1F05,6,2024-10-21,2024-11-07,country_IN,INDIA,state_29,Karnataka,district_546,Raichur,11518,4098,15616,73,21,94,0,0,0,116631,65131,19796,84927
2ad0b057-2914-4c9a-9e3d-cb454453e1ca,Foot and Mouth Disease,ICD11_1F05,6,2024-10-21,2024-11-07,country_IN,INDIA,state_29,Karnataka,district_635,Yadgir,7787,2046,9833,107,32,139,0,0,0,74440,5046,1550,6596
ec0f10cf-a50c-4cfe-a4a5-75a0695cb764,Foot and Mouth Disease,ICD11_1F05,6,2024-10-21,2024-11-07,country_IN,INDIA,state_29,Karnataka,district_738,Vijayanagar,8984,3930,12914,959,33,992,0,0,0,90247,1053,548,1601
c67bb2ea-7bea-4c13-8b8e-4a6c8693c150,Foot and Mouth Disease,ICD11_1F05,6,2024-10-21,2024-10-22,country_IN,INDIA,state_29,Karnataka,district_525,Bengaluru Urban,6138,99,6237,230,6,236,0,0,0,2333,1103,92,1195
5ba2e7fa-4251-4667-af95-efb2b5b58664,Foot and Mouth Disease,ICD11_1F05,6,2024-10-21,2024-10-22,country_IN,INDIA,state_29,Karnataka,district_526,Bengaluru Rural,9915,661,10576,384,23,407,0,0,0,6997,1527,118,1645
3a931841-13ec-40a2-84bd-dfaae10ab3b2,Foot and Mouth Disease,ICD11_1F05,6,2024-10-21,2024-10-22,country_IN,INDIA,state_29,Karnataka,district_533,Chitradurga,9204,3396,12600,208,62,270,0,0,0,7872,441,202,643
a0e617d6-5812-4849-9ad8-5ea60d6556be,Foot and Mouth Disease,ICD11_1F05,6,2024-10-21,2024-10-22,country_IN,INDIA,state_29,Karnataka,district_630,Chikkaballapura,8851,614,9465,222,15,237,0,0,0,6708,667,47,714
38768836-6c76-43e9-9477-85e8741bec19,Foot and Mouth Disease,ICD11_1F05,6,2024-10-21,2024-10-22,country_IN,INDIA,state_29,Karnataka,district_535,Davangere,6048,1548,7596,227,65,292,0,0,0,4316,649,137,786
d3f37f54-c94b-48d7-ab09-7ddb67abda81,Foot and Mouth Disease,ICD11_1F05,6,2024-10-21,2024-10-22,country_IN,INDIA,state_29,Karnataka,district_542,Kolar,14703,1196,15899,481,50,531,0,0,0,11411,1562,118,1680
bb2489dd-efc0-40f5-b6e2-f639d30bff4a,Foot and Mouth Disease,ICD11_1F05,6,2024-10-21,2024-10-22,country_IN,INDIA,state_29,Karnataka,district_631,Ramanagara,12539,318,12857,370,5,375,0,0,0,7097,1265,24,1289
3f2c6fc8-684d-48e9-9290-ec8dadee2b25,Foot and Mouth Disease,ICD11_1F05,6,2024-10-21,2024-10-22,country_IN,INDIA,state_29,Karnataka,district_547,Shivamogga,5569,601,6170,98,5,103,0,0,0,1908,145,11,156
0131f37b-f92f-4ea0-9d04-e3ccabda655e,Foot and Mouth Disease,ICD11_1F05,6,2024-10-21,2024-10-22,country_IN,INDIA,state_29,Karnataka,district_548,Tumakuru,19087,4750,23837,543,103,646,0,0,0,14888,1181,191,1372
8f82af4d-94bb-4936-8b94-b1bd8c0d9c11,Foot and Mouth Disease,ICD11_1F05,6,2024-10-21,2024-10-22,country_IN,INDIA,state_29,Karnataka,district_531,Chamarajanagara,10631,215,10846,92,1,93,0,0,0,5565,297,9,306
65432a66-bdaa-4f74-8cc7-fbd4edeb31e7,Foot and Mouth Disease,ICD11_1F05,6,2024-10-21,2024-10-22,country_IN,INDIA,state_29,Karnataka,district_532,Chikkamagaluru,3485,347,3832,55,3,58,0,0,0,2157,160,7,167
791c7b38-9f9f-4089-bf19-2dd2c7ab3e47,Foot and Mouth Disease,ICD11_1F05,6,2024-10-21,2024-10-22,country_IN,INDIA,state_29,Karnataka,district_534,Dakshina Kannada,9636,39,9675,199,0,199,0,0,0,5974,385,0,385
1c75a982-4c20-49aa-b372-11ad4bef2d42,Foot and Mouth Disease,ICD11_1F05,6,2024-10-21,2024-10-22,country_IN,INDIA,state_29,Karnataka,district_539,Hassan,17289,3022,20311,222,16,238,0,0,0,8517,290,30,320
456ebb44-1bac-406e-8998-7799b22d4f60,Foot and Mouth Disease,ICD11_1F05,6,2024-10-21,2024-10-22,country_IN,INDIA,state_29,Karnataka,district_541,Kodagu,1893,71,1964,56,1,57,0,0,0,701,209,3,212
c1d74cf7-df66-415a-8da3-943b363b1077,Foot and Mouth Disease,ICD11_1F05,6,2024-10-21,2024-10-22,country_IN,INDIA,state_29,Karnataka,district_545,Mysuru,18345,273,18618,410,3,413,0,0,0,10410,812,5,817
3769eb13-1c28-484e-b844-6bc71c682c8a,Foot and Mouth Disease,ICD11_1F05,6,2024-10-21,2024-10-22,country_IN,INDIA,state_29,Karnataka,district_544,Mandya,15950,3410,19360,170,27,197,0,0,0,15151,593,121,714
23a1dbdd-ebdc-47f5-b161-8f9db81d06a2,Foot and Mouth Disease,ICD11_1F05,6,2024-10-21,2024-10-22,country_IN,INDIA,state_29,Karnataka,district_549,Udupi,2065,1,2066,26,0,26,0,0,0,908,25,0,25
2fc9e978-a6b0-4d36-b247-6ea7f8b64d6a,Foot and Mouth Disease,ICD11_1F05,6,2024-10-21,2024-10-22,country_IN,INDIA,state_29,Karnataka,district_527,Belagavi,16569,29338,45907,159,198,357,0,0,0,30124,83,115,198
f13266f5-6938-4c78-aa20-5fbf7671af1b,Foot and Mouth Disease,ICD11_1F05,6,2024-10-21,2024-10-22,country_IN,INDIA,state_29,Karnataka,district_524,Bagalkote,11369,11280,22649,246,266,512,0,0,0,11608,111,122,233
e3265d0d-b660-4fcf-a5ca-83b7ed80952f,Foot and Mouth Disease,ICD11_1F05,6,2024-10-21,2024-10-22,country_IN,INDIA,state_29,Karnataka,district_536,Dharwad,6651,2077,8728,218,66,284,0,0,0,5513,307,96,403
8081ce53-7ddf-4615-b6b7-ccf1d8fd871f,Foot and Mouth Disease,ICD11_1F05,6,2024-10-21,2024-10-22,country_IN,INDIA,state_29,Karnataka,district_537,Gadag,4492,1568,6060,41,27,68,0,0,0,4203,320,140,460
a6c6e10b-8916-4515-9cca-9c54de6f39ce,Foot and Mouth Disease,ICD11_1F05,6,2024-10-21,2024-10-22,country_IN,INDIA,state_29,Karnataka,district_540,Haveri,11145,3633,14778,256,87,343,0,0,0,9233,795,293,1088
97a106e2-edda-4930-8387-5fa6a8c5b791,Foot and Mouth Disease,ICD11_1F05,6,2024-10-21,2024-10-22,country_IN,INDIA,state_29,Karnataka,district_550,Uttara Kannada,5111,952,6063,51,1,52,0,0,0,2200,162,27,189
9a7fea88-6ceb-4c9f-b003-95179b5e3f3c,Foot and Mouth Disease,ICD11_1F05,6,2024-10-21,2024-10-22,country_IN,INDIA,state_29,Karnataka,district_530,Vijayapura,9794,9421,19215,124,99,223,0,0,0,14875,466,431,897
fac65216-027b-4dc7-ad31-16779d563153,Foot and Mouth Disease,ICD11_1F05,6,2024-10-21,2024-10-22,country_IN,INDIA,state_29,Karnataka,district_528,Ballari,4561,2363,6924,44,30,74,0,0,0,4319,56,56,112
d04c4f33-2bed-47ab-8a10-6539e7873099,Foot and Mouth Disease,ICD11_1F05,6,2024-10-21,2024-10-22,country_IN,INDIA,state_29,Karnataka,district_529,Bidar,6026,4728,10754,189,203,392,0,0,0,6917,63,61,124
1846bb19-7e25-4879-9cdd-c6e22dcc5bb5,Foot and Mouth Disease,ICD11_1F05,6,2024-10-21,2024-10-22,country_IN,INDIA,state_29,Karnataka,district_543,Koppal,2145,592,2737,66,33,99,0,0,0,848,145,62,207
de65defa-896a-4fa6-a6ed-5a110cb8007f,Foot and Mouth Disease,ICD11_1F05,6,2024-10-21,2024-10-22,country_IN,INDIA,state_29,Karnataka,district_538,Kalaburagi,22981,3761,26742,250,44,294,0,0,0,17135,1681,667,2348
26f9132b-3d99-42ac-a4c6-032c4763f1e5,Foot and Mouth Disease,ICD11_1F05,6,2024-10-21,2024-10-22,country_IN,INDIA,state_29,Karnataka,district_546,Raichur,10095,3792,13887,28,13,41,0,0,0,14697,11260,3119,14379
b550afd5-f7a4-434c-ba1c-3565f98d9529,Foot and Mouth Disease,ICD11_1F05,6,2024-10-21,2024-10-22,country_IN,INDIA,state_29,Karnataka,district_635,Yadgir,10107,2697,12804,171,61,232,0,0,0,6560,622,251,873
d151e741-123c-42df-a192-a8cf6c79e335,Foot and Mouth Disease,ICD11_1F05,6,2024-10-21,2024-10-22,country_IN,INDIA,state_29,Karnataka,district_738,Vijayanagar,10042,3517,13559,185,102,287,0,0,0,11004,101,52,153
94ad7838-85a2-4d2c-96a0-4b4bb77ff7a8,Foot and Mouth Disease,ICD11_1F05,6,2024-10-21,2024-11-25,country_IN,INDIA,state_29,Karnataka,district_525,Bengaluru Urban,0,0,0,0,0,0,6,0,6,26240,12417,344,12761
8035fb37-199d-4051-838b-1d05ba21289a,Foot and Mouth Disease,ICD11_1F05,6,2024-10-21,2024-11-25,country_IN,INDIA,state_29,Karnataka,district_526,Bengaluru Rural,0,0,0,0,0,0,30,0,30,48506,9947,602,10549
64b8f34f-40a9-4499-993d-73173cedb858,Foot and Mouth Disease,ICD11_1F05,6,2024-10-21,2024-11-25,country_IN,INDIA,state_29,Karnataka,district_533,Chitradurga,0,0,0,0,0,0,0,0,0,97758,7012,2923,9935
26b7ac63-d781-4628-a7c1-cfe82e2db1ef,Foot and Mouth Disease,ICD11_1F05,6,2024-10-21,2024-11-25,country_IN,INDIA,state_29,Karnataka,district_630,Chikkaballapura,200,62,262,0,0,0,8,0,8,78635,7792,776,8568
c8b332c0-f79a-4f81-97c4-e3700e826e80,Foot and Mouth Disease,ICD11_1F05,6,2024-10-21,2024-11-25,country_IN,INDIA,state_29,Karnataka,district_535,Davangere,0,0,0,0,0,0,0,0,0,89495,12988,3279,16267
9ee922be-99a9-486a-ba35-e56c4b68e812,Foot and Mouth Disease,ICD11_1F05,6,2024-10-21,2024-11-25,country_IN,INDIA,state_29,Karnataka,district_542,Kolar,0,0,0,0,0,0,0,0,0,95162,16137,1046,17183
4764e70b-bf81-49bf-945a-e1906499ef86,Foot and Mouth Disease,ICD11_1F05,6,2024-10-21,2024-11-25,country_IN,INDIA,state_29,Karnataka,district_631,Ramanagara,0,0,0,0,0,0,0,0,0,72943,13918,388,14306
edb677d6-f50e-4702-8486-960f84c55cfe,Foot and Mouth Disease,ICD11_1F05,6,2024-10-21,2024-11-25,country_IN,INDIA,state_29,Karnataka,district_547,Shivamogga,250,46,296,0,0,0,0,0,0,126319,2398,298,2696
7412c996-eb0e-4fb2-9fe4-13710e3719db,Foot and Mouth Disease,ICD11_1F05,6,2024-10-21,2024-11-25,country_IN,INDIA,state_29,Karnataka,district_548,Tumakuru,13,3,16,0,0,0,60,20,80,196444,12028,2532,14560
61511c01-097a-4c0c-87fc-83cbbaac7bab,Foot and Mouth Disease,ICD11_1F05,6,2024-10-21,2024-11-25,country_IN,INDIA,state_29,Karnataka,district_531,Chamarajanagara,0,0,0,0,0,0,0,0,0,59323,4223,125,4348
f94d76e1-c9eb-417c-8e96-a3928d138403,Foot and Mouth Disease,ICD11_1F05,6,2024-10-21,2024-11-25,country_IN,INDIA,state_29,Karnataka,district_532,Chikkamagaluru,129,12,141,0,0,0,8,0,8,78948,5926,263,6189
5aa55042-ba6a-4b89-9cac-80669702251d,Foot and Mouth Disease,ICD11_1F05,6,2024-10-21,2024-11-25,country_IN,INDIA,state_29,Karnataka,district_534,Dakshina Kannada,0,0,0,0,0,0,0,0,0,65326,10666,63,10729
2676fadf-500a-4c34-a4f2-94f6ab01145a,Foot and Mouth Disease,ICD11_1F05,6,2024-10-21,2024-11-25,country_IN,INDIA,state_29,Karnataka,district_539,Hassan,89,1,90,3,0,3,98,0,98,206860,14361,1147,15508
8da02783-475d-4623-b513-46c488c6df74,Foot and Mouth Disease,ICD11_1F05,6,2024-10-21,2024-11-25,country_IN,INDIA,state_29,Karnataka,district_541,Kodagu,0,0,0,0,0,0,0,0,0,14779,3723,51,3774
9fe46fa3-b54a-4844-8ad3-bd48b2a4ead7,Foot and Mouth Disease,ICD11_1F05,6,2024-10-21,2024-11-25,country_IN,INDIA,state_29,Karnataka,district_545,Mysuru,0,0,0,9,0,9,0,0,0,160713,10173,152,10325
ca45fa93-6f6a-466f-93d5-ba01942d5ad5,Foot and Mouth Disease,ICD11_1F05,6,2024-10-21,2024-11-25,country_IN,INDIA,state_29,Karnataka,district_544,Mandya,187,27,214,0,0,0,0,0,0,181700,9150,1869,11019
5c3ea40d-9d8d-4de1-b208-f8c798362597,Foot and Mouth Disease,ICD11_1F05,6,2024-10-21,2024-11-25,country_IN,INDIA,state_29,Karnataka,district_549,Udupi,340,0,340,6,0,6,18,0,18,57132,2085,20,2105
ee790448-f793-4569-a155-fe13107c7c5e,Foot and Mouth Disease,ICD11_1F05,6,2024-10-21,2024-11-25,country_IN,INDIA,state_29,Karnataka,district_527,Belagavi,79,48,127,0,0,0,0,0,0,567184,1116,1335,2451
23fec4bc-36d5-4490-a61e-b64f96b42469,Foot and Mouth Disease,ICD11_1F05,6,2024-10-21,2024-11-25,country_IN,INDIA,state_29,Karnataka,district_524,Bagalkote,188,197,385,16,14,30,0,0,0,145420,1906,2873,4779
b38ac410-127e-4420-8a18-84fed8b34455,Foot and Mouth Disease,ICD11_1F05,6,2024-10-21,2024-11-25,country_IN,INDIA,state_29,Karnataka,district_536,Dharwad,0,0,0,0,0,0,0,0,0,60666,2633,943,3576
2de5496f-98aa-4d30-a9c7-94e9b3b2857d,Foot and Mouth Disease,ICD11_1F05,6,2024-10-21,2024-11-25,country_IN,INDIA,state_29,Karnataka,district_537,Gadag,0,0,0,0,0,0,0,0,0,63230,2825,1232,4057
ee5b30f7-99e7-4831-871e-4900e6ce2e21,Foot and Mouth Disease,ICD11_1F05,6,2024-10-21,2024-11-25,country_IN,INDIA,state_29,Karnataka,district_540,Haveri,7,5,12,0,0,0,21,5,26,109417,12832,3154,15986
272ef7f0-e889-46a8-b52d-ea9276b18bba,Foot and Mouth Disease,ICD11_1F05,6,2024-10-21,2024-11-25,country_IN,INDIA,state_29,Karnataka,district_550,Uttara Kannada,324,84,408,6,0,6,0,0,0,84288,3965,741,4706
013eeb95-fbf0-4f6a-9fde-b311d25971f9,Foot and Mouth Disease,ICD11_1F05,6,2024-10-21,2024-11-25,country_IN,INDIA,state_29,Karnataka,district_530,Vijayapura,0,0,0,0,0,0,0,0,0,143099,5244,4311,9555
fc943887-3884-4495-a58c-399864e331ac,Foot and Mouth Disease,ICD11_1F05,6,2024-10-21,2024-11-25,country_IN,INDIA,state_29,Karnataka,district_528,Ballari,0,0,0,0,0,0,0,0,0,49831,1004,967,1971
967958a3-c779-4ac3-9d81-c778e775cfbb,Foot and Mouth Disease,ICD11_1F05,6,2024-10-21,2024-11-25,country_IN,INDIA,state_29,Karnataka,district_529,Bidar,0,0,0,0,0,0,0,0,0,93564,779,746,1525
340554fd-2135-4583-9b40-b2bf2a0a636b,Foot and Mouth Disease,ICD11_1F05,6,2024-10-21,2024-11-25,country_IN,INDIA,state_29,Karnataka,district_543,Koppal,0,0,0,0,0,0,0,0,0,88780,2916,1681,4597
b67811e4-405c-4764-972c-fb745377fc83,Foot and Mouth Disease,ICD11_1F05,6,2024-10-21,2024-11-25,country_IN,INDIA,state_29,Karnataka,district_538,Kalaburagi,3,2,5,0,0,0,3,2,5,125713,9657,3444,13101
549e06f3-07ba-4022-94ec-fed9851b38be,Foot and Mouth Disease,ICD11_1F05,6,2024-10-21,2024-11-25,country_IN,INDIA,state_29,Karnataka,district_546,Raichur,0,0,0,0,0,0,0,0,0,185243,75893,24444,100337
1168dce0-8fc0-4dc3-96c1-b8cde9348bb0,Foot and Mouth Disease,ICD11_1F05,6,2024-10-21,2024-11-25,country_IN,INDIA,state_29,Karnataka,district_635,Yadgir,12,7,19,0,0,0,12,7,19,88654,5714,1750,7464
e37247d7-30b8-4d52-b71f-ed064ce32804,Foot and Mouth Disease,ICD11_1F05,6,2024-10-21,2024-11-25,country_IN,INDIA,state_29,Karnataka,district_738,Vijayanagar,0,0,0,0,0,0,0,0,0,111724,1838,962,2800
77826a1c-198e-465c-9bd4-3300f33c1d8f,Foot and Mouth Disease,ICD11_1F05,6,2024-10-21,2024-11-27,country_IN,INDIA,state_29,Karnataka,district_525,Bengaluru Urban,138,4,142,0,0,0,102,2,104,26332,12429,344,12773
ec761ecb-3e67-40c9-8f1b-cbb58f830409,Foot and Mouth Disease,ICD11_1F05,6,2024-10-21,2024-11-27,country_IN,INDIA,state_29,Karnataka,district_526,Bengaluru Rural,79,0,79,0,0,0,0,0,0,48516,9950,602,10552
9bd8d986-4e49-4263-81e9-ddf37f17d259,Foot and Mouth Disease,ICD11_1F05,6,2024-10-21,2024-11-27,country_IN,INDIA,state_29,Karnataka,district_533,Chitradurga,0,0,0,0,0,0,0,0,0,97758,7012,2923,9935
dbfa157a-b2d7-40a7-a6c1-d8dad3af1c1a,Foot and Mouth Disease,ICD11_1F05,6,2024-10-21,2024-11-27,country_IN,INDIA,state_29,Karnataka,district_630,Chikkaballapura,193,0,193,0,0,0,0,0,0,78724,7792,776,8568
5fb0d995-3a9b-4ed0-8091-581fb82fdee5,Foot and Mouth Disease,ICD11_1F05,6,2024-10-21,2024-11-27,country_IN,INDIA,state_29,Karnataka,district_535,Davangere,37,67,104,4,2,6,54,48,102,89555,13003,3285,16288
4fcf1f81-612b-441c-9a15-2d1ebe1a95db,Foot and Mouth Disease,ICD11_1F05,6,2024-10-21,2024-11-27,country_IN,INDIA,state_29,Karnataka,district_542,Kolar,0,0,0,0,0,0,0,0,0,95162,16137,1046,17183
55316369-bb62-4b0a-b493-0102cf680ddb,Foot and Mouth Disease,ICD11_1F05,6,2024-10-21,2024-11-27,country_IN,INDIA,state_29,Karnataka,district_631,Ramanagara,0,0,0,0,0,0,0,0,0,72943,13918,388,14306
fbd64db9-a1d3-4098-8330-2400bd415762,Foot and Mouth Disease,ICD11_1F05,6,2024-10-21,2024-11-27,country_IN,INDIA,state_29,Karnataka,district_547,Shivamogga,162,0,162,0,0,0,2,0,2,126578,2398,298,2696
d3ec37cb-d695-4ce4-a5d7-0e26f48265c9,Foot and Mouth Disease,ICD11_1F05,6,2024-10-21,2024-11-27,country_IN,INDIA,state_29,Karnataka,district_548,Tumakuru,59,33,92,0,0,0,123,9,132,196574,12034,2538,14572
44a25ca9-522c-4983-92ee-67f234eaac83,Foot and Mouth Disease,ICD11_1F05,6,2024-10-21,2024-11-27,country_IN,INDIA,state_29,Karnataka,district_531,Chamarajanagara,313,0,313,0,0,0,0,0,0,59524,4223,125,4348
39af385b-e993-44bd-ad53-7f803bf530eb,Foot and Mouth Disease,ICD11_1F05,6,2024-10-21,2024-11-27,country_IN,INDIA,state_29,Karnataka,district_532,Chikkamagaluru,690,0,690,0,0,0,19,0,19,78995,5926,263,6189
c6919dea-cb41-4af0-aec8-a28321f5230a,Foot and Mouth Disease,ICD11_1F05,6,2024-10-21,2024-11-27,country_IN,INDIA,state_29,Karnataka,district_534,Dakshina Kannada,0,0,0,0,0,0,0,0,0,65336,10666,63,10729
1cfdea22-5fad-4dd3-a2ad-7252b08a9028,Foot and Mouth Disease,ICD11_1F05,6,2024-10-21,2024-11-27,country_IN,INDIA,state_29,Karnataka,district_539,Hassan,0,0,0,0,0,0,17,0,17,206893,14361,1147,15508
f87cf6d0-2b38-4ffd-ae81-ae2c920cb57c,Foot and Mouth Disease,ICD11_1F05,6,2024-10-21,2024-11-27,country_IN,INDIA,state_29,Karnataka,district_541,Kodagu,70,18,88,2,0,2,0,0,0,14795,3727,53,3780
ed37bafb-fcf4-44fc-abe0-ec3cb2b3b8aa,Foot and Mouth Disease,ICD11_1F05,6,2024-10-21,2024-11-27,country_IN,INDIA,state_29,Karnataka,district_545,Mysuru,0,0,0,0,0,0,0,0,0,160787,10173,152,10325
7d43f69d-8070-44b7-a5f2-84c3cedf7938,Foot and Mouth Disease,ICD11_1F05,6,2024-10-21,2024-11-27,country_IN,INDIA,state_29,Karnataka,district_544,Mandya,60,0,60,0,0,0,0,0,0,181938,9150,1869,11019
2e7d6fcc-2850-444b-b48b-d30f854d17fd,Foot and Mouth Disease,ICD11_1F05,6,2024-10-21,2024-11-27,country_IN,INDIA,state_29,Karnataka,district_549,Udupi,389,9,398,0,0,0,3,0,3,57425,2085,20,2105
8d7e271f-38a9-413f-891e-3fb34d8d8086,Foot and Mouth Disease,ICD11_1F05,6,2024-10-21,2024-11-27,country_IN,INDIA,state_29,Karnataka,district_527,Belagavi,300,228,528,176,161,337,176,161,337,567553,1116,1335,2451
b061d5a0-959e-4d6f-b587-1fb6a28b4b64,Foot and Mouth Disease,ICD11_1F05,6,2024-10-21,2024-11-27,country_IN,INDIA,state_29,Karnataka,district_524,Bagalkote,0,0,0,0,0,0,0,0,0,145396,1906,2873,4779
cc342566-e81f-4766-887e-98436f443beb,Foot and Mouth Disease,ICD11_1F05,6,2024-10-21,2024-11-27,country_IN,INDIA,state_29,Karnataka,district_536,Dharwad,8,11,19,20,0,20,17,5,22,60666,2633,943,3576
164584e8-c735-492e-a9ed-b0889ba5b234,Foot and Mouth Disease,ICD11_1F05,6,2024-10-21,2024-11-27,country_IN,INDIA,state_29,Karnataka,district_537,Gadag,0,0,0,0,0,0,0,0,0,63230,2825,1232,4057
26cf95d6-9aa5-49f4-9e1a-416e0be3f994,Foot and Mouth Disease,ICD11_1F05,6,2024-10-21,2024-11-27,country_IN,INDIA,state_29,Karnataka,district_540,Haveri,0,0,0,0,0,0,16,7,23,109611,12858,3154,16012
762e2a27-f02c-41eb-b7b1-8b5a929c1eb1,Foot and Mouth Disease,ICD11_1F05,6,2024-10-21,2024-11-27,country_IN,INDIA,state_29,Karnataka,district_550,Uttara Kannada,201,72,273,0,0,0,0,0,0,84531,3980,741,4721
52218f4c-6f9d-4ab7-8550-753f6a77f787,Foot and Mouth Disease,ICD11_1F05,6,2024-10-21,2024-11-27,country_IN,INDIA,state_29,Karnataka,district_530,Vijayapura,0,0,0,0,0,0,0,0,0,143099,5244,4311,9555
ac46c2f1-a0f5-48ef-a79f-db1793b8ce86,Foot and Mouth Disease,ICD11_1F05,6,2024-10-21,2024-11-27,country_IN,INDIA,state_29,Karnataka,district_528,Ballari,0,0,0,0,0,0,0,0,0,49831,1004,967,1971
48c136bd-6247-4cff-ba23-136b91b88e24,Foot and Mouth Disease,ICD11_1F05,6,2024-10-21,2024-11-27,country_IN,INDIA,state_29,Karnataka,district_529,Bidar,56,60,116,0,0,0,44,43,87,93580,783,752,1535
bd478839-93db-41b6-832c-efb740b5fbf1,Foot and Mouth Disease,ICD11_1F05,6,2024-10-21,2024-11-27,country_IN,INDIA,state_29,Karnataka,district_543,Koppal,0,0,0,0,0,0,31,12,43,88780,2916,1681,4597
909e2fed-002c-4391-9d14-e36b5f1bf251,Foot and Mouth Disease,ICD11_1F05,6,2024-10-21,2024-11-27,country_IN,INDIA,state_29,Karnataka,district_538,Kalaburagi,57,14,71,0,0,0,47,16,63,125801,9662,3445,13107
77cc7177-7d65-4166-ab42-65f057b59675,Foot and Mouth Disease,ICD11_1F05,6,2024-10-21,2024-11-27,country_IN,INDIA,state_29,Karnataka,district_546,Raichur,0,0,0,0,0,0,0,0,0,185243,75893,24444,100337
0341a741-f2e1-45ff-aeb3-92cc21212bbc,Foot and Mouth Disease,ICD11_1F05,6,2024-10-21,2024-11-27,country_IN,INDIA,state_29,Karnataka,district_635,Yadgir,0,0,0,0,0,0,0,0,0,88654,5714,1750,7464
1d90b4ea-be51-4ca5-91b7-f2f5c4404159,Foot and Mouth Disease,ICD11_1F05,6,2024-10-21,2024-11-27,country_IN,INDIA,state_29,Karnataka,district_738,Vijayanagar,0,0,0,0,0,0,0,0,0,111832,1838,962,2800
