metadata.recordID,metadata.diseaseName,metadata.diseaseCode,metadata.round,metadata.vaccinationStartDate,metadata.reportDate,country.ID,country.name,state.ID,state.name,district.ID,district.name,daily.vaccinated.cattle,daily.vaccinated.buffalo,daily.vaccinated.total,daily.vaccinated.cattle4to5m,daily.vaccinated.buffalo4to5m,daily.vaccinated.total4to5m,daily.booster.cattle4to5m,daily.booster.buffalo4to5m,daily.booster.total4to5m,daily.farmersCovered,cumulative.tagged.cattle,cumulative.tagged.buffalo,cumulative.tagged.total
66764cea-448d-41ae-838d-4f97d60eb193,Foot And Mouth Disease,ICD11_1F05,round1,,2020-10-03T00:00:00,country_IN,India,state_29,Karnataka,district_524,Bagalkote,,,,,,,,,,,,,
63779aa0-c72f-4e9a-b418-0378abb66aa7,Foot And Mouth Disease,ICD11_1F05,round1,,2020-10-03T00:00:00,country_IN,India,state_29,Karnataka,district_526,Bengaluru Rural,,,,,,,,,,,,,
3352a2c5-98b7-4a17-9c5e-e3a3d2501f46,Foot And Mouth Disease,ICD11_1F05,round1,,2020-10-03T00:00:00,country_IN,India,state_29,Karnataka,district_527,Belagavi,690.0,390.0,,20.0,30.0,,,,,730.0,,,
b269d2c1-e6c4-4825-a417-b464498128a7,Foot And Mouth Disease,ICD11_1F05,round1,,2020-10-03T00:00:00,country_IN,India,state_29,Karnataka,district_528,Ballari,,,,,,,,,,,,,
cb10cd0b-792d-4904-a025-ff29507cf89b,Foot And Mouth Disease,ICD11_1F05,round1,,2020-10-03T00:00:00,country_IN,India,state_29,Karnataka,district_525,Bengaluru Urban,,,,,,,,,,,,,
94c5951e-39b3-42f5-86f7-e451342c368d,Foot And Mouth Disease,ICD11_1F05,round1,,2020-10-03T00:00:00,country_IN,India,state_29,Karnataka,district_529,Bidar,,,,,,,,,,,,,
8eeda755-5057-446e-9e6f-7d6bb5b94d16,Foot And Mouth Disease,ICD11_1F05,round1,,2020-10-03T00:00:00,country_IN,India,state_29,Karnataka,district_530,Vijayapura,,,,,,,,,,,,,
09afaf30-8272-4b8c-bb03-fda3133be6e2,Foot And Mouth Disease,ICD11_1F05,round1,,2020-10-03T00:00:00,country_IN,India,state_29,Karnataka,district_531,Chamarajanagara,,,,,,,,,,,,,
c1a9e255-6dab-475f-8e21-27d95fe85c1a,Foot And Mouth Disease,ICD11_1F05,round1,,2020-10-03T00:00:00,country_IN,India,state_29,Karnataka,district_630,Chikkaballapura,,,,,,,,,,,,,
41cdb156-63b7-4995-9122-5d1592861347,Foot And Mouth Disease,ICD11_1F05,round1,,2020-10-03T00:00:00,country_IN,India,state_29,Karnataka,district_532,Chikkamagaluru,,,,,,,,,,,,,
be0b0b5a-1ee1-4bc8-91cf-c2f0f12f3165,Foot And Mouth Disease,ICD11_1F05,round1,,2020-10-03T00:00:00,country_IN,India,state_29,Karnataka,district_533,Chitradurga,4240.0,1220.0,,10.0,0.0,,,,,1180.0,,,
fb013cb0-6f27-413a-a7da-bbd135a03b45,Foot And Mouth Disease,ICD11_1F05,round1,,2020-10-03T00:00:00,country_IN,India,state_29,Karnataka,district_534,Dakshina Kannada,,,,,,,,,,,,,
1984d0b3-273b-4cc4-b618-e6f11a7132c8,Foot And Mouth Disease,ICD11_1F05,round1,,2020-10-03T00:00:00,country_IN,India,state_29,Karnataka,district_535,Davangere,,,,,,,,,,,,,
7a7df856-4ed6-4238-9691-6312cc9b4816,Foot And Mouth Disease,ICD11_1F05,round1,,2020-10-03T00:00:00,country_IN,India,state_29,Karnataka,district_536,Dharwad,,,,,,,,,,,,,
4439c580-5f12-4e25-b62c-e04aff7da213,Foot And Mouth Disease,ICD11_1F05,round1,,2020-10-03T00:00:00,country_IN,India,state_29,Karnataka,district_537,Gadag,,,,,,,,,,,,,
aeb77631-d213-444a-acd2-edfb0f4e7f3a,Foot And Mouth Disease,ICD11_1F05,round1,,2020-10-03T00:00:00,country_IN,India,state_29,Karnataka,district_538,Kalaburagi,,,,,,,,,,,,,
45ed6930-fe8f-4fa6-8b11-41151430d827,Foot And Mouth Disease,ICD11_1F05,round1,,2020-10-03T00:00:00,country_IN,India,state_29,Karnataka,district_539,Hassan,,,,,,,,,,,,,
98e3ccee-96f4-43ad-8193-ecccbbf4eb1d,Foot And Mouth Disease,ICD11_1F05,round1,,2020-10-03T00:00:00,country_IN,India,state_29,Karnataka,district_540,Haveri,18280.0,4510.0,,130.0,20.0,,,,,7910.0,,,
c7396d04-3647-4561-b045-dc4daeaffa11,Foot And Mouth Disease,ICD11_1F05,round1,,2020-10-03T00:00:00,country_IN,India,state_29,Karnataka,district_541,Kodagu,0.0,,,,,,,,,,,,
1af4a6ee-ffbd-47bd-bf21-9ef436d4123e,Foot And Mouth Disease,ICD11_1F05,round1,,2020-10-03T00:00:00,country_IN,India,state_29,Karnataka,district_542,Kolar,22820.0,1190.0,,,,,,,,16040.0,,,
7d1c6a22-e9c2-4508-a4fa-d072da890e1b,Foot And Mouth Disease,ICD11_1F05,round1,,2020-10-03T00:00:00,country_IN,India,state_29,Karnataka,district_543,Koppal,,,,,,,,,,,,,
44414507-caaf-405b-830b-22d02438f6ac,Foot And Mouth Disease,ICD11_1F05,round1,,2020-10-03T00:00:00,country_IN,India,state_29,Karnataka,district_544,Mandya,,,,,,,,,,,,,
5786d361-21c8-4221-b28a-eab805f5f894,Foot And Mouth Disease,ICD11_1F05,round1,,2020-10-03T00:00:00,country_IN,India,state_29,Karnataka,district_545,Mysuru,,,,,,,,,,,,,
bce5b105-8bed-4cdf-977c-03c9db2d133a,Foot And Mouth Disease,ICD11_1F05,round1,,2020-10-03T00:00:00,country_IN,India,state_29,Karnataka,district_546,Raichur,,,,,,,,,,,,,
f3dea7c3-dc9b-448c-b615-ebd4b9b87686,Foot And Mouth Disease,ICD11_1F05,round1,,2020-10-03T00:00:00,country_IN,India,state_29,Karnataka,district_631,Ramanagara,,,,,,,,,,,,,
460274fb-9cb7-4ddf-a837-f9e27d0035d9,Foot And Mouth Disease,ICD11_1F05,round1,,2020-10-03T00:00:00,country_IN,India,state_29,Karnataka,district_547,Shivamogga,,,,,,,,,,,,,
9c255cd8-b68b-40a1-85a8-2c60c73773ff,Foot And Mouth Disease,ICD11_1F05,round1,,2020-10-03T00:00:00,country_IN,India,state_29,Karnataka,district_548,Tumakuru,,,,,,,,,,,,,
b8def549-20de-4c5a-ab1b-e3a5d6176ab7,Foot And Mouth Disease,ICD11_1F05,round1,,2020-10-03T00:00:00,country_IN,India,state_29,Karnataka,district_549,Udupi,,,,,,,,,,,,,
6fa5bfe1-76de-436a-bb40-9791c8986692,Foot And Mouth Disease,ICD11_1F05,round1,,2020-10-03T00:00:00,country_IN,India,state_29,Karnataka,district_550,Uttara Kannada,,,,,,,,,,,,,
411abde8-9ea7-40f4-b487-663222e6ca7b,Foot And Mouth Disease,ICD11_1F05,round1,,2020-10-03T00:00:00,country_IN,India,state_29,Karnataka,district_635,Yadgir,,,,,,,,,,,,,
de902128-bc4c-4ee7-aad2-2bf3eee1b646,Foot And Mouth Disease,ICD11_1F05,round1,,2020-10-31T00:00:00,country_IN,India,state_29,Karnataka,district_524,Bagalkote,2361.0,2167.0,,35.0,34.0,,0.0,0.0,,1313.0,,,
e8562230-db98-4d07-a6e4-c79b66897782,Foot And Mouth Disease,ICD11_1F05,round1,,2020-10-31T00:00:00,country_IN,India,state_29,Karnataka,district_526,Bengaluru Rural,1025.0,37.0,,61.0,0.0,,0.0,0.0,,276.0,,,
15bbf917-65b9-401e-ba16-4a0d28cb1056,Foot And Mouth Disease,ICD11_1F05,round1,,2020-10-31T00:00:00,country_IN,India,state_29,Karnataka,district_527,Belagavi,10139.0,17230.0,,69.0,136.0,,0.0,0.0,,8533.0,,,
0bb224c0-db95-436f-83e7-df8d5411d8ac,Foot And Mouth Disease,ICD11_1F05,round1,,2020-10-31T00:00:00,country_IN,India,state_29,Karnataka,district_528,Ballari,3443.0,1207.0,,2.0,4.0,,0.0,0.0,,1487.0,,,
0ea89c6c-b169-4e59-9abe-d1580875f70f,Foot And Mouth Disease,ICD11_1F05,round1,,2020-10-31T00:00:00,country_IN,India,state_29,Karnataka,district_525,Bengaluru Urban,957.0,15.0,,0.0,0.0,,0.0,0.0,,235.0,,,
7587b515-1682-4535-8d24-1abbbbe5f4c4,Foot And Mouth Disease,ICD11_1F05,round1,,2020-10-31T00:00:00,country_IN,India,state_29,Karnataka,district_529,Bidar,5067.0,3950.0,,31.0,35.0,,0.0,0.0,,3264.0,,,
36550883-289d-4a75-852e-ec21cbcb3f96,Foot And Mouth Disease,ICD11_1F05,round1,,2020-10-31T00:00:00,country_IN,India,state_29,Karnataka,district_530,Vijayapura,1008.0,1160.0,,3.0,0.0,,0.0,0.0,,890.0,,,
06136bb7-d2eb-4d26-8b85-aa9fa3b22872,Foot And Mouth Disease,ICD11_1F05,round1,,2020-10-31T00:00:00,country_IN,India,state_29,Karnataka,district_531,Chamarajanagara,1428.0,83.0,,37.0,2.0,,0.0,0.0,,406.0,,,
5431338a-e1c4-49fa-8da0-dd38c084aa38,Foot And Mouth Disease,ICD11_1F05,round1,,2020-10-31T00:00:00,country_IN,India,state_29,Karnataka,district_630,Chikkaballapura,3647.0,387.0,,55.0,3.0,,0.0,0.0,,1521.0,,,
804690ce-0ec5-4394-842a-597f29a68566,Foot And Mouth Disease,ICD11_1F05,round1,,2020-10-31T00:00:00,country_IN,India,state_29,Karnataka,district_532,Chikkamagaluru,751.0,76.0,,4.0,1.0,,0.0,0.0,,271.0,,,
48068fc4-18eb-4b48-86cf-a00fb17262ef,Foot And Mouth Disease,ICD11_1F05,round1,,2020-10-31T00:00:00,country_IN,India,state_29,Karnataka,district_533,Chitradurga,800.0,522.0,,2.0,0.0,,0.0,0.0,,450.0,,,
9c02cfe0-2c7c-4131-a11e-d0a236cf7e96,Foot And Mouth Disease,ICD11_1F05,round1,,2020-10-31T00:00:00,country_IN,India,state_29,Karnataka,district_534,Dakshina Kannada,393.0,0.0,,0.0,0.0,,0.0,0.0,,41.0,,,
5d56e497-e6c7-4182-9946-0c8d377751e7,Foot And Mouth Disease,ICD11_1F05,round1,,2020-10-31T00:00:00,country_IN,India,state_29,Karnataka,district_535,Davangere,639.0,86.0,,639.0,86.0,,0.0,0.0,,98.0,,,
f43047e8-8303-4877-84b6-38f7a812a6bd,Foot And Mouth Disease,ICD11_1F05,round1,,2020-10-31T00:00:00,country_IN,India,state_29,Karnataka,district_536,Dharwad,406.0,196.0,,0.0,0.0,,0.0,0.0,,174.0,,,
7816e321-12a6-453a-9173-19e08204ccbb,Foot And Mouth Disease,ICD11_1F05,round1,,2020-10-31T00:00:00,country_IN,India,state_29,Karnataka,district_537,Gadag,1368.0,697.0,,20.0,13.0,,0.0,0.0,,803.0,,,
3de5ef79-cdb1-4b0e-b1fd-3f56ba53dd04,Foot And Mouth Disease,ICD11_1F05,round1,,2020-10-31T00:00:00,country_IN,India,state_29,Karnataka,district_538,Kalaburagi,5092.0,480.0,,38.0,13.0,,0.0,0.0,,1563.0,,,
e4d59b74-3346-4a3b-b693-254c197a8ebc,Foot And Mouth Disease,ICD11_1F05,round1,,2020-10-31T00:00:00,country_IN,India,state_29,Karnataka,district_539,Hassan,4176.0,537.0,,46.0,15.0,,0.0,0.0,,1537.0,,,
90ab3a23-9c8a-463a-974b-05386a6cf582,Foot And Mouth Disease,ICD11_1F05,round1,,2020-10-31T00:00:00,country_IN,India,state_29,Karnataka,district_540,Haveri,1148.0,297.0,,5.0,2.0,,0.0,0.0,,419.0,,,
76ff476d-ffcd-4b4c-81c2-892a07ce2c4a,Foot And Mouth Disease,ICD11_1F05,round1,,2020-10-31T00:00:00,country_IN,India,state_29,Karnataka,district_541,Kodagu,311.0,13.0,,31.0,0.0,,0.0,0.0,,109.0,,,
da1a2283-c4ce-4b05-8b70-5c831797831a,Foot And Mouth Disease,ICD11_1F05,round1,,2020-10-31T00:00:00,country_IN,India,state_29,Karnataka,district_542,Kolar,2723.0,213.0,,61.0,4.0,,0.0,0.0,,1187.0,,,
aa41c1d1-dfe1-4617-90f0-fcafda791ff9,Foot And Mouth Disease,ICD11_1F05,round1,,2020-10-31T00:00:00,country_IN,India,state_29,Karnataka,district_543,Koppal,528.0,59.0,,14.0,2.0,,0.0,0.0,,203.0,,,
5c97973a-51d9-47ab-936c-2a6732c5a3c2,Foot And Mouth Disease,ICD11_1F05,round1,,2020-10-31T00:00:00,country_IN,India,state_29,Karnataka,district_544,Mandya,6145.0,2009.0,,85.0,26.0,,0.0,0.0,,3709.0,,,
73f554b6-2a0f-437a-8cb7-05da07f9aa49,Foot And Mouth Disease,ICD11_1F05,round1,,2020-10-31T00:00:00,country_IN,India,state_29,Karnataka,district_545,Mysuru,5170.0,233.0,,65.0,1.0,,0.0,0.0,,1878.0,,,
50560bfc-b6e4-45cc-8f91-2bc9aa8c33c7,Foot And Mouth Disease,ICD11_1F05,round1,,2020-10-31T00:00:00,country_IN,India,state_29,Karnataka,district_546,Raichur,6276.0,1122.0,,1321.0,236.0,,0.0,0.0,,1556.0,,,
d634780a-d29c-4d18-a65e-b279cd3fea42,Foot And Mouth Disease,ICD11_1F05,round1,,2020-10-31T00:00:00,country_IN,India,state_29,Karnataka,district_631,Ramanagara,5003.0,457.0,,97.0,7.0,,0.0,0.0,,1491.0,,,
dbaf92d3-3d46-45a4-b5c9-ee8ec46e7dff,Foot And Mouth Disease,ICD11_1F05,round1,,2020-10-31T00:00:00,country_IN,India,state_29,Karnataka,district_547,Shivamogga,1146.0,114.0,,12.0,0.0,,0.0,0.0,,403.0,,,
74bf299e-b3f7-4dd3-822e-10fc6ae08e4b,Foot And Mouth Disease,ICD11_1F05,round1,,2020-10-31T00:00:00,country_IN,India,state_29,Karnataka,district_548,Tumakuru,526.0,107.0,,10.0,1.0,,0.0,0.0,,276.0,,,
8d9342cc-51bf-4f23-aba2-439660c28a1b,Foot And Mouth Disease,ICD11_1F05,round1,,2020-10-31T00:00:00,country_IN,India,state_29,Karnataka,district_549,Udupi,3278.0,7.0,,116.0,0.0,,0.0,0.0,,1135.0,,,
6cb7d30e-a820-4113-83a9-10f58b5287fe,Foot And Mouth Disease,ICD11_1F05,round1,,2020-10-31T00:00:00,country_IN,India,state_29,Karnataka,district_550,Uttara Kannada,3826.0,1974.0,,15.0,4.0,,0.0,0.0,,1207.0,,,
16e3acdd-ea5c-4631-851a-9d399ac92a5a,Foot And Mouth Disease,ICD11_1F05,round1,,2020-10-31T00:00:00,country_IN,India,state_29,Karnataka,district_635,Yadgir,2142.0,466.0,,45.0,29.0,,0.0,0.0,,689.0,,,
eb4ae26c-b9e9-49ca-bcc6-10e2fbcce7c1,Foot And Mouth Disease,ICD11_1F05,round1,,2020-10-24T00:00:00,country_IN,India,state_29,Karnataka,district_524,Bagalkote,2724.0,3249.0,,10.0,11.0,,0.0,0.0,,2210.0,,,
fa266b27-74d5-4c0e-9625-60eb785d5c0a,Foot And Mouth Disease,ICD11_1F05,round1,,2020-10-24T00:00:00,country_IN,India,state_29,Karnataka,district_526,Bengaluru Rural,2339.0,142.0,,101.0,2.0,,0.0,0.0,,786.0,,,
65a01969-7fd0-48c3-b7cb-fba4eddc6500,Foot And Mouth Disease,ICD11_1F05,round1,,2020-10-24T00:00:00,country_IN,India,state_29,Karnataka,district_525,Bengaluru Urban,84.0,0.0,,2.0,0.0,,0.0,0.0,,23.0,,,
25a3dbe5-5d61-4b0b-ac46-4df16e706e20,Foot And Mouth Disease,ICD11_1F05,round1,,2020-10-24T00:00:00,country_IN,India,state_29,Karnataka,district_527,Belagavi,11236.0,18433.0,,91.0,239.0,,0.0,0.0,,9368.0,,,
cfe848a7-3cb3-46c5-95f8-e70d8afb7a78,Foot And Mouth Disease,ICD11_1F05,round1,,2020-10-24T00:00:00,country_IN,India,state_29,Karnataka,district_528,Ballari,3140.0,1311.0,,2.0,3.0,,0.0,0.0,,1510.0,,,
7484fb43-0f97-4dc6-be72-3b7e6f15a393,Foot And Mouth Disease,ICD11_1F05,round1,,2020-10-24T00:00:00,country_IN,India,state_29,Karnataka,district_529,Bidar,11181.0,8905.0,,60.0,54.0,,0.0,0.0,,7299.0,,,
3fbad46a-c2b8-49f6-bb9d-00f1a3aca28a,Foot And Mouth Disease,ICD11_1F05,round1,,2020-10-24T00:00:00,country_IN,India,state_29,Karnataka,district_530,Vijayapura,1120.0,1398.0,,1.0,2.0,,0.0,0.0,,1016.0,,,
9e036912-d899-4744-85a7-6211589e7800,Foot And Mouth Disease,ICD11_1F05,round1,,2020-10-24T00:00:00,country_IN,India,state_29,Karnataka,district_531,Chamarajanagara,2550.0,194.0,,39.0,3.0,,0.0,0.0,,841.0,,,
38000774-e001-405b-bb21-a07e6473ca8f,Foot And Mouth Disease,ICD11_1F05,round1,,2020-10-24T00:00:00,country_IN,India,state_29,Karnataka,district_533,Chitradurga,1560.0,748.0,,10.0,8.0,,0.0,0.0,,792.0,,,
e3d0fd96-4786-4761-bd64-e590d2efa4e3,Foot And Mouth Disease,ICD11_1F05,round1,,2020-10-24T00:00:00,country_IN,India,state_29,Karnataka,district_630,Chikkaballapura,3770.0,361.0,,33.0,0.0,,0.0,0.0,,1836.0,,,
f36abb65-0ae6-4842-9f0a-be927ddd95a4,Foot And Mouth Disease,ICD11_1F05,round1,,2020-10-24T00:00:00,country_IN,India,state_29,Karnataka,district_532,Chikkamagaluru,569.0,38.0,,0.0,0.0,,0.0,0.0,,237.0,,,
d2ce3e4f-9cf7-47b3-8675-7965f046c10e,Foot And Mouth Disease,ICD11_1F05,round1,,2020-10-24T00:00:00,country_IN,India,state_29,Karnataka,district_534,Dakshina Kannada,544.0,1.0,,0.0,0.0,,0.0,0.0,,50.0,,,
dab37c7f-adb1-452d-88de-2d1a1fd45f7f,Foot And Mouth Disease,ICD11_1F05,round1,,2020-10-24T00:00:00,country_IN,India,state_29,Karnataka,district_535,Davangere,1864.0,981.0,,30.0,6.0,,0.0,0.0,,1088.0,,,
f511c55b-6b58-4d88-9d06-c28b61175a71,Foot And Mouth Disease,ICD11_1F05,round1,,2020-10-24T00:00:00,country_IN,India,state_29,Karnataka,district_536,Dharwad,2416.0,852.0,,44.0,12.0,,0.0,0.0,,1261.0,,,
a7b2434f-f755-45b3-b398-66278fcb9847,Foot And Mouth Disease,ICD11_1F05,round1,,2020-10-24T00:00:00,country_IN,India,state_29,Karnataka,district_537,Gadag,1006.0,379.0,,25.0,13.0,,0.0,0.0,,557.0,,,
04ae30eb-7d07-4fba-ab18-130d5d629101,Foot And Mouth Disease,ICD11_1F05,round1,,2020-10-24T00:00:00,country_IN,India,state_29,Karnataka,district_538,Kalaburagi,8033.0,784.0,,82.0,16.0,,0.0,0.0,,3087.0,,,
f1471984-6aef-4329-aa47-e2be1adff698,Foot And Mouth Disease,ICD11_1F05,round1,,2020-10-24T00:00:00,country_IN,India,state_29,Karnataka,district_539,Hassan,5613.0,665.0,,52.0,7.0,,0.0,0.0,,2129.0,,,
0fb822f5-9e6b-4b6e-9bfc-01312eb768ce,Foot And Mouth Disease,ICD11_1F05,round1,,2020-10-24T00:00:00,country_IN,India,state_29,Karnataka,district_540,Haveri,1522.0,275.0,,1.0,0.0,,0.0,0.0,,595.0,,,
a03a3510-bc6e-4747-a38b-05afc9c4b9fd,Foot And Mouth Disease,ICD11_1F05,round1,,2020-10-24T00:00:00,country_IN,India,state_29,Karnataka,district_541,Kodagu,297.0,4.0,,3.0,0.0,,0.0,0.0,,110.0,,,
aeee7b79-9df0-4cb2-8b24-d467b48d3254,Foot And Mouth Disease,ICD11_1F05,round1,,2020-10-24T00:00:00,country_IN,India,state_29,Karnataka,district_542,Kolar,3313.0,305.0,,113.0,14.0,,0.0,0.0,,1463.0,,,
6b23e185-a018-4cae-b650-8a710f9684d6,Foot And Mouth Disease,ICD11_1F05,round1,,2020-10-24T00:00:00,country_IN,India,state_29,Karnataka,district_543,Koppal,2982.0,464.0,,42.0,6.0,,0.0,0.0,,1099.0,,,
b3c120b6-eb0f-4285-a0f4-c6ad6b257044,Foot And Mouth Disease,ICD11_1F05,round1,,2020-10-24T00:00:00,country_IN,India,state_29,Karnataka,district_544,Mandya,10160.0,2266.0,,58.0,11.0,,0.0,0.0,,5765.0,,,
a47fe216-def4-4821-bcdb-021d39ebedda,Foot And Mouth Disease,ICD11_1F05,round1,,2020-10-24T00:00:00,country_IN,India,state_29,Karnataka,district_545,Mysuru,6787.0,184.0,,99.0,1.0,,0.0,0.0,,2467.0,,,
9c034241-d087-4c70-89e0-6a35bf3c312d,Foot And Mouth Disease,ICD11_1F05,round1,,2020-10-24T00:00:00,country_IN,India,state_29,Karnataka,district_546,Raichur,2119.0,1523.0,,93.0,88.0,,0.0,0.0,,1452.0,,,
16fff15d-3bb5-4141-b63d-15092f6b3a99,Foot And Mouth Disease,ICD11_1F05,round1,,2020-10-24T00:00:00,country_IN,India,state_29,Karnataka,district_631,Ramanagara,8686.0,377.0,,259.0,15.0,,0.0,0.0,,2682.0,,,
fc3d0bd6-d691-48bc-ba92-550e202eee6c,Foot And Mouth Disease,ICD11_1F05,round1,,2020-10-24T00:00:00,country_IN,India,state_29,Karnataka,district_547,Shivamogga,2894.0,415.0,,0.0,0.0,,0.0,0.0,,694.0,,,
fe33a50a-b1e0-4a13-92b6-f36b9d491931,Foot And Mouth Disease,ICD11_1F05,round1,,2020-10-24T00:00:00,country_IN,India,state_29,Karnataka,district_548,Tumakuru,3514.0,1199.0,,71.0,35.0,,0.0,0.0,,1823.0,,,
815f454f-8090-4f46-9f34-8452ba411825,Foot And Mouth Disease,ICD11_1F05,round1,,2020-10-24T00:00:00,country_IN,India,state_29,Karnataka,district_550,Uttara Kannada,2662.0,674.0,,10.0,8.0,,0.0,0.0,,929.0,,,
68934cb6-d6b8-48a1-a575-1e5e91d7b949,Foot And Mouth Disease,ICD11_1F05,round1,,2020-10-24T00:00:00,country_IN,India,state_29,Karnataka,district_549,Udupi,4149.0,8.0,,69.0,0.0,,0.0,0.0,,1575.0,,,
98433a5c-955a-45b8-b592-7ddc3541a9bb,Foot And Mouth Disease,ICD11_1F05,round1,,2020-10-24T00:00:00,country_IN,India,state_29,Karnataka,district_635,Yadgir,1971.0,409.0,,21.0,9.0,,0.0,0.0,,649.0,,,
b39ca624-54ff-4758-9935-8879898991a6,Foot And Mouth Disease,ICD11_1F05,round1,,2020-10-16T00:00:00,country_IN,India,state_29,Karnataka,district_524,Bagalkote,3917.0,3799.0,,13.0,12.0,,0.0,0.0,,2478.0,,,
c83e0b1f-384a-4d12-b823-e3743379c5bc,Foot And Mouth Disease,ICD11_1F05,round1,,2020-10-16T00:00:00,country_IN,India,state_29,Karnataka,district_526,Bengaluru Rural,4696.0,430.0,,226.0,17.0,,0.0,0.0,,1828.0,,,
cea2ab4b-33a8-47d0-a2e1-b3a6cfce5a6d,Foot And Mouth Disease,ICD11_1F05,round1,,2020-10-16T00:00:00,country_IN,India,state_29,Karnataka,district_525,Bengaluru Urban,3843.0,84.0,,82.0,2.0,,0.0,0.0,,1104.0,,,
dfc53e11-2839-4768-bfa7-cd7f41c630c4,Foot And Mouth Disease,ICD11_1F05,round1,,2020-10-16T00:00:00,country_IN,India,state_29,Karnataka,district_527,Belagavi,11305.0,16284.0,,157.0,304.0,,0.0,0.0,,9209.0,,,
d08842a4-7827-4cfd-ade8-9c21b9044adc,Foot And Mouth Disease,ICD11_1F05,round1,,2020-10-16T00:00:00,country_IN,India,state_29,Karnataka,district_528,Ballari,3101.0,1751.0,,17.0,5.0,,0.0,0.0,,1622.0,,,
fc8e2457-a247-419a-86e0-ef3c2cd3d6e2,Foot And Mouth Disease,ICD11_1F05,round1,,2020-10-16T00:00:00,country_IN,India,state_29,Karnataka,district_529,Bidar,0.0,0.0,,0.0,0.0,,0.0,0.0,,0.0,,,
a23712a0-7971-446b-9d69-97dfc321fc65,Foot And Mouth Disease,ICD11_1F05,round1,,2020-10-16T00:00:00,country_IN,India,state_29,Karnataka,district_530,Vijayapura,1625.0,1104.0,,1.0,2.0,,0.0,0.0,,1226.0,,,
3b9890eb-87fd-4e03-8433-93ed8aed00c6,Foot And Mouth Disease,ICD11_1F05,round1,,2020-10-16T00:00:00,country_IN,India,state_29,Karnataka,district_531,Chamarajanagara,3706.0,355.0,,22.0,0.0,,0.0,0.0,,1772.0,,,
1b2ecbb3-c812-423d-87b6-8e156152fcbb,Foot And Mouth Disease,ICD11_1F05,round1,,2020-10-16T00:00:00,country_IN,India,state_29,Karnataka,district_533,Chitradurga,5210.0,2094.0,,18.0,25.0,,0.0,0.0,,2221.0,,,
6d7f7ebf-c26f-413f-918a-64c52fa8f8c3,Foot And Mouth Disease,ICD11_1F05,round1,,2020-10-16T00:00:00,country_IN,India,state_29,Karnataka,district_630,Chikkaballapura,4365.0,272.0,,72.0,5.0,,0.0,0.0,,1960.0,,,
15380345-87c5-40d3-a555-878083cd4fda,Foot And Mouth Disease,ICD11_1F05,round1,,2020-10-16T00:00:00,country_IN,India,state_29,Karnataka,district_532,Chikkamagaluru,2356.0,189.0,,12.0,2.0,,0.0,0.0,,784.0,,,
b1a7b49a-d085-47e3-b1e1-28300edafd64,Foot And Mouth Disease,ICD11_1F05,round1,,2020-10-16T00:00:00,country_IN,India,state_29,Karnataka,district_534,Dakshina Kannada,4391.0,16.0,,127.0,0.0,,0.0,0.0,,1857.0,,,
57b7c29b-f86c-46ae-87be-d49f1d301ec4,Foot And Mouth Disease,ICD11_1F05,round1,,2020-10-16T00:00:00,country_IN,India,state_29,Karnataka,district_535,Davangere,3136.0,1293.0,,47.0,16.0,,0.0,0.0,,1668.0,,,
8fca9991-2a01-4cfd-ac46-2519e84812fd,Foot And Mouth Disease,ICD11_1F05,round1,,2020-10-16T00:00:00,country_IN,India,state_29,Karnataka,district_536,Dharwad,2597.0,977.0,,32.0,19.0,,0.0,0.0,,1102.0,,,
1e6dc554-704a-4dfe-b28e-0231d6b99c5c,Foot And Mouth Disease,ICD11_1F05,round1,,2020-10-16T00:00:00,country_IN,India,state_29,Karnataka,district_537,Gadag,1884.0,827.0,,54.0,29.0,,0.0,0.0,,912.0,,,
2d3a5f87-c583-4664-bc08-c0fbdf65bfbb,Foot And Mouth Disease,ICD11_1F05,round1,,2020-10-16T00:00:00,country_IN,India,state_29,Karnataka,district_538,Kalaburagi,2247.0,151.0,,10.0,0.0,,0.0,0.0,,809.0,,,
00968741-b560-4c93-97d3-5c32a04f08f1,Foot And Mouth Disease,ICD11_1F05,round1,,2020-10-16T00:00:00,country_IN,India,state_29,Karnataka,district_539,Hassan,8262.0,1063.0,,109.0,26.0,,0.0,0.0,,3793.0,,,
14b87117-1489-46ed-b776-acf92652e50d,Foot And Mouth Disease,ICD11_1F05,round1,,2020-10-16T00:00:00,country_IN,India,state_29,Karnataka,district_540,Haveri,3530.0,1310.0,,26.0,7.0,,0.0,0.0,,1678.0,,,
84b03edb-a5f2-42d2-971f-963cb303291f,Foot And Mouth Disease,ICD11_1F05,round1,,2020-10-16T00:00:00,country_IN,India,state_29,Karnataka,district_541,Kodagu,1075.0,60.0,,46.0,1.0,,0.0,0.0,,293.0,,,
ce8be08a-3d78-49af-ac5e-563239f29b72,Foot And Mouth Disease,ICD11_1F05,round1,,2020-10-16T00:00:00,country_IN,India,state_29,Karnataka,district_542,Kolar,10381.0,1223.0,,251.0,34.0,,0.0,0.0,,5926.0,,,
f3222a8a-417c-4479-900e-56c740aea64e,Foot And Mouth Disease,ICD11_1F05,round1,,2020-10-16T00:00:00,country_IN,India,state_29,Karnataka,district_543,Koppal,2783.0,687.0,,56.0,26.0,,0.0,0.0,,992.0,,,
13208f31-1538-4148-8feb-fdb1fce1893d,Foot And Mouth Disease,ICD11_1F05,round1,,2020-10-16T00:00:00,country_IN,India,state_29,Karnataka,district_544,Mandya,9905.0,1991.0,,158.0,16.0,,0.0,0.0,,5089.0,,,
2ef86ee5-f363-400d-97f5-4dfb8cfc4017,Foot And Mouth Disease,ICD11_1F05,round1,,2020-10-16T00:00:00,country_IN,India,state_29,Karnataka,district_545,Mysuru,10196.0,389.0,,258.0,11.0,,0.0,0.0,,4239.0,,,
e2834961-4574-4056-8f1e-15081381202b,Foot And Mouth Disease,ICD11_1F05,round1,,2020-10-16T00:00:00,country_IN,India,state_29,Karnataka,district_546,Raichur,2306.0,1511.0,,51.0,19.0,,0.0,0.0,,1897.0,,,
092f0f66-99c3-489b-bd81-cf90ff20acd7,Foot And Mouth Disease,ICD11_1F05,round1,,2020-10-16T00:00:00,country_IN,India,state_29,Karnataka,district_631,Ramanagara,8901.0,477.0,,211.0,11.0,,0.0,0.0,,3410.0,,,
43cc3757-a539-4f7c-9b96-3b8dbf3d7f61,Foot And Mouth Disease,ICD11_1F05,round1,,2020-10-16T00:00:00,country_IN,India,state_29,Karnataka,district_547,Shivamogga,2001.0,324.0,,12.0,1.0,,0.0,0.0,,613.0,,,
d55cb61c-8d8c-42f0-a587-0888d4743d71,Foot And Mouth Disease,ICD11_1F05,round1,,2020-10-16T00:00:00,country_IN,India,state_29,Karnataka,district_548,Tumakuru,1356.0,404.0,,13.0,3.0,,0.0,0.0,,794.0,,,
10b942d1-b597-4c6d-b5e8-d74764cdd380,Foot And Mouth Disease,ICD11_1F05,round1,,2020-10-16T00:00:00,country_IN,India,state_29,Karnataka,district_550,Uttara Kannada,2592.0,479.0,,24.0,7.0,,0.0,0.0,,963.0,,,
2ece23e0-e2a1-42d3-b46c-4f41db415c29,Foot And Mouth Disease,ICD11_1F05,round1,,2020-10-16T00:00:00,country_IN,India,state_29,Karnataka,district_549,Udupi,3197.0,6.0,,10.0,0.0,,0.0,0.0,,1301.0,,,
b533198a-04cc-4d68-a05e-02a544ad0d5e,Foot And Mouth Disease,ICD11_1F05,round1,,2020-10-16T00:00:00,country_IN,India,state_29,Karnataka,district_635,Yadgir,1111.0,415.0,,11.0,0.0,,0.0,0.0,,495.0,,,
8ad4fa5e-8bf9-4ecf-b318-aa822a587bab,Foot And Mouth Disease,ICD11_1F05,round1,,2020-10-21T00:00:00,country_IN,India,state_29,Karnataka,district_524,Bagalkote,4211.0,4617.0,,26.0,32.0,,0.0,0.0,,3241.0,,,
4e8da756-aaf1-49c4-9cb6-7409f8e5a476,Foot And Mouth Disease,ICD11_1F05,round1,,2020-10-21T00:00:00,country_IN,India,state_29,Karnataka,district_526,Bengaluru Rural,5243.0,317.0,,150.0,0.0,,0.0,0.0,,1913.0,,,
2c30f193-16f4-491b-9817-52cd6e368678,Foot And Mouth Disease,ICD11_1F05,round1,,2020-10-21T00:00:00,country_IN,India,state_29,Karnataka,district_525,Bengaluru Urban,3030.0,143.0,,53.0,5.0,,0.0,0.0,,899.0,,,
12ecddec-2973-4d17-bc2a-61ec021134e2,Foot And Mouth Disease,ICD11_1F05,round1,,2020-10-21T00:00:00,country_IN,India,state_29,Karnataka,district_527,Belagavi,10396.0,16854.0,,154.0,338.0,,0.0,0.0,,8985.0,,,
c051a14a-cced-4193-9cbf-8041f5afd9d0,Foot And Mouth Disease,ICD11_1F05,round1,,2020-10-21T00:00:00,country_IN,India,state_29,Karnataka,district_528,Ballari,5202.0,2476.0,,81.0,21.0,,0.0,0.0,,2766.0,,,
ab6e0372-107e-49ce-a000-88d4fa6c04d2,Foot And Mouth Disease,ICD11_1F05,round1,,2020-10-21T00:00:00,country_IN,India,state_29,Karnataka,district_529,Bidar,10399.0,5829.0,,56.0,39.0,,0.0,0.0,,6818.0,,,
814e3858-d627-43ef-b31e-c1b79b72e825,Foot And Mouth Disease,ICD11_1F05,round1,,2020-10-21T00:00:00,country_IN,India,state_29,Karnataka,district_530,Vijayapura,1401.0,1000.0,,0.0,3.0,,0.0,0.0,,1178.0,,,
3c7a4d68-8d88-40d1-b1b2-eaa1c5383179,Foot And Mouth Disease,ICD11_1F05,round1,,2020-10-21T00:00:00,country_IN,India,state_29,Karnataka,district_531,Chamarajanagara,4535.0,283.0,,56.0,0.0,,0.0,0.0,,1867.0,,,
2772ca57-f859-4619-b5e2-4ec58275616a,Foot And Mouth Disease,ICD11_1F05,round1,,2020-10-21T00:00:00,country_IN,India,state_29,Karnataka,district_533,Chitradurga,4815.0,2381.0,,54.0,38.0,,0.0,0.0,,2996.0,,,
de2711b7-6b40-4b0f-bdcf-793a600e2d95,Foot And Mouth Disease,ICD11_1F05,round1,,2020-10-21T00:00:00,country_IN,India,state_29,Karnataka,district_630,Chikkaballapura,4642.0,340.0,,89.0,6.0,,0.0,0.0,,2187.0,,,
dfe14eae-0997-42ae-9d75-bdb759d81bf2,Foot And Mouth Disease,ICD11_1F05,round1,,2020-10-21T00:00:00,country_IN,India,state_29,Karnataka,district_532,Chikkamagaluru,1552.0,85.0,,18.0,1.0,,0.0,0.0,,476.0,,,
340e163e-ee3b-4df0-bc3e-7c86f17cb868,Foot And Mouth Disease,ICD11_1F05,round1,,2020-10-21T00:00:00,country_IN,India,state_29,Karnataka,district_534,Dakshina Kannada,3887.0,2.0,,73.0,0.0,,0.0,0.0,,1645.0,,,
3801e7bc-c0b4-46dd-9d7d-46c82397daef,Foot And Mouth Disease,ICD11_1F05,round1,,2020-10-21T00:00:00,country_IN,India,state_29,Karnataka,district_535,Davangere,4038.0,1372.0,,102.0,27.0,,0.0,0.0,,2132.0,,,
b11209df-8568-4cae-84d0-6222c3b6ff53,Foot And Mouth Disease,ICD11_1F05,round1,,2020-10-21T00:00:00,country_IN,India,state_29,Karnataka,district_536,Dharwad,3642.0,1245.0,,45.0,21.0,,0.0,0.0,,1759.0,,,
e8a0ccbb-fbc9-4756-a1f2-e3cab7884a85,Foot And Mouth Disease,ICD11_1F05,round1,,2020-10-21T00:00:00,country_IN,India,state_29,Karnataka,district_537,Gadag,1569.0,495.0,,20.0,12.0,,0.0,0.0,,740.0,,,
43e57e94-cbc5-443c-89bf-6cd00c49c73d,Foot And Mouth Disease,ICD11_1F05,round1,,2020-10-21T00:00:00,country_IN,India,state_29,Karnataka,district_538,Kalaburagi,5196.0,414.0,,48.0,24.0,,0.0,0.0,,1789.0,,,
bb34c788-3698-4e31-beeb-fc3268d2a125,Foot And Mouth Disease,ICD11_1F05,round1,,2020-10-21T00:00:00,country_IN,India,state_29,Karnataka,district_539,Hassan,9521.0,2256.0,,97.0,55.0,,0.0,0.0,,4306.0,,,
9d7534f7-f8fb-4032-9a8f-3e6f3937d6b9,Foot And Mouth Disease,ICD11_1F05,round1,,2020-10-21T00:00:00,country_IN,India,state_29,Karnataka,district_540,Haveri,4302.0,1357.0,,5.0,7.0,,0.0,0.0,,2305.0,,,
cc5c0108-b4ea-42f3-95ce-365ab290d75b,Foot And Mouth Disease,ICD11_1F05,round1,,2020-10-21T00:00:00,country_IN,India,state_29,Karnataka,district_541,Kodagu,1137.0,20.0,,69.0,0.0,,0.0,0.0,,329.0,,,
bc7d07ee-674d-4d55-b1d3-9b0bdff18b23,Foot And Mouth Disease,ICD11_1F05,round1,,2020-10-21T00:00:00,country_IN,India,state_29,Karnataka,district_542,Kolar,6172.0,663.0,,130.0,18.0,,0.0,0.0,,3019.0,,,
4a7ab3eb-9dd3-4f30-adf1-14f716425f58,Foot And Mouth Disease,ICD11_1F05,round1,,2020-10-21T00:00:00,country_IN,India,state_29,Karnataka,district_543,Koppal,1284.0,214.0,,43.0,6.0,,0.0,0.0,,554.0,,,
db072f43-1c0d-49d3-af50-38842c0b2c9c,Foot And Mouth Disease,ICD11_1F05,round1,,2020-10-21T00:00:00,country_IN,India,state_29,Karnataka,district_544,Mandya,10545.0,3393.0,,86.0,41.0,,0.0,0.0,,6382.0,,,
ed084e17-3e20-4089-8c04-fbfcf7fd0ea7,Foot And Mouth Disease,ICD11_1F05,round1,,2020-10-21T00:00:00,country_IN,India,state_29,Karnataka,district_545,Mysuru,10013.0,286.0,,224.0,5.0,,0.0,0.0,,3989.0,,,
8387a395-06a0-4a4f-8ac5-6f2fbdeb4fb7,Foot And Mouth Disease,ICD11_1F05,round1,,2020-10-21T00:00:00,country_IN,India,state_29,Karnataka,district_546,Raichur,4631.0,2413.0,,140.0,90.0,,0.0,0.0,,3724.0,,,
cb98f1e9-effe-47a1-9151-911a002bd2e5,Foot And Mouth Disease,ICD11_1F05,round1,,2020-10-21T00:00:00,country_IN,India,state_29,Karnataka,district_631,Ramanagara,12199.0,893.0,,219.0,24.0,,0.0,0.0,,3884.0,,,
a6fa676e-cca7-43a2-9eb2-6b2945b7865f,Foot And Mouth Disease,ICD11_1F05,round1,,2020-10-21T00:00:00,country_IN,India,state_29,Karnataka,district_547,Shivamogga,570.0,47.0,,3.0,1.0,,0.0,0.0,,176.0,,,
833d772b-69c4-49a4-a09b-27ce450893fa,Foot And Mouth Disease,ICD11_1F05,round1,,2020-10-21T00:00:00,country_IN,India,state_29,Karnataka,district_548,Tumakuru,12178.0,3210.0,,129.0,48.0,,0.0,0.0,,5862.0,,,
bdb856e3-f017-4f68-a6d9-75387e3d0af9,Foot And Mouth Disease,ICD11_1F05,round1,,2020-10-21T00:00:00,country_IN,India,state_29,Karnataka,district_534,Dakshina Kannada,3267.0,601.0,,23.0,1.0,,0.0,0.0,,1181.0,,,
53c7ba42-fdc4-4c50-b191-5342299429ab,Foot And Mouth Disease,ICD11_1F05,round1,,2020-10-21T00:00:00,country_IN,India,state_29,Karnataka,district_549,Udupi,3609.0,9.0,,61.0,0.0,,0.0,0.0,,1505.0,,,
1e721910-be2a-4e1e-bb6f-a6c4617972aa,Foot And Mouth Disease,ICD11_1F05,round1,,2020-10-21T00:00:00,country_IN,India,state_29,Karnataka,district_635,Yadgir,2527.0,461.0,,19.0,7.0,,0.0,0.0,,908.0,,,
27bcd8ae-5ce3-404b-9c86-499479db933b,Foot And Mouth Disease,ICD11_1F05,round1,,2020-10-13T00:00:00,country_IN,India,state_29,Karnataka,district_524,Bagalkote,37430.0,37680.0,,90.0,270.0,,0.0,0.0,,23630.0,,,
a1042b35-43b8-4151-9bb4-45ae89d72325,Foot And Mouth Disease,ICD11_1F05,round1,,2020-10-13T00:00:00,country_IN,India,state_29,Karnataka,district_526,Bengaluru Rural,57210.0,6500.0,,1420.0,150.0,,0.0,0.0,,25050.0,,,
d6525d52-1ae0-438a-9042-0db649049427,Foot And Mouth Disease,ICD11_1F05,round1,,2020-10-13T00:00:00,country_IN,India,state_29,Karnataka,district_525,Bengaluru Urban,35920.0,410.0,,1050.0,0.0,,0.0,0.0,,8900.0,,,
d39f1f17-6c70-49af-810b-06a5520b4ccf,Foot And Mouth Disease,ICD11_1F05,round1,,2020-10-13T00:00:00,country_IN,India,state_29,Karnataka,district_527,Belagavi,96980.0,162220.0,,820.0,2050.0,,0.0,0.0,,88880.0,,,
5577a940-9d2f-471b-af77-e532e71213cd,Foot And Mouth Disease,ICD11_1F05,round1,,2020-10-13T00:00:00,country_IN,India,state_29,Karnataka,district_528,Ballari,39420.0,13690.0,,10.0,10.0,,0.0,0.0,,14970.0,,,
4352405a-1465-4cb7-a1b0-0787e9b2e00a,Foot And Mouth Disease,ICD11_1F05,round1,,2020-10-13T00:00:00,country_IN,India,state_29,Karnataka,district_529,Bidar,0.0,0.0,,0.0,0.0,,0.0,0.0,,0.0,,,
be090431-74b0-4956-acc1-4808759f4f3c,Foot And Mouth Disease,ICD11_1F05,round1,,2020-10-13T00:00:00,country_IN,India,state_29,Karnataka,district_530,Vijayapura,800.0,1190.0,,0.0,0.0,,0.0,0.0,,500.0,,,
9428e604-d212-4072-b754-b6f1fa2aa57d,Foot And Mouth Disease,ICD11_1F05,round1,,2020-10-13T00:00:00,country_IN,India,state_29,Karnataka,district_531,Chamarajanagara,0.0,0.0,,0.0,0.0,,0.0,0.0,,0.0,,,
beb43432-0b19-47ce-846c-7f42558b9a55,Foot And Mouth Disease,ICD11_1F05,round1,,2020-10-13T00:00:00,country_IN,India,state_29,Karnataka,district_533,Chitradurga,40240.0,16750.0,,200.0,20.0,,0.0,0.0,,18640.0,,,
9cba7f61-1449-4525-9d4d-78479db5cd4f,Foot And Mouth Disease,ICD11_1F05,round1,,2020-10-13T00:00:00,country_IN,India,state_29,Karnataka,district_630,Chikkaballapura,31830.0,2910.0,,710.0,180.0,,0.0,0.0,,14910.0,,,
943c0b0d-1f8b-4e9d-bcc8-f7ad9a8b702f,Foot And Mouth Disease,ICD11_1F05,round1,,2020-10-13T00:00:00,country_IN,India,state_29,Karnataka,district_532,Chikkamagaluru,14720.0,1280.0,,90.0,0.0,,0.0,0.0,,4470.0,,,
4a6e7d86-4211-45a8-85a4-39709ecc9a64,Foot And Mouth Disease,ICD11_1F05,round1,,2020-10-13T00:00:00,country_IN,India,state_29,Karnataka,district_534,Dakshina Kannada,40380.0,30.0,,1860.0,0.0,,0.0,0.0,,14990.0,,,
c5ee2aa2-588a-4dae-bac3-3a1d568ec853,Foot And Mouth Disease,ICD11_1F05,round1,,2020-10-13T00:00:00,country_IN,India,state_29,Karnataka,district_535,Davangere,47140.0,15020.0,,340.0,60.0,,0.0,0.0,,26110.0,,,
b55083a8-7354-48e6-8958-d42743c9bd3e,Foot And Mouth Disease,ICD11_1F05,round1,,2020-10-13T00:00:00,country_IN,India,state_29,Karnataka,district_536,Dharwad,14280.0,5850.0,,290.0,100.0,,0.0,0.0,,6190.0,,,
e2a3898d-9841-41d2-be30-0f0073da4f4d,Foot And Mouth Disease,ICD11_1F05,round1,,2020-10-13T00:00:00,country_IN,India,state_29,Karnataka,district_537,Gadag,12790.0,5060.0,,280.0,120.0,,0.0,0.0,,6530.0,,,
502cdfec-354b-4f79-b215-80d953696307,Foot And Mouth Disease,ICD11_1F05,round1,,2020-10-13T00:00:00,country_IN,India,state_29,Karnataka,district_538,Kalaburagi,17810.0,1040.0,,20.0,0.0,,0.0,0.0,,5310.0,,,
23935fba-a2c9-40d8-a51a-4927c97f194a,Foot And Mouth Disease,ICD11_1F05,round1,,2020-10-13T00:00:00,country_IN,India,state_29,Karnataka,district_539,Hassan,52250.0,10580.0,,550.0,120.0,,0.0,0.0,,21450.0,,,
32d1558a-f657-49cd-8781-bb61b7fc00fc,Foot And Mouth Disease,ICD11_1F05,round1,,2020-10-13T00:00:00,country_IN,India,state_29,Karnataka,district_540,Haveri,33460.0,11710.0,,140.0,30.0,,0.0,0.0,,16370.0,,,
d90c6c7f-2b85-44c4-b4f2-fd382d837211,Foot And Mouth Disease,ICD11_1F05,round1,,2020-10-13T00:00:00,country_IN,India,state_29,Karnataka,district_541,Kodagu,12120.0,1100.0,,330.0,130.0,,0.0,0.0,,2990.0,,,
c6ccbea8-03a0-4edb-ace0-d4efcf229dfa,Foot And Mouth Disease,ICD11_1F05,round1,,2020-10-13T00:00:00,country_IN,India,state_29,Karnataka,district_542,Kolar,85770.0,10780.0,,1680.0,180.0,,0.0,0.0,,47950.0,,,
623ec40e-c91d-4bdf-89b5-84ced3c66d74,Foot And Mouth Disease,ICD11_1F05,round1,,2020-10-13T00:00:00,country_IN,India,state_29,Karnataka,district_543,Koppal,14450.0,2150.0,,620.0,180.0,,0.0,0.0,,4790.0,,,
332e121d-2fbe-4138-94af-1d3c54c9152e,Foot And Mouth Disease,ICD11_1F05,round1,,2020-10-13T00:00:00,country_IN,India,state_29,Karnataka,district_544,Mandya,0.0,0.0,,0.0,0.0,,0.0,0.0,,0.0,,,
17ae177e-d9f6-4c55-8430-589ca029549c,Foot And Mouth Disease,ICD11_1F05,round1,,2020-10-13T00:00:00,country_IN,India,state_29,Karnataka,district_545,Mysuru,101770.0,2920.0,,2780.0,110.0,,0.0,0.0,,41130.0,,,
9243d9f0-ec3b-4b64-aabd-665ff2a1d69d,Foot And Mouth Disease,ICD11_1F05,round1,,2020-10-13T00:00:00,country_IN,India,state_29,Karnataka,district_546,Raichur,22980.0,14910.0,,900.0,850.0,,0.0,0.0,,16290.0,,,
ed1ff029-9b99-4017-b859-9458551b639a,Foot And Mouth Disease,ICD11_1F05,round1,,2020-10-13T00:00:00,country_IN,India,state_29,Karnataka,district_631,Ramanagara,99120.0,3590.0,,3390.0,130.0,,0.0,0.0,,38510.0,,,
f3761ccb-eba7-4b84-9997-e5827ae95f4b,Foot And Mouth Disease,ICD11_1F05,round1,,2020-10-13T00:00:00,country_IN,India,state_29,Karnataka,district_547,Shivamogga,1680.0,400.0,,50.0,30.0,,0.0,0.0,,20.0,,,
59bf7ed7-9e60-479e-8faf-499932e630b0,Foot And Mouth Disease,ICD11_1F05,round1,,2020-10-13T00:00:00,country_IN,India,state_29,Karnataka,district_548,Tumakuru,0.0,0.0,,0.0,0.0,,0.0,0.0,,0.0,,,
531da3fb-895e-4088-b6f3-424dc0cab473,Foot And Mouth Disease,ICD11_1F05,round1,,2020-10-13T00:00:00,country_IN,India,state_29,Karnataka,district_550,Uttara Kannada,19510.0,2600.0,,250.0,10.0,,0.0,0.0,,7680.0,,,
9097f96a-b616-4bc0-a3eb-e00053c1ab58,Foot And Mouth Disease,ICD11_1F05,round1,,2020-10-13T00:00:00,country_IN,India,state_29,Karnataka,district_549,Udupi,19270.0,20.0,,300.0,0.0,,0.0,0.0,,6870.0,,,
0926333b-7763-4fb7-ae98-460274924a96,Foot And Mouth Disease,ICD11_1F05,round1,,2020-10-13T00:00:00,country_IN,India,state_29,Karnataka,district_635,Yadgir,7150.0,1870.0,,0.0,0.0,,0.0,0.0,,2730.0,,,
1555aae5-9234-414f-87e8-743afe18f8aa,Foot And Mouth Disease,ICD11_1F05,round1,,2020-10-06T00:00:00,country_IN,India,state_29,Karnataka,district_524,Bagalkote,,,,,,,,,,,,,
14b49486-e287-42df-9568-15635629add5,Foot And Mouth Disease,ICD11_1F05,round1,,2020-10-06T00:00:00,country_IN,India,state_29,Karnataka,district_526,Bengaluru Rural,,,,,,,,,,,,,
f90ec737-c95b-466a-bd0d-8d7d5a77d53e,Foot And Mouth Disease,ICD11_1F05,round1,,2020-10-06T00:00:00,country_IN,India,state_29,Karnataka,district_527,Belagavi,0.0,0.0,,,0.0,,,,,0.0,,,
42d2b005-13b7-46fd-99c8-af16d688e4c8,Foot And Mouth Disease,ICD11_1F05,round1,,2020-10-06T00:00:00,country_IN,India,state_29,Karnataka,district_528,Ballari,250.0,130.0,,,,,,,,130.0,,,
c725e3cc-8fdb-4c71-834f-572e37441d1f,Foot And Mouth Disease,ICD11_1F05,round1,,2020-10-06T00:00:00,country_IN,India,state_29,Karnataka,district_525,Bengaluru Urban,,,,,,,,,,,,,
ea5ecc71-dcd4-4b2e-b943-3ca6017871fa,Foot And Mouth Disease,ICD11_1F05,round1,,2020-10-06T00:00:00,country_IN,India,state_29,Karnataka,district_529,Bidar,,,,,,,,,,,,,
1a5feeaf-5609-40b1-a39d-a4ab563dcc0e,Foot And Mouth Disease,ICD11_1F05,round1,,2020-10-06T00:00:00,country_IN,India,state_29,Karnataka,district_530,Vijayapura,,,,,,,,,,,,,
3b18d35a-e38c-4583-8c0f-a9a451e66fba,Foot And Mouth Disease,ICD11_1F05,round1,,2020-10-06T00:00:00,country_IN,India,state_29,Karnataka,district_531,Chamarajanagara,,,,,,,,,,,,,
1a8e5232-a8e1-4004-8c3c-6a932faa03cb,Foot And Mouth Disease,ICD11_1F05,round1,,2020-10-06T00:00:00,country_IN,India,state_29,Karnataka,district_630,Chikkaballapura,,,,,,,,,,,,,
c3e2b20b-df81-4e4e-a177-ad20fb512807,Foot And Mouth Disease,ICD11_1F05,round1,,2020-10-06T00:00:00,country_IN,India,state_29,Karnataka,district_532,Chikkamagaluru,,,,,,,,,,,,,
840bcee7-68a2-4d23-8f07-d2b152344614,Foot And Mouth Disease,ICD11_1F05,round1,,2020-10-06T00:00:00,country_IN,India,state_29,Karnataka,district_533,Chitradurga,8570.0,2790.0,,,,,,,,2100.0,,,
b5ea2af6-22e0-4195-9330-fc3216694510,Foot And Mouth Disease,ICD11_1F05,round1,,2020-10-06T00:00:00,country_IN,India,state_29,Karnataka,district_534,Dakshina Kannada,,,,,,,,,,,,,
f2c22384-4742-49d8-9df7-c568fb624d38,Foot And Mouth Disease,ICD11_1F05,round1,,2020-10-06T00:00:00,country_IN,India,state_29,Karnataka,district_535,Davangere,9760.0,3730.0,,520.0,50.0,,,,,4600.0,,,
7b3e246f-1548-42ae-8541-8c7c1316689b,Foot And Mouth Disease,ICD11_1F05,round1,,2020-10-06T00:00:00,country_IN,India,state_29,Karnataka,district_536,Dharwad,,,,,,,,,,,,,
58d017d6-cb2b-43d9-87a9-158f9153a227,Foot And Mouth Disease,ICD11_1F05,round1,,2020-10-06T00:00:00,country_IN,India,state_29,Karnataka,district_537,Gadag,,,,,,,,,,,,,
ad959c70-c62c-42a9-a419-272ec199765f,Foot And Mouth Disease,ICD11_1F05,round1,,2020-10-06T00:00:00,country_IN,India,state_29,Karnataka,district_538,Kalaburagi,,,,,,,,,,,,,
1402134c-27dd-43e7-bfa2-ed177ab6de6e,Foot And Mouth Disease,ICD11_1F05,round1,,2020-10-06T00:00:00,country_IN,India,state_29,Karnataka,district_539,Hassan,,,,,,,,,,,,,
dc1adc45-1225-4838-bc14-5c5c7fb85ccd,Foot And Mouth Disease,ICD11_1F05,round1,,2020-10-06T00:00:00,country_IN,India,state_29,Karnataka,district_540,Haveri,20470.0,8450.0,,230.0,50.0,,,,,8940.0,,,
a83ae056-57e6-4b3a-b645-d2ec74eb745f,Foot And Mouth Disease,ICD11_1F05,round1,,2020-10-06T00:00:00,country_IN,India,state_29,Karnataka,district_541,Kodagu,0.0,,,,,,,,,,,,
193d6400-dbf8-4566-92bb-af02540b0363,Foot And Mouth Disease,ICD11_1F05,round1,,2020-10-06T00:00:00,country_IN,India,state_29,Karnataka,district_542,Kolar,2800.0,460.0,,50.0,0.0,,,,,1730.0,,,
ce4c2cf8-581b-4f09-a64f-370281bffd83,Foot And Mouth Disease,ICD11_1F05,round1,,2020-10-06T00:00:00,country_IN,India,state_29,Karnataka,district_543,Koppal,,,,,,,,,,,,,
063e4a21-fc87-4254-bfaa-50d279e05f64,Foot And Mouth Disease,ICD11_1F05,round1,,2020-10-06T00:00:00,country_IN,India,state_29,Karnataka,district_544,Mandya,,,,,,,,,,,,,
c34c5ed7-79de-4e80-82be-9820e7d720d0,Foot And Mouth Disease,ICD11_1F05,round1,,2020-10-06T00:00:00,country_IN,India,state_29,Karnataka,district_545,Mysuru,,,,,,,,,,,,,
95304e69-602f-488e-8ee8-d9989b8e9f7e,Foot And Mouth Disease,ICD11_1F05,round1,,2020-10-06T00:00:00,country_IN,India,state_29,Karnataka,district_546,Raichur,1580.0,680.0,,10.0,10.0,,,,,1080.0,,,
fe9ab7a4-5b8d-4710-8b10-f367b90c4feb,Foot And Mouth Disease,ICD11_1F05,round1,,2020-10-06T00:00:00,country_IN,India,state_29,Karnataka,district_631,Ramanagara,,,,,,,,,,,,,
8a27a577-6700-4e8c-bea5-117a10c60a54,Foot And Mouth Disease,ICD11_1F05,round1,,2020-10-06T00:00:00,country_IN,India,state_29,Karnataka,district_547,Shivamogga,,,,,,,,,,,,,
922791cb-2711-43c2-ae0b-abe6cfabe4bb,Foot And Mouth Disease,ICD11_1F05,round1,,2020-10-06T00:00:00,country_IN,India,state_29,Karnataka,district_548,Tumakuru,930.0,150.0,,20.0,30.0,,,,,180.0,,,
fa125824-00f8-4a46-874f-69523d2051df,Foot And Mouth Disease,ICD11_1F05,round1,,2020-10-06T00:00:00,country_IN,India,state_29,Karnataka,district_549,Udupi,,,,,,,,,,,,,
572342f2-e869-4e0f-b631-4032c46c5827,Foot And Mouth Disease,ICD11_1F05,round1,,2020-10-06T00:00:00,country_IN,India,state_29,Karnataka,district_550,Uttara Kannada,4310.0,620.0,,50.0,0.0,,,,,1620.0,,,
226730f6-800b-4afc-8f05-43d0ad94da43,Foot And Mouth Disease,ICD11_1F05,round1,,2020-10-06T00:00:00,country_IN,India,state_29,Karnataka,district_635,Yadgir,,,,,,,,,,,,,
cd8cfcde-20fc-4307-acd5-76c62d8d225e,Foot And Mouth Disease,ICD11_1F05,round1,,2020-10-28T00:00:00,country_IN,India,state_29,Karnataka,district_524,Bagalkote,5139.0,4652.0,,121.0,107.0,,0.0,0.0,,2820.0,,,
b8aa8ad4-c808-4c87-9428-52101dba50d8,Foot And Mouth Disease,ICD11_1F05,round1,,2020-10-28T00:00:00,country_IN,India,state_29,Karnataka,district_526,Bengaluru Rural,5091.0,638.0,,171.0,14.0,,0.0,0.0,,2209.0,,,
4becf9ac-47a9-4cd0-bf79-e0c2eb7a35ea,Foot And Mouth Disease,ICD11_1F05,round1,,2020-10-28T00:00:00,country_IN,India,state_29,Karnataka,district_527,Belagavi,11009.0,17170.0,,80.0,165.0,,0.0,0.0,,9775.0,,,
f3a18fd8-b803-4970-953f-755d523d7179,Foot And Mouth Disease,ICD11_1F05,round1,,2020-10-28T00:00:00,country_IN,India,state_29,Karnataka,district_528,Ballari,3416.0,1289.0,,10.0,3.0,,0.0,0.0,,1618.0,,,
53737091-ea32-4c74-9914-50e083d8373a,Foot And Mouth Disease,ICD11_1F05,round1,,2020-10-28T00:00:00,country_IN,India,state_29,Karnataka,district_525,Bengaluru Urban,3655.0,143.0,,32.0,0.0,,0.0,0.0,,1065.0,,,
8299ae55-f53f-4f0e-9beb-bdcc65f6137f,Foot And Mouth Disease,ICD11_1F05,round1,,2020-10-28T00:00:00,country_IN,India,state_29,Karnataka,district_529,Bidar,7515.0,5032.0,,19.0,18.0,,0.0,0.0,,4246.0,,,
c9082a79-c2ed-47b6-836e-b600e6e891a7,Foot And Mouth Disease,ICD11_1F05,round1,,2020-10-28T00:00:00,country_IN,India,state_29,Karnataka,district_530,Vijayapura,2223.0,1627.0,,0.0,0.0,,0.0,0.0,,1875.0,,,
98766c70-21f9-4a63-980f-1b9066b9cda9,Foot And Mouth Disease,ICD11_1F05,round1,,2020-10-28T00:00:00,country_IN,India,state_29,Karnataka,district_531,Chamarajanagara,3728.0,32.0,,41.0,0.0,,0.0,0.0,,1215.0,,,
0534241f-8e96-47bf-8786-991b7cb37505,Foot And Mouth Disease,ICD11_1F05,round1,,2020-10-28T00:00:00,country_IN,India,state_29,Karnataka,district_630,Chikkaballapura,8743.0,968.0,,230.0,61.0,,0.0,0.0,,3865.0,,,
880a991c-79a7-47d2-afca-3bf58a6bb36c,Foot And Mouth Disease,ICD11_1F05,round1,,2020-10-28T00:00:00,country_IN,India,state_29,Karnataka,district_532,Chikkamagaluru,4458.0,309.0,,10.0,2.0,,0.0,0.0,,1373.0,,,
3e6ac12b-3e1b-4e6b-991b-f45f068b5baf,Foot And Mouth Disease,ICD11_1F05,round1,,2020-10-28T00:00:00,country_IN,India,state_29,Karnataka,district_533,Chitradurga,4895.0,2236.0,,31.0,14.0,,0.0,0.0,,2212.0,,,
3a3a3e8b-5390-4413-a7d1-6e5eb2d1030e,Foot And Mouth Disease,ICD11_1F05,round1,,2020-10-28T00:00:00,country_IN,India,state_29,Karnataka,district_534,Dakshina Kannada,3699.0,8.0,,42.0,0.0,,0.0,0.0,,1326.0,,,
361b0511-f24d-4e98-8cc3-60c54087e60a,Foot And Mouth Disease,ICD11_1F05,round1,,2020-10-28T00:00:00,country_IN,India,state_29,Karnataka,district_535,Davangere,1697.0,713.0,,32.0,20.0,,0.0,0.0,,729.0,,,
37b2954b-119d-47b3-8ac0-0ea5e282c994,Foot And Mouth Disease,ICD11_1F05,round1,,2020-10-28T00:00:00,country_IN,India,state_29,Karnataka,district_536,Dharwad,2665.0,952.0,,16.0,8.0,,0.0,0.0,,1611.0,,,
b419d7a2-b608-41a1-b1a2-43b1e7c1c3f9,Foot And Mouth Disease,ICD11_1F05,round1,,2020-10-28T00:00:00,country_IN,India,state_29,Karnataka,district_537,Gadag,1687.0,630.0,,25.0,14.0,,0.0,0.0,,1025.0,,,
aa2408f1-4385-4148-8f65-8df03e943020,Foot And Mouth Disease,ICD11_1F05,round1,,2020-10-28T00:00:00,country_IN,India,state_29,Karnataka,district_538,Kalaburagi,5922.0,1068.0,,48.0,3.0,,0.0,0.0,,2588.0,,,
902cce25-fda4-4765-98f9-4ff36e001a1e,Foot And Mouth Disease,ICD11_1F05,round1,,2020-10-28T00:00:00,country_IN,India,state_29,Karnataka,district_539,Hassan,7482.0,1503.0,,60.0,19.0,,0.0,0.0,,2731.0,,,
6cd3ab10-5aba-4c20-9e3d-8e6be32510d5,Foot And Mouth Disease,ICD11_1F05,round1,,2020-10-28T00:00:00,country_IN,India,state_29,Karnataka,district_540,Haveri,3292.0,1011.0,,3.0,4.0,,0.0,0.0,,1556.0,,,
02e508b8-3ceb-47ba-8fc1-7249fe02a904,Foot And Mouth Disease,ICD11_1F05,round1,,2020-10-28T00:00:00,country_IN,India,state_29,Karnataka,district_541,Kodagu,830.0,55.0,,11.0,0.0,,0.0,0.0,,236.0,,,
06aeae54-e9f6-404d-a7dd-edc2065591e5,Foot And Mouth Disease,ICD11_1F05,round1,,2020-10-28T00:00:00,country_IN,India,state_29,Karnataka,district_542,Kolar,3339.0,308.0,,93.0,18.0,,0.0,0.0,,1652.0,,,
a8b2d001-f478-4068-9908-fbc71b593095,Foot And Mouth Disease,ICD11_1F05,round1,,2020-10-28T00:00:00,country_IN,India,state_29,Karnataka,district_543,Koppal,2486.0,688.0,,32.0,18.0,,0.0,0.0,,1115.0,,,
3b181df4-48ef-4423-9eca-fb8583929c36,Foot And Mouth Disease,ICD11_1F05,round1,,2020-10-28T00:00:00,country_IN,India,state_29,Karnataka,district_544,Mandya,12572.0,2632.0,,92.0,17.0,,0.0,0.0,,6744.0,,,
786378d0-379d-4794-af17-e70d5dd154d5,Foot And Mouth Disease,ICD11_1F05,round1,,2020-10-28T00:00:00,country_IN,India,state_29,Karnataka,district_545,Mysuru,10109.0,385.0,,202.0,37.0,,0.0,0.0,,3904.0,,,
7e90e482-bdcc-40ad-b995-c1c647dc6003,Foot And Mouth Disease,ICD11_1F05,round1,,2020-10-28T00:00:00,country_IN,India,state_29,Karnataka,district_546,Raichur,879.0,560.0,,54.0,67.0,,0.0,0.0,,697.0,,,
3f10a08a-5f33-433f-90d9-f0e9a1da71b6,Foot And Mouth Disease,ICD11_1F05,round1,,2020-10-28T00:00:00,country_IN,India,state_29,Karnataka,district_631,Ramanagara,10280.0,563.0,,261.0,29.0,,0.0,0.0,,3683.0,,,
5755d715-649e-4ad0-b63f-53dbd62461f6,Foot And Mouth Disease,ICD11_1F05,round1,,2020-10-28T00:00:00,country_IN,India,state_29,Karnataka,district_547,Shivamogga,3721.0,609.0,,49.0,4.0,,0.0,0.0,,1053.0,,,
8e7da4f6-c8a0-46cc-b57a-bb69820ea3fa,Foot And Mouth Disease,ICD11_1F05,round1,,2020-10-28T00:00:00,country_IN,India,state_29,Karnataka,district_548,Tumakuru,12994.0,3852.0,,83.0,33.0,,0.0,0.0,,6402.0,,,
2ce83f3a-3560-4d6a-92bb-7c05f8cd418a,Foot And Mouth Disease,ICD11_1F05,round1,,2020-10-28T00:00:00,country_IN,India,state_29,Karnataka,district_549,Udupi,4605.0,28.0,,36.0,0.0,,0.0,0.0,,1865.0,,,
d5018745-2513-4534-b4cc-a9b3173cf56e,Foot And Mouth Disease,ICD11_1F05,round1,,2020-10-28T00:00:00,country_IN,India,state_29,Karnataka,district_550,Uttara Kannada,5106.0,1196.0,,15.0,1.0,,0.0,0.0,,1705.0,,,
7beb55be-829d-4552-964c-5d2a5ac4d779,Foot And Mouth Disease,ICD11_1F05,round1,,2020-10-28T00:00:00,country_IN,India,state_29,Karnataka,district_635,Yadgir,2578.0,534.0,,22.0,16.0,,0.0,0.0,,1014.0,,,
c0b0703b-e672-4f9d-ac31-cf10df4d0400,Foot And Mouth Disease,ICD11_1F05,round1,,2020-10-19T00:00:00,country_IN,India,state_29,Karnataka,district_524,Bagalkote,4102.0,4124.0,,,,,,,,,,,
040e36a7-5bfb-4f1c-b068-398c9591c440,Foot And Mouth Disease,ICD11_1F05,round1,,2020-10-19T00:00:00,country_IN,India,state_29,Karnataka,district_525,Bengaluru Urban,5161.0,415.0,,,,,,,,,,,
b5a23a17-bf93-4f52-bcdc-220fe4adbab7,Foot And Mouth Disease,ICD11_1F05,round1,,2020-10-19T00:00:00,country_IN,India,state_29,Karnataka,district_525,Bengaluru Urban,2335.0,77.0,,,,,,,,,,,
0bd53f35-8601-4bf9-94e6-f99f75912b43,Foot And Mouth Disease,ICD11_1F05,round1,,2020-10-19T00:00:00,country_IN,India,state_29,Karnataka,district_527,Belagavi,10501.0,17149.0,,,,,,,,,,,
de4d9ecd-fa58-4968-b803-f5a067f95e7e,Foot And Mouth Disease,ICD11_1F05,round1,,2020-10-19T00:00:00,country_IN,India,state_29,Karnataka,district_528,Ballari,3842.0,1718.0,,,,,,,,,,,
986b81a5-df42-42fe-ac37-86eb95f43510,Foot And Mouth Disease,ICD11_1F05,round1,,2020-10-19T00:00:00,country_IN,India,state_29,Karnataka,district_529,Bidar,0.0,0.0,,,,,,,,,,,
9b3bffb0-9dd9-4123-aee2-b30d99d04689,Foot And Mouth Disease,ICD11_1F05,round1,,2020-10-19T00:00:00,country_IN,India,state_29,Karnataka,district_530,Vijayapura,2429.0,2379.0,,,,,,,,,,,
c67bdb88-69e8-4373-83ed-4ce08d3f550a,Foot And Mouth Disease,ICD11_1F05,round1,,2020-10-19T00:00:00,country_IN,India,state_29,Karnataka,district_531,Chamarajanagara,4137.0,241.0,,,,,,,,,,,
21606ed1-5d59-4bef-a231-2bae35e3b89e,Foot And Mouth Disease,ICD11_1F05,round1,,2020-10-19T00:00:00,country_IN,India,state_29,Karnataka,district_533,Chitradurga,5983.0,2627.0,,,,,,,,,,,
dff60ab1-3b8b-4356-856a-7e564a4bf996,Foot And Mouth Disease,ICD11_1F05,round1,,2020-10-19T00:00:00,country_IN,India,state_29,Karnataka,district_630,Chikkaballapura,5199.0,569.0,,,,,,,,,,,
a16889a7-0c72-408a-bcb9-0138b9b23af9,Foot And Mouth Disease,ICD11_1F05,round1,,2020-10-19T00:00:00,country_IN,India,state_29,Karnataka,district_532,Chikkamagaluru,2127.0,175.0,,,,,,,,,,,
5efe77b1-76e9-40ff-a2dd-de82e384bc96,Foot And Mouth Disease,ICD11_1F05,round1,,2020-10-19T00:00:00,country_IN,India,state_29,Karnataka,district_534,Dakshina Kannada,4255.0,27.0,,,,,,,,,,,
814cce82-d34e-40bf-beef-b868381d4e55,Foot And Mouth Disease,ICD11_1F05,round1,,2020-10-19T00:00:00,country_IN,India,state_29,Karnataka,district_535,Davangere,6493.0,2207.0,,,,,,,,,,,
99cf2ee1-9f67-4b76-ada1-831e47eda20f,Foot And Mouth Disease,ICD11_1F05,round1,,2020-10-19T00:00:00,country_IN,India,state_29,Karnataka,district_536,Dharwad,2768.0,1166.0,,,,,,,,,,,
69f66f17-74bd-465f-b96e-6e61f7d1c8cb,Foot And Mouth Disease,ICD11_1F05,round1,,2020-10-19T00:00:00,country_IN,India,state_29,Karnataka,district_537,Gadag,1368.0,604.0,,,,,,,,,,,
afdc024b-5c1b-4e39-8843-deece17b3e86,Foot And Mouth Disease,ICD11_1F05,round1,,2020-10-19T00:00:00,country_IN,India,state_29,Karnataka,district_538,Kalaburagi,5409.0,439.0,,,,,,,,,,,
ef8eb826-8bbb-492f-abf0-a0664b527eeb,Foot And Mouth Disease,ICD11_1F05,round1,,2020-10-19T00:00:00,country_IN,India,state_29,Karnataka,district_539,Hassan,13095.0,2062.0,,,,,,,,,,,
0fbd125a-1ed4-4055-96ac-0a99c7ae4c62,Foot And Mouth Disease,ICD11_1F05,round1,,2020-10-19T00:00:00,country_IN,India,state_29,Karnataka,district_540,Haveri,3768.0,1167.0,,,,,,,,,,,
8268984f-c028-4dd4-a9b2-93dd4280ccc2,Foot And Mouth Disease,ICD11_1F05,round1,,2020-10-19T00:00:00,country_IN,India,state_29,Karnataka,district_541,Kodagu,1350.0,139.0,,,,,,,,,,,
4359cfd4-ec86-452d-ade1-cac9db51f484,Foot And Mouth Disease,ICD11_1F05,round1,,2020-10-19T00:00:00,country_IN,India,state_29,Karnataka,district_542,Kolar,9270.0,935.0,,,,,,,,,,,
703dcb1f-a0bf-4cbf-8f04-682db5260be1,Foot And Mouth Disease,ICD11_1F05,round1,,2020-10-19T00:00:00,country_IN,India,state_29,Karnataka,district_543,Koppal,4478.0,480.0,,,,,,,,,,,
f6bb27fe-4b24-4951-8b61-67fc5d1c45e5,Foot And Mouth Disease,ICD11_1F05,round1,,2020-10-19T00:00:00,country_IN,India,state_29,Karnataka,district_544,Mandya,10148.0,2443.0,,,,,,,,,,,
347709c8-fe20-41b3-bd3e-2685c6fce0e8,Foot And Mouth Disease,ICD11_1F05,round1,,2020-10-19T00:00:00,country_IN,India,state_29,Karnataka,district_545,Mysuru,11383.0,335.0,,,,,,,,,,,
a8cb3954-3140-4078-ba51-33be2b7f15ac,Foot And Mouth Disease,ICD11_1F05,round1,,2020-10-19T00:00:00,country_IN,India,state_29,Karnataka,district_546,Raichur,4504.0,3076.0,,,,,,,,,,,
829fddb7-374c-4884-a892-8aee0b308434,Foot And Mouth Disease,ICD11_1F05,round1,,2020-10-19T00:00:00,country_IN,India,state_29,Karnataka,district_631,Ramanagara,9779.0,614.0,,,,,,,,,,,
06ea2617-7ce0-45cb-9a7c-bcc5c843a4fe,Foot And Mouth Disease,ICD11_1F05,round1,,2020-10-19T00:00:00,country_IN,India,state_29,Karnataka,district_547,Shivamogga,1485.0,200.0,,,,,,,,,,,
92615f71-3667-4d4d-a107-3bb269b2c181,Foot And Mouth Disease,ICD11_1F05,round1,,2020-10-19T00:00:00,country_IN,India,state_29,Karnataka,district_548,Tumakuru,7234.0,1423.0,,,,,,,,,,,
438803a5-276c-4adc-85f4-872e8c235507,Foot And Mouth Disease,ICD11_1F05,round1,,2020-10-19T00:00:00,country_IN,India,state_29,Karnataka,district_534,Dakshina Kannada,3455.0,528.0,,,,,,,,,,,
654444b0-0b37-4a46-9c32-6b8511f9a1f0,Foot And Mouth Disease,ICD11_1F05,round1,,2020-10-19T00:00:00,country_IN,India,state_29,Karnataka,district_549,Udupi,3960.0,7.0,,,,,,,,,,,
9677d322-f3a4-49e9-9115-93b570e2e688,Foot And Mouth Disease,ICD11_1F05,round1,,2020-10-19T00:00:00,country_IN,India,state_29,Karnataka,district_635,Yadgir,1668.0,395.0,,,,,,,,,,,
dcab25d1-454b-47ba-9e78-039f0ee5a03c,Foot And Mouth Disease,ICD11_1F05,round1,,2020-10-05T00:00:00,country_IN,India,state_29,Karnataka,district_524,Bagalkote,,,,,,,,,,,,,
62e02ee0-114f-40e4-b3fb-6e2c6ae515b2,Foot And Mouth Disease,ICD11_1F05,round1,,2020-10-05T00:00:00,country_IN,India,state_29,Karnataka,district_526,Bengaluru Rural,,,,,,,,,,,,,
1bee39fd-dd9c-4bf8-8836-7166fc3fb216,Foot And Mouth Disease,ICD11_1F05,round1,,2020-10-05T00:00:00,country_IN,India,state_29,Karnataka,district_527,Belagavi,10.0,90.0,,,10.0,,,,,70.0,,,
bb4b38ad-a53d-48cb-b8ef-1c4571d10de5,Foot And Mouth Disease,ICD11_1F05,round1,,2020-10-05T00:00:00,country_IN,India,state_29,Karnataka,district_528,Ballari,,,,,,,,,,,,,
fff99fa2-a5ad-4657-a71b-18649a1f51df,Foot And Mouth Disease,ICD11_1F05,round1,,2020-10-05T00:00:00,country_IN,India,state_29,Karnataka,district_525,Bengaluru Urban,,,,,,,,,,,,,
981f7c3d-6164-40c7-b355-658f8171fa70,Foot And Mouth Disease,ICD11_1F05,round1,,2020-10-05T00:00:00,country_IN,India,state_29,Karnataka,district_529,Bidar,,,,,,,,,,,,,
7a8857a6-7b9c-4717-9ff1-0c693c3b0848,Foot And Mouth Disease,ICD11_1F05,round1,,2020-10-05T00:00:00,country_IN,India,state_29,Karnataka,district_530,Vijayapura,,,,,,,,,,,,,
6a226ba5-f1fd-4705-a11c-cdb5d9eefafe,Foot And Mouth Disease,ICD11_1F05,round1,,2020-10-05T00:00:00,country_IN,India,state_29,Karnataka,district_531,Chamarajanagara,,,,,,,,,,,,,
4e5e2525-77cf-4172-a669-b599bef76230,Foot And Mouth Disease,ICD11_1F05,round1,,2020-10-05T00:00:00,country_IN,India,state_29,Karnataka,district_630,Chikkaballapura,,,,,,,,,,,,,
3ee94d8b-15fa-4a14-8aaf-4b7f77ce07c9,Foot And Mouth Disease,ICD11_1F05,round1,,2020-10-05T00:00:00,country_IN,India,state_29,Karnataka,district_532,Chikkamagaluru,,,,,,,,,,,,,
f5be6f0d-9dfe-4722-a572-11c3dfb827bf,Foot And Mouth Disease,ICD11_1F05,round1,,2020-10-05T00:00:00,country_IN,India,state_29,Karnataka,district_533,Chitradurga,1360.0,130.0,,,,,,,,460.0,,,
1e5255d9-02c6-49f8-8c86-592ba21bb3cf,Foot And Mouth Disease,ICD11_1F05,round1,,2020-10-05T00:00:00,country_IN,India,state_29,Karnataka,district_534,Dakshina Kannada,,,,,,,,,,,,,
9b8b8d15-c2e2-4014-b0eb-47b9a50cbb48,Foot And Mouth Disease,ICD11_1F05,round1,,2020-10-05T00:00:00,country_IN,India,state_29,Karnataka,district_535,Davangere,,,,,,,,,,,,,
45ee7050-20a0-465a-815f-cb18c9d42b14,Foot And Mouth Disease,ICD11_1F05,round1,,2020-10-05T00:00:00,country_IN,India,state_29,Karnataka,district_536,Dharwad,,,,,,,,,,,,,
cf5e1f23-d809-4c6b-af65-f3107b326469,Foot And Mouth Disease,ICD11_1F05,round1,,2020-10-05T00:00:00,country_IN,India,state_29,Karnataka,district_537,Gadag,,,,,,,,,,,,,
08cc5efa-5ee3-4263-af17-dbed40beb0b0,Foot And Mouth Disease,ICD11_1F05,round1,,2020-10-05T00:00:00,country_IN,India,state_29,Karnataka,district_538,Kalaburagi,,,,,,,,,,,,,
33f679d7-a47b-4249-8034-a72e12096eb2,Foot And Mouth Disease,ICD11_1F05,round1,,2020-10-05T00:00:00,country_IN,India,state_29,Karnataka,district_539,Hassan,,,,,,,,,,,,,
2f201588-581e-49a7-81f3-c9c5ec5d0c90,Foot And Mouth Disease,ICD11_1F05,round1,,2020-10-05T00:00:00,country_IN,India,state_29,Karnataka,district_540,Haveri,23050.0,8540.0,,570.0,150.0,,,,,9680.0,,,
9e55b026-85f8-484b-99a1-2982c8e0a45b,Foot And Mouth Disease,ICD11_1F05,round1,,2020-10-05T00:00:00,country_IN,India,state_29,Karnataka,district_541,Kodagu,0.0,,,,,,,,,,,,
82044527-4e90-463c-be9e-f69f0923c350,Foot And Mouth Disease,ICD11_1F05,round1,,2020-10-05T00:00:00,country_IN,India,state_29,Karnataka,district_542,Kolar,2100.0,410.0,,50.0,10.0,,,,,840.0,,,
2fa57fe9-b846-4c67-94fb-8fdb6e4cca42,Foot And Mouth Disease,ICD11_1F05,round1,,2020-10-05T00:00:00,country_IN,India,state_29,Karnataka,district_543,Koppal,,,,,,,,,,,,,
16e19cec-f674-494f-a393-3de7286f223d,Foot And Mouth Disease,ICD11_1F05,round1,,2020-10-05T00:00:00,country_IN,India,state_29,Karnataka,district_544,Mandya,,,,,,,,,,,,,
3de608c8-ec52-43db-a75f-3682ee6dd9fe,Foot And Mouth Disease,ICD11_1F05,round1,,2020-10-05T00:00:00,country_IN,India,state_29,Karnataka,district_545,Mysuru,,,,,,,,,,,,,
bcdf62d1-40e1-47c3-b0ba-eac42cc7cc65,Foot And Mouth Disease,ICD11_1F05,round1,,2020-10-05T00:00:00,country_IN,India,state_29,Karnataka,district_546,Raichur,,,,,,,,,,,,,
be50fe62-6733-440f-90d0-d3e600e29f82,Foot And Mouth Disease,ICD11_1F05,round1,,2020-10-05T00:00:00,country_IN,India,state_29,Karnataka,district_631,Ramanagara,,,,,,,,,,,,,
23203989-ed86-4a62-9180-66cfb51d8f22,Foot And Mouth Disease,ICD11_1F05,round1,,2020-10-05T00:00:00,country_IN,India,state_29,Karnataka,district_547,Shivamogga,,,,,,,,,,,,,
08b1b35d-60dc-4dd5-94f4-be07b33740a5,Foot And Mouth Disease,ICD11_1F05,round1,,2020-10-05T00:00:00,country_IN,India,state_29,Karnataka,district_548,Tumakuru,,,,,,,,,,,,,
c2f6fc73-8812-482d-9fce-b0ca7a3c6204,Foot And Mouth Disease,ICD11_1F05,round1,,2020-10-05T00:00:00,country_IN,India,state_29,Karnataka,district_549,Udupi,,,,,,,,,,,,,
56a8059e-182f-47fe-8654-f860b840491e,Foot And Mouth Disease,ICD11_1F05,round1,,2020-10-05T00:00:00,country_IN,India,state_29,Karnataka,district_550,Uttara Kannada,,,,,,,,,,,,,
386c72de-5834-4f46-b500-b43e8a3d1590,Foot And Mouth Disease,ICD11_1F05,round1,,2020-10-05T00:00:00,country_IN,India,state_29,Karnataka,district_635,Yadgir,,,,,,,,,,,,,
cf528f53-0e75-4f7a-8872-ccffa84972ea,Foot And Mouth Disease,ICD11_1F05,round1,,2020-10-10T00:00:00,country_IN,India,state_29,Karnataka,district_524,Bagalkote,436.0,514.0,,8.0,10.0,,0.0,0.0,,244.0,,,
12d70667-eea4-4de8-a241-86fedbf6b9a1,Foot And Mouth Disease,ICD11_1F05,round1,,2020-10-10T00:00:00,country_IN,India,state_29,Karnataka,district_526,Bengaluru Rural,0.0,0.0,,0.0,0.0,,0.0,0.0,,0.0,,,
b3b21db7-6eb2-411a-8a68-3631cc6cdfe7,Foot And Mouth Disease,ICD11_1F05,round1,,2020-10-10T00:00:00,country_IN,India,state_29,Karnataka,district_525,Bengaluru Urban,0.0,0.0,,0.0,0.0,,0.0,0.0,,0.0,,,
be188dfd-d9cd-46f6-bb47-091157bdbb07,Foot And Mouth Disease,ICD11_1F05,round1,,2020-10-10T00:00:00,country_IN,India,state_29,Karnataka,district_527,Belagavi,5621.0,7080.0,,2.0,2.0,,0.0,0.0,,3629.0,,,
06e57636-3833-435a-b3ba-21c6406fc5a0,Foot And Mouth Disease,ICD11_1F05,round1,,2020-10-10T00:00:00,country_IN,India,state_29,Karnataka,district_528,Ballari,2549.0,933.0,,1.0,1.0,,0.0,0.0,,1163.0,,,
3e57cb76-f267-4bd0-87a9-cf4a41db7e68,Foot And Mouth Disease,ICD11_1F05,round1,,2020-10-10T00:00:00,country_IN,India,state_29,Karnataka,district_529,Bidar,0.0,0.0,,0.0,0.0,,0.0,0.0,,0.0,,,
c05996f0-1650-4fc9-9a6b-0664863f969b,Foot And Mouth Disease,ICD11_1F05,round1,,2020-10-10T00:00:00,country_IN,India,state_29,Karnataka,district_530,Vijayapura,0.0,0.0,,0.0,0.0,,0.0,0.0,,0.0,,,
e22db626-d217-47e7-b2c9-d106f4427ef1,Foot And Mouth Disease,ICD11_1F05,round1,,2020-10-10T00:00:00,country_IN,India,state_29,Karnataka,district_531,Chamarajanagara,0.0,0.0,,0.0,0.0,,0.0,0.0,,0.0,,,
614890e6-b075-404c-962f-bf136d70919a,Foot And Mouth Disease,ICD11_1F05,round1,,2020-10-10T00:00:00,country_IN,India,state_29,Karnataka,district_533,Chitradurga,0.0,0.0,,0.0,0.0,,0.0,0.0,,0.0,,,
c47e8e83-3387-4608-9f7d-29cff8257ba4,Foot And Mouth Disease,ICD11_1F05,round1,,2020-10-10T00:00:00,country_IN,India,state_29,Karnataka,district_630,Chikkaballapura,0.0,0.0,,0.0,0.0,,0.0,0.0,,0.0,,,
c6e68a63-6dba-45fc-8a67-053c45ca82d7,Foot And Mouth Disease,ICD11_1F05,round1,,2020-10-10T00:00:00,country_IN,India,state_29,Karnataka,district_532,Chikkamagaluru,0.0,0.0,,0.0,0.0,,0.0,0.0,,0.0,,,
99485d2a-d2e9-4096-afe4-abfe3e8d8cc5,Foot And Mouth Disease,ICD11_1F05,round1,,2020-10-10T00:00:00,country_IN,India,state_29,Karnataka,district_534,Dakshina Kannada,0.0,0.0,,0.0,0.0,,0.0,0.0,,0.0,,,
36b53cd8-f826-4956-b215-35178b013318,Foot And Mouth Disease,ICD11_1F05,round1,,2020-10-10T00:00:00,country_IN,India,state_29,Karnataka,district_535,Davangere,2462.0,676.0,,12.0,4.0,,0.0,0.0,,1320.0,,,
8b66dff0-7db6-4e59-8b10-b31060b04420,Foot And Mouth Disease,ICD11_1F05,round1,,2020-10-10T00:00:00,country_IN,India,state_29,Karnataka,district_536,Dharwad,0.0,0.0,,0.0,0.0,,0.0,0.0,,0.0,,,
6dee2b18-cec5-4158-bf6d-6cb87c8ffd8d,Foot And Mouth Disease,ICD11_1F05,round1,,2020-10-10T00:00:00,country_IN,India,state_29,Karnataka,district_537,Gadag,956.0,339.0,,6.0,4.0,,0.0,0.0,,500.0,,,
496a8815-e23a-43cf-8379-200cdaa9c295,Foot And Mouth Disease,ICD11_1F05,round1,,2020-10-10T00:00:00,country_IN,India,state_29,Karnataka,district_538,Kalaburagi,0.0,0.0,,0.0,0.0,,0.0,0.0,,0.0,,,
78d80ccb-af6f-47e4-8087-376b08fd6f08,Foot And Mouth Disease,ICD11_1F05,round1,,2020-10-10T00:00:00,country_IN,India,state_29,Karnataka,district_539,Hassan,0.0,0.0,,0.0,0.0,,0.0,0.0,,0.0,,,
40a6c8a4-1311-4ab5-b35e-ba3853d6dae1,Foot And Mouth Disease,ICD11_1F05,round1,,2020-10-10T00:00:00,country_IN,India,state_29,Karnataka,district_540,Haveri,0.0,0.0,,0.0,0.0,,0.0,0.0,,0.0,,,
36c47e86-69fd-40b5-9c40-9090d2b5aa05,Foot And Mouth Disease,ICD11_1F05,round1,,2020-10-10T00:00:00,country_IN,India,state_29,Karnataka,district_541,Kodagu,0.0,0.0,,0.0,0.0,,0.0,0.0,,0.0,,,
3bf62831-e04f-4f7f-a311-5d84cb67af54,Foot And Mouth Disease,ICD11_1F05,round1,,2020-10-10T00:00:00,country_IN,India,state_29,Karnataka,district_542,Kolar,1480.0,226.0,,10.0,0.0,,0.0,0.0,,855.0,,,
f3e3ec49-ed91-432e-a1e2-596bc5f8a7b0,Foot And Mouth Disease,ICD11_1F05,round1,,2020-10-10T00:00:00,country_IN,India,state_29,Karnataka,district_543,Koppal,0.0,0.0,,0.0,0.0,,0.0,0.0,,0.0,,,
fd33b2fa-7240-48f2-972c-92acd57dcca0,Foot And Mouth Disease,ICD11_1F05,round1,,2020-10-10T00:00:00,country_IN,India,state_29,Karnataka,district_544,Mandya,0.0,0.0,,0.0,0.0,,0.0,0.0,,0.0,,,
4c234a62-7ef1-49d2-a2f3-8a5def5a4c0b,Foot And Mouth Disease,ICD11_1F05,round1,,2020-10-10T00:00:00,country_IN,India,state_29,Karnataka,district_545,Mysuru,0.0,0.0,,0.0,0.0,,0.0,0.0,,0.0,,,
85396a7a-7a99-4823-88ce-ab6c29eff520,Foot And Mouth Disease,ICD11_1F05,round1,,2020-10-10T00:00:00,country_IN,India,state_29,Karnataka,district_546,Raichur,410.0,434.0,,8.0,9.0,,0.0,0.0,,389.0,,,
82035971-ea29-4ed6-b012-7735959b99cf,Foot And Mouth Disease,ICD11_1F05,round1,,2020-10-10T00:00:00,country_IN,India,state_29,Karnataka,district_631,Ramanagara,0.0,0.0,,0.0,0.0,,0.0,0.0,,0.0,,,
89df2441-4fea-4385-b380-d43a82a64288,Foot And Mouth Disease,ICD11_1F05,round1,,2020-10-10T00:00:00,country_IN,India,state_29,Karnataka,district_547,Shivamogga,748.0,215.0,,0.0,0.0,,0.0,0.0,,122.0,,,
083a3625-da89-4cc7-bd39-39adfde48ada,Foot And Mouth Disease,ICD11_1F05,round1,,2020-10-10T00:00:00,country_IN,India,state_29,Karnataka,district_548,Tumakuru,0.0,0.0,,0.0,0.0,,0.0,0.0,,0.0,,,
3047ca6f-97ab-4f16-926b-f8850f09034d,Foot And Mouth Disease,ICD11_1F05,round1,,2020-10-10T00:00:00,country_IN,India,state_29,Karnataka,district_550,Uttara Kannada,60.0,14.0,,0.0,0.0,,0.0,0.0,,20.0,,,
2d02df4c-eab8-42eb-805e-fc052c810ec5,Foot And Mouth Disease,ICD11_1F05,round1,,2020-10-10T00:00:00,country_IN,India,state_29,Karnataka,district_549,Udupi,0.0,0.0,,0.0,0.0,,0.0,0.0,,0.0,,,
101cf2c3-a82b-4504-ad67-7a6fb753450c,Foot And Mouth Disease,ICD11_1F05,round1,,2020-10-10T00:00:00,country_IN,India,state_29,Karnataka,district_635,Yadgir,0.0,0.0,,0.0,0.0,,0.0,0.0,,0.0,,,
99892455-bab9-4442-be95-2b42a7a021f4,Foot And Mouth Disease,ICD11_1F05,round1,,2020-10-22T00:00:00,country_IN,India,state_29,Karnataka,district_524,Bagalkote,3929.0,8071.0,,15.0,15.0,,0.0,0.0,,2702.0,,,
6a92c6c1-5fbf-4151-9a96-50d53626e49e,Foot And Mouth Disease,ICD11_1F05,round1,,2020-10-22T00:00:00,country_IN,India,state_29,Karnataka,district_526,Bengaluru Rural,503.0,6903.0,,187.0,21.0,,0.0,0.0,,2597.0,,,
ad3d904d-1c56-4e20-acd7-cd6bd3e2a428,Foot And Mouth Disease,ICD11_1F05,round1,,2020-10-22T00:00:00,country_IN,India,state_29,Karnataka,district_525,Bengaluru Urban,99.0,3855.0,,50.0,0.0,,0.0,0.0,,881.0,,,
1c8cbba8-fcb5-48ee-b212-8e77ad3ef4b7,Foot And Mouth Disease,ICD11_1F05,round1,,2020-10-22T00:00:00,country_IN,India,state_29,Karnataka,district_527,Belagavi,17950.0,28263.0,,116.0,291.0,,0.0,0.0,,9384.0,,,
ba71608d-5267-40e0-821e-561f7edd61f6,Foot And Mouth Disease,ICD11_1F05,round1,,2020-10-22T00:00:00,country_IN,India,state_29,Karnataka,district_528,Ballari,1570.0,5924.0,,8.0,4.0,,0.0,0.0,,1959.0,,,
e016594b-2792-4b20-b6d4-d76a4d8215ad,Foot And Mouth Disease,ICD11_1F05,round1,,2020-10-22T00:00:00,country_IN,India,state_29,Karnataka,district_529,Bidar,6121.0,14082.0,,38.0,28.0,,0.0,0.0,,5724.0,,,
e5e79025-6dc2-4342-82c0-032c7801c908,Foot And Mouth Disease,ICD11_1F05,round1,,2020-10-22T00:00:00,country_IN,India,state_29,Karnataka,district_530,Vijayapura,3204.0,6380.0,,5.0,12.0,,0.0,0.0,,3509.0,,,
351532fa-3f9b-44d5-aeca-b6516c9ebbc1,Foot And Mouth Disease,ICD11_1F05,round1,,2020-10-22T00:00:00,country_IN,India,state_29,Karnataka,district_531,Chamarajanagara,227.0,5190.0,,51.0,0.0,,0.0,0.0,,1764.0,,,
9576be4c-3dc8-4900-b8c3-83212913787f,Foot And Mouth Disease,ICD11_1F05,round1,,2020-10-22T00:00:00,country_IN,India,state_29,Karnataka,district_533,Chitradurga,1799.0,6313.0,,31.0,18.0,,0.0,0.0,,2743.0,,,
9579f97c-ea2e-4489-a830-bf2f5f07cb72,Foot And Mouth Disease,ICD11_1F05,round1,,2020-10-22T00:00:00,country_IN,India,state_29,Karnataka,district_630,Chikkaballapura,312.0,5035.0,,210.0,35.0,,0.0,0.0,,2188.0,,,
03f88d7a-c676-4ded-8ebe-87dddc680856,Foot And Mouth Disease,ICD11_1F05,round1,,2020-10-22T00:00:00,country_IN,India,state_29,Karnataka,district_532,Chikkamagaluru,164.0,2654.0,,9.0,0.0,,0.0,0.0,,705.0,,,
fdf3c37d-9e46-4de5-b6fb-77d13065cf54,Foot And Mouth Disease,ICD11_1F05,round1,,2020-10-22T00:00:00,country_IN,India,state_29,Karnataka,district_534,Dakshina Kannada,10.0,3875.0,,61.0,0.0,,0.0,0.0,,1731.0,,,
5772a42a-47b6-4c09-a0b4-603a8486c12a,Foot And Mouth Disease,ICD11_1F05,round1,,2020-10-22T00:00:00,country_IN,India,state_29,Karnataka,district_535,Davangere,147.0,830.0,,0.0,0.0,,0.0,0.0,,346.0,,,
368ebd44-527e-46d0-ba4d-1f69149cddec,Foot And Mouth Disease,ICD11_1F05,round1,,2020-10-22T00:00:00,country_IN,India,state_29,Karnataka,district_536,Dharwad,1106.0,3837.0,,33.0,18.0,,0.0,0.0,,1623.0,,,
18cfe77d-6ac3-47f4-9260-212b99a5e4cd,Foot And Mouth Disease,ICD11_1F05,round1,,2020-10-22T00:00:00,country_IN,India,state_29,Karnataka,district_537,Gadag,427.0,1764.0,,24.0,11.0,,0.0,0.0,,611.0,,,
539ee940-f048-49a9-8f83-139a86e30851,Foot And Mouth Disease,ICD11_1F05,round1,,2020-10-22T00:00:00,country_IN,India,state_29,Karnataka,district_538,Kalaburagi,769.0,6894.0,,63.0,25.0,,0.0,0.0,,2148.0,,,
0671d17d-4098-4d2c-a672-c0d97b85d573,Foot And Mouth Disease,ICD11_1F05,round1,,2020-10-22T00:00:00,country_IN,India,state_29,Karnataka,district_539,Hassan,1396.0,9643.0,,81.0,26.0,,0.0,0.0,,3518.0,,,
80d1a9e5-7319-4847-b9ce-2556bfbe8faf,Foot And Mouth Disease,ICD11_1F05,round1,,2020-10-22T00:00:00,country_IN,India,state_29,Karnataka,district_540,Haveri,789.0,3934.0,,7.0,2.0,,0.0,0.0,,1427.0,,,
0acb1812-fc44-4d82-8ba3-b04c48bb2d17,Foot And Mouth Disease,ICD11_1F05,round1,,2020-10-22T00:00:00,country_IN,India,state_29,Karnataka,district_541,Kodagu,82.0,1136.0,,49.0,0.0,,0.0,0.0,,286.0,,,
8ada9b05-49b8-4633-a832-40b55168c5b0,Foot And Mouth Disease,ICD11_1F05,round1,,2020-10-22T00:00:00,country_IN,India,state_29,Karnataka,district_542,Kolar,671.0,6672.0,,100.0,10.0,,0.0,0.0,,3352.0,,,
43705b4d-7251-4b3e-b19f-925f111ba749,Foot And Mouth Disease,ICD11_1F05,round1,,2020-10-22T00:00:00,country_IN,India,state_29,Karnataka,district_543,Koppal,592.0,3318.0,,80.0,25.0,,0.0,0.0,,1146.0,,,
eff8996c-d964-4bcd-90f6-f45de0a531ae,Foot And Mouth Disease,ICD11_1F05,round1,,2020-10-22T00:00:00,country_IN,India,state_29,Karnataka,district_544,Mandya,1998.0,11348.0,,85.0,14.0,,0.0,0.0,,5402.0,,,
bf623142-930a-48b7-8474-7c9360f7245d,Foot And Mouth Disease,ICD11_1F05,round1,,2020-10-22T00:00:00,country_IN,India,state_29,Karnataka,district_545,Mysuru,240.0,9717.0,,163.0,1.0,,0.0,0.0,,3731.0,,,
35966384-0bca-484d-8707-ae45109cdf4c,Foot And Mouth Disease,ICD11_1F05,round1,,2020-10-22T00:00:00,country_IN,India,state_29,Karnataka,district_546,Raichur,1131.0,2572.0,,65.0,65.0,,0.0,0.0,,1768.0,,,
eb7ca97d-3ac7-4397-ae29-8da3349fc1ad,Foot And Mouth Disease,ICD11_1F05,round1,,2020-10-22T00:00:00,country_IN,India,state_29,Karnataka,district_631,Ramanagara,521.0,10012.0,,277.0,28.0,,0.0,0.0,,3017.0,,,
ee90f29e-b816-4c4d-8446-b5df6eeee0c1,Foot And Mouth Disease,ICD11_1F05,round1,,2020-10-22T00:00:00,country_IN,India,state_29,Karnataka,district_547,Shivamogga,391.0,1816.0,,1.0,2.0,,0.0,0.0,,290.0,,,
bc5adf5d-d0e0-4c17-98c7-7ce13aa32f04,Foot And Mouth Disease,ICD11_1F05,round1,,2020-10-22T00:00:00,country_IN,India,state_29,Karnataka,district_548,Tumakuru,3311.0,14339.0,,135.0,41.0,,0.0,0.0,,5111.0,,,
3f851ea9-b7b3-4640-8c3f-df38a23fc8d9,Foot And Mouth Disease,ICD11_1F05,round1,,2020-10-22T00:00:00,country_IN,India,state_29,Karnataka,district_550,Uttara Kannada,907.0,6205.0,,31.0,5.0,,0.0,0.0,,1766.0,,,
a4ee667b-f092-4950-b467-c7bb8e049c18,Foot And Mouth Disease,ICD11_1F05,round1,,2020-10-22T00:00:00,country_IN,India,state_29,Karnataka,district_549,Udupi,20.0,4016.0,,55.0,0.0,,0.0,0.0,,1611.0,,,
49c578fe-8db2-4503-b2e3-2b1fe62ef982,Foot And Mouth Disease,ICD11_1F05,round1,,2020-10-22T00:00:00,country_IN,India,state_29,Karnataka,district_635,Yadgir,576.0,2908.0,,32.0,4.0,,0.0,0.0,,839.0,,,
d52d19df-fc97-4867-8e51-2ed8d960c57a,Foot And Mouth Disease,ICD11_1F05,round1,,2020-10-15T00:00:00,country_IN,India,state_29,Karnataka,district_524,Bagalkote,3643.0,3496.0,,22.0,32.0,,0.0,0.0,,2463.0,,,
ae537e24-6e20-4ccb-a76e-191efbf9a361,Foot And Mouth Disease,ICD11_1F05,round1,,2020-10-15T00:00:00,country_IN,India,state_29,Karnataka,district_526,Bengaluru Rural,5710.0,529.0,,166.0,17.0,,0.0,0.0,,2333.0,,,
ebba10c6-a01e-41bd-a689-f9a47449720e,Foot And Mouth Disease,ICD11_1F05,round1,,2020-10-15T00:00:00,country_IN,India,state_29,Karnataka,district_525,Bengaluru Urban,3186.0,152.0,,39.0,10.0,,0.0,0.0,,779.0,,,
7757dc00-c665-4085-85e4-9c91268db393,Foot And Mouth Disease,ICD11_1F05,round1,,2020-10-15T00:00:00,country_IN,India,state_29,Karnataka,district_527,Belagavi,10657.0,16058.0,,157.0,280.0,,0.0,0.0,,9178.0,,,
a7bc6d0b-4f5b-4204-a181-90a0809b057f,Foot And Mouth Disease,ICD11_1F05,round1,,2020-10-15T00:00:00,country_IN,India,state_29,Karnataka,district_528,Ballari,3517.0,1733.0,,6.0,4.0,,0.0,0.0,,1838.0,,,
f4fca8b9-0017-4b05-bde5-bd24be155b94,Foot And Mouth Disease,ICD11_1F05,round1,,2020-10-15T00:00:00,country_IN,India,state_29,Karnataka,district_529,Bidar,0.0,0.0,,0.0,0.0,,0.0,0.0,,0.0,,,
bb4752e2-3ad8-49a7-97d4-4efa7e608358,Foot And Mouth Disease,ICD11_1F05,round1,,2020-10-15T00:00:00,country_IN,India,state_29,Karnataka,district_530,Vijayapura,762.0,273.0,,0.0,0.0,,0.0,0.0,,390.0,,,
994d2b0a-877b-4d24-aefa-0deede039b63,Foot And Mouth Disease,ICD11_1F05,round1,,2020-10-15T00:00:00,country_IN,India,state_29,Karnataka,district_531,Chamarajanagara,3211.0,243.0,,17.0,1.0,,0.0,0.0,,1413.0,,,
d83c7cb1-c75d-4012-9013-86b6a62277dc,Foot And Mouth Disease,ICD11_1F05,round1,,2020-10-15T00:00:00,country_IN,India,state_29,Karnataka,district_533,Chitradurga,5415.0,2151.0,,32.0,17.0,,0.0,0.0,,2462.0,,,
4d6e27e8-0ae6-489d-a395-32ac2082d1d3,Foot And Mouth Disease,ICD11_1F05,round1,,2020-10-15T00:00:00,country_IN,India,state_29,Karnataka,district_630,Chikkaballapura,4520.0,592.0,,57.0,11.0,,0.0,0.0,,2511.0,,,
9299f980-bbc4-418e-a08b-e714a302d26c,Foot And Mouth Disease,ICD11_1F05,round1,,2020-10-15T00:00:00,country_IN,India,state_29,Karnataka,district_532,Chikkamagaluru,2248.0,196.0,,17.0,8.0,,0.0,0.0,,648.0,,,
bda1fc8f-d947-4e57-9856-8561b11b3db6,Foot And Mouth Disease,ICD11_1F05,round1,,2020-10-15T00:00:00,country_IN,India,state_29,Karnataka,district_534,Dakshina Kannada,4822.0,15.0,,177.0,0.0,,0.0,0.0,,2182.0,,,
77d30143-d91d-4746-a10c-f3649e84899b,Foot And Mouth Disease,ICD11_1F05,round1,,2020-10-15T00:00:00,country_IN,India,state_29,Karnataka,district_535,Davangere,6114.0,2059.0,,67.0,29.0,,0.0,0.0,,4102.0,,,
fb870c35-666c-4755-94df-0cb00bc38561,Foot And Mouth Disease,ICD11_1F05,round1,,2020-10-15T00:00:00,country_IN,India,state_29,Karnataka,district_536,Dharwad,2374.0,1133.0,,48.0,28.0,,0.0,0.0,,1032.0,,,
15a80342-0c9c-4ee6-b6d7-78c53338939e,Foot And Mouth Disease,ICD11_1F05,round1,,2020-10-15T00:00:00,country_IN,India,state_29,Karnataka,district_537,Gadag,1285.0,526.0,,55.0,43.0,,0.0,0.0,,628.0,,,
03cedf1a-3d21-4a73-9396-9e0ca5b65973,Foot And Mouth Disease,ICD11_1F05,round1,,2020-10-15T00:00:00,country_IN,India,state_29,Karnataka,district_538,Kalaburagi,78.0,13.0,,4.0,0.0,,0.0,0.0,,35.0,,,
c3d84df3-336a-46bb-924e-09d240ddc3c9,Foot And Mouth Disease,ICD11_1F05,round1,,2020-10-15T00:00:00,country_IN,India,state_29,Karnataka,district_539,Hassan,7620.0,1159.0,,70.0,16.0,,0.0,0.0,,3061.0,,,
11424032-e8af-41ca-a327-ab9924b70ff3,Foot And Mouth Disease,ICD11_1F05,round1,,2020-10-15T00:00:00,country_IN,India,state_29,Karnataka,district_540,Haveri,4698.0,1787.0,,8.0,5.0,,0.0,0.0,,2366.0,,,
946311fb-64d9-45d8-99f4-032047159e70,Foot And Mouth Disease,ICD11_1F05,round1,,2020-10-15T00:00:00,country_IN,India,state_29,Karnataka,district_541,Kodagu,1007.0,71.0,,33.0,1.0,,0.0,0.0,,292.0,,,
21b27daf-e944-49a6-99b2-0c88d9d97143,Foot And Mouth Disease,ICD11_1F05,round1,,2020-10-15T00:00:00,country_IN,India,state_29,Karnataka,district_542,Kolar,9267.0,893.0,,197.0,15.0,,0.0,0.0,,4912.0,,,
b7e2a1b3-3e7d-4946-998e-ce4e8938b830,Foot And Mouth Disease,ICD11_1F05,round1,,2020-10-15T00:00:00,country_IN,India,state_29,Karnataka,district_543,Koppal,2007.0,419.0,,65.0,14.0,,0.0,0.0,,670.0,,,
9dd99d5d-8fdf-496d-8f8b-21baa878123d,Foot And Mouth Disease,ICD11_1F05,round1,,2020-10-15T00:00:00,country_IN,India,state_29,Karnataka,district_544,Mandya,11904.0,2872.0,,230.0,51.0,,0.0,0.0,,6266.0,,,
91f4d895-e950-4587-8000-78dcdf8dfb18,Foot And Mouth Disease,ICD11_1F05,round1,,2020-10-15T00:00:00,country_IN,India,state_29,Karnataka,district_545,Mysuru,9370.0,307.0,,248.0,14.0,,0.0,0.0,,3642.0,,,
07c08ca2-169d-4007-9329-307a9af71130,Foot And Mouth Disease,ICD11_1F05,round1,,2020-10-15T00:00:00,country_IN,India,state_29,Karnataka,district_546,Raichur,1994.0,1422.0,,57.0,74.0,,0.0,0.0,,1845.0,,,
ef3226fe-b128-46ad-8268-b9b11f63d8ff,Foot And Mouth Disease,ICD11_1F05,round1,,2020-10-15T00:00:00,country_IN,India,state_29,Karnataka,district_631,Ramanagara,9169.0,447.0,,276.0,6.0,,0.0,0.0,,3583.0,,,
f8801a58-4ba8-42b3-b384-ac5e936d0ea8,Foot And Mouth Disease,ICD11_1F05,round1,,2020-10-15T00:00:00,country_IN,India,state_29,Karnataka,district_547,Shivamogga,195.0,29.0,,0.0,0.0,,0.0,0.0,,24.0,,,
f4653679-c103-4810-b36f-752743bebb45,Foot And Mouth Disease,ICD11_1F05,round1,,2020-10-15T00:00:00,country_IN,India,state_29,Karnataka,district_548,Tumakuru,949.0,134.0,,24.0,8.0,,0.0,0.0,,528.0,,,
8683b3dc-cd1f-4b9e-8bc1-4e06af5439ad,Foot And Mouth Disease,ICD11_1F05,round1,,2020-10-15T00:00:00,country_IN,India,state_29,Karnataka,district_550,Uttara Kannada,2137.0,354.0,,14.0,4.0,,0.0,0.0,,686.0,,,
b2063f9a-e956-469e-aab8-f6f6112d4f87,Foot And Mouth Disease,ICD11_1F05,round1,,2020-10-15T00:00:00,country_IN,India,state_29,Karnataka,district_549,Udupi,3160.0,13.0,,15.0,0.0,,0.0,0.0,,1245.0,,,
a033e8fc-186c-4b37-8f42-8a42bab6014a,Foot And Mouth Disease,ICD11_1F05,round1,,2020-10-15T00:00:00,country_IN,India,state_29,Karnataka,district_635,Yadgir,1068.0,316.0,,6.0,0.0,,0.0,0.0,,518.0,,,
b01c76e6-58f0-4b75-924a-8654a8e78c8c,Foot And Mouth Disease,ICD11_1F05,round1,,2020-10-09T00:00:00,country_IN,India,state_29,Karnataka,district_524,Bagalkote,292.0,255.0,,6.0,1.0,,0.0,0.0,,181.0,,,
3327ffff-6122-4818-bc13-73597febdde3,Foot And Mouth Disease,ICD11_1F05,round1,,2020-10-09T00:00:00,country_IN,India,state_29,Karnataka,district_526,Bengaluru Rural,0.0,0.0,,0.0,0.0,,0.0,0.0,,0.0,,,
a23acb51-7d70-4b59-994f-ede004e781ff,Foot And Mouth Disease,ICD11_1F05,round1,,2020-10-09T00:00:00,country_IN,India,state_29,Karnataka,district_525,Bengaluru Urban,0.0,0.0,,0.0,0.0,,0.0,0.0,,0.0,,,
31986dcb-1a11-414e-aaa9-2fa58a70277d,Foot And Mouth Disease,ICD11_1F05,round1,,2020-10-09T00:00:00,country_IN,India,state_29,Karnataka,district_527,Belagavi,1177.0,1997.0,,6.0,2.0,,0.0,0.0,,1682.0,,,
269c3040-f5f0-4739-b33b-a8d4c0d523ce,Foot And Mouth Disease,ICD11_1F05,round1,,2020-10-09T00:00:00,country_IN,India,state_29,Karnataka,district_528,Ballari,5230.0,2214.0,,58.0,34.0,,0.0,0.0,,2915.0,,,
4e181ae7-dbd1-4e8a-8397-a357dee76b5c,Foot And Mouth Disease,ICD11_1F05,round1,,2020-10-09T00:00:00,country_IN,India,state_29,Karnataka,district_529,Bidar,0.0,0.0,,0.0,0.0,,0.0,0.0,,0.0,,,
ac6b6b9c-a78e-4076-b9b2-63341c28aeb4,Foot And Mouth Disease,ICD11_1F05,round1,,2020-10-09T00:00:00,country_IN,India,state_29,Karnataka,district_530,Vijayapura,0.0,0.0,,0.0,0.0,,0.0,0.0,,0.0,,,
d2fb65c6-c0c1-4d1c-9205-181934a1edb9,Foot And Mouth Disease,ICD11_1F05,round1,,2020-10-09T00:00:00,country_IN,India,state_29,Karnataka,district_531,Chamarajanagara,0.0,0.0,,0.0,0.0,,0.0,0.0,,0.0,,,
de71dbcb-b948-4436-bde9-b19699ac2f3e,Foot And Mouth Disease,ICD11_1F05,round1,,2020-10-09T00:00:00,country_IN,India,state_29,Karnataka,district_533,Chitradurga,1721.0,320.0,,0.0,0.0,,0.0,0.0,,524.0,,,
e2b7b2ec-a20d-4201-869b-1c4bb17ce5e9,Foot And Mouth Disease,ICD11_1F05,round1,,2020-10-09T00:00:00,country_IN,India,state_29,Karnataka,district_630,Chikkaballapura,0.0,0.0,,0.0,0.0,,0.0,0.0,,0.0,,,
397b304f-973c-4247-89c2-efc0fbf94d87,Foot And Mouth Disease,ICD11_1F05,round1,,2020-10-09T00:00:00,country_IN,India,state_29,Karnataka,district_532,Chikkamagaluru,0.0,0.0,,0.0,0.0,,0.0,0.0,,0.0,,,
5205d836-c245-45c1-a8ed-934d9b870024,Foot And Mouth Disease,ICD11_1F05,round1,,2020-10-09T00:00:00,country_IN,India,state_29,Karnataka,district_534,Dakshina Kannada,0.0,0.0,,0.0,0.0,,0.0,0.0,,0.0,,,
1e14e1f3-dba2-4484-9156-a83bfdc17b6d,Foot And Mouth Disease,ICD11_1F05,round1,,2020-10-09T00:00:00,country_IN,India,state_29,Karnataka,district_535,Davangere,1526.0,725.0,,20.0,10.0,,0.0,0.0,,1469.0,,,
4f2fd39a-500a-43e0-8b1c-f34e8839d8aa,Foot And Mouth Disease,ICD11_1F05,round1,,2020-10-09T00:00:00,country_IN,India,state_29,Karnataka,district_536,Dharwad,0.0,0.0,,0.0,0.0,,0.0,0.0,,0.0,,,
2bd6a56f-a1e1-4848-8476-fef09c5a7650,Foot And Mouth Disease,ICD11_1F05,round1,,2020-10-09T00:00:00,country_IN,India,state_29,Karnataka,district_537,Gadag,489.0,248.0,,4.0,1.0,,0.0,0.0,,269.0,,,
885cd6df-19a9-4bd3-8cbe-8531af200272,Foot And Mouth Disease,ICD11_1F05,round1,,2020-10-09T00:00:00,country_IN,India,state_29,Karnataka,district_538,Kalaburagi,0.0,0.0,,0.0,0.0,,0.0,0.0,,0.0,,,
5f6d58bb-ad97-4483-9d81-c7dd308cc15f,Foot And Mouth Disease,ICD11_1F05,round1,,2020-10-09T00:00:00,country_IN,India,state_29,Karnataka,district_539,Hassan,0.0,0.0,,0.0,0.0,,0.0,0.0,,0.0,,,
fcb44515-c360-44e6-9446-60f763a4d440,Foot And Mouth Disease,ICD11_1F05,round1,,2020-10-09T00:00:00,country_IN,India,state_29,Karnataka,district_540,Haveri,3612.0,1190.0,,16.0,10.0,,0.0,0.0,,1707.0,,,
b471b914-08a9-4a76-bd60-48cef90a1a31,Foot And Mouth Disease,ICD11_1F05,round1,,2020-10-09T00:00:00,country_IN,India,state_29,Karnataka,district_541,Kodagu,0.0,0.0,,0.0,0.0,,0.0,0.0,,0.0,,,
e31dab50-190f-4fdc-9d92-80103242668e,Foot And Mouth Disease,ICD11_1F05,round1,,2020-10-09T00:00:00,country_IN,India,state_29,Karnataka,district_542,Kolar,2267.0,807.0,,33.0,13.0,,0.0,0.0,,1262.0,,,
f8fcc803-f957-4616-8d02-b827d05d9372,Foot And Mouth Disease,ICD11_1F05,round1,,2020-10-09T00:00:00,country_IN,India,state_29,Karnataka,district_543,Koppal,0.0,0.0,,0.0,0.0,,0.0,0.0,,0.0,,,
06887b47-373c-40bc-bcbc-f5df488f3873,Foot And Mouth Disease,ICD11_1F05,round1,,2020-10-09T00:00:00,country_IN,India,state_29,Karnataka,district_544,Mandya,0.0,0.0,,0.0,0.0,,0.0,0.0,,0.0,,,
3f358b2f-ed2f-4b83-926f-622c89edd66e,Foot And Mouth Disease,ICD11_1F05,round1,,2020-10-09T00:00:00,country_IN,India,state_29,Karnataka,district_545,Mysuru,0.0,0.0,,0.0,0.0,,0.0,0.0,,0.0,,,
1beaf50d-50f6-4ddf-8f58-a044a920aec8,Foot And Mouth Disease,ICD11_1F05,round1,,2020-10-09T00:00:00,country_IN,India,state_29,Karnataka,district_546,Raichur,372.0,572.0,,40.0,52.0,,0.0,0.0,,444.0,,,
9dc26d38-8b19-445c-93f3-d46934c99efe,Foot And Mouth Disease,ICD11_1F05,round1,,2020-10-09T00:00:00,country_IN,India,state_29,Karnataka,district_631,Ramanagara,0.0,0.0,,0.0,0.0,,0.0,0.0,,0.0,,,
04414305-d0c3-412d-a953-68f80a616490,Foot And Mouth Disease,ICD11_1F05,round1,,2020-10-09T00:00:00,country_IN,India,state_29,Karnataka,district_547,Shivamogga,1989.0,321.0,,33.0,1.0,,0.0,0.0,,617.0,,,
f7b1b06d-4ce2-43a1-9ecc-3cf1e141ab95,Foot And Mouth Disease,ICD11_1F05,round1,,2020-10-09T00:00:00,country_IN,India,state_29,Karnataka,district_548,Tumakuru,0.0,0.0,,0.0,0.0,,0.0,0.0,,0.0,,,
444eb6e2-3d13-466b-9ae1-62522a6245cf,Foot And Mouth Disease,ICD11_1F05,round1,,2020-10-09T00:00:00,country_IN,India,state_29,Karnataka,district_550,Uttara Kannada,249.0,61.0,,2.0,0.0,,0.0,0.0,,118.0,,,
bb2522b4-1d4d-4d3c-9229-e096a043ef0f,Foot And Mouth Disease,ICD11_1F05,round1,,2020-10-09T00:00:00,country_IN,India,state_29,Karnataka,district_549,Udupi,0.0,0.0,,0.0,0.0,,0.0,0.0,,0.0,,,
f8f34e26-0e23-49eb-bbaa-f5f5084bacae,Foot And Mouth Disease,ICD11_1F05,round1,,2020-10-09T00:00:00,country_IN,India,state_29,Karnataka,district_635,Yadgir,0.0,0.0,,0.0,0.0,,0.0,0.0,,0.0,,,
9aa8f4d4-f546-4ee0-8d4e-d06956d94f7e,Foot And Mouth Disease,ICD11_1F05,round1,,2020-10-27T00:00:00,country_IN,India,state_29,Karnataka,district_524,Bagalkote,4570.0,4399.0,,27.0,27.0,,0.0,0.0,,3055.0,,,
4d2efa7e-afe8-4129-a822-28371031597f,Foot And Mouth Disease,ICD11_1F05,round1,,2020-10-27T00:00:00,country_IN,India,state_29,Karnataka,district_526,Bengaluru Rural,3389.0,396.0,,144.0,4.0,,0.0,0.0,,1484.0,,,
27aa208b-dbbd-440c-b3ac-c148cf633b7a,Foot And Mouth Disease,ICD11_1F05,round1,,2020-10-27T00:00:00,country_IN,India,state_29,Karnataka,district_527,Belagavi,10961.0,20140.0,,96.0,247.0,,0.0,0.0,,10659.0,,,
3e50e6da-c2a3-426a-97ed-47e8d84a3b00,Foot And Mouth Disease,ICD11_1F05,round1,,2020-10-27T00:00:00,country_IN,India,state_29,Karnataka,district_528,Ballari,3132.0,1363.0,,4.0,4.0,,0.0,0.0,,1404.0,,,
fa6a478f-59ce-4b1f-a696-5f72bd3406f9,Foot And Mouth Disease,ICD11_1F05,round1,,2020-10-27T00:00:00,country_IN,India,state_29,Karnataka,district_525,Bengaluru Urban,3294.0,76.0,,36.0,0.0,,0.0,0.0,,938.0,,,
beef0e98-8220-4c7f-9d23-2f7dc8cfb2db,Foot And Mouth Disease,ICD11_1F05,round1,,2020-10-27T00:00:00,country_IN,India,state_29,Karnataka,district_529,Bidar,7010.0,4982.0,,26.0,30.0,,0.0,0.0,,3576.0,,,
d8d6cb8b-e0a6-43dd-b2c7-5ac8d5b1d767,Foot And Mouth Disease,ICD11_1F05,round1,,2020-10-27T00:00:00,country_IN,India,state_29,Karnataka,district_530,Vijayapura,2310.0,2405.0,,3.0,4.0,,0.0,0.0,,2199.0,,,
966607d6-2568-4e47-8008-f7476deebf87,Foot And Mouth Disease,ICD11_1F05,round1,,2020-10-27T00:00:00,country_IN,India,state_29,Karnataka,district_531,Chamarajanagara,4408.0,150.0,,58.0,0.0,,0.0,0.0,,1663.0,,,
5dc1a97e-a420-4d11-9c39-2590bea80cd1,Foot And Mouth Disease,ICD11_1F05,round1,,2020-10-27T00:00:00,country_IN,India,state_29,Karnataka,district_630,Chikkaballapura,3653.0,445.0,,37.0,18.0,,0.0,0.0,,2017.0,,,
74041d4d-57fa-44d3-8261-2e97663f45c7,Foot And Mouth Disease,ICD11_1F05,round1,,2020-10-27T00:00:00,country_IN,India,state_29,Karnataka,district_532,Chikkamagaluru,3232.0,144.0,,4.0,0.0,,0.0,0.0,,897.0,,,
3576d338-5eb2-4894-bc47-9631559c5a10,Foot And Mouth Disease,ICD11_1F05,round1,,2020-10-27T00:00:00,country_IN,India,state_29,Karnataka,district_533,Chitradurga,4315.0,1645.0,,41.0,15.0,,0.0,0.0,,2116.0,,,
da312b0f-a99f-455f-8a70-c05ab3e9fc89,Foot And Mouth Disease,ICD11_1F05,round1,,2020-10-27T00:00:00,country_IN,India,state_29,Karnataka,district_534,Dakshina Kannada,6171.0,5.0,,111.0,0.0,,0.0,0.0,,2329.0,,,
372aff10-3e5a-43b1-8247-399e84315e88,Foot And Mouth Disease,ICD11_1F05,round1,,2020-10-27T00:00:00,country_IN,India,state_29,Karnataka,district_535,Davangere,4519.0,1139.0,,60.0,14.0,,0.0,0.0,,1791.0,,,
6b68be66-277c-4101-bf1e-57ad96f4d3ff,Foot And Mouth Disease,ICD11_1F05,round1,,2020-10-27T00:00:00,country_IN,India,state_29,Karnataka,district_536,Dharwad,3845.0,1186.0,,51.0,14.0,,0.0,0.0,,2176.0,,,
941e17ac-58c8-42fe-8f6e-a808586cc72f,Foot And Mouth Disease,ICD11_1F05,round1,,2020-10-27T00:00:00,country_IN,India,state_29,Karnataka,district_537,Gadag,2387.0,798.0,,56.0,31.0,,0.0,0.0,,1104.0,,,
0cbcb547-8d40-4971-8dbe-c02e222a0a68,Foot And Mouth Disease,ICD11_1F05,round1,,2020-10-27T00:00:00,country_IN,India,state_29,Karnataka,district_538,Kalaburagi,8113.0,1032.0,,33.0,19.0,,0.0,0.0,,4002.0,,,
ec447385-dcb4-4056-9ce9-498da4d91819,Foot And Mouth Disease,ICD11_1F05,round1,,2020-10-27T00:00:00,country_IN,India,state_29,Karnataka,district_539,Hassan,10895.0,1904.0,,148.0,35.0,,0.0,0.0,,4615.0,,,
b1e1e3a3-9c98-451b-b81a-9162a6368198,Foot And Mouth Disease,ICD11_1F05,round1,,2020-10-27T00:00:00,country_IN,India,state_29,Karnataka,district_540,Haveri,5254.0,1581.0,,5.0,8.0,,0.0,0.0,,2467.0,,,
8a5c8882-2c5b-40e8-baf0-4928f56fe617,Foot And Mouth Disease,ICD11_1F05,round1,,2020-10-27T00:00:00,country_IN,India,state_29,Karnataka,district_541,Kodagu,1156.0,65.0,,21.0,0.0,,0.0,0.0,,358.0,,,
8fe39bc2-bd86-4f2e-9d85-06ea9525940c,Foot And Mouth Disease,ICD11_1F05,round1,,2020-10-27T00:00:00,country_IN,India,state_29,Karnataka,district_542,Kolar,3870.0,448.0,,61.0,6.0,,0.0,0.0,,1872.0,,,
bf2b54d6-d6f9-4642-bbd3-cd71748aefb9,Foot And Mouth Disease,ICD11_1F05,round1,,2020-10-27T00:00:00,country_IN,India,state_29,Karnataka,district_543,Koppal,4849.0,834.0,,18.0,3.0,,0.0,0.0,,1413.0,,,
45aa6f0c-c705-420b-8d9c-db5d1abe8c75,Foot And Mouth Disease,ICD11_1F05,round1,,2020-10-27T00:00:00,country_IN,India,state_29,Karnataka,district_544,Mandya,8621.0,1833.0,,46.0,6.0,,0.0,0.0,,5017.0,,,
e6d12fcd-7a8d-4f52-a3bc-f894c1d46160,Foot And Mouth Disease,ICD11_1F05,round1,,2020-10-27T00:00:00,country_IN,India,state_29,Karnataka,district_545,Mysuru,11473.0,327.0,,252.0,4.0,,0.0,0.0,,4510.0,,,
58e635da-0113-4fa1-a3fb-4c3ac2dbf58e,Foot And Mouth Disease,ICD11_1F05,round1,,2020-10-27T00:00:00,country_IN,India,state_29,Karnataka,district_546,Raichur,1878.0,668.0,,70.0,43.0,,0.0,0.0,,1237.0,,,
4d055b39-6126-42ff-a216-b28f703450d3,Foot And Mouth Disease,ICD11_1F05,round1,,2020-10-27T00:00:00,country_IN,India,state_29,Karnataka,district_631,Ramanagara,9743.0,467.0,,269.0,22.0,,0.0,0.0,,3446.0,,,
926757f7-486a-423b-a6bf-050400d9b1ab,Foot And Mouth Disease,ICD11_1F05,round1,,2020-10-27T00:00:00,country_IN,India,state_29,Karnataka,district_547,Shivamogga,1684.0,238.0,,21.0,0.0,,0.0,0.0,,447.0,,,
c6074ca6-45b4-4253-91dd-265c916bdc8d,Foot And Mouth Disease,ICD11_1F05,round1,,2020-10-27T00:00:00,country_IN,India,state_29,Karnataka,district_548,Tumakuru,10991.0,2811.0,,71.0,29.0,,0.0,0.0,,5393.0,,,
f3b81d0f-45f3-4e8f-8395-aec71f706bf3,Foot And Mouth Disease,ICD11_1F05,round1,,2020-10-27T00:00:00,country_IN,India,state_29,Karnataka,district_549,Udupi,4287.0,7.0,,45.0,0.0,,0.0,0.0,,1822.0,,,
85f40882-8b3f-4a8a-8a98-b9afd1e2e33b,Foot And Mouth Disease,ICD11_1F05,round1,,2020-10-27T00:00:00,country_IN,India,state_29,Karnataka,district_550,Uttara Kannada,6983.0,943.0,,60.0,10.0,,0.0,0.0,,2419.0,,,
a4a5f78a-a476-469b-844c-126d79c08f9b,Foot And Mouth Disease,ICD11_1F05,round1,,2020-10-27T00:00:00,country_IN,India,state_29,Karnataka,district_635,Yadgir,2632.0,730.0,,52.0,33.0,,0.0,0.0,,1165.0,,,
5b4e2acc-aff6-4522-be00-4c0dc7a977d4,Foot And Mouth Disease,ICD11_1F05,round1,,2020-10-07T00:00:00,country_IN,India,state_29,Karnataka,district_524,Bagalkote,,,,,,,,,,,,,
250aab51-c82a-47ad-8feb-379482807d6e,Foot And Mouth Disease,ICD11_1F05,round1,,2020-10-07T00:00:00,country_IN,India,state_29,Karnataka,district_526,Bengaluru Rural,,,,,,,,,,,,,
a3cf2edc-8488-49be-b8c3-8f987abb3b65,Foot And Mouth Disease,ICD11_1F05,round1,,2020-10-07T00:00:00,country_IN,India,state_29,Karnataka,district_527,Belagavi,0.0,0.0,,,0.0,,,,,0.0,,,
05067761-c62c-47fe-8836-9b24805673f4,Foot And Mouth Disease,ICD11_1F05,round1,,2020-10-07T00:00:00,country_IN,India,state_29,Karnataka,district_528,Ballari,29240.0,8360.0,,480.0,20.0,,,,,15610.0,,,
04e721dd-5238-48ea-868c-dfe669efdde5,Foot And Mouth Disease,ICD11_1F05,round1,,2020-10-07T00:00:00,country_IN,India,state_29,Karnataka,district_525,Bengaluru Urban,,,,,,,,,,,,,
1aa07c45-b805-4386-9e93-a79e233970c7,Foot And Mouth Disease,ICD11_1F05,round1,,2020-10-07T00:00:00,country_IN,India,state_29,Karnataka,district_529,Bidar,,,,,,,,,,,,,
65a61be5-c3fb-4e14-b532-264cb1f6dd3b,Foot And Mouth Disease,ICD11_1F05,round1,,2020-10-07T00:00:00,country_IN,India,state_29,Karnataka,district_530,Vijayapura,,,,,,,,,,,,,
ba37f2c5-022b-411a-8e42-86a4a25220f6,Foot And Mouth Disease,ICD11_1F05,round1,,2020-10-07T00:00:00,country_IN,India,state_29,Karnataka,district_531,Chamarajanagara,,,,,,,,,,,,,
d1512b71-59d6-448d-81bf-994f2c62f937,Foot And Mouth Disease,ICD11_1F05,round1,,2020-10-07T00:00:00,country_IN,India,state_29,Karnataka,district_630,Chikkaballapura,,,,,,,,,,,,,
1891854e-6b07-4928-b5a4-f6b71b850b89,Foot And Mouth Disease,ICD11_1F05,round1,,2020-10-07T00:00:00,country_IN,India,state_29,Karnataka,district_532,Chikkamagaluru,,,,,,,,,,,,,
2c6af1de-b053-45a3-b4fd-a84ec503ff1b,Foot And Mouth Disease,ICD11_1F05,round1,,2020-10-07T00:00:00,country_IN,India,state_29,Karnataka,district_533,Chitradurga,27700.0,6720.0,,,,,,,,6700.0,,,
d33d799b-8640-4382-8653-0d489c715e1d,Foot And Mouth Disease,ICD11_1F05,round1,,2020-10-07T00:00:00,country_IN,India,state_29,Karnataka,district_534,Dakshina Kannada,,,,,,,,,,,,,
78acfa85-d3b9-4604-b4b5-df7991a9d1f2,Foot And Mouth Disease,ICD11_1F05,round1,,2020-10-07T00:00:00,country_IN,India,state_29,Karnataka,district_535,Davangere,28510.0,8520.0,,370.0,70.0,,,,,18800.0,,,
9ea7e45a-d479-463d-a2b2-dce087d66258,Foot And Mouth Disease,ICD11_1F05,round1,,2020-10-07T00:00:00,country_IN,India,state_29,Karnataka,district_536,Dharwad,,,,,,,,,,,,,
06967306-20af-48ed-87a7-251f3e399346,Foot And Mouth Disease,ICD11_1F05,round1,,2020-10-07T00:00:00,country_IN,India,state_29,Karnataka,district_537,Gadag,,,,,,,,,,,,,
e4e21eb7-c30c-4933-9e23-d8c7eaa1bf4f,Foot And Mouth Disease,ICD11_1F05,round1,,2020-10-07T00:00:00,country_IN,India,state_29,Karnataka,district_538,Kalaburagi,,,,,,,,,,,,,
fffb23ea-6106-4166-a580-ee4644c9c4a6,Foot And Mouth Disease,ICD11_1F05,round1,,2020-10-07T00:00:00,country_IN,India,state_29,Karnataka,district_539,Hassan,,,,,,,,,,,,,
95f033fe-731a-4598-8310-884b47a8785f,Foot And Mouth Disease,ICD11_1F05,round1,,2020-10-07T00:00:00,country_IN,India,state_29,Karnataka,district_540,Haveri,29960.0,9770.0,,240.0,90.0,,,,,13390.0,,,
af88cec8-06c4-461b-b21e-85628de0c4f5,Foot And Mouth Disease,ICD11_1F05,round1,,2020-10-07T00:00:00,country_IN,India,state_29,Karnataka,district_541,Kodagu,0.0,,,,,,,,,,,,
eebb589d-babe-4116-89af-5e587904c5be,Foot And Mouth Disease,ICD11_1F05,round1,,2020-10-07T00:00:00,country_IN,India,state_29,Karnataka,district_542,Kolar,7040.0,1150.0,,30.0,20.0,,,,,3220.0,,,
d4cecdcd-2a3d-4c1c-885c-5a1c8a8add4c,Foot And Mouth Disease,ICD11_1F05,round1,,2020-10-07T00:00:00,country_IN,India,state_29,Karnataka,district_543,Koppal,,,,,,,,,,,,,
c993d507-4792-44f4-bb3f-b659f4a01b43,Foot And Mouth Disease,ICD11_1F05,round1,,2020-10-07T00:00:00,country_IN,India,state_29,Karnataka,district_544,Mandya,,,,,,,,,,,,,
386ec0e9-db5b-4e3e-aff8-2dc0cb135a45,Foot And Mouth Disease,ICD11_1F05,round1,,2020-10-07T00:00:00,country_IN,India,state_29,Karnataka,district_545,Mysuru,,,,,,,,,,,,,
542087c3-9225-48ac-854c-a6e7fae18e87,Foot And Mouth Disease,ICD11_1F05,round1,,2020-10-07T00:00:00,country_IN,India,state_29,Karnataka,district_546,Raichur,750.0,5450.0,,10.0,10.0,,,,,3400.0,,,
d8495c13-2f24-4f26-aae1-c99b926c7321,Foot And Mouth Disease,ICD11_1F05,round1,,2020-10-07T00:00:00,country_IN,India,state_29,Karnataka,district_631,Ramanagara,,,,,,,,,,,,,
2f0b9f06-0ec1-4933-9edd-811967a4de9c,Foot And Mouth Disease,ICD11_1F05,round1,,2020-10-07T00:00:00,country_IN,India,state_29,Karnataka,district_547,Shivamogga,,,,,,,,,,,,,
0dcc0d7e-5523-423b-afa2-c616344798c6,Foot And Mouth Disease,ICD11_1F05,round1,,2020-10-07T00:00:00,country_IN,India,state_29,Karnataka,district_548,Tumakuru,0.0,0.0,,0.0,0.0,,,,,0.0,,,
e016ef12-a28d-494e-8078-031584a81be3,Foot And Mouth Disease,ICD11_1F05,round1,,2020-10-07T00:00:00,country_IN,India,state_29,Karnataka,district_549,Udupi,,,,,,,,,,,,,
c0fb4d10-6346-4af4-aeb9-e57ccac47061,Foot And Mouth Disease,ICD11_1F05,round1,,2020-10-07T00:00:00,country_IN,India,state_29,Karnataka,district_550,Uttara Kannada,0.0,0.0,,0.0,0.0,,,,,0.0,,,
d1897392-08a7-40e5-ad28-9690c489e582,Foot And Mouth Disease,ICD11_1F05,round1,,2020-10-07T00:00:00,country_IN,India,state_29,Karnataka,district_635,Yadgir,20.0,20.0,,,,,,,,30.0,,,
dcee17a4-fd8d-4965-b5a1-03c715d88854,Foot And Mouth Disease,ICD11_1F05,round1,,2020-10-29T00:00:00,country_IN,India,state_29,Karnataka,district_524,Bagalkote,4458.0,4341.0,,56.0,53.0,,0.0,0.0,,3022.0,,,
f91561e8-ff7c-4ffa-9852-a3ba8a4ac887,Foot And Mouth Disease,ICD11_1F05,round1,,2020-10-29T00:00:00,country_IN,India,state_29,Karnataka,district_526,Bengaluru Rural,4295.0,371.0,,158.0,3.0,,0.0,0.0,,1665.0,,,
6122dd0c-c770-4720-9214-f0f16b8c2dae,Foot And Mouth Disease,ICD11_1F05,round1,,2020-10-29T00:00:00,country_IN,India,state_29,Karnataka,district_527,Belagavi,9008.0,15580.0,,65.0,156.0,,0.0,0.0,,7996.0,,,
34249f33-e6a4-48a7-a129-f4aa918c4142,Foot And Mouth Disease,ICD11_1F05,round1,,2020-10-29T00:00:00,country_IN,India,state_29,Karnataka,district_528,Ballari,3308.0,1470.0,,13.0,9.0,,0.0,0.0,,1429.0,,,
898f53c7-fd80-4457-a62a-53d4557b4788,Foot And Mouth Disease,ICD11_1F05,round1,,2020-10-29T00:00:00,country_IN,India,state_29,Karnataka,district_525,Bengaluru Urban,4275.0,106.0,,68.0,0.0,,0.0,0.0,,1057.0,,,
6b4b1d63-383b-4fa6-a84e-65d013d60609,Foot And Mouth Disease,ICD11_1F05,round1,,2020-10-29T00:00:00,country_IN,India,state_29,Karnataka,district_529,Bidar,10319.0,7137.0,,40.0,36.0,,0.0,0.0,,6287.0,,,
3f67dc84-97c9-4fbc-8f75-080cd6a81b64,Foot And Mouth Disease,ICD11_1F05,round1,,2020-10-29T00:00:00,country_IN,India,state_29,Karnataka,district_530,Vijayapura,2221.0,2247.0,,3.0,3.0,,0.0,0.0,,2241.0,,,
43dd73de-82c6-4d3f-934a-65952fc8b85f,Foot And Mouth Disease,ICD11_1F05,round1,,2020-10-29T00:00:00,country_IN,India,state_29,Karnataka,district_531,Chamarajanagara,3901.0,132.0,,111.0,1.0,,0.0,0.0,,1438.0,,,
fa890423-c706-4705-b058-5e8cba6fb739,Foot And Mouth Disease,ICD11_1F05,round1,,2020-10-29T00:00:00,country_IN,India,state_29,Karnataka,district_630,Chikkaballapura,5613.0,625.0,,156.0,39.0,,0.0,0.0,,2802.0,,,
849ae266-e3af-41ff-9f2f-e3d2c3aa9a5e,Foot And Mouth Disease,ICD11_1F05,round1,,2020-10-29T00:00:00,country_IN,India,state_29,Karnataka,district_532,Chikkamagaluru,3500.0,137.0,,6.0,0.0,,0.0,0.0,,1235.0,,,
70c8b0d3-811d-4cc4-b109-0ebb35f24693,Foot And Mouth Disease,ICD11_1F05,round1,,2020-10-29T00:00:00,country_IN,India,state_29,Karnataka,district_533,Chitradurga,3466.0,1605.0,,47.0,20.0,,0.0,0.0,,1656.0,,,
0777cca7-e7fc-455c-b625-cc7e1651b79e,Foot And Mouth Disease,ICD11_1F05,round1,,2020-10-29T00:00:00,country_IN,India,state_29,Karnataka,district_534,Dakshina Kannada,3761.0,7.0,,41.0,0.0,,0.0,0.0,,1328.0,,,
698e2b67-6361-430b-baf4-e63f01837235,Foot And Mouth Disease,ICD11_1F05,round1,,2020-10-29T00:00:00,country_IN,India,state_29,Karnataka,district_535,Davangere,7979.0,2216.0,,45.0,17.0,,0.0,0.0,,1529.0,,,
6ea1f885-74f1-480b-8dd8-5a53f7bdf674,Foot And Mouth Disease,ICD11_1F05,round1,,2020-10-29T00:00:00,country_IN,India,state_29,Karnataka,district_536,Dharwad,4781.0,1446.0,,75.0,22.0,,0.0,0.0,,2480.0,,,
11aed6ab-8e24-44a7-a1b1-4538b6015a0c,Foot And Mouth Disease,ICD11_1F05,round1,,2020-10-29T00:00:00,country_IN,India,state_29,Karnataka,district_537,Gadag,1518.0,693.0,,16.0,11.0,,0.0,0.0,,730.0,,,
78e1248f-a550-456a-abfc-8f9302cd98a3,Foot And Mouth Disease,ICD11_1F05,round1,,2020-10-29T00:00:00,country_IN,India,state_29,Karnataka,district_538,Kalaburagi,5695.0,557.0,,6.0,4.0,,0.0,0.0,,2059.0,,,
4367307e-86c6-424d-8d0b-847d2033b7cc,Foot And Mouth Disease,ICD11_1F05,round1,,2020-10-29T00:00:00,country_IN,India,state_29,Karnataka,district_539,Hassan,12281.0,1558.0,,116.0,22.0,,0.0,0.0,,4962.0,,,
372d581b-0270-468d-97e6-91677cb99808,Foot And Mouth Disease,ICD11_1F05,round1,,2020-10-29T00:00:00,country_IN,India,state_29,Karnataka,district_540,Haveri,4797.0,1473.0,,15.0,3.0,,0.0,0.0,,2277.0,,,
21263fe5-d122-459b-9cae-08aef938791e,Foot And Mouth Disease,ICD11_1F05,round1,,2020-10-29T00:00:00,country_IN,India,state_29,Karnataka,district_541,Kodagu,1135.0,49.0,,56.0,0.0,,0.0,0.0,,344.0,,,
767378a7-63db-47fe-a595-b292f9f5eff4,Foot And Mouth Disease,ICD11_1F05,round1,,2020-10-29T00:00:00,country_IN,India,state_29,Karnataka,district_542,Kolar,3038.0,205.0,,60.0,4.0,,0.0,0.0,,1438.0,,,
1fc3eb52-6b55-40cd-b3ea-18474c7fba95,Foot And Mouth Disease,ICD11_1F05,round1,,2020-10-29T00:00:00,country_IN,India,state_29,Karnataka,district_543,Koppal,937.0,115.0,,11.0,5.0,,0.0,0.0,,365.0,,,
389ff847-3dba-4da3-a96f-0a7566930d98,Foot And Mouth Disease,ICD11_1F05,round1,,2020-10-29T00:00:00,country_IN,India,state_29,Karnataka,district_544,Mandya,11717.0,3210.0,,71.0,14.0,,0.0,0.0,,6669.0,,,
fa8db86c-ee9a-4338-8067-25e19e2e286b,Foot And Mouth Disease,ICD11_1F05,round1,,2020-10-29T00:00:00,country_IN,India,state_29,Karnataka,district_545,Mysuru,9236.0,326.0,,126.0,5.0,,0.0,0.0,,3703.0,,,
a0c9fd82-0f87-4d74-9ce5-a4dfe7867542,Foot And Mouth Disease,ICD11_1F05,round1,,2020-10-29T00:00:00,country_IN,India,state_29,Karnataka,district_546,Raichur,1534.0,557.0,,102.0,56.0,,0.0,0.0,,709.0,,,
eefc1c30-6df6-4722-bdfc-3c72a1bf42ea,Foot And Mouth Disease,ICD11_1F05,round1,,2020-10-29T00:00:00,country_IN,India,state_29,Karnataka,district_631,Ramanagara,9216.0,680.0,,204.0,20.0,,0.0,0.0,,3130.0,,,
54b91813-6a73-4da7-8a26-d12d94c55213,Foot And Mouth Disease,ICD11_1F05,round1,,2020-10-29T00:00:00,country_IN,India,state_29,Karnataka,district_547,Shivamogga,1601.0,325.0,,5.0,0.0,,0.0,0.0,,479.0,,,
595d1f4f-fb43-4b1b-916e-c4ad83f11bce,Foot And Mouth Disease,ICD11_1F05,round1,,2020-10-29T00:00:00,country_IN,India,state_29,Karnataka,district_548,Tumakuru,12011.0,3431.0,,145.0,70.0,,0.0,0.0,,6192.0,,,
fa1cee7f-c28f-421c-bfad-0dd79d5885c9,Foot And Mouth Disease,ICD11_1F05,round1,,2020-10-29T00:00:00,country_IN,India,state_29,Karnataka,district_549,Udupi,4483.0,25.0,,41.0,0.0,,0.0,0.0,,1723.0,,,
893c2394-a65b-4f7d-a607-d74db6796afd,Foot And Mouth Disease,ICD11_1F05,round1,,2020-10-29T00:00:00,country_IN,India,state_29,Karnataka,district_550,Uttara Kannada,5778.0,1057.0,,10.0,0.0,,0.0,0.0,,1821.0,,,
5df23b11-a66c-4ce2-8664-f08c090575e8,Foot And Mouth Disease,ICD11_1F05,round1,,2020-10-29T00:00:00,country_IN,India,state_29,Karnataka,district_635,Yadgir,2497.0,511.0,,26.0,21.0,,0.0,0.0,,910.0,,,
66d98271-b58d-499d-a9ce-f7741d3baa0f,Foot And Mouth Disease,ICD11_1F05,round1,,2020-10-12T00:00:00,country_IN,India,state_29,Karnataka,district_524,Bagalkote,2470.0,2274.0,,51.0,37.0,,0.0,0.0,,1506.0,,,
969577c5-7f74-4b51-9db7-4a5c65be9cef,Foot And Mouth Disease,ICD11_1F05,round1,,2020-10-12T00:00:00,country_IN,India,state_29,Karnataka,district_526,Bengaluru Rural,3465.0,387.0,,95.0,13.0,,0.0,0.0,,1795.0,,,
b5d7b96d-2b6e-46b2-a83f-8811d9cc8be7,Foot And Mouth Disease,ICD11_1F05,round1,,2020-10-12T00:00:00,country_IN,India,state_29,Karnataka,district_525,Bengaluru Urban,1520.0,95.0,,38.0,6.0,,0.0,0.0,,500.0,,,
2da6f09b-7154-4332-96b3-f1254bae533a,Foot And Mouth Disease,ICD11_1F05,round1,,2020-10-12T00:00:00,country_IN,India,state_29,Karnataka,district_527,Belagavi,7346.0,13725.0,,177.0,325.0,,0.0,0.0,,7743.0,,,
eeac3bab-7c3c-4186-8f20-5e8dea555106,Foot And Mouth Disease,ICD11_1F05,round1,,2020-10-12T00:00:00,country_IN,India,state_29,Karnataka,district_528,Ballari,4645.0,1286.0,,19.0,5.0,,0.0,0.0,,2152.0,,,
6c3264df-6648-4d70-bad5-2d78ca709076,Foot And Mouth Disease,ICD11_1F05,round1,,2020-10-12T00:00:00,country_IN,India,state_29,Karnataka,district_529,Bidar,0.0,0.0,,0.0,0.0,,0.0,0.0,,0.0,,,
b981b1f5-4e1d-4f6f-93d0-14a6e1a03888,Foot And Mouth Disease,ICD11_1F05,round1,,2020-10-12T00:00:00,country_IN,India,state_29,Karnataka,district_530,Vijayapura,0.0,0.0,,0.0,0.0,,0.0,0.0,,0.0,,,
40695e04-5beb-4ad8-951e-8d8d5234839f,Foot And Mouth Disease,ICD11_1F05,round1,,2020-10-12T00:00:00,country_IN,India,state_29,Karnataka,district_531,Chamarajanagara,0.0,0.0,,0.0,0.0,,0.0,0.0,,0.0,,,
4098863e-c6e0-47ac-bdb4-38dc7fe74b5f,Foot And Mouth Disease,ICD11_1F05,round1,,2020-10-12T00:00:00,country_IN,India,state_29,Karnataka,district_533,Chitradurga,2271.0,1185.0,,13.0,6.0,,0.0,0.0,,1311.0,,,
de4e38db-f1ab-41fb-b06f-6d0f4a8529fe,Foot And Mouth Disease,ICD11_1F05,round1,,2020-10-12T00:00:00,country_IN,India,state_29,Karnataka,district_630,Chikkaballapura,1987.0,188.0,,21.0,0.0,,0.0,0.0,,1170.0,,,
671113f5-6156-4dc7-ac4c-1395f1a5550e,Foot And Mouth Disease,ICD11_1F05,round1,,2020-10-12T00:00:00,country_IN,India,state_29,Karnataka,district_532,Chikkamagaluru,338.0,55.0,,2.0,0.0,,0.0,0.0,,128.0,,,
f5c707a7-b435-4663-b61f-834e07a965e3,Foot And Mouth Disease,ICD11_1F05,round1,,2020-10-12T00:00:00,country_IN,India,state_29,Karnataka,district_534,Dakshina Kannada,3959.0,23.0,,228.0,0.0,,0.0,0.0,,1448.0,,,
57483721-e226-460e-834a-ecf925a0287b,Foot And Mouth Disease,ICD11_1F05,round1,,2020-10-12T00:00:00,country_IN,India,state_29,Karnataka,district_535,Davangere,1945.0,961.0,,11.0,5.0,,0.0,0.0,,849.0,,,
e9367cd5-3407-49d8-bda0-0907ad48cd56,Foot And Mouth Disease,ICD11_1F05,round1,,2020-10-12T00:00:00,country_IN,India,state_29,Karnataka,district_536,Dharwad,331.0,199.0,,4.0,0.0,,0.0,0.0,,175.0,,,
7efd851a-a7b7-4733-abf0-e40727612cdf,Foot And Mouth Disease,ICD11_1F05,round1,,2020-10-12T00:00:00,country_IN,India,state_29,Karnataka,district_537,Gadag,1286.0,571.0,,24.0,19.0,,0.0,0.0,,528.0,,,
e171729a-c656-4779-8cb2-4f4ae8e08f08,Foot And Mouth Disease,ICD11_1F05,round1,,2020-10-12T00:00:00,country_IN,India,state_29,Karnataka,district_538,Kalaburagi,1005.0,41.0,,0.0,0.0,,0.0,0.0,,473.0,,,
65067cb1-540b-436c-9cb4-13b3ff871c7a,Foot And Mouth Disease,ICD11_1F05,round1,,2020-10-12T00:00:00,country_IN,India,state_29,Karnataka,district_539,Hassan,2974.0,563.0,,57.0,7.0,,0.0,0.0,,1235.0,,,
5272f925-e215-4d95-8ec8-884afff9aca0,Foot And Mouth Disease,ICD11_1F05,round1,,2020-10-12T00:00:00,country_IN,India,state_29,Karnataka,district_540,Haveri,4066.0,1618.0,,20.0,6.0,,0.0,0.0,,1958.0,,,
f7d60372-bbe6-4907-bf95-14e869f7ccbb,Foot And Mouth Disease,ICD11_1F05,round1,,2020-10-12T00:00:00,country_IN,India,state_29,Karnataka,district_541,Kodagu,508.0,30.0,,30.0,0.0,,0.0,0.0,,259.0,,,
eef6e07b-c0bc-4064-861f-bf07386700e2,Foot And Mouth Disease,ICD11_1F05,round1,,2020-10-12T00:00:00,country_IN,India,state_29,Karnataka,district_542,Kolar,7833.0,1163.0,,223.0,59.0,,0.0,0.0,,4275.0,,,
865d6cc1-49b2-4c6a-8e50-604b560b8b75,Foot And Mouth Disease,ICD11_1F05,round1,,2020-10-12T00:00:00,country_IN,India,state_29,Karnataka,district_543,Koppal,90.0,28.0,,0.0,0.0,,0.0,0.0,,50.0,,,
e42aa4dc-b5aa-41ea-bf80-504efef41621,Foot And Mouth Disease,ICD11_1F05,round1,,2020-10-12T00:00:00,country_IN,India,state_29,Karnataka,district_544,Mandya,0.0,0.0,,0.0,0.0,,0.0,0.0,,0.0,,,
e5513b45-5179-4759-8013-f7ae3f42f5db,Foot And Mouth Disease,ICD11_1F05,round1,,2020-10-12T00:00:00,country_IN,India,state_29,Karnataka,district_545,Mysuru,3406.0,196.0,,68.0,3.0,,0.0,0.0,,1367.0,,,
51b3bcfc-b5de-43f8-a97f-8b075a2f1415,Foot And Mouth Disease,ICD11_1F05,round1,,2020-10-12T00:00:00,country_IN,India,state_29,Karnataka,district_546,Raichur,2817.0,2020.0,,88.0,109.0,,0.0,0.0,,1601.0,,,
400bec64-0835-454b-953d-d731038b7253,Foot And Mouth Disease,ICD11_1F05,round1,,2020-10-12T00:00:00,country_IN,India,state_29,Karnataka,district_631,Ramanagara,6686.0,340.0,,216.0,12.0,,0.0,0.0,,2272.0,,,
b98241f8-0b75-4c64-8f7e-c59267050bf3,Foot And Mouth Disease,ICD11_1F05,round1,,2020-10-12T00:00:00,country_IN,India,state_29,Karnataka,district_547,Shivamogga,967.0,289.0,,10.0,4.0,,0.0,0.0,,248.0,,,
ed8efe77-025c-4c58-b768-333f2b79e3b4,Foot And Mouth Disease,ICD11_1F05,round1,,2020-10-12T00:00:00,country_IN,India,state_29,Karnataka,district_548,Tumakuru,13.0,0.0,,0.0,0.0,,0.0,0.0,,6.0,,,
4f7b7001-0a9a-46c8-80c6-b9ca8ae9b32e,Foot And Mouth Disease,ICD11_1F05,round1,,2020-10-12T00:00:00,country_IN,India,state_29,Karnataka,district_550,Uttara Kannada,474.0,69.0,,5.0,2.0,,0.0,0.0,,139.0,,,
c7f56538-181b-418b-baf0-c5997d611ca3,Foot And Mouth Disease,ICD11_1F05,round1,,2020-10-12T00:00:00,country_IN,India,state_29,Karnataka,district_549,Udupi,539.0,0.0,,8.0,0.0,,0.0,0.0,,245.0,,,
e73dbca2-c93a-44c7-bc14-dbd1525bef33,Foot And Mouth Disease,ICD11_1F05,round1,,2020-10-12T00:00:00,country_IN,India,state_29,Karnataka,district_635,Yadgir,481.0,79.0,,0.0,0.0,,0.0,0.0,,87.0,,,
49846930-41ef-4ab8-86d2-ef991a3aec55,Foot And Mouth Disease,ICD11_1F05,round1,,2020-10-20T00:00:00,country_IN,India,state_29,Karnataka,district_524,Bagalkote,4253.0,4378.0,,26.0,22.0,,0.0,0.0,,2937.0,,,
f1baea23-e94e-419c-bbc8-c56404c77ad6,Foot And Mouth Disease,ICD11_1F05,round1,,2020-10-20T00:00:00,country_IN,India,state_29,Karnataka,district_526,Bengaluru Rural,5980.0,291.0,,207.0,7.0,,0.0,0.0,,2116.0,,,
a176c70d-9073-4ebe-9e8b-9b72f120c14a,Foot And Mouth Disease,ICD11_1F05,round1,,2020-10-20T00:00:00,country_IN,India,state_29,Karnataka,district_525,Bengaluru Urban,3349.0,75.0,,53.0,1.0,,0.0,0.0,,770.0,,,
05b6617c-550c-4b0e-a721-43f31edf6ea3,Foot And Mouth Disease,ICD11_1F05,round1,,2020-10-20T00:00:00,country_IN,India,state_29,Karnataka,district_527,Belagavi,12151.0,19146.0,,168.0,346.0,,0.0,0.0,,10429.0,,,
1faef75d-48c1-4834-b0e6-822c504de5bc,Foot And Mouth Disease,ICD11_1F05,round1,,2020-10-20T00:00:00,country_IN,India,state_29,Karnataka,district_528,Ballari,4648.0,2058.0,,6.0,4.0,,0.0,0.0,,2424.0,,,
1bb75119-771e-4039-8148-20a6e36cc759,Foot And Mouth Disease,ICD11_1F05,round1,,2020-10-20T00:00:00,country_IN,India,state_29,Karnataka,district_529,Bidar,1111.0,798.0,,0.0,0.0,,0.0,0.0,,1243.0,,,
cf259a56-bc10-40ef-abaa-581751085be5,Foot And Mouth Disease,ICD11_1F05,round1,,2020-10-20T00:00:00,country_IN,India,state_29,Karnataka,district_530,Vijayapura,3615.0,3128.0,,0.0,1.0,,0.0,0.0,,3415.0,,,
25644ef4-7298-4345-911e-1d21dfed4907,Foot And Mouth Disease,ICD11_1F05,round1,,2020-10-20T00:00:00,country_IN,India,state_29,Karnataka,district_531,Chamarajanagara,4795.0,236.0,,28.0,0.0,,0.0,0.0,,1774.0,,,
7a0d4834-44e1-43c9-9af1-16f806527ae8,Foot And Mouth Disease,ICD11_1F05,round1,,2020-10-20T00:00:00,country_IN,India,state_29,Karnataka,district_533,Chitradurga,6672.0,3021.0,,64.0,21.0,,0.0,0.0,,3833.0,,,
5ec8f400-d9be-415b-a2bd-401247798c9c,Foot And Mouth Disease,ICD11_1F05,round1,,2020-10-20T00:00:00,country_IN,India,state_29,Karnataka,district_630,Chikkaballapura,3221.0,388.0,,16.0,1.0,,0.0,0.0,,1299.0,,,
39d37494-970e-4b4b-ad6d-d6b3dfa59b51,Foot And Mouth Disease,ICD11_1F05,round1,,2020-10-20T00:00:00,country_IN,India,state_29,Karnataka,district_532,Chikkamagaluru,2009.0,110.0,,12.0,0.0,,0.0,0.0,,552.0,,,
d7764f23-eda6-467d-9699-38fbab7f1e6c,Foot And Mouth Disease,ICD11_1F05,round1,,2020-10-20T00:00:00,country_IN,India,state_29,Karnataka,district_534,Dakshina Kannada,3306.0,10.0,,80.0,0.0,,0.0,0.0,,1606.0,,,
7b2183bf-0524-45b7-a1b5-807258b01173,Foot And Mouth Disease,ICD11_1F05,round1,,2020-10-20T00:00:00,country_IN,India,state_29,Karnataka,district_535,Davangere,4808.0,1752.0,,51.0,30.0,,0.0,0.0,,2629.0,,,
4e45c9f4-ef64-42eb-8130-36a17733e2de,Foot And Mouth Disease,ICD11_1F05,round1,,2020-10-20T00:00:00,country_IN,India,state_29,Karnataka,district_536,Dharwad,4053.0,1454.0,,72.0,34.0,,0.0,0.0,,2271.0,,,
9bbe9b9d-4877-45f1-bfd6-a72e44d39972,Foot And Mouth Disease,ICD11_1F05,round1,,2020-10-20T00:00:00,country_IN,India,state_29,Karnataka,district_537,Gadag,1413.0,388.0,,30.0,13.0,,0.0,0.0,,622.0,,,
42b8e50c-ea6f-418d-8f31-66c5d09351bb,Foot And Mouth Disease,ICD11_1F05,round1,,2020-10-20T00:00:00,country_IN,India,state_29,Karnataka,district_538,Kalaburagi,5217.0,906.0,,61.0,23.0,,0.0,0.0,,1858.0,,,
e255daee-08e0-4427-945b-d56ce3567149,Foot And Mouth Disease,ICD11_1F05,round1,,2020-10-20T00:00:00,country_IN,India,state_29,Karnataka,district_539,Hassan,13371.0,1616.0,,133.0,43.0,,0.0,0.0,,5835.0,,,
fb199467-4ba8-49cb-b518-d5f2bf37eb42,Foot And Mouth Disease,ICD11_1F05,round1,,2020-10-20T00:00:00,country_IN,India,state_29,Karnataka,district_540,Haveri,4746.0,1476.0,,5.0,4.0,,0.0,0.0,,2146.0,,,
ca718dbd-2b1f-4994-b8be-d4548a7e07b8,Foot And Mouth Disease,ICD11_1F05,round1,,2020-10-20T00:00:00,country_IN,India,state_29,Karnataka,district_541,Kodagu,922.0,53.0,,31.0,0.0,,0.0,0.0,,290.0,,,
112c0826-5d57-4d0c-9001-9f4a8afd1000,Foot And Mouth Disease,ICD11_1F05,round1,,2020-10-20T00:00:00,country_IN,India,state_29,Karnataka,district_542,Kolar,4939.0,306.0,,112.0,9.0,,0.0,0.0,,2308.0,,,
f4955118-16ee-4d20-87b2-b32a344180d0,Foot And Mouth Disease,ICD11_1F05,round1,,2020-10-20T00:00:00,country_IN,India,state_29,Karnataka,district_543,Koppal,2836.0,415.0,,51.0,15.0,,0.0,0.0,,1282.0,,,
acfadd57-0530-4c76-aa78-cd3434f1b586,Foot And Mouth Disease,ICD11_1F05,round1,,2020-10-20T00:00:00,country_IN,India,state_29,Karnataka,district_544,Mandya,10260.0,2952.0,,98.0,26.0,,0.0,0.0,,6133.0,,,
036518b5-ba17-4a6b-b144-8b283af6b5e2,Foot And Mouth Disease,ICD11_1F05,round1,,2020-10-20T00:00:00,country_IN,India,state_29,Karnataka,district_545,Mysuru,10608.0,334.0,,176.0,5.0,,0.0,0.0,,4261.0,,,
279bd294-ff12-4ed4-9846-22003a263e3a,Foot And Mouth Disease,ICD11_1F05,round1,,2020-10-20T00:00:00,country_IN,India,state_29,Karnataka,district_546,Raichur,4793.0,2065.0,,115.0,148.0,,0.0,0.0,,3616.0,,,
bc028e98-7d30-43a1-a782-932db4da9379,Foot And Mouth Disease,ICD11_1F05,round1,,2020-10-20T00:00:00,country_IN,India,state_29,Karnataka,district_631,Ramanagara,10111.0,937.0,,183.0,18.0,,0.0,0.0,,2801.0,,,
e1cb2947-afd7-4b00-9145-e2d934211dee,Foot And Mouth Disease,ICD11_1F05,round1,,2020-10-20T00:00:00,country_IN,India,state_29,Karnataka,district_547,Shivamogga,1503.0,217.0,,13.0,5.0,,0.0,0.0,,516.0,,,
4524aa52-24d6-4dd8-a27c-f0274e55954e,Foot And Mouth Disease,ICD11_1F05,round1,,2020-10-20T00:00:00,country_IN,India,state_29,Karnataka,district_548,Tumakuru,9411.0,2112.0,,84.0,31.0,,0.0,0.0,,4974.0,,,
7b8a80ff-3712-4758-b523-c684e75256a6,Foot And Mouth Disease,ICD11_1F05,round1,,2020-10-20T00:00:00,country_IN,India,state_29,Karnataka,district_550,Uttara Kannada,2717.0,465.0,,26.0,0.0,,0.0,0.0,,1068.0,,,
de680314-2c66-4b60-94fd-3892135859d8,Foot And Mouth Disease,ICD11_1F05,round1,,2020-10-20T00:00:00,country_IN,India,state_29,Karnataka,district_549,Udupi,4004.0,10.0,,30.0,0.0,,0.0,0.0,,1770.0,,,
737a0bd7-c8ec-4f56-b3ed-c30db7145bf7,Foot And Mouth Disease,ICD11_1F05,round1,,2020-10-20T00:00:00,country_IN,India,state_29,Karnataka,district_635,Yadgir,1812.0,367.0,,18.0,1.0,,0.0,0.0,,607.0,,,
95782b46-ae48-4b65-83b9-edccc07657df,Foot And Mouth Disease,ICD11_1F05,round1,,2020-10-17T00:00:00,country_IN,India,state_29,Karnataka,district_524,Bagalkote,4005.0,3751.0,,17.0,31.0,,0.0,0.0,,2596.0,,,
4db79f19-3e85-4b6a-bba3-d37647f23356,Foot And Mouth Disease,ICD11_1F05,round1,,2020-10-17T00:00:00,country_IN,India,state_29,Karnataka,district_526,Bengaluru Rural,5112.0,391.0,,194.0,5.0,,0.0,0.0,,2049.0,,,
c9aef5af-1e1e-449d-a513-1eef3e80535d,Foot And Mouth Disease,ICD11_1F05,round1,,2020-10-17T00:00:00,country_IN,India,state_29,Karnataka,district_525,Bengaluru Urban,3399.0,52.0,,43.0,5.0,,0.0,0.0,,935.0,,,
449cf738-434f-476d-82bc-0898f2f40e77,Foot And Mouth Disease,ICD11_1F05,round1,,2020-10-17T00:00:00,country_IN,India,state_29,Karnataka,district_527,Belagavi,11512.0,18571.0,,155.0,342.0,,0.0,0.0,,9970.0,,,
b8d844ce-fa6a-4601-b959-5578e2039f89,Foot And Mouth Disease,ICD11_1F05,round1,,2020-10-17T00:00:00,country_IN,India,state_29,Karnataka,district_528,Ballari,4195.0,1718.0,,20.0,11.0,,0.0,0.0,,1907.0,,,
2b756afd-8f72-4336-8686-981e535f8dfd,Foot And Mouth Disease,ICD11_1F05,round1,,2020-10-17T00:00:00,country_IN,India,state_29,Karnataka,district_529,Bidar,0.0,0.0,,0.0,0.0,,0.0,0.0,,0.0,,,
9b7307d3-e13b-4a09-b8e5-c301cc8e06ad,Foot And Mouth Disease,ICD11_1F05,round1,,2020-10-17T00:00:00,country_IN,India,state_29,Karnataka,district_530,Vijayapura,2530.0,1877.0,,1.0,0.0,,0.0,0.0,,1957.0,,,
d11b243a-cd13-4bab-a427-b1fda6a599e2,Foot And Mouth Disease,ICD11_1F05,round1,,2020-10-17T00:00:00,country_IN,India,state_29,Karnataka,district_531,Chamarajanagara,3832.0,98.0,,19.0,0.0,,0.0,0.0,,1477.0,,,
54f2755b-f9de-4c99-8c0a-ca7d7dcfd108,Foot And Mouth Disease,ICD11_1F05,round1,,2020-10-17T00:00:00,country_IN,India,state_29,Karnataka,district_533,Chitradurga,5365.0,2334.0,,42.0,31.0,,0.0,0.0,,1886.0,,,
6d36d7fb-0db9-4d51-862d-5beb4e71763f,Foot And Mouth Disease,ICD11_1F05,round1,,2020-10-17T00:00:00,country_IN,India,state_29,Karnataka,district_630,Chikkaballapura,4865.0,615.0,,90.0,20.0,,0.0,0.0,,2517.0,,,
bfada792-91c7-4e6f-a573-49dc87c1ff61,Foot And Mouth Disease,ICD11_1F05,round1,,2020-10-17T00:00:00,country_IN,India,state_29,Karnataka,district_532,Chikkamagaluru,1967.0,59.0,,14.0,2.0,,0.0,0.0,,610.0,,,
80bb7ca5-37d6-4a98-8b98-2e0e13acd80a,Foot And Mouth Disease,ICD11_1F05,round1,,2020-10-17T00:00:00,country_IN,India,state_29,Karnataka,district_534,Dakshina Kannada,3910.0,49.0,,135.0,0.0,,0.0,0.0,,1847.0,,,
fa29c556-c105-4900-9e68-14ac2396992a,Foot And Mouth Disease,ICD11_1F05,round1,,2020-10-17T00:00:00,country_IN,India,state_29,Karnataka,district_535,Davangere,5026.0,1380.0,,60.0,16.0,,0.0,0.0,,2531.0,,,
ea81a4fb-6789-42ef-8a0d-ccb784122ec5,Foot And Mouth Disease,ICD11_1F05,round1,,2020-10-17T00:00:00,country_IN,India,state_29,Karnataka,district_536,Dharwad,1970.0,981.0,,24.0,15.0,,0.0,0.0,,889.0,,,
2f1918da-6269-4c40-a785-600437796a3a,Foot And Mouth Disease,ICD11_1F05,round1,,2020-10-17T00:00:00,country_IN,India,state_29,Karnataka,district_537,Gadag,931.0,351.0,,16.0,10.0,,0.0,0.0,,379.0,,,
68e2cc2b-f473-4b05-aeaa-c7ce4d712bba,Foot And Mouth Disease,ICD11_1F05,round1,,2020-10-17T00:00:00,country_IN,India,state_29,Karnataka,district_538,Kalaburagi,5181.0,1065.0,,6.0,0.0,,0.0,0.0,,1464.0,,,
cccb10d7-ecd2-4b88-af00-e76e84422f9b,Foot And Mouth Disease,ICD11_1F05,round1,,2020-10-17T00:00:00,country_IN,India,state_29,Karnataka,district_539,Hassan,9521.0,1728.0,,125.0,47.0,,0.0,0.0,,4181.0,,,
a93ed259-e21c-49b5-861e-1587ad004595,Foot And Mouth Disease,ICD11_1F05,round1,,2020-10-17T00:00:00,country_IN,India,state_29,Karnataka,district_540,Haveri,3412.0,1098.0,,3.0,2.0,,0.0,0.0,,1664.0,,,
ec1d4d99-ccf8-4b35-8f64-fb863295ab17,Foot And Mouth Disease,ICD11_1F05,round1,,2020-10-17T00:00:00,country_IN,India,state_29,Karnataka,district_541,Kodagu,205.0,30.0,,18.0,4.0,,0.0,0.0,,87.0,,,
6467f7ff-0c54-472a-bf8e-496aab0706a8,Foot And Mouth Disease,ICD11_1F05,round1,,2020-10-17T00:00:00,country_IN,India,state_29,Karnataka,district_542,Kolar,8731.0,1044.0,,170.0,19.0,,0.0,0.0,,4807.0,,,
85d1f7a6-b5e1-47ae-a4f8-c0c14ad58d2b,Foot And Mouth Disease,ICD11_1F05,round1,,2020-10-17T00:00:00,country_IN,India,state_29,Karnataka,district_543,Koppal,1624.0,441.0,,45.0,13.0,,0.0,0.0,,467.0,,,
f2805234-7c06-4dca-bec8-d81da6fe7826,Foot And Mouth Disease,ICD11_1F05,round1,,2020-10-17T00:00:00,country_IN,India,state_29,Karnataka,district_544,Mandya,11687.0,2792.0,,71.0,40.0,,0.0,0.0,,6776.0,,,
c51cfb57-aaa2-431c-afe7-ae28dad0051f,Foot And Mouth Disease,ICD11_1F05,round1,,2020-10-17T00:00:00,country_IN,India,state_29,Karnataka,district_545,Mysuru,10573.0,446.0,,245.0,12.0,,0.0,0.0,,4183.0,,,
33b57d94-c279-4889-be0f-4e15189f83b9,Foot And Mouth Disease,ICD11_1F05,round1,,2020-10-17T00:00:00,country_IN,India,state_29,Karnataka,district_546,Raichur,3172.0,1806.0,,63.0,76.0,,0.0,0.0,,2360.0,,,
05d32edd-6359-4faf-9c4b-04b02b07172b,Foot And Mouth Disease,ICD11_1F05,round1,,2020-10-17T00:00:00,country_IN,India,state_29,Karnataka,district_631,Ramanagara,8580.0,450.0,,200.0,23.0,,0.0,0.0,,3051.0,,,
95bf15f4-b9a7-497e-977e-02e408c744a9,Foot And Mouth Disease,ICD11_1F05,round1,,2020-10-17T00:00:00,country_IN,India,state_29,Karnataka,district_547,Shivamogga,2063.0,2028.0,,8.0,2.0,,0.0,0.0,,561.0,,,
3f510461-ff52-4bea-80a1-25a97c4ac21a,Foot And Mouth Disease,ICD11_1F05,round1,,2020-10-17T00:00:00,country_IN,India,state_29,Karnataka,district_548,Tumakuru,3713.0,895.0,,56.0,23.0,,0.0,0.0,,2134.0,,,
94433eeb-75e5-4f99-8b48-65b2bb8f8b3f,Foot And Mouth Disease,ICD11_1F05,round1,,2020-10-17T00:00:00,country_IN,India,state_29,Karnataka,district_550,Uttara Kannada,2748.0,352.0,,13.0,1.0,,0.0,0.0,,981.0,,,
356a90e5-8645-4e1d-ab47-efb71660b713,Foot And Mouth Disease,ICD11_1F05,round1,,2020-10-17T00:00:00,country_IN,India,state_29,Karnataka,district_549,Udupi,3212.0,11.0,,14.0,0.0,,0.0,0.0,,1058.0,,,
34ad053e-505e-4ad4-a354-f00db370a453,Foot And Mouth Disease,ICD11_1F05,round1,,2020-10-17T00:00:00,country_IN,India,state_29,Karnataka,district_635,Yadgir,1255.0,256.0,,13.0,6.0,,0.0,0.0,,494.0,,,
1db8d955-a960-4e79-8d62-b7a38e089c16,Foot And Mouth Disease,ICD11_1F05,round1,,2020-10-25T00:00:00,country_IN,India,state_29,Karnataka,district_524,Bagalkote,1035.0,1346.0,,8.0,17.0,,0.0,0.0,,673.0,,,
05dc774d-f8fa-460a-be72-fc91d29b86d7,Foot And Mouth Disease,ICD11_1F05,round1,,2020-10-25T00:00:00,country_IN,India,state_29,Karnataka,district_526,Bengaluru Rural,0.0,0.0,,0.0,0.0,,0.0,0.0,,0.0,,,
ebeb6d85-33a5-420f-9374-e23bcda7600e,Foot And Mouth Disease,ICD11_1F05,round1,,2020-10-25T00:00:00,country_IN,India,state_29,Karnataka,district_525,Bengaluru Urban,0.0,0.0,,0.0,0.0,,0.0,0.0,,0.0,,,
d569c137-5a53-40c6-b558-45fb1c21c1e9,Foot And Mouth Disease,ICD11_1F05,round1,,2020-10-25T00:00:00,country_IN,India,state_29,Karnataka,district_527,Belagavi,6856.0,9884.0,,69.0,165.0,,0.0,0.0,,6128.0,,,
34189340-c655-4a37-b562-6485c1f87d65,Foot And Mouth Disease,ICD11_1F05,round1,,2020-10-25T00:00:00,country_IN,India,state_29,Karnataka,district_528,Ballari,2061.0,1625.0,,8.0,6.0,,0.0,0.0,,1567.0,,,
df3dca6f-fe23-4193-9dfe-01e06089542c,Foot And Mouth Disease,ICD11_1F05,round1,,2020-10-25T00:00:00,country_IN,India,state_29,Karnataka,district_529,Bidar,1018.0,969.0,,27.0,34.0,,0.0,0.0,,1184.0,,,
d4f96227-a89a-4d82-86d5-baf8d2f1de98,Foot And Mouth Disease,ICD11_1F05,round1,,2020-10-25T00:00:00,country_IN,India,state_29,Karnataka,district_530,Vijayapura,930.0,739.0,,0.0,0.0,,0.0,0.0,,820.0,,,
9e128d54-b952-4871-8255-30c8d48e920a,Foot And Mouth Disease,ICD11_1F05,round1,,2020-10-25T00:00:00,country_IN,India,state_29,Karnataka,district_531,Chamarajanagara,730.0,99.0,,15.0,0.0,,0.0,0.0,,220.0,,,
318760e3-096a-4b6e-95e6-47fa82bc1e09,Foot And Mouth Disease,ICD11_1F05,round1,,2020-10-25T00:00:00,country_IN,India,state_29,Karnataka,district_533,Chitradurga,0.0,0.0,,0.0,0.0,,0.0,0.0,,0.0,,,
1f02a948-7675-46c9-ad4d-7ae41c5fad39,Foot And Mouth Disease,ICD11_1F05,round1,,2020-10-25T00:00:00,country_IN,India,state_29,Karnataka,district_630,Chikkaballapura,477.0,32.0,,9.0,3.0,,0.0,0.0,,410.0,,,
62767bee-9bc3-4d8c-8e1a-822385fa2679,Foot And Mouth Disease,ICD11_1F05,round1,,2020-10-25T00:00:00,country_IN,India,state_29,Karnataka,district_532,Chikkamagaluru,343.0,28.0,,0.0,0.0,,0.0,0.0,,138.0,,,
dbdde2e0-8ba5-42ce-b987-302d52c579c7,Foot And Mouth Disease,ICD11_1F05,round1,,2020-10-25T00:00:00,country_IN,India,state_29,Karnataka,district_534,Dakshina Kannada,195.0,0.0,,0.0,0.0,,0.0,0.0,,32.0,,,
a04aac08-f626-49f9-be8f-e5ff360f9388,Foot And Mouth Disease,ICD11_1F05,round1,,2020-10-25T00:00:00,country_IN,India,state_29,Karnataka,district_535,Davangere,0.0,0.0,,0.0,0.0,,0.0,0.0,,0.0,,,
10539b70-f6ff-4359-ae19-5bfd39434116,Foot And Mouth Disease,ICD11_1F05,round1,,2020-10-25T00:00:00,country_IN,India,state_29,Karnataka,district_536,Dharwad,1205.0,320.0,,10.0,1.0,,0.0,0.0,,518.0,,,
e1c44308-5db0-4d29-9d2d-b72a1878e2a8,Foot And Mouth Disease,ICD11_1F05,round1,,2020-10-25T00:00:00,country_IN,India,state_29,Karnataka,district_537,Gadag,930.0,285.0,,23.0,11.0,,0.0,0.0,,467.0,,,
292de29d-c9b0-4941-bc08-8224f93e0803,Foot And Mouth Disease,ICD11_1F05,round1,,2020-10-25T00:00:00,country_IN,India,state_29,Karnataka,district_538,Kalaburagi,2239.0,265.0,,0.0,0.0,,0.0,0.0,,858.0,,,
0ee44b41-0c2d-4c3c-92ef-54b50c199fe3,Foot And Mouth Disease,ICD11_1F05,round1,,2020-10-25T00:00:00,country_IN,India,state_29,Karnataka,district_539,Hassan,3465.0,590.0,,7.0,1.0,,0.0,0.0,,1186.0,,,
001977b1-f691-4b9c-93fc-96eb9c575478,Foot And Mouth Disease,ICD11_1F05,round1,,2020-10-25T00:00:00,country_IN,India,state_29,Karnataka,district_540,Haveri,0.0,0.0,,0.0,0.0,,0.0,0.0,,0.0,,,
12438c30-6e2c-49f6-a489-fb0a06e877d5,Foot And Mouth Disease,ICD11_1F05,round1,,2020-10-25T00:00:00,country_IN,India,state_29,Karnataka,district_541,Kodagu,0.0,0.0,,0.0,0.0,,0.0,0.0,,0.0,,,
5a220c82-ee26-43ff-82ea-0ceff4894bd4,Foot And Mouth Disease,ICD11_1F05,round1,,2020-10-25T00:00:00,country_IN,India,state_29,Karnataka,district_542,Kolar,3969.0,292.0,,69.0,16.0,,0.0,0.0,,2019.0,,,
5ffd8783-4764-4533-b119-415ee1dbad9e,Foot And Mouth Disease,ICD11_1F05,round1,,2020-10-25T00:00:00,country_IN,India,state_29,Karnataka,district_543,Koppal,544.0,30.0,,16.0,2.0,,0.0,0.0,,213.0,,,
b852d64f-4026-4e2d-b8cc-117057c2652d,Foot And Mouth Disease,ICD11_1F05,round1,,2020-10-25T00:00:00,country_IN,India,state_29,Karnataka,district_544,Mandya,0.0,0.0,,0.0,0.0,,0.0,0.0,,0.0,,,
943dd496-e4a8-4750-939d-0663761dfac0,Foot And Mouth Disease,ICD11_1F05,round1,,2020-10-25T00:00:00,country_IN,India,state_29,Karnataka,district_545,Mysuru,183.0,0.0,,1.0,0.0,,0.0,0.0,,54.0,,,
41dea406-cbf0-4b3a-ab97-ebca99e43dba,Foot And Mouth Disease,ICD11_1F05,round1,,2020-10-25T00:00:00,country_IN,India,state_29,Karnataka,district_546,Raichur,0.0,0.0,,0.0,0.0,,0.0,0.0,,0.0,,,
c025f664-40cb-47a2-99ba-9186a463d4ce,Foot And Mouth Disease,ICD11_1F05,round1,,2020-10-25T00:00:00,country_IN,India,state_29,Karnataka,district_631,Ramanagara,0.0,0.0,,0.0,0.0,,0.0,0.0,,0.0,,,
f8fba3cc-bb5a-4034-84a6-54392b228d16,Foot And Mouth Disease,ICD11_1F05,round1,,2020-10-25T00:00:00,country_IN,India,state_29,Karnataka,district_547,Shivamogga,397.0,103.0,,0.0,0.0,,0.0,0.0,,134.0,,,
862e779a-4391-4d66-b886-2689ccd6128b,Foot And Mouth Disease,ICD11_1F05,round1,,2020-10-25T00:00:00,country_IN,India,state_29,Karnataka,district_548,Tumakuru,131.0,12.0,,0.0,0.0,,0.0,0.0,,78.0,,,
84e1522b-af2f-480d-94a9-108c2051399c,Foot And Mouth Disease,ICD11_1F05,round1,,2020-10-25T00:00:00,country_IN,India,state_29,Karnataka,district_534,Dakshina Kannada,0.0,0.0,,0.0,0.0,,0.0,0.0,,0.0,,,
de6ca783-667d-4230-9e99-73a1d5ec2e42,Foot And Mouth Disease,ICD11_1F05,round1,,2020-10-25T00:00:00,country_IN,India,state_29,Karnataka,district_549,Udupi,561.0,4.0,,17.0,0.0,,0.0,0.0,,212.0,,,
6e78dd7a-d3c2-4f6d-b34e-dc792bb0b526,Foot And Mouth Disease,ICD11_1F05,round1,,2020-10-25T00:00:00,country_IN,India,state_29,Karnataka,district_635,Yadgir,707.0,187.0,,22.0,2.0,,0.0,0.0,,324.0,,,
53face49-eb7e-4701-bae6-44536780718e,Foot And Mouth Disease,ICD11_1F05,round1,,2020-10-30T00:00:00,country_IN,India,state_29,Karnataka,district_524,Bagalkote,1763.0,2255.0,,29.0,20.0,,0.0,0.0,,1448.0,,,
426841e2-2540-40c0-b9ed-4b2a6ace2d9e,Foot And Mouth Disease,ICD11_1F05,round1,,2020-10-30T00:00:00,country_IN,India,state_29,Karnataka,district_526,Bengaluru Rural,2599.0,128.0,,118.0,0.0,,0.0,0.0,,836.0,,,
010f0b08-a4b8-442a-b1c8-86c6f8c21a7b,Foot And Mouth Disease,ICD11_1F05,round1,,2020-10-30T00:00:00,country_IN,India,state_29,Karnataka,district_527,Belagavi,12088.0,20387.0,,68.0,135.0,,0.0,0.0,,10388.0,,,
6330c48e-bfee-43c4-9596-2f277cbc6d44,Foot And Mouth Disease,ICD11_1F05,round1,,2020-10-30T00:00:00,country_IN,India,state_29,Karnataka,district_528,Ballari,3109.0,1224.0,,0.0,0.0,,0.0,0.0,,1610.0,,,
9a60526d-6500-4e39-b4ab-c511a9468601,Foot And Mouth Disease,ICD11_1F05,round1,,2020-10-30T00:00:00,country_IN,India,state_29,Karnataka,district_525,Bengaluru Urban,1244.0,19.0,,0.0,0.0,,0.0,0.0,,249.0,,,
27fc0a2f-a552-4550-872e-05e227ad2f0d,Foot And Mouth Disease,ICD11_1F05,round1,,2020-10-30T00:00:00,country_IN,India,state_29,Karnataka,district_529,Bidar,4410.0,3754.0,,60.0,71.0,,0.0,0.0,,3586.0,,,
0bb7798e-bf9c-4e0c-8a90-d3ee3594234a,Foot And Mouth Disease,ICD11_1F05,round1,,2020-10-30T00:00:00,country_IN,India,state_29,Karnataka,district_530,Vijayapura,1206.0,1397.0,,0.0,0.0,,0.0,0.0,,965.0,,,
bace97a6-482d-47aa-942f-b44fa932df32,Foot And Mouth Disease,ICD11_1F05,round1,,2020-10-30T00:00:00,country_IN,India,state_29,Karnataka,district_531,Chamarajanagara,2338.0,55.0,,65.0,1.0,,0.0,0.0,,622.0,,,
562b6f44-228c-4768-bdf0-be3a308338d3,Foot And Mouth Disease,ICD11_1F05,round1,,2020-10-30T00:00:00,country_IN,India,state_29,Karnataka,district_630,Chikkaballapura,2986.0,403.0,,68.0,3.0,,0.0,0.0,,1474.0,,,
d5b9cbe6-00ff-4ff8-bb5f-09a9e69cd94a,Foot And Mouth Disease,ICD11_1F05,round1,,2020-10-30T00:00:00,country_IN,India,state_29,Karnataka,district_532,Chikkamagaluru,1144.0,75.0,,3.0,1.0,,0.0,0.0,,351.0,,,
88e1809e-d40a-4897-bd7a-65848fcc1941,Foot And Mouth Disease,ICD11_1F05,round1,,2020-10-30T00:00:00,country_IN,India,state_29,Karnataka,district_533,Chitradurga,1427.0,647.0,,6.0,4.0,,0.0,0.0,,668.0,,,
db7a84cf-1214-41cf-9133-cbedc1a2da43,Foot And Mouth Disease,ICD11_1F05,round1,,2020-10-30T00:00:00,country_IN,India,state_29,Karnataka,district_534,Dakshina Kannada,480.0,0.0,,9.0,0.0,,0.0,0.0,,87.0,,,
cbdf91b4-ff26-4c0a-ae39-7ecc44080673,Foot And Mouth Disease,ICD11_1F05,round1,,2020-10-30T00:00:00,country_IN,India,state_29,Karnataka,district_535,Davangere,574.0,24.0,,0.0,0.0,,0.0,0.0,,190.0,,,
bc13f7a1-7cdf-4e40-a77d-687509641165,Foot And Mouth Disease,ICD11_1F05,round1,,2020-10-30T00:00:00,country_IN,India,state_29,Karnataka,district_536,Dharwad,1578.0,541.0,,5.0,4.0,,0.0,0.0,,772.0,,,
ebbb1f95-3d02-4f0b-9728-ade0f39339a7,Foot And Mouth Disease,ICD11_1F05,round1,,2020-10-30T00:00:00,country_IN,India,state_29,Karnataka,district_537,Gadag,1697.0,818.0,,18.0,18.0,,0.0,0.0,,842.0,,,
ff8b1a24-78d2-4595-adf3-355253061889,Foot And Mouth Disease,ICD11_1F05,round1,,2020-10-30T00:00:00,country_IN,India,state_29,Karnataka,district_538,Kalaburagi,4929.0,610.0,,12.0,2.0,,0.0,0.0,,1647.0,,,
e88e00bf-9784-410a-9cb5-7627861a70e2,Foot And Mouth Disease,ICD11_1F05,round1,,2020-10-30T00:00:00,country_IN,India,state_29,Karnataka,district_539,Hassan,8608.0,1032.0,,48.0,12.0,,0.0,0.0,,3375.0,,,
39b6c2f1-7fa2-4456-9ce7-0dc6ddeb4abe,Foot And Mouth Disease,ICD11_1F05,round1,,2020-10-30T00:00:00,country_IN,India,state_29,Karnataka,district_540,Haveri,469.0,56.0,,0.0,0.0,,0.0,0.0,,148.0,,,
f5106dd2-08a5-4f23-a8dd-b753eaf2c9dc,Foot And Mouth Disease,ICD11_1F05,round1,,2020-10-30T00:00:00,country_IN,India,state_29,Karnataka,district_541,Kodagu,0.0,0.0,,0.0,0.0,,0.0,0.0,,0.0,,,
6a6fdc07-94c3-440f-b3ca-6810fe6887d3,Foot And Mouth Disease,ICD11_1F05,round1,,2020-10-30T00:00:00,country_IN,India,state_29,Karnataka,district_542,Kolar,2851.0,364.0,,28.0,0.0,,0.0,0.0,,1291.0,,,
4fee07c2-a28f-4e36-8314-57734f6db9c4,Foot And Mouth Disease,ICD11_1F05,round1,,2020-10-30T00:00:00,country_IN,India,state_29,Karnataka,district_543,Koppal,7267.0,1225.0,,54.0,15.0,,0.0,0.0,,2113.0,,,
4599933e-5a21-4212-b7dc-6ee531d665b8,Foot And Mouth Disease,ICD11_1F05,round1,,2020-10-30T00:00:00,country_IN,India,state_29,Karnataka,district_544,Mandya,8375.0,2096.0,,54.0,11.0,,0.0,0.0,,5006.0,,,
41e5b47d-3cfe-429f-99aa-e23f3e3bb4c6,Foot And Mouth Disease,ICD11_1F05,round1,,2020-10-30T00:00:00,country_IN,India,state_29,Karnataka,district_545,Mysuru,4510.0,163.0,,76.0,1.0,,0.0,0.0,,1897.0,,,
a50408e1-6ea1-490d-8646-5e51d0391b6e,Foot And Mouth Disease,ICD11_1F05,round1,,2020-10-30T00:00:00,country_IN,India,state_29,Karnataka,district_546,Raichur,0.0,0.0,,0.0,0.0,,0.0,0.0,,0.0,,,
cc82036f-d966-4c30-91c4-61bd23df8b23,Foot And Mouth Disease,ICD11_1F05,round1,,2020-10-30T00:00:00,country_IN,India,state_29,Karnataka,district_631,Ramanagara,3958.0,378.0,,80.0,14.0,,0.0,0.0,,1186.0,,,
5aceeec1-7f0f-455e-8e5d-4066a82a6e73,Foot And Mouth Disease,ICD11_1F05,round1,,2020-10-30T00:00:00,country_IN,India,state_29,Karnataka,district_547,Shivamogga,115.0,15.0,,0.0,0.0,,0.0,0.0,,28.0,,,
e60f4822-b985-4e01-b8c1-47b7aea7bceb,Foot And Mouth Disease,ICD11_1F05,round1,,2020-10-30T00:00:00,country_IN,India,state_29,Karnataka,district_548,Tumakuru,3336.0,944.0,,81.0,40.0,,0.0,0.0,,1724.0,,,
392729aa-c949-469b-967b-08618839f8ed,Foot And Mouth Disease,ICD11_1F05,round1,,2020-10-30T00:00:00,country_IN,India,state_29,Karnataka,district_549,Udupi,2844.0,8.0,,30.0,0.0,,0.0,0.0,,1007.0,,,
db343951-68fe-4e65-850a-33cf2c6fce0a,Foot And Mouth Disease,ICD11_1F05,round1,,2020-10-30T00:00:00,country_IN,India,state_29,Karnataka,district_550,Uttara Kannada,3866.0,1178.0,,5.0,1.0,,0.0,0.0,,1333.0,,,
87c90b6d-0104-4229-9e2a-5a4db140b4d6,Foot And Mouth Disease,ICD11_1F05,round1,,2020-10-30T00:00:00,country_IN,India,state_29,Karnataka,district_635,Yadgir,1913.0,383.0,,23.0,10.0,,0.0,0.0,,662.0,,,
8bdea482-dd3d-492c-9246-f59b43ac429a,Foot And Mouth Disease,ICD11_1F05,round1,,2020-10-02T00:00:00,country_IN,India,state_29,Karnataka,district_524,Bagalkote,,,,,,,,,,,,,
73b66f1b-af30-489b-a625-feaf3c7ba8c8,Foot And Mouth Disease,ICD11_1F05,round1,,2020-10-02T00:00:00,country_IN,India,state_29,Karnataka,district_526,Bengaluru Rural,,,,,,,,,,,,,
e4a02c94-a85c-42ea-9584-aeca6a41108a,Foot And Mouth Disease,ICD11_1F05,round1,,2020-10-02T00:00:00,country_IN,India,state_29,Karnataka,district_527,Belagavi,20.0,10.0,,,,,,,,30.0,,,
dca00d05-ba67-4eed-a96b-8969609fad41,Foot And Mouth Disease,ICD11_1F05,round1,,2020-10-02T00:00:00,country_IN,India,state_29,Karnataka,district_528,Ballari,,,,,,,,,,,,,
eec70875-486b-44b5-9cf7-0a46106a8b99,Foot And Mouth Disease,ICD11_1F05,round1,,2020-10-02T00:00:00,country_IN,India,state_29,Karnataka,district_525,Bengaluru Urban,,,,,,,,,,,,,
aa675860-e98d-43c0-99ab-0a56fe7ad2a5,Foot And Mouth Disease,ICD11_1F05,round1,,2020-10-02T00:00:00,country_IN,India,state_29,Karnataka,district_529,Bidar,,,,,,,,,,,,,
80a5463b-9f14-470b-89b0-ac48e5d745d9,Foot And Mouth Disease,ICD11_1F05,round1,,2020-10-02T00:00:00,country_IN,India,state_29,Karnataka,district_530,Vijayapura,,,,,,,,,,,,,
654f53bf-7f2e-4dfc-a2cf-3b3df0f9e1b3,Foot And Mouth Disease,ICD11_1F05,round1,,2020-10-02T00:00:00,country_IN,India,state_29,Karnataka,district_531,Chamarajanagara,,,,,,,,,,,,,
a74632c6-8e48-45dd-b71a-9371bc9dae2e,Foot And Mouth Disease,ICD11_1F05,round1,,2020-10-02T00:00:00,country_IN,India,state_29,Karnataka,district_630,Chikkaballapura,,,,,,,,,,,,,
12b1ce81-8ffa-446a-a660-1011df1acd87,Foot And Mouth Disease,ICD11_1F05,round1,,2020-10-02T00:00:00,country_IN,India,state_29,Karnataka,district_532,Chikkamagaluru,,,,,,,,,,,,,
daf79d18-e625-4b36-9ad4-093223819308,Foot And Mouth Disease,ICD11_1F05,round1,,2020-10-02T00:00:00,country_IN,India,state_29,Karnataka,district_533,Chitradurga,1480.0,90.0,,,,,,,,370.0,,,
022d9d91-5890-4cf3-912f-a50a48e625db,Foot And Mouth Disease,ICD11_1F05,round1,,2020-10-02T00:00:00,country_IN,India,state_29,Karnataka,district_534,Dakshina Kannada,,,,,,,,,,,,,
12c9813b-dbcb-445e-b9f3-ce1db3d97723,Foot And Mouth Disease,ICD11_1F05,round1,,2020-10-02T00:00:00,country_IN,India,state_29,Karnataka,district_535,Davangere,,,,,,,,,,,,,
5913c2c6-8a57-43ae-a3cf-a3156ded4f8f,Foot And Mouth Disease,ICD11_1F05,round1,,2020-10-02T00:00:00,country_IN,India,state_29,Karnataka,district_536,Dharwad,,,,,,,,,,,,,
373e42b6-b55d-45e5-b3db-bf8f9f8e2f7a,Foot And Mouth Disease,ICD11_1F05,round1,,2020-10-02T00:00:00,country_IN,India,state_29,Karnataka,district_537,Gadag,,,,,,,,,,,,,
de448a94-d7da-4cf0-9b8e-c95be779e963,Foot And Mouth Disease,ICD11_1F05,round1,,2020-10-02T00:00:00,country_IN,India,state_29,Karnataka,district_538,Kalaburagi,,,,,,,,,,,,,
7a9f3ffa-c518-49e1-a9fb-15e78de9b7b0,Foot And Mouth Disease,ICD11_1F05,round1,,2020-10-02T00:00:00,country_IN,India,state_29,Karnataka,district_539,Hassan,,,,,,,,,,,,,
19bd2bca-f9e6-4db8-b1f7-3aab6ec1ffef,Foot And Mouth Disease,ICD11_1F05,round1,,2020-10-02T00:00:00,country_IN,India,state_29,Karnataka,district_540,Haveri,,,,,,,,,,,,,
3d2baefb-1726-45f9-a143-d95d788da16e,Foot And Mouth Disease,ICD11_1F05,round1,,2020-10-02T00:00:00,country_IN,India,state_29,Karnataka,district_541,Kodagu,,,,,,,,,,,,,
9d26c757-fe1b-4fe1-b3f7-3b79edaa5ecd,Foot And Mouth Disease,ICD11_1F05,round1,,2020-10-02T00:00:00,country_IN,India,state_29,Karnataka,district_542,Kolar,,,,,,,,,,,,,
b08bde35-b572-47f1-a7cb-2596b3782ab5,Foot And Mouth Disease,ICD11_1F05,round1,,2020-10-02T00:00:00,country_IN,India,state_29,Karnataka,district_543,Koppal,,,,,,,,,,,,,
82892222-430c-4f36-8d83-671f24f14b80,Foot And Mouth Disease,ICD11_1F05,round1,,2020-10-02T00:00:00,country_IN,India,state_29,Karnataka,district_544,Mandya,,,,,,,,,,,,,
85fff210-e344-41d4-902e-78c2cb5d37fc,Foot And Mouth Disease,ICD11_1F05,round1,,2020-10-02T00:00:00,country_IN,India,state_29,Karnataka,district_545,Mysuru,,,,,,,,,,,,,
366a21d8-8fec-436a-8a8a-0342c5735537,Foot And Mouth Disease,ICD11_1F05,round1,,2020-10-02T00:00:00,country_IN,India,state_29,Karnataka,district_546,Raichur,,,,,,,,,,,,,
420432d1-dbcf-415a-93b2-535af806c4b3,Foot And Mouth Disease,ICD11_1F05,round1,,2020-10-02T00:00:00,country_IN,India,state_29,Karnataka,district_631,Ramanagara,,,,,,,,,,,,,
75a78c1d-d5d5-44ea-8964-5ff083b76dd3,Foot And Mouth Disease,ICD11_1F05,round1,,2020-10-02T00:00:00,country_IN,India,state_29,Karnataka,district_547,Shivamogga,,,,,,,,,,,,,
e6987a1b-a146-4e96-92c5-456102b82cd7,Foot And Mouth Disease,ICD11_1F05,round1,,2020-10-02T00:00:00,country_IN,India,state_29,Karnataka,district_548,Tumakuru,,,,,,,,,,,,,
d422cb40-f60e-4367-80e1-ada5bdeb529b,Foot And Mouth Disease,ICD11_1F05,round1,,2020-10-02T00:00:00,country_IN,India,state_29,Karnataka,district_549,Udupi,,,,,,,,,,,,,
571528c9-f498-45dc-b379-107fc2e7fcfd,Foot And Mouth Disease,ICD11_1F05,round1,,2020-10-02T00:00:00,country_IN,India,state_29,Karnataka,district_550,Uttara Kannada,,,,,,,,,,,,,
410fbc13-76a5-4ca3-a833-992b7ca05a4e,Foot And Mouth Disease,ICD11_1F05,round1,,2020-10-02T00:00:00,country_IN,India,state_29,Karnataka,district_635,Yadgir,,,,,,,,,,,,,
b271132c-5850-46e4-8e0a-299e2b313cfb,Foot And Mouth Disease,ICD11_1F05,round1,,2020-11-01T00:00:00,country_IN,India,state_29,Karnataka,district_524,Bagalkote,734.0,888.0,,3.0,3.0,,0.0,0.0,,411.0,,,
23648d06-da9f-47c8-8f32-378efb1ba767,Foot And Mouth Disease,ICD11_1F05,round1,,2020-11-01T00:00:00,country_IN,India,state_29,Karnataka,district_526,Bengaluru Rural,0.0,0.0,,0.0,0.0,,0.0,0.0,,0.0,,,
4f706605-a14f-484a-b842-b7f6873dce4a,Foot And Mouth Disease,ICD11_1F05,round1,,2020-11-01T00:00:00,country_IN,India,state_29,Karnataka,district_527,Belagavi,7652.0,12848.0,,50.0,87.0,,0.0,0.0,,6831.0,,,
8ea7cd3b-7651-4218-a9ea-a96fcf99e83f,Foot And Mouth Disease,ICD11_1F05,round1,,2020-11-01T00:00:00,country_IN,India,state_29,Karnataka,district_528,Ballari,2133.0,1068.0,,3.0,4.0,,0.0,0.0,,836.0,,,
4104b819-1044-4f75-b048-f5de329ea88e,Foot And Mouth Disease,ICD11_1F05,round1,,2020-11-01T00:00:00,country_IN,India,state_29,Karnataka,district_525,Bengaluru Urban,0.0,0.0,,0.0,0.0,,0.0,0.0,,0.0,,,
8a7b53cd-836e-4fe3-8736-eecda974f223,Foot And Mouth Disease,ICD11_1F05,round1,,2020-11-01T00:00:00,country_IN,India,state_29,Karnataka,district_529,Bidar,2371.0,1945.0,,10.0,13.0,,0.0,0.0,,2031.0,,,
8a3c01db-98a3-4138-ad7a-cc73923abfad,Foot And Mouth Disease,ICD11_1F05,round1,,2020-11-01T00:00:00,country_IN,India,state_29,Karnataka,district_530,Vijayapura,764.0,867.0,,0.0,0.0,,0.0,0.0,,660.0,,,
cc3aacd2-7e67-444d-9236-7b5c4a7b5739,Foot And Mouth Disease,ICD11_1F05,round1,,2020-11-01T00:00:00,country_IN,India,state_29,Karnataka,district_531,Chamarajanagara,1267.0,45.0,,33.0,0.0,,0.0,0.0,,385.0,,,
c5e6cbb9-e955-485e-b3ef-0d893dc0330e,Foot And Mouth Disease,ICD11_1F05,round1,,2020-11-01T00:00:00,country_IN,India,state_29,Karnataka,district_630,Chikkaballapura,795.0,70.0,,19.0,0.0,,0.0,0.0,,345.0,,,
55061eb5-22ec-465e-b381-158006cf5924,Foot And Mouth Disease,ICD11_1F05,round1,,2020-11-01T00:00:00,country_IN,India,state_29,Karnataka,district_532,Chikkamagaluru,4788.0,526.0,,12.0,2.0,,0.0,0.0,,1822.0,,,
f94db4ba-06f4-489b-963c-4eecaf2cd10e,Foot And Mouth Disease,ICD11_1F05,round1,,2020-11-01T00:00:00,country_IN,India,state_29,Karnataka,district_533,Chitradurga,0.0,0.0,,0.0,0.0,,0.0,0.0,,0.0,,,
1b9c31c2-47c2-48a8-b35b-a9b07802b89d,Foot And Mouth Disease,ICD11_1F05,round1,,2020-11-01T00:00:00,country_IN,India,state_29,Karnataka,district_534,Dakshina Kannada,339.0,1.0,,0.0,0.0,,0.0,0.0,,39.0,,,
f032572c-ea2d-4b89-92a2-d2e4b614fa04,Foot And Mouth Disease,ICD11_1F05,round1,,2020-11-01T00:00:00,country_IN,India,state_29,Karnataka,district_535,Davangere,0.0,0.0,,0.0,0.0,,0.0,0.0,,0.0,,,
03ad5acd-4904-4e59-beca-2cfa3de1925f,Foot And Mouth Disease,ICD11_1F05,round1,,2020-11-01T00:00:00,country_IN,India,state_29,Karnataka,district_536,Dharwad,627.0,83.0,,5.0,0.0,,0.0,0.0,,255.0,,,
8471e7d2-d6f2-43d0-a53c-29d02fd90961,Foot And Mouth Disease,ICD11_1F05,round1,,2020-11-01T00:00:00,country_IN,India,state_29,Karnataka,district_537,Gadag,1638.0,393.0,,18.0,9.0,,0.0,0.0,,805.0,,,
c6aa99cb-885f-4b14-975b-dc4bcb9286da,Foot And Mouth Disease,ICD11_1F05,round1,,2020-11-01T00:00:00,country_IN,India,state_29,Karnataka,district_538,Kalaburagi,684.0,95.0,,0.0,0.0,,0.0,0.0,,245.0,,,
da78cde7-509f-4ee1-9887-15054fdd3865,Foot And Mouth Disease,ICD11_1F05,round1,,2020-11-01T00:00:00,country_IN,India,state_29,Karnataka,district_539,Hassan,805.0,333.0,,7.0,4.0,,0.0,0.0,,383.0,,,
7275f6c9-9eba-4572-849a-f8ca8cd970a9,Foot And Mouth Disease,ICD11_1F05,round1,,2020-11-01T00:00:00,country_IN,India,state_29,Karnataka,district_540,Haveri,0.0,0.0,,0.0,0.0,,0.0,0.0,,0.0,,,
e98ba297-d8c4-4920-83ed-c7af88bc3a09,Foot And Mouth Disease,ICD11_1F05,round1,,2020-11-01T00:00:00,country_IN,India,state_29,Karnataka,district_541,Kodagu,0.0,0.0,,0.0,0.0,,0.0,0.0,,0.0,,,
f391ce3d-51f6-4154-b11c-70b92f77c071,Foot And Mouth Disease,ICD11_1F05,round1,,2020-11-01T00:00:00,country_IN,India,state_29,Karnataka,district_542,Kolar,1757.0,367.0,,16.0,3.0,,0.0,0.0,,939.0,,,
981763e7-c3d9-431d-b619-35a5bac03f75,Foot And Mouth Disease,ICD11_1F05,round1,,2020-11-01T00:00:00,country_IN,India,state_29,Karnataka,district_543,Koppal,1621.0,320.0,,34.0,13.0,,0.0,0.0,,707.0,,,
193128ef-56ad-413d-9a26-d78c07d09983,Foot And Mouth Disease,ICD11_1F05,round1,,2020-11-01T00:00:00,country_IN,India,state_29,Karnataka,district_544,Mandya,0.0,0.0,,0.0,0.0,,0.0,0.0,,0.0,,,
b1aff72e-0bda-456c-8057-621033d2afcd,Foot And Mouth Disease,ICD11_1F05,round1,,2020-11-01T00:00:00,country_IN,India,state_29,Karnataka,district_545,Mysuru,854.0,0.0,,15.0,0.0,,0.0,0.0,,363.0,,,
09169477-0a15-4c5c-a3fb-1c8d81d07134,Foot And Mouth Disease,ICD11_1F05,round1,,2020-11-01T00:00:00,country_IN,India,state_29,Karnataka,district_546,Raichur,0.0,0.0,,0.0,0.0,,0.0,0.0,,0.0,,,
23e5610e-8127-44ca-b8ce-b6f254af0415,Foot And Mouth Disease,ICD11_1F05,round1,,2020-11-01T00:00:00,country_IN,India,state_29,Karnataka,district_631,Ramanagara,0.0,0.0,,0.0,0.0,,0.0,0.0,,0.0,,,
e1ccd007-4152-4397-a920-6e40b91432a7,Foot And Mouth Disease,ICD11_1F05,round1,,2020-11-01T00:00:00,country_IN,India,state_29,Karnataka,district_547,Shivamogga,389.0,131.0,,0.0,0.0,,0.0,0.0,,184.0,,,
6b65782c-b23c-4533-922f-969e06b83f46,Foot And Mouth Disease,ICD11_1F05,round1,,2020-11-01T00:00:00,country_IN,India,state_29,Karnataka,district_548,Tumakuru,715.0,153.0,,2.0,1.0,,0.0,0.0,,305.0,,,
759e8aa7-0170-4ac1-ba52-fb12d277ea4d,Foot And Mouth Disease,ICD11_1F05,round1,,2020-11-01T00:00:00,country_IN,India,state_29,Karnataka,district_549,Udupi,545.0,4.0,,15.0,0.0,,0.0,0.0,,207.0,,,
76406c5f-f82f-4c2d-b37d-cfe983658c6b,Foot And Mouth Disease,ICD11_1F05,round1,,2020-11-01T00:00:00,country_IN,India,state_29,Karnataka,district_550,Uttara Kannada,287.0,52.0,,10.0,1.0,,0.0,0.0,,140.0,,,
cd57270b-b584-4e06-8c75-61fe556d7de1,Foot And Mouth Disease,ICD11_1F05,round1,,2020-11-01T00:00:00,country_IN,India,state_29,Karnataka,district_635,Yadgir,675.0,142.0,,7.0,9.0,,0.0,0.0,,224.0,,,
b6d27594-d13a-4e63-a9ab-b4a8c0dcbf86,Foot And Mouth Disease,ICD11_1F05,round1,,2020-10-08T00:00:00,country_IN,India,state_29,Karnataka,district_524,Bagalkote,0.0,0.0,,0.0,0.0,,0.0,0.0,,0.0,,,
4c69b701-8675-47a7-83ea-658b3c7100c6,Foot And Mouth Disease,ICD11_1F05,round1,,2020-10-08T00:00:00,country_IN,India,state_29,Karnataka,district_526,Bengaluru Rural,0.0,0.0,,0.0,0.0,,0.0,0.0,,0.0,,,
9e790318-b8c9-4d26-ae32-28656ea634c1,Foot And Mouth Disease,ICD11_1F05,round1,,2020-10-08T00:00:00,country_IN,India,state_29,Karnataka,district_525,Bengaluru Urban,0.0,0.0,,0.0,0.0,,0.0,0.0,,0.0,,,
75734050-6cb6-4133-89d3-4b827e61e9c4,Foot And Mouth Disease,ICD11_1F05,round1,,2020-10-08T00:00:00,country_IN,India,state_29,Karnataka,district_527,Belagavi,0.0,0.0,,0.0,0.0,,0.0,0.0,,0.0,,,
e189cff9-bd63-4473-b9da-b018e0b4713a,Foot And Mouth Disease,ICD11_1F05,round1,,2020-10-08T00:00:00,country_IN,India,state_29,Karnataka,district_528,Ballari,5217.0,1733.0,,35.0,20.0,,0.0,0.0,,3189.0,,,
b6b31e0e-e063-4c26-948d-b2cb126d1e5c,Foot And Mouth Disease,ICD11_1F05,round1,,2020-10-08T00:00:00,country_IN,India,state_29,Karnataka,district_529,Bidar,0.0,0.0,,0.0,0.0,,0.0,0.0,,0.0,,,
db468b05-b6ff-4f54-871e-0a01f02ccda6,Foot And Mouth Disease,ICD11_1F05,round1,,2020-10-08T00:00:00,country_IN,India,state_29,Karnataka,district_530,Vijayapura,0.0,0.0,,0.0,0.0,,0.0,0.0,,0.0,,,
86fa2b1b-7d22-4860-82bd-9a4d447c18de,Foot And Mouth Disease,ICD11_1F05,round1,,2020-10-08T00:00:00,country_IN,India,state_29,Karnataka,district_531,Chamarajanagara,0.0,0.0,,0.0,0.0,,0.0,0.0,,0.0,,,
9f667b7c-28df-47c9-b731-abef5294a306,Foot And Mouth Disease,ICD11_1F05,round1,,2020-10-08T00:00:00,country_IN,India,state_29,Karnataka,district_533,Chitradurga,0.0,0.0,,0.0,0.0,,0.0,0.0,,0.0,,,
d15685e8-1ce0-4b4e-8cda-8c92f92cc2be,Foot And Mouth Disease,ICD11_1F05,round1,,2020-10-08T00:00:00,country_IN,India,state_29,Karnataka,district_630,Chikkaballapura,0.0,0.0,,0.0,0.0,,0.0,0.0,,0.0,,,
aab53686-f701-479e-98e2-2c82e7e1bdc7,Foot And Mouth Disease,ICD11_1F05,round1,,2020-10-08T00:00:00,country_IN,India,state_29,Karnataka,district_532,Chikkamagaluru,0.0,0.0,,0.0,0.0,,0.0,0.0,,0.0,,,
f4021edc-8ed4-4288-b955-383977577337,Foot And Mouth Disease,ICD11_1F05,round1,,2020-10-08T00:00:00,country_IN,India,state_29,Karnataka,district_534,Dakshina Kannada,0.0,0.0,,0.0,0.0,,0.0,0.0,,0.0,,,
71ab853b-6813-4678-b566-ef7ba460b85b,Foot And Mouth Disease,ICD11_1F05,round1,,2020-10-08T00:00:00,country_IN,India,state_29,Karnataka,district_535,Davangere,2623.0,926.0,,11.0,4.0,,0.0,0.0,,1492.0,,,
4fdcfbcf-a267-4d0c-b9b4-cafc1d408bff,Foot And Mouth Disease,ICD11_1F05,round1,,2020-10-08T00:00:00,country_IN,India,state_29,Karnataka,district_536,Dharwad,0.0,0.0,,0.0,0.0,,0.0,0.0,,0.0,,,
17e8841a-7f98-4af1-bffd-60d641f0c513,Foot And Mouth Disease,ICD11_1F05,round1,,2020-10-08T00:00:00,country_IN,India,state_29,Karnataka,district_537,Gadag,264.0,168.0,,0.0,0.0,,0.0,0.0,,209.0,,,
9e63f080-3956-445d-94c0-dee5e75def98,Foot And Mouth Disease,ICD11_1F05,round1,,2020-10-08T00:00:00,country_IN,India,state_29,Karnataka,district_538,Kalaburagi,0.0,0.0,,0.0,0.0,,0.0,0.0,,0.0,,,
8b5857f3-ffbf-4c71-aeea-45a6a1ce8af8,Foot And Mouth Disease,ICD11_1F05,round1,,2020-10-08T00:00:00,country_IN,India,state_29,Karnataka,district_539,Hassan,0.0,0.0,,0.0,0.0,,0.0,0.0,,0.0,,,
f465fc13-e58c-46d6-b3ba-098ac7ac0f8b,Foot And Mouth Disease,ICD11_1F05,round1,,2020-10-08T00:00:00,country_IN,India,state_29,Karnataka,district_540,Haveri,2382.0,1116.0,,79.0,7.0,,0.0,0.0,,1192.0,,,
37722d16-2e88-478a-8429-57ec48a1f2e8,Foot And Mouth Disease,ICD11_1F05,round1,,2020-10-08T00:00:00,country_IN,India,state_29,Karnataka,district_541,Kodagu,0.0,0.0,,0.0,0.0,,0.0,0.0,,0.0,,,
7f6d4987-0dc1-4722-9059-12f43f7fbe72,Foot And Mouth Disease,ICD11_1F05,round1,,2020-10-08T00:00:00,country_IN,India,state_29,Karnataka,district_542,Kolar,681.0,39.0,,0.0,0.0,,0.0,0.0,,270.0,,,
87caa1a6-1dfc-4731-9b9c-f536d892035d,Foot And Mouth Disease,ICD11_1F05,round1,,2020-10-08T00:00:00,country_IN,India,state_29,Karnataka,district_543,Koppal,0.0,0.0,,0.0,0.0,,0.0,0.0,,0.0,,,
effce273-7230-4d62-83bc-363a07075823,Foot And Mouth Disease,ICD11_1F05,round1,,2020-10-08T00:00:00,country_IN,India,state_29,Karnataka,district_544,Mandya,0.0,0.0,,0.0,0.0,,0.0,0.0,,0.0,,,
9abd7e27-4890-447b-af07-24dcbba01225,Foot And Mouth Disease,ICD11_1F05,round1,,2020-10-08T00:00:00,country_IN,India,state_29,Karnataka,district_545,Mysuru,0.0,0.0,,0.0,0.0,,0.0,0.0,,0.0,,,
b19f04ec-13b2-41dd-9c16-f2cb617d43a9,Foot And Mouth Disease,ICD11_1F05,round1,,2020-10-08T00:00:00,country_IN,India,state_29,Karnataka,district_546,Raichur,1477.0,2199.0,,38.0,42.0,,0.0,0.0,,669.0,,,
badd1960-fa23-41ec-b987-02e7a62a1328,Foot And Mouth Disease,ICD11_1F05,round1,,2020-10-08T00:00:00,country_IN,India,state_29,Karnataka,district_631,Ramanagara,0.0,0.0,,0.0,0.0,,0.0,0.0,,0.0,,,
c67a50b0-6be7-4350-9d53-df7f511a5348,Foot And Mouth Disease,ICD11_1F05,round1,,2020-10-08T00:00:00,country_IN,India,state_29,Karnataka,district_547,Shivamogga,24.0,1.0,,0.0,0.0,,0.0,0.0,,5.0,,,
7b7c4f40-bd01-4c71-a3cf-1c813b6f26b1,Foot And Mouth Disease,ICD11_1F05,round1,,2020-10-08T00:00:00,country_IN,India,state_29,Karnataka,district_548,Tumakuru,0.0,0.0,,0.0,0.0,,0.0,0.0,,0.0,,,
dbcf075b-a8d5-41ea-8602-fdb25308ed74,Foot And Mouth Disease,ICD11_1F05,round1,,2020-10-08T00:00:00,country_IN,India,state_29,Karnataka,district_550,Uttara Kannada,157.0,28.0,,1.0,0.0,,0.0,0.0,,61.0,,,
bb518e78-af7f-4dc6-ae6d-12c59097e14a,Foot And Mouth Disease,ICD11_1F05,round1,,2020-10-08T00:00:00,country_IN,India,state_29,Karnataka,district_549,Udupi,0.0,0.0,,0.0,0.0,,0.0,0.0,,0.0,,,
0a2c2448-0a0d-4104-8dc2-4cb11e36284e,Foot And Mouth Disease,ICD11_1F05,round1,,2020-10-08T00:00:00,country_IN,India,state_29,Karnataka,district_635,Yadgir,0.0,0.0,,0.0,0.0,,0.0,0.0,,0.0,,,
241c116d-b56a-43df-a26d-dde1b5293b96,Foot And Mouth Disease,ICD11_1F05,round1,,2020-10-26T00:00:00,country_IN,India,state_29,Karnataka,district_524,Bagalkote,1084.0,1327.0,,3.0,7.0,,0.0,0.0,,764.0,,,
371f901a-4b43-4cf5-ae7c-1fc9cd8c4f68,Foot And Mouth Disease,ICD11_1F05,round1,,2020-10-26T00:00:00,country_IN,India,state_29,Karnataka,district_526,Bengaluru Rural,0.0,0.0,,0.0,0.0,,0.0,0.0,,0.0,,,
2711a44e-548e-40cb-84cc-a341bd88968e,Foot And Mouth Disease,ICD11_1F05,round1,,2020-10-26T00:00:00,country_IN,India,state_29,Karnataka,district_525,Bengaluru Urban,0.0,0.0,,0.0,0.0,,0.0,0.0,,0.0,,,
cc07655d-cf27-484b-8a39-f303ffaf5ae3,Foot And Mouth Disease,ICD11_1F05,round1,,2020-10-26T00:00:00,country_IN,India,state_29,Karnataka,district_527,Belagavi,7664.0,13492.0,,114.0,225.0,,0.0,0.0,,7571.0,,,
6ae6458d-8ec0-41f0-8ae8-21a5f8c03952,Foot And Mouth Disease,ICD11_1F05,round1,,2020-10-26T00:00:00,country_IN,India,state_29,Karnataka,district_528,Ballari,1886.0,576.0,,0.0,0.0,,0.0,0.0,,857.0,,,
3b08bbab-1c02-432d-8293-839fd5300608,Foot And Mouth Disease,ICD11_1F05,round1,,2020-10-26T00:00:00,country_IN,India,state_29,Karnataka,district_529,Bidar,3558.0,2414.0,,30.0,26.0,,0.0,0.0,,4064.0,,,
45b093dc-7903-42f8-a1f5-955e2a85589c,Foot And Mouth Disease,ICD11_1F05,round1,,2020-10-26T00:00:00,country_IN,India,state_29,Karnataka,district_530,Vijayapura,466.0,592.0,,0.0,0.0,,0.0,0.0,,401.0,,,
a5ebd112-c9c0-48b0-b37a-e96748890697,Foot And Mouth Disease,ICD11_1F05,round1,,2020-10-26T00:00:00,country_IN,India,state_29,Karnataka,district_531,Chamarajanagara,845.0,23.0,,18.0,0.0,,0.0,0.0,,230.0,,,
62e295c3-3cc9-4fa9-9318-8e6699b8cee4,Foot And Mouth Disease,ICD11_1F05,round1,,2020-10-26T00:00:00,country_IN,India,state_29,Karnataka,district_533,Chitradurga,0.0,0.0,,0.0,0.0,,0.0,0.0,,0.0,,,
ddf84224-d5a7-4085-bf9a-8cbd24ca8e04,Foot And Mouth Disease,ICD11_1F05,round1,,2020-10-26T00:00:00,country_IN,India,state_29,Karnataka,district_630,Chikkaballapura,214.0,28.0,,4.0,6.0,,0.0,0.0,,86.0,,,
0f161b5e-bd4a-4930-bd20-4a23ad9364ab,Foot And Mouth Disease,ICD11_1F05,round1,,2020-10-26T00:00:00,country_IN,India,state_29,Karnataka,district_532,Chikkamagaluru,160.0,0.0,,0.0,0.0,,0.0,0.0,,63.0,,,
118dce24-8295-4022-a7b7-959f1dd51d07,Foot And Mouth Disease,ICD11_1F05,round1,,2020-10-26T00:00:00,country_IN,India,state_29,Karnataka,district_534,Dakshina Kannada,779.0,0.0,,0.0,0.0,,0.0,0.0,,73.0,,,
8d8ffb36-c313-44fc-b735-b2cd071f5f0c,Foot And Mouth Disease,ICD11_1F05,round1,,2020-10-26T00:00:00,country_IN,India,state_29,Karnataka,district_535,Davangere,0.0,0.0,,0.0,0.0,,0.0,0.0,,0.0,,,
74fd3b88-7d20-4f36-8886-1c8050aebd04,Foot And Mouth Disease,ICD11_1F05,round1,,2020-10-26T00:00:00,country_IN,India,state_29,Karnataka,district_536,Dharwad,285.0,27.0,,9.0,0.0,,0.0,0.0,,124.0,,,
0ea65d9f-3f75-4d0f-a8c2-d23a34fd7805,Foot And Mouth Disease,ICD11_1F05,round1,,2020-10-26T00:00:00,country_IN,India,state_29,Karnataka,district_537,Gadag,2129.0,488.0,,29.0,16.0,,0.0,0.0,,1019.0,,,
832de8ef-7309-4cd0-a115-691ec1b004ca,Foot And Mouth Disease,ICD11_1F05,round1,,2020-10-26T00:00:00,country_IN,India,state_29,Karnataka,district_538,Kalaburagi,2602.0,155.0,,27.0,3.0,,0.0,0.0,,745.0,,,
17202cc5-f9f2-439a-964c-20edde725821,Foot And Mouth Disease,ICD11_1F05,round1,,2020-10-26T00:00:00,country_IN,India,state_29,Karnataka,district_539,Hassan,1672.0,697.0,,15.0,8.0,,0.0,0.0,,702.0,,,
2d6de78e-9a3b-45a4-9135-fb9489788384,Foot And Mouth Disease,ICD11_1F05,round1,,2020-10-26T00:00:00,country_IN,India,state_29,Karnataka,district_540,Haveri,0.0,0.0,,0.0,0.0,,0.0,0.0,,0.0,,,
6840a7a1-8e24-433c-8a19-9741ea129867,Foot And Mouth Disease,ICD11_1F05,round1,,2020-10-26T00:00:00,country_IN,India,state_29,Karnataka,district_541,Kodagu,0.0,0.0,,0.0,0.0,,0.0,0.0,,0.0,,,
d16d0fdb-398e-4c96-a5a6-565d2beea9e4,Foot And Mouth Disease,ICD11_1F05,round1,,2020-10-26T00:00:00,country_IN,India,state_29,Karnataka,district_542,Kolar,2453.0,75.0,,95.0,0.0,,0.0,0.0,,1018.0,,,
ea33f2a4-b104-4aba-a6dc-b071665b34ce,Foot And Mouth Disease,ICD11_1F05,round1,,2020-10-26T00:00:00,country_IN,India,state_29,Karnataka,district_543,Koppal,1347.0,358.0,,44.0,21.0,,0.0,0.0,,761.0,,,
c1fb3124-8bad-4c21-8795-d79bd7d1031c,Foot And Mouth Disease,ICD11_1F05,round1,,2020-10-26T00:00:00,country_IN,India,state_29,Karnataka,district_544,Mandya,0.0,0.0,,0.0,0.0,,0.0,0.0,,0.0,,,
d94a3399-cdf6-4224-a385-1a8b60fd10c9,Foot And Mouth Disease,ICD11_1F05,round1,,2020-10-26T00:00:00,country_IN,India,state_29,Karnataka,district_545,Mysuru,1009.0,79.0,,7.0,0.0,,0.0,0.0,,438.0,,,
876bb00d-8b5d-40dc-a3c8-d7c647c127d9,Foot And Mouth Disease,ICD11_1F05,round1,,2020-10-26T00:00:00,country_IN,India,state_29,Karnataka,district_546,Raichur,0.0,0.0,,0.0,0.0,,0.0,0.0,,0.0,,,
ba1a7af2-bdf7-4b49-bade-61c02917d61a,Foot And Mouth Disease,ICD11_1F05,round1,,2020-10-26T00:00:00,country_IN,India,state_29,Karnataka,district_631,Ramanagara,0.0,0.0,,0.0,0.0,,0.0,0.0,,0.0,,,
4c796210-64f8-4820-af4f-4b0d9cbaa5a1,Foot And Mouth Disease,ICD11_1F05,round1,,2020-10-26T00:00:00,country_IN,India,state_29,Karnataka,district_547,Shivamogga,16.0,6.0,,0.0,0.0,,0.0,0.0,,7.0,,,
9e28ccc3-9518-4f2a-ad0b-9b16916ad98e,Foot And Mouth Disease,ICD11_1F05,round1,,2020-10-26T00:00:00,country_IN,India,state_29,Karnataka,district_548,Tumakuru,0.0,0.0,,0.0,0.0,,0.0,0.0,,0.0,,,
87c9bcdb-5211-4f50-884b-fc3907a231d3,Foot And Mouth Disease,ICD11_1F05,round1,,2020-10-26T00:00:00,country_IN,India,state_29,Karnataka,district_550,Uttara Kannada,765.0,100.0,,2.0,1.0,,0.0,0.0,,286.0,,,
7c681c84-98fc-4fa9-a17b-80c8fbcd3b8f,Foot And Mouth Disease,ICD11_1F05,round1,,2020-10-26T00:00:00,country_IN,India,state_29,Karnataka,district_549,Udupi,3383.0,10.0,,24.0,0.0,,0.0,0.0,,1238.0,,,
9c3a6d52-1471-4822-b5fc-75bbbd258823,Foot And Mouth Disease,ICD11_1F05,round1,,2020-10-26T00:00:00,country_IN,India,state_29,Karnataka,district_635,Yadgir,2338.0,581.0,,15.0,11.0,,0.0,0.0,,869.0,,,
8ae44d60-4305-4bb3-9fa8-0edf9f9b9a49,Foot And Mouth Disease,ICD11_1F05,round1,,2020-10-14T00:00:00,country_IN,India,state_29,Karnataka,district_524,Bagalkote,3501.0,3172.0,,13.0,8.0,,0.0,0.0,,2356.0,,,
42bd2e3f-844d-4666-a050-6a99cbec5e5f,Foot And Mouth Disease,ICD11_1F05,round1,,2020-10-14T00:00:00,country_IN,India,state_29,Karnataka,district_526,Bengaluru Rural,6083.0,575.0,,204.0,27.0,,0.0,0.0,,2201.0,,,
02c2f2dc-3c68-4f52-bae0-b7b25119f397,Foot And Mouth Disease,ICD11_1F05,round1,,2020-10-14T00:00:00,country_IN,India,state_29,Karnataka,district_525,Bengaluru Urban,3958.0,71.0,,53.0,2.0,,0.0,0.0,,1095.0,,,
773373c9-f501-4e0f-bbd0-cff749ce6d59,Foot And Mouth Disease,ICD11_1F05,round1,,2020-10-14T00:00:00,country_IN,India,state_29,Karnataka,district_527,Belagavi,10550.0,16949.0,,122.0,270.0,,0.0,0.0,,8801.0,,,
56ccde17-aa46-44eb-a8ca-483be5211f74,Foot And Mouth Disease,ICD11_1F05,round1,,2020-10-14T00:00:00,country_IN,India,state_29,Karnataka,district_528,Ballari,3645.0,1578.0,,17.0,11.0,,0.0,0.0,,1823.0,,,
255ac6ed-9b98-4c03-a594-34ddb44315d8,Foot And Mouth Disease,ICD11_1F05,round1,,2020-10-14T00:00:00,country_IN,India,state_29,Karnataka,district_529,Bidar,0.0,0.0,,0.0,0.0,,0.0,0.0,,0.0,,,
a8a4f292-d596-4f3c-8b07-53b98c76f6c8,Foot And Mouth Disease,ICD11_1F05,round1,,2020-10-14T00:00:00,country_IN,India,state_29,Karnataka,district_530,Vijayapura,62.0,58.0,,1.0,1.0,,0.0,0.0,,53.0,,,
cea04f64-d12f-496c-a048-a710f999ac0a,Foot And Mouth Disease,ICD11_1F05,round1,,2020-10-14T00:00:00,country_IN,India,state_29,Karnataka,district_531,Chamarajanagara,38.0,10.0,,0.0,0.0,,0.0,0.0,,15.0,,,
3a43ce88-5181-446e-971f-58b559b6322e,Foot And Mouth Disease,ICD11_1F05,round1,,2020-10-14T00:00:00,country_IN,India,state_29,Karnataka,district_533,Chitradurga,3868.0,1054.0,,21.0,9.0,,0.0,0.0,,1885.0,,,
a3d5aa99-5467-432d-95fc-6b5bded557a1,Foot And Mouth Disease,ICD11_1F05,round1,,2020-10-14T00:00:00,country_IN,India,state_29,Karnataka,district_630,Chikkaballapura,3619.0,328.0,,68.0,5.0,,0.0,0.0,,1646.0,,,
3749d0cb-9877-4cf9-9d1c-9a6ccf685280,Foot And Mouth Disease,ICD11_1F05,round1,,2020-10-14T00:00:00,country_IN,India,state_29,Karnataka,district_532,Chikkamagaluru,628.0,31.0,,0.0,0.0,,0.0,0.0,,163.0,,,
a5645ab8-8283-4fa3-a044-86517c288b71,Foot And Mouth Disease,ICD11_1F05,round1,,2020-10-14T00:00:00,country_IN,India,state_29,Karnataka,district_534,Dakshina Kannada,2865.0,6.0,,130.0,0.0,,0.0,0.0,,1450.0,,,
9a279041-8434-45fb-a512-e973f3176df9,Foot And Mouth Disease,ICD11_1F05,round1,,2020-10-14T00:00:00,country_IN,India,state_29,Karnataka,district_535,Davangere,5054.0,1440.0,,118.0,41.0,,0.0,0.0,,1985.0,,,
629f7cab-0a84-4126-9f37-f921af2c6761,Foot And Mouth Disease,ICD11_1F05,round1,,2020-10-14T00:00:00,country_IN,India,state_29,Karnataka,district_536,Dharwad,2083.0,1127.0,,32.0,17.0,,0.0,0.0,,896.0,,,
e6aed501-301d-4846-b001-c27a4f56988a,Foot And Mouth Disease,ICD11_1F05,round1,,2020-10-14T00:00:00,country_IN,India,state_29,Karnataka,district_537,Gadag,717.0,270.0,,33.0,22.0,,0.0,0.0,,388.0,,,
6d77327d-4cf6-4308-ba2b-f54e9c1f9f8e,Foot And Mouth Disease,ICD11_1F05,round1,,2020-10-14T00:00:00,country_IN,India,state_29,Karnataka,district_538,Kalaburagi,0.0,0.0,,0.0,0.0,,0.0,0.0,,0.0,,,
4922eed7-5794-4b88-906e-452ba4a4e382,Foot And Mouth Disease,ICD11_1F05,round1,,2020-10-14T00:00:00,country_IN,India,state_29,Karnataka,district_539,Hassan,7397.0,1233.0,,102.0,24.0,,0.0,0.0,,3351.0,,,
cb52f0f0-0c72-4e61-a20b-d2b3c1df1785,Foot And Mouth Disease,ICD11_1F05,round1,,2020-10-14T00:00:00,country_IN,India,state_29,Karnataka,district_540,Haveri,3659.0,914.0,,10.0,2.0,,0.0,0.0,,1658.0,,,
e4b292ec-ed74-487e-b2a0-1182d3dda8ae,Foot And Mouth Disease,ICD11_1F05,round1,,2020-10-14T00:00:00,country_IN,India,state_29,Karnataka,district_541,Kodagu,1409.0,119.0,,70.0,1.0,,0.0,0.0,,343.0,,,
95fabe53-83ef-41b1-b597-3c21575c5145,Foot And Mouth Disease,ICD11_1F05,round1,,2020-10-14T00:00:00,country_IN,India,state_29,Karnataka,district_542,Kolar,11471.0,1097.0,,226.0,29.0,,0.0,0.0,,5577.0,,,
3415ec66-1bb8-49db-9b1c-65daf8e95dd5,Foot And Mouth Disease,ICD11_1F05,round1,,2020-10-14T00:00:00,country_IN,India,state_29,Karnataka,district_543,Koppal,824.0,305.0,,21.0,4.0,,0.0,0.0,,499.0,,,
3000b661-59b3-4144-a8f7-e9ca3787d265,Foot And Mouth Disease,ICD11_1F05,round1,,2020-10-14T00:00:00,country_IN,India,state_29,Karnataka,district_544,Mandya,4248.0,930.0,,56.0,22.0,,0.0,0.0,,2529.0,,,
3938afaa-2463-4d89-b700-34cbf5b4459d,Foot And Mouth Disease,ICD11_1F05,round1,,2020-10-14T00:00:00,country_IN,India,state_29,Karnataka,district_545,Mysuru,10505.0,377.0,,322.0,10.0,,0.0,0.0,,3876.0,,,
ca1188c4-0d62-48fa-b055-ce7334736872,Foot And Mouth Disease,ICD11_1F05,round1,,2020-10-14T00:00:00,country_IN,India,state_29,Karnataka,district_546,Raichur,2068.0,1802.0,,167.0,189.0,,0.0,0.0,,2075.0,,,
f1786c87-fe9d-4a9f-a89f-116d43f31c93,Foot And Mouth Disease,ICD11_1F05,round1,,2020-10-14T00:00:00,country_IN,India,state_29,Karnataka,district_631,Ramanagara,8962.0,497.0,,258.0,11.0,,0.0,0.0,,3261.0,,,
d9d8731b-fbf9-4c73-a99e-0f5b18a59bc4,Foot And Mouth Disease,ICD11_1F05,round1,,2020-10-14T00:00:00,country_IN,India,state_29,Karnataka,district_547,Shivamogga,1697.0,255.0,,8.0,0.0,,0.0,0.0,,629.0,,,
c5305f9b-0a5d-43c7-89db-ea553de23d79,Foot And Mouth Disease,ICD11_1F05,round1,,2020-10-14T00:00:00,country_IN,India,state_29,Karnataka,district_548,Tumakuru,189.0,36.0,,0.0,0.0,,0.0,0.0,,133.0,,,
80901fa3-4c42-405e-85c2-eca61dcccd42,Foot And Mouth Disease,ICD11_1F05,round1,,2020-10-14T00:00:00,country_IN,India,state_29,Karnataka,district_550,Uttara Kannada,1467.0,211.0,,17.0,3.0,,0.0,0.0,,528.0,,,
5947eeac-e1a5-4d94-887b-db1917dba072,Foot And Mouth Disease,ICD11_1F05,round1,,2020-10-14T00:00:00,country_IN,India,state_29,Karnataka,district_549,Udupi,2540.0,19.0,,25.0,0.0,,0.0,0.0,,858.0,,,
cc709a90-3196-46d1-892f-75f722d0da4d,Foot And Mouth Disease,ICD11_1F05,round1,,2020-10-14T00:00:00,country_IN,India,state_29,Karnataka,district_635,Yadgir,765.0,215.0,,1.0,0.0,,0.0,0.0,,350.0,,,
dd86ebf7-6b97-4ec0-8b19-278c86153ff7,Foot And Mouth Disease,ICD11_1F05,round1,,2020-10-23T00:00:00,country_IN,India,state_29,Karnataka,district_524,Bagalkote,4542.0,4034.0,,15.0,15.0,,0.0,0.0,,2925.0,,,
0ef08362-f2dc-4dd3-9645-069d2dc4e5ff,Foot And Mouth Disease,ICD11_1F05,round1,,2020-10-23T00:00:00,country_IN,India,state_29,Karnataka,district_526,Bengaluru Rural,4603.0,304.0,,181.0,4.0,,0.0,0.0,,1851.0,,,
5a9446d5-887b-4752-a791-ac7df5b3401f,Foot And Mouth Disease,ICD11_1F05,round1,,2020-10-23T00:00:00,country_IN,India,state_29,Karnataka,district_525,Bengaluru Urban,3396.0,27.0,,20.0,0.0,,0.0,0.0,,866.0,,,
5eff5cff-e0b2-4b58-aad1-759fb8e440a4,Foot And Mouth Disease,ICD11_1F05,round1,,2020-10-23T00:00:00,country_IN,India,state_29,Karnataka,district_527,Belagavi,10327.0,17678.0,,126.0,241.0,,0.0,0.0,,9516.0,,,
9d65861f-ea1c-426c-ac88-dd808a3a53e8,Foot And Mouth Disease,ICD11_1F05,round1,,2020-10-23T00:00:00,country_IN,India,state_29,Karnataka,district_528,Ballari,5112.0,2329.0,,30.0,22.0,,0.0,0.0,,2683.0,,,
e9a71a0c-a672-4a29-8a40-5a97ef306ce4,Foot And Mouth Disease,ICD11_1F05,round1,,2020-10-23T00:00:00,country_IN,India,state_29,Karnataka,district_529,Bidar,6308.0,4599.0,,2.0,3.0,,0.0,0.0,,3928.0,,,
91678801-f894-47ab-b090-7261d0b4022c,Foot And Mouth Disease,ICD11_1F05,round1,,2020-10-23T00:00:00,country_IN,India,state_29,Karnataka,district_530,Vijayapura,1991.0,1985.0,,2.0,2.0,,0.0,0.0,,1673.0,,,
1ad57fd3-76ad-4eb3-a169-f30c96cedcdf,Foot And Mouth Disease,ICD11_1F05,round1,,2020-10-23T00:00:00,country_IN,India,state_29,Karnataka,district_531,Chamarajanagara,4317.0,179.0,,61.0,2.0,,0.0,0.0,,1539.0,,,
4a0e0e84-98f3-42ca-b812-760386b13339,Foot And Mouth Disease,ICD11_1F05,round1,,2020-10-23T00:00:00,country_IN,India,state_29,Karnataka,district_533,Chitradurga,2667.0,1417.0,,6.0,5.0,,0.0,0.0,,1584.0,,,
4621dfb6-46e1-4c48-97da-94ec5cf68230,Foot And Mouth Disease,ICD11_1F05,round1,,2020-10-23T00:00:00,country_IN,India,state_29,Karnataka,district_630,Chikkaballapura,4704.0,652.0,,90.0,14.0,,0.0,0.0,,2212.0,,,
1839eef2-9c63-46ed-941b-8c08c830db97,Foot And Mouth Disease,ICD11_1F05,round1,,2020-10-23T00:00:00,country_IN,India,state_29,Karnataka,district_532,Chikkamagaluru,2576.0,224.0,,121.0,5.0,,0.0,0.0,,826.0,,,
172d8176-92e1-4f2d-90d6-19dd53778f9c,Foot And Mouth Disease,ICD11_1F05,round1,,2020-10-23T00:00:00,country_IN,India,state_29,Karnataka,district_534,Dakshina Kannada,4225.0,11.0,,80.0,0.0,,0.0,0.0,,1827.0,,,
99bf6f94-41b5-413d-85cd-32643e4ecd3e,Foot And Mouth Disease,ICD11_1F05,round1,,2020-10-23T00:00:00,country_IN,India,state_29,Karnataka,district_535,Davangere,3074.0,925.0,,44.0,5.0,,0.0,0.0,,1979.0,,,
e188277f-ab8b-4425-b491-78eeade7a9d9,Foot And Mouth Disease,ICD11_1F05,round1,,2020-10-23T00:00:00,country_IN,India,state_29,Karnataka,district_536,Dharwad,4613.0,1735.0,,57.0,31.0,,0.0,0.0,,2049.0,,,
2cb63291-085e-49dd-a85e-19a7ac410b24,Foot And Mouth Disease,ICD11_1F05,round1,,2020-10-23T00:00:00,country_IN,India,state_29,Karnataka,district_537,Gadag,1694.0,642.0,,32.0,19.0,,0.0,0.0,,876.0,,,
6b1007eb-b1b7-4d1c-b580-d517f3e3849c,Foot And Mouth Disease,ICD11_1F05,round1,,2020-10-23T00:00:00,country_IN,India,state_29,Karnataka,district_538,Kalaburagi,8947.0,1180.0,,23.0,17.0,,0.0,0.0,,4032.0,,,
6e2a7fa5-dcf9-454f-b23a-055af2ef9d09,Foot And Mouth Disease,ICD11_1F05,round1,,2020-10-23T00:00:00,country_IN,India,state_29,Karnataka,district_539,Hassan,9484.0,1395.0,,73.0,28.0,,0.0,0.0,,3568.0,,,
809cb181-d4fa-4c09-8db7-39802f6e5113,Foot And Mouth Disease,ICD11_1F05,round1,,2020-10-23T00:00:00,country_IN,India,state_29,Karnataka,district_540,Haveri,3762.0,1071.0,,2.0,1.0,,0.0,0.0,,1997.0,,,
61899804-eec1-4add-8f34-b9e21081731e,Foot And Mouth Disease,ICD11_1F05,round1,,2020-10-23T00:00:00,country_IN,India,state_29,Karnataka,district_541,Kodagu,1020.0,41.0,,47.0,2.0,,0.0,0.0,,262.0,,,
6bfb356c-8003-4dad-bfa9-427935f57d8c,Foot And Mouth Disease,ICD11_1F05,round1,,2020-10-23T00:00:00,country_IN,India,state_29,Karnataka,district_542,Kolar,6368.0,792.0,,106.0,17.0,,0.0,0.0,,3226.0,,,
bf5b54fd-6f91-4516-b9df-424ac5d81d0b,Foot And Mouth Disease,ICD11_1F05,round1,,2020-10-23T00:00:00,country_IN,India,state_29,Karnataka,district_543,Koppal,4472.0,856.0,,69.0,38.0,,0.0,0.0,,1839.0,,,
b8cf825b-cd26-4e74-9739-7286c915cd34,Foot And Mouth Disease,ICD11_1F05,round1,,2020-10-23T00:00:00,country_IN,India,state_29,Karnataka,district_544,Mandya,10559.0,2234.0,,54.0,14.0,,0.0,0.0,,5762.0,,,
c6517882-9951-4a36-8d32-81ce395e8071,Foot And Mouth Disease,ICD11_1F05,round1,,2020-10-23T00:00:00,country_IN,India,state_29,Karnataka,district_545,Mysuru,10093.0,171.0,,231.0,15.0,,0.0,0.0,,3746.0,,,
6b848e9d-6b59-42af-8af9-d9aa19aeeffa,Foot And Mouth Disease,ICD11_1F05,round1,,2020-10-23T00:00:00,country_IN,India,state_29,Karnataka,district_546,Raichur,4681.0,1896.0,,40.0,50.0,,0.0,0.0,,3633.0,,,
d0b853ba-bf31-447d-a855-26e84adc8780,Foot And Mouth Disease,ICD11_1F05,round1,,2020-10-23T00:00:00,country_IN,India,state_29,Karnataka,district_631,Ramanagara,10886.0,1124.0,,247.0,33.0,,0.0,0.0,,3443.0,,,
3b7ead10-912f-441b-a086-46eca1231324,Foot And Mouth Disease,ICD11_1F05,round1,,2020-10-23T00:00:00,country_IN,India,state_29,Karnataka,district_547,Shivamogga,700.0,212.0,,0.0,0.0,,0.0,0.0,,179.0,,,
773809cb-3f50-437d-81c6-5a9e9d433a92,Foot And Mouth Disease,ICD11_1F05,round1,,2020-10-23T00:00:00,country_IN,India,state_29,Karnataka,district_548,Tumakuru,12585.0,2823.0,,141.0,35.0,,0.0,0.0,,5976.0,,,
345d3f57-b299-4122-a59e-a5409125d74a,Foot And Mouth Disease,ICD11_1F05,round1,,2020-10-23T00:00:00,country_IN,India,state_29,Karnataka,district_534,Dakshina Kannada,4234.0,817.0,,34.0,4.0,,0.0,0.0,,1462.0,,,
a8f3fc70-6d77-420c-9cdb-db07acde1f03,Foot And Mouth Disease,ICD11_1F05,round1,,2020-10-23T00:00:00,country_IN,India,state_29,Karnataka,district_549,Udupi,3795.0,13.0,,38.0,0.0,,0.0,0.0,,1663.0,,,
b8229774-65ae-4f7e-82ca-46c93de6d3e4,Foot And Mouth Disease,ICD11_1F05,round1,,2020-10-23T00:00:00,country_IN,India,state_29,Karnataka,district_635,Yadgir,1851.0,577.0,,14.0,10.0,,0.0,0.0,,656.0,,,
15cf275e-40da-4402-93ca-bad8d191ba03,Foot And Mouth Disease,ICD11_1F05,round1,,2020-10-11T00:00:00,country_IN,India,state_29,Karnataka,district_524,Bagalkote,28.0,39.0,,0.0,0.0,,0.0,0.0,,30.0,,,
4777435a-b573-487b-9b69-f414fa839f15,Foot And Mouth Disease,ICD11_1F05,round1,,2020-10-11T00:00:00,country_IN,India,state_29,Karnataka,district_526,Bengaluru Rural,0.0,0.0,,0.0,0.0,,0.0,0.0,,0.0,,,
f74d4e3d-e2e7-45c3-a6a0-09142f9fcd39,Foot And Mouth Disease,ICD11_1F05,round1,,2020-10-11T00:00:00,country_IN,India,state_29,Karnataka,district_525,Bengaluru Urban,0.0,0.0,,0.0,0.0,,0.0,0.0,,0.0,,,
88fca05a-df0c-489f-93bf-bbf1ad68fd40,Foot And Mouth Disease,ICD11_1F05,round1,,2020-10-11T00:00:00,country_IN,India,state_29,Karnataka,district_527,Belagavi,5108.0,7154.0,,0.0,1.0,,0.0,0.0,,4184.0,,,
433d3555-353e-46c8-b4d5-d519b0a738cb,Foot And Mouth Disease,ICD11_1F05,round1,,2020-10-11T00:00:00,country_IN,India,state_29,Karnataka,district_528,Ballari,2314.0,1141.0,,11.0,6.0,,0.0,0.0,,1309.0,,,
c21c308f-0bfa-4b98-bb56-e83e7cebf1b4,Foot And Mouth Disease,ICD11_1F05,round1,,2020-10-11T00:00:00,country_IN,India,state_29,Karnataka,district_529,Bidar,0.0,0.0,,0.0,0.0,,0.0,0.0,,0.0,,,
c0a012a1-25b2-45d0-8afd-9ff1ef4e9b02,Foot And Mouth Disease,ICD11_1F05,round1,,2020-10-11T00:00:00,country_IN,India,state_29,Karnataka,district_530,Vijayapura,0.0,0.0,,0.0,0.0,,0.0,0.0,,0.0,,,
5f8afb0e-22e9-4f37-b381-50050286306c,Foot And Mouth Disease,ICD11_1F05,round1,,2020-10-11T00:00:00,country_IN,India,state_29,Karnataka,district_531,Chamarajanagara,0.0,0.0,,0.0,0.0,,0.0,0.0,,0.0,,,
2bfb9679-2055-4f84-9d1c-4bea30e1b2a2,Foot And Mouth Disease,ICD11_1F05,round1,,2020-10-11T00:00:00,country_IN,India,state_29,Karnataka,district_533,Chitradurga,0.0,0.0,,0.0,0.0,,0.0,0.0,,0.0,,,
9ed8518e-6bc0-46a7-9654-d911a5abac4f,Foot And Mouth Disease,ICD11_1F05,round1,,2020-10-11T00:00:00,country_IN,India,state_29,Karnataka,district_630,Chikkaballapura,0.0,0.0,,0.0,0.0,,0.0,0.0,,0.0,,,
8997a807-deec-40df-9844-4cc829bf2f98,Foot And Mouth Disease,ICD11_1F05,round1,,2020-10-11T00:00:00,country_IN,India,state_29,Karnataka,district_532,Chikkamagaluru,0.0,0.0,,0.0,0.0,,0.0,0.0,,0.0,,,
086e556a-304c-4e54-8912-f3f71494822a,Foot And Mouth Disease,ICD11_1F05,round1,,2020-10-11T00:00:00,country_IN,India,state_29,Karnataka,district_534,Dakshina Kannada,0.0,0.0,,0.0,0.0,,0.0,0.0,,0.0,,,
ec701f70-331d-4b57-afca-2fd3c6b24c10,Foot And Mouth Disease,ICD11_1F05,round1,,2020-10-11T00:00:00,country_IN,India,state_29,Karnataka,district_535,Davangere,0.0,0.0,,0.0,0.0,,0.0,0.0,,0.0,,,
46330055-15e2-4a6b-845e-802e5dbfca1b,Foot And Mouth Disease,ICD11_1F05,round1,,2020-10-11T00:00:00,country_IN,India,state_29,Karnataka,district_536,Dharwad,0.0,0.0,,0.0,0.0,,0.0,0.0,,0.0,,,
d1b6f4d5-b29c-4e45-bd10-5a5a26363b79,Foot And Mouth Disease,ICD11_1F05,round1,,2020-10-11T00:00:00,country_IN,India,state_29,Karnataka,district_537,Gadag,0.0,0.0,,0.0,0.0,,0.0,0.0,,0.0,,,
8e6fecb2-8855-4056-9087-2b4263d140d5,Foot And Mouth Disease,ICD11_1F05,round1,,2020-10-11T00:00:00,country_IN,India,state_29,Karnataka,district_538,Kalaburagi,0.0,0.0,,0.0,0.0,,0.0,0.0,,0.0,,,
a2c3be77-ae40-4d43-b77a-53b932b918f9,Foot And Mouth Disease,ICD11_1F05,round1,,2020-10-11T00:00:00,country_IN,India,state_29,Karnataka,district_539,Hassan,0.0,0.0,,0.0,0.0,,0.0,0.0,,0.0,,,
17d74e5a-8854-4548-86ae-55fee88fb895,Foot And Mouth Disease,ICD11_1F05,round1,,2020-10-11T00:00:00,country_IN,India,state_29,Karnataka,district_540,Haveri,0.0,0.0,,0.0,0.0,,0.0,0.0,,0.0,,,
984bd314-6e33-4d13-b2c4-0fd338ea5d91,Foot And Mouth Disease,ICD11_1F05,round1,,2020-10-11T00:00:00,country_IN,India,state_29,Karnataka,district_541,Kodagu,0.0,0.0,,0.0,0.0,,0.0,0.0,,0.0,,,
4061012c-606b-4daf-b209-a92b184ae560,Foot And Mouth Disease,ICD11_1F05,round1,,2020-10-11T00:00:00,country_IN,India,state_29,Karnataka,district_542,Kolar,0.0,0.0,,0.0,0.0,,0.0,0.0,,0.0,,,
a67613be-07f1-40b8-b9f5-1e2671e4f67a,Foot And Mouth Disease,ICD11_1F05,round1,,2020-10-11T00:00:00,country_IN,India,state_29,Karnataka,district_543,Koppal,0.0,0.0,,0.0,0.0,,0.0,0.0,,0.0,,,
9624ad25-67f5-4cd9-ad6b-e9630345c3b3,Foot And Mouth Disease,ICD11_1F05,round1,,2020-10-11T00:00:00,country_IN,India,state_29,Karnataka,district_544,Mandya,0.0,0.0,,0.0,0.0,,0.0,0.0,,0.0,,,
1001ebb4-1549-46f3-81b2-f8e805e2c6bb,Foot And Mouth Disease,ICD11_1F05,round1,,2020-10-11T00:00:00,country_IN,India,state_29,Karnataka,district_545,Mysuru,0.0,0.0,,0.0,0.0,,0.0,0.0,,0.0,,,
3c13ae45-3f3a-467a-9b89-c287326ad429,Foot And Mouth Disease,ICD11_1F05,round1,,2020-10-11T00:00:00,country_IN,India,state_29,Karnataka,district_546,Raichur,0.0,0.0,,0.0,0.0,,0.0,0.0,,0.0,,,
0d73b4f0-dbf3-489e-8f78-6a6c043e51f2,Foot And Mouth Disease,ICD11_1F05,round1,,2020-10-11T00:00:00,country_IN,India,state_29,Karnataka,district_631,Ramanagara,0.0,0.0,,0.0,0.0,,0.0,0.0,,0.0,,,
7c179b29-19b8-4b96-8476-7b0531fb7c29,Foot And Mouth Disease,ICD11_1F05,round1,,2020-10-11T00:00:00,country_IN,India,state_29,Karnataka,district_547,Shivamogga,0.0,0.0,,0.0,0.0,,0.0,0.0,,0.0,,,
ecdab6cc-4212-4f88-9b9d-49fd3fa0b84c,Foot And Mouth Disease,ICD11_1F05,round1,,2020-10-11T00:00:00,country_IN,India,state_29,Karnataka,district_548,Tumakuru,0.0,0.0,,0.0,0.0,,0.0,0.0,,0.0,,,
f6acaa4f-7e0c-4cc0-9e81-23eb4d7bae8c,Foot And Mouth Disease,ICD11_1F05,round1,,2020-10-11T00:00:00,country_IN,India,state_29,Karnataka,district_550,Uttara Kannada,0.0,0.0,,0.0,0.0,,0.0,0.0,,0.0,,,
8e71fa80-5af5-4a0c-a0c5-599cd3484a36,Foot And Mouth Disease,ICD11_1F05,round1,,2020-10-11T00:00:00,country_IN,India,state_29,Karnataka,district_549,Udupi,0.0,0.0,,0.0,0.0,,0.0,0.0,,0.0,,,
4e48c70c-ec1b-4cef-8c4a-4e6fff119dd5,Foot And Mouth Disease,ICD11_1F05,round1,,2020-10-11T00:00:00,country_IN,India,state_29,Karnataka,district_635,Yadgir,0.0,0.0,,0.0,0.0,,0.0,0.0,,0.0,,,
ce1a9ea5-1e4d-4e0f-9309-2ce3732af320,Foot And Mouth Disease,ICD11_1F05,round1,,2020-10-04T00:00:00,country_IN,India,state_29,Karnataka,district_524,Bagalkote,,,,,,,,,,,,,
8bf474ce-70f6-4e21-ad47-64211d11b17d,Foot And Mouth Disease,ICD11_1F05,round1,,2020-10-04T00:00:00,country_IN,India,state_29,Karnataka,district_526,Bengaluru Rural,,,,,,,,,,,,,
35ce7a49-1d5a-40b5-beea-3c5f9c004fdf,Foot And Mouth Disease,ICD11_1F05,round1,,2020-10-04T00:00:00,country_IN,India,state_29,Karnataka,district_527,Belagavi,3640.0,3460.0,,80.0,100.0,,,,,4090.0,,,
252e1700-cda5-4e86-b2f2-794185551a50,Foot And Mouth Disease,ICD11_1F05,round1,,2020-10-04T00:00:00,country_IN,India,state_29,Karnataka,district_528,Ballari,,,,,,,,,,,,,
dd52b231-4369-471b-8bf8-881ff7655610,Foot And Mouth Disease,ICD11_1F05,round1,,2020-10-04T00:00:00,country_IN,India,state_29,Karnataka,district_525,Bengaluru Urban,,,,,,,,,,,,,
59c1834b-be1e-4ca1-88a9-34337e7811d8,Foot And Mouth Disease,ICD11_1F05,round1,,2020-10-04T00:00:00,country_IN,India,state_29,Karnataka,district_529,Bidar,,,,,,,,,,,,,
4c88a7ff-5538-4995-9b27-e6090fbe7707,Foot And Mouth Disease,ICD11_1F05,round1,,2020-10-04T00:00:00,country_IN,India,state_29,Karnataka,district_530,Vijayapura,,,,,,,,,,,,,
b00ab6cb-c3ca-4ba7-8922-0b3ac6267cfd,Foot And Mouth Disease,ICD11_1F05,round1,,2020-10-04T00:00:00,country_IN,India,state_29,Karnataka,district_531,Chamarajanagara,,,,,,,,,,,,,
5a1e6603-f378-41dc-9970-e5c9823ca9d6,Foot And Mouth Disease,ICD11_1F05,round1,,2020-10-04T00:00:00,country_IN,India,state_29,Karnataka,district_630,Chikkaballapura,,,,,,,,,,,,,
7b7b914e-7d89-4bd3-98a9-6f55fefbe339,Foot And Mouth Disease,ICD11_1F05,round1,,2020-10-04T00:00:00,country_IN,India,state_29,Karnataka,district_532,Chikkamagaluru,,,,,,,,,,,,,
8fa2f63e-86c8-4113-9293-04e00086caf4,Foot And Mouth Disease,ICD11_1F05,round1,,2020-10-04T00:00:00,country_IN,India,state_29,Karnataka,district_533,Chitradurga,0.0,0.0,,,,,,,,0.0,,,
2c52eaa1-72a0-4e62-bc12-e2a4b2796a9e,Foot And Mouth Disease,ICD11_1F05,round1,,2020-10-04T00:00:00,country_IN,India,state_29,Karnataka,district_534,Dakshina Kannada,,,,,,,,,,,,,
ca8fa072-f84c-4d49-aab4-43695f0e0a73,Foot And Mouth Disease,ICD11_1F05,round1,,2020-10-04T00:00:00,country_IN,India,state_29,Karnataka,district_535,Davangere,,,,,,,,,,,,,
4165dc31-d424-4955-a624-39b90032bef1,Foot And Mouth Disease,ICD11_1F05,round1,,2020-10-04T00:00:00,country_IN,India,state_29,Karnataka,district_536,Dharwad,,,,,,,,,,,,,
628d6494-cf2e-4742-866d-1959948dd998,Foot And Mouth Disease,ICD11_1F05,round1,,2020-10-04T00:00:00,country_IN,India,state_29,Karnataka,district_537,Gadag,,,,,,,,,,,,,
7309247c-ec7a-4a52-aece-b33dc8d594cf,Foot And Mouth Disease,ICD11_1F05,round1,,2020-10-04T00:00:00,country_IN,India,state_29,Karnataka,district_538,Kalaburagi,,,,,,,,,,,,,
a95e26bf-81e0-4192-b2f7-3b34e40479e0,Foot And Mouth Disease,ICD11_1F05,round1,,2020-10-04T00:00:00,country_IN,India,state_29,Karnataka,district_539,Hassan,,,,,,,,,,,,,
a1515514-a1df-46b1-8c30-f908f41d0d77,Foot And Mouth Disease,ICD11_1F05,round1,,2020-10-04T00:00:00,country_IN,India,state_29,Karnataka,district_540,Haveri,0.0,0.0,,,,,,,,0.0,,,
a5add8fb-aa7a-4ed2-a72c-7457cfbeae99,Foot And Mouth Disease,ICD11_1F05,round1,,2020-10-04T00:00:00,country_IN,India,state_29,Karnataka,district_541,Kodagu,0.0,,,,,,,,,,,,
235da3dc-4d6b-49a4-949c-5de59e386093,Foot And Mouth Disease,ICD11_1F05,round1,,2020-10-04T00:00:00,country_IN,India,state_29,Karnataka,district_542,Kolar,0.0,0.0,,,,,,,,0.0,,,
b8e1ef30-449a-41d2-8fd9-6cd43c918b44,Foot And Mouth Disease,ICD11_1F05,round1,,2020-10-04T00:00:00,country_IN,India,state_29,Karnataka,district_543,Koppal,,,,,,,,,,,,,
2fde8d69-7406-4eae-92d2-7a38ca376596,Foot And Mouth Disease,ICD11_1F05,round1,,2020-10-04T00:00:00,country_IN,India,state_29,Karnataka,district_544,Mandya,,,,,,,,,,,,,
7b35fe24-0a43-40aa-ba09-09046cefcd74,Foot And Mouth Disease,ICD11_1F05,round1,,2020-10-04T00:00:00,country_IN,India,state_29,Karnataka,district_545,Mysuru,,,,,,,,,,,,,
27b24daa-1614-4a21-a3a2-f75fef069896,Foot And Mouth Disease,ICD11_1F05,round1,,2020-10-04T00:00:00,country_IN,India,state_29,Karnataka,district_546,Raichur,,,,,,,,,,,,,
c866fbba-cfe1-44d2-9abf-5f49b46a549a,Foot And Mouth Disease,ICD11_1F05,round1,,2020-10-04T00:00:00,country_IN,India,state_29,Karnataka,district_631,Ramanagara,,,,,,,,,,,,,
16b9048c-afbd-4bdd-b1fc-c194a4c98667,Foot And Mouth Disease,ICD11_1F05,round1,,2020-10-04T00:00:00,country_IN,India,state_29,Karnataka,district_547,Shivamogga,,,,,,,,,,,,,
4c89eb49-b7fd-4e76-8bda-39f2d9f21b03,Foot And Mouth Disease,ICD11_1F05,round1,,2020-10-04T00:00:00,country_IN,India,state_29,Karnataka,district_548,Tumakuru,,,,,,,,,,,,,
80fbcaba-87aa-434b-b406-9dc08bdcbdac,Foot And Mouth Disease,ICD11_1F05,round1,,2020-10-04T00:00:00,country_IN,India,state_29,Karnataka,district_549,Udupi,,,,,,,,,,,,,
9c99ee7f-d8fa-4cfe-a7e3-7233f8fc9d36,Foot And Mouth Disease,ICD11_1F05,round1,,2020-10-04T00:00:00,country_IN,India,state_29,Karnataka,district_550,Uttara Kannada,,,,,,,,,,,,,
d52af390-5e99-42c7-a6e2-978cd62329de,Foot And Mouth Disease,ICD11_1F05,round1,,2020-10-04T00:00:00,country_IN,India,state_29,Karnataka,district_635,Yadgir,,,,,,,,,,,,,
bcc2a8f8-b18b-4027-b018-29c8ebd69957,Foot And Mouth Disease,ICD11_1F05,round1,,2020-10-18T00:00:00,country_IN,India,state_29,Karnataka,district_524,Bagalkote,1075.0,1667.0,,0.0,2.0,,0.0,0.0,,990.0,,,
3a8fec91-4904-4c5d-8158-2eb6c47cfdc5,Foot And Mouth Disease,ICD11_1F05,round1,,2020-10-18T00:00:00,country_IN,India,state_29,Karnataka,district_526,Bengaluru Rural,0.0,0.0,,0.0,0.0,,0.0,0.0,,0.0,,,
b8d4f7c6-04f9-43a7-9e3a-9cf6a1b4f463,Foot And Mouth Disease,ICD11_1F05,round1,,2020-10-18T00:00:00,country_IN,India,state_29,Karnataka,district_525,Bengaluru Urban,0.0,0.0,,0.0,0.0,,0.0,0.0,,0.0,,,
e39e0fbd-60ed-4198-9b6c-fd359f7d7971,Foot And Mouth Disease,ICD11_1F05,round1,,2020-10-18T00:00:00,country_IN,India,state_29,Karnataka,district_527,Belagavi,10658.0,16364.0,,135.0,283.0,,0.0,0.0,,9026.0,,,
a1f1e639-ad81-4c00-b8b0-36a53d87373f,Foot And Mouth Disease,ICD11_1F05,round1,,2020-10-18T00:00:00,country_IN,India,state_29,Karnataka,district_528,Ballari,1929.0,1021.0,,6.0,3.0,,0.0,0.0,,1007.0,,,
d909a6d9-3f92-406a-ab36-38b206b03401,Foot And Mouth Disease,ICD11_1F05,round1,,2020-10-18T00:00:00,country_IN,India,state_29,Karnataka,district_529,Bidar,0.0,0.0,,0.0,0.0,,0.0,0.0,,0.0,,,
1778faa3-47cc-4651-a426-b348ca2d3dc1,Foot And Mouth Disease,ICD11_1F05,round1,,2020-10-18T00:00:00,country_IN,India,state_29,Karnataka,district_530,Vijayapura,518.0,602.0,,0.0,0.0,,0.0,0.0,,532.0,,,
93c4ec82-9fce-4d57-ae58-fae5da3fe43d,Foot And Mouth Disease,ICD11_1F05,round1,,2020-10-18T00:00:00,country_IN,India,state_29,Karnataka,district_531,Chamarajanagara,2391.0,251.0,,22.0,0.0,,0.0,0.0,,852.0,,,
83779ac4-412d-42d8-b71a-dd16aa8d5cb1,Foot And Mouth Disease,ICD11_1F05,round1,,2020-10-18T00:00:00,country_IN,India,state_29,Karnataka,district_533,Chitradurga,0.0,0.0,,0.0,0.0,,0.0,0.0,,0.0,,,
dc9fe53b-f8c9-4e59-acc0-9a64f1d99407,Foot And Mouth Disease,ICD11_1F05,round1,,2020-10-18T00:00:00,country_IN,India,state_29,Karnataka,district_630,Chikkaballapura,397.0,50.0,,14.0,0.0,,0.0,0.0,,188.0,,,
75fbe96f-46ad-4dd6-b054-52c0f4d8ede3,Foot And Mouth Disease,ICD11_1F05,round1,,2020-10-18T00:00:00,country_IN,India,state_29,Karnataka,district_532,Chikkamagaluru,41.0,5.0,,0.0,0.0,,0.0,0.0,,23.0,,,
02c85a0d-a9d7-46aa-9249-57634516f781,Foot And Mouth Disease,ICD11_1F05,round1,,2020-10-18T00:00:00,country_IN,India,state_29,Karnataka,district_534,Dakshina Kannada,251.0,0.0,,0.0,0.0,,0.0,0.0,,251.0,,,
bd544303-be12-406b-a09a-d423914def5e,Foot And Mouth Disease,ICD11_1F05,round1,,2020-10-18T00:00:00,country_IN,India,state_29,Karnataka,district_535,Davangere,0.0,0.0,,0.0,0.0,,0.0,0.0,,0.0,,,
057cc270-cafc-4adf-b257-0fe6d05a9e01,Foot And Mouth Disease,ICD11_1F05,round1,,2020-10-18T00:00:00,country_IN,India,state_29,Karnataka,district_536,Dharwad,0.0,0.0,,0.0,0.0,,0.0,0.0,,0.0,,,
a156fcc5-672f-4b3b-9332-b2f26ed966f9,Foot And Mouth Disease,ICD11_1F05,round1,,2020-10-18T00:00:00,country_IN,India,state_29,Karnataka,district_537,Gadag,97.0,20.0,,0.0,0.0,,0.0,0.0,,35.0,,,
be5091a1-587b-4dfc-a2e6-87f1a554d40a,Foot And Mouth Disease,ICD11_1F05,round1,,2020-10-18T00:00:00,country_IN,India,state_29,Karnataka,district_538,Kalaburagi,2436.0,283.0,,0.0,0.0,,0.0,0.0,,1401.0,,,
9b645502-21a6-49b7-9100-8810562b76b6,Foot And Mouth Disease,ICD11_1F05,round1,,2020-10-18T00:00:00,country_IN,India,state_29,Karnataka,district_539,Hassan,1264.0,242.0,,6.0,4.0,,0.0,0.0,,495.0,,,
fbaac81a-ea7f-4cdd-860e-87f462236835,Foot And Mouth Disease,ICD11_1F05,round1,,2020-10-18T00:00:00,country_IN,India,state_29,Karnataka,district_540,Haveri,0.0,0.0,,0.0,0.0,,0.0,0.0,,0.0,,,
c33a5b20-43f7-4d43-b45a-abfc85dd158e,Foot And Mouth Disease,ICD11_1F05,round1,,2020-10-18T00:00:00,country_IN,India,state_29,Karnataka,district_541,Kodagu,112.0,22.0,,0.0,0.0,,0.0,0.0,,55.0,,,
0c6ac51a-be3b-43dd-be6b-52ee4ab45425,Foot And Mouth Disease,ICD11_1F05,round1,,2020-10-18T00:00:00,country_IN,India,state_29,Karnataka,district_542,Kolar,0.0,0.0,,0.0,0.0,,0.0,0.0,,0.0,,,
15ccbd46-3501-41ec-9498-5aa9249e1257,Foot And Mouth Disease,ICD11_1F05,round1,,2020-10-18T00:00:00,country_IN,India,state_29,Karnataka,district_543,Koppal,1273.0,405.0,,45.0,32.0,,0.0,0.0,,516.0,,,
a513c737-4f6a-4971-9789-1d52a8fe8fb4,Foot And Mouth Disease,ICD11_1F05,round1,,2020-10-18T00:00:00,country_IN,India,state_29,Karnataka,district_544,Mandya,0.0,0.0,,0.0,0.0,,0.0,0.0,,0.0,,,
41f2c4cb-e5c9-4d75-85a3-20a5b99f951e,Foot And Mouth Disease,ICD11_1F05,round1,,2020-10-18T00:00:00,country_IN,India,state_29,Karnataka,district_545,Mysuru,1619.0,133.0,,19.0,0.0,,0.0,0.0,,565.0,,,
26675d77-52aa-47c2-889c-5db1cbf0fdbe,Foot And Mouth Disease,ICD11_1F05,round1,,2020-10-18T00:00:00,country_IN,India,state_29,Karnataka,district_546,Raichur,0.0,0.0,,0.0,0.0,,0.0,0.0,,0.0,,,
2fa36661-9ecd-4aa8-b701-7bafece9dd99,Foot And Mouth Disease,ICD11_1F05,round1,,2020-10-18T00:00:00,country_IN,India,state_29,Karnataka,district_631,Ramanagara,0.0,0.0,,0.0,0.0,,0.0,0.0,,0.0,,,
6742fe01-4626-4570-92e4-3f4cdd6485fa,Foot And Mouth Disease,ICD11_1F05,round1,,2020-10-18T00:00:00,country_IN,India,state_29,Karnataka,district_547,Shivamogga,0.0,0.0,,0.0,0.0,,0.0,0.0,,0.0,,,
372ac409-07f9-4ecd-85e0-79608605ea0b,Foot And Mouth Disease,ICD11_1F05,round1,,2020-10-18T00:00:00,country_IN,India,state_29,Karnataka,district_548,Tumakuru,0.0,0.0,,0.0,0.0,,0.0,0.0,,0.0,,,
895580b4-6d03-45f4-9782-e89c575b3f78,Foot And Mouth Disease,ICD11_1F05,round1,,2020-10-18T00:00:00,country_IN,India,state_29,Karnataka,district_550,Uttara Kannada,0.0,0.0,,0.0,0.0,,0.0,0.0,,0.0,,,
2b3d6d5d-2b15-4fbe-b3f8-9f2af45de95c,Foot And Mouth Disease,ICD11_1F05,round1,,2020-10-18T00:00:00,country_IN,India,state_29,Karnataka,district_549,Udupi,0.0,0.0,,0.0,0.0,,0.0,0.0,,0.0,,,
1f1680b3-f377-4132-9436-3ab07c21fe02,Foot And Mouth Disease,ICD11_1F05,round1,,2020-10-18T00:00:00,country_IN,India,state_29,Karnataka,district_635,Yadgir,868.0,150.0,,20.0,10.0,,0.0,0.0,,337.0,,,
