metadata.recordID,metadata.diseaseName,metadata.diseaseCode,metadata.round,metadata.vaccinationStartDate,metadata.reportDate,country.ID,country.name,state.ID,state.name,district.ID,district.name,daily.vaccinated.cattle,daily.vaccinated.buffalo,daily.vaccinated.total,daily.vaccinated.cattle4to5m,daily.vaccinated.buffalo4to5m,daily.vaccinated.total4to5m,daily.booster.cattle4to5m,daily.booster.buffalo4to5m,daily.booster.total4to5m,daily.farmersCovered,cumulative.tagged.cattle,cumulative.tagged.buffalo,cumulative.tagged.total
90b88667-0b89-4d3f-b4eb-57dc83b37bed,Foot And Mouth Disease,ICD11_1F05,round5,2024-04-01T00:00:00,2024-04-14T00:00:00,country_IN,India,state_29,Karnataka,district_525,Bengaluru Urban,296,19,315,14,2,16,0,0,0,14446,5795,267,
6d69eb44-2522-47ab-8862-a16a9ff2671b,Foot And Mouth Disease,ICD11_1F05,round5,2024-04-01T00:00:00,2024-04-14T00:00:00,country_IN,India,state_29,Karnataka,district_526,Bengaluru Rural,472,94,566,8,0,8,0,0,0,26116,6094,333,
71bd014c-90a0-4e1c-a592-75ce265c5f01,Foot And Mouth Disease,ICD11_1F05,round5,2024-04-01T00:00:00,2024-04-14T00:00:00,country_IN,India,state_29,Karnataka,district_533,Chitradurga,1623,718,2341,21,8,29,0,0,0,48836,1807,933,
1e3f636b-242d-46c5-a459-ece6ae1fe421,Foot And Mouth Disease,ICD11_1F05,round5,2024-04-01T00:00:00,2024-04-14T00:00:00,country_IN,India,state_29,Karnataka,district_630,Chikkaballapura,1383,124,1507,42,13,55,0,0,0,37681,4588,472,
ea49e49c-188a-4340-b29b-88eaa8a8fd35,Foot And Mouth Disease,ICD11_1F05,round5,2024-04-01T00:00:00,2024-04-14T00:00:00,country_IN,India,state_29,Karnataka,district_535,Davangere,1595,545,2140,92,24,116,0,0,0,39406,6063,1761,
ad2cdab4-36ea-48d6-a607-4c5c3468b55d,Foot And Mouth Disease,ICD11_1F05,round5,2024-04-01T00:00:00,2024-04-14T00:00:00,country_IN,India,state_29,Karnataka,district_542,Kolar,1778,149,1927,68,4,72,0,0,0,61845,7953,908,
09ccff5c-35ae-4db7-b216-b6b0f67112fc,Foot And Mouth Disease,ICD11_1F05,round5,2024-04-01T00:00:00,2024-04-14T00:00:00,country_IN,India,state_29,Karnataka,district_631,Ramanagara,806,39,845,44,0,44,0,0,0,36642,5112,190,
8c0e9fc6-1163-4885-b9bd-89164e41b328,Foot And Mouth Disease,ICD11_1F05,round5,2024-04-01T00:00:00,2024-04-14T00:00:00,country_IN,India,state_29,Karnataka,district_547,Shivamogga,12825,1989,14814,31,3,34,0,0,0,48606,3606,596,
6c2c9af1-7771-4248-83d2-04ca2ecb9c6d,Foot And Mouth Disease,ICD11_1F05,round5,2024-04-01T00:00:00,2024-04-14T00:00:00,country_IN,India,state_29,Karnataka,district_548,Tumakuru,3183,747,3930,64,6,70,0,0,0,94964,8068,2725,
63787fbe-e572-4c94-a90d-fd8ec33a2ce5,Foot And Mouth Disease,ICD11_1F05,round5,2024-04-01T00:00:00,2024-04-14T00:00:00,country_IN,India,state_29,Karnataka,district_531,Chamarajanagara,6120,30,6150,20,0,20,0,0,0,32459,1384,35,
07fb3a1b-97e0-4bdd-9abb-8a24d6110aa9,Foot And Mouth Disease,ICD11_1F05,round5,2024-04-01T00:00:00,2024-04-14T00:00:00,country_IN,India,state_29,Karnataka,district_532,Chikkamagaluru,2848,232,3080,52,1,53,0,0,0,38479,1837,141,
68f19e7c-b14a-4001-8f12-d8f831e1fe3b,Foot And Mouth Disease,ICD11_1F05,round5,2024-04-01T00:00:00,2024-04-14T00:00:00,country_IN,India,state_29,Karnataka,district_534,Dakshina Kannada,572,0,572,6,0,6,0,0,0,34049,2506,9,
eba99563-12c2-4aaf-b528-6fb09602ed88,Foot And Mouth Disease,ICD11_1F05,round5,2024-04-01T00:00:00,2024-04-14T00:00:00,country_IN,India,state_29,Karnataka,district_539,Hassan,5398,737,6135,78,0,78,0,0,0,109724,2120,153,
79b30f74-b9bf-4999-9d1d-7ab2be81dc97,Foot And Mouth Disease,ICD11_1F05,round5,2024-04-01T00:00:00,2024-04-14T00:00:00,country_IN,India,state_29,Karnataka,district_541,Kodagu,644,6,650,21,0,21,0,0,0,5254,1761,64,
bde8eed2-ef6a-4ce7-9574-f482527b7806,Foot And Mouth Disease,ICD11_1F05,round5,2024-04-01T00:00:00,2024-04-14T00:00:00,country_IN,India,state_29,Karnataka,district_545,Mysuru,3781,251,4032,52,0,52,0,0,0,77201,5040,67,
b1bdcb3f-54d9-4255-9315-64076e36dcc2,Foot And Mouth Disease,ICD11_1F05,round5,2024-04-01T00:00:00,2024-04-14T00:00:00,country_IN,India,state_29,Karnataka,district_544,Mandya,1307,489,1796,6,0,6,0,0,0,78419,3720,695,
92d1964a-d483-48b8-ac54-f5051aa97096,Foot And Mouth Disease,ICD11_1F05,round5,2024-04-01T00:00:00,2024-04-14T00:00:00,country_IN,India,state_29,Karnataka,district_549,Udupi,1689,0,1689,11,0,11,0,0,0,18984,1110,0,
e929aa21-960c-4ec2-b07f-d438a5b43bdb,Foot And Mouth Disease,ICD11_1F05,round5,2024-04-01T00:00:00,2024-04-14T00:00:00,country_IN,India,state_29,Karnataka,district_527,Belagavi,14522,24691,39213,147,333,480,0,0,0,292560,949,1132,
e28d9354-1920-406e-8501-1e67cf859d4a,Foot And Mouth Disease,ICD11_1F05,round5,2024-04-01T00:00:00,2024-04-14T00:00:00,country_IN,India,state_29,Karnataka,district_524,Bagalkote,5650,7023,12673,107,427,534,0,0,0,76888,2119,2091,
37ded425-3606-40df-bf88-8fb2197a7fc0,Foot And Mouth Disease,ICD11_1F05,round5,2024-04-01T00:00:00,2024-04-14T00:00:00,country_IN,India,state_29,Karnataka,district_536,Dharwad,3259,953,4212,16,10,26,0,0,0,39092,1399,561,
3f7c251a-acc7-4bd9-9df0-4f7cea65cfc3,Foot And Mouth Disease,ICD11_1F05,round5,2024-04-01T00:00:00,2024-04-14T00:00:00,country_IN,India,state_29,Karnataka,district_537,Gadag,1167,465,1632,14,10,24,0,0,0,36077,631,271,
b37a8b33-7eda-4712-8107-217398df0c69,Foot And Mouth Disease,ICD11_1F05,round5,2024-04-01T00:00:00,2024-04-14T00:00:00,country_IN,India,state_29,Karnataka,district_540,Haveri,2922,1137,4059,50,27,77,0,0,0,56185,2583,806,
3fe4c190-281e-4941-9d69-bb695b45a3b7,Foot And Mouth Disease,ICD11_1F05,round5,2024-04-01T00:00:00,2024-04-14T00:00:00,country_IN,India,state_29,Karnataka,district_550,Uttara Kannada,330,125,455,0,0,0,0,0,0,30473,2264,469,
0b607d5c-1ab2-41d8-b842-9b7dd478f4b0,Foot And Mouth Disease,ICD11_1F05,round5,2024-04-01T00:00:00,2024-04-14T00:00:00,country_IN,India,state_29,Karnataka,district_530,Vijayapura,1891,2001,3892,27,20,47,0,0,0,68703,131,178,
ca06d91f-6445-4638-9c85-56556b35e4f1,Foot And Mouth Disease,ICD11_1F05,round5,2024-04-01T00:00:00,2024-04-14T00:00:00,country_IN,India,state_29,Karnataka,district_528,Ballari,4371,2153,6524,21,15,36,0,0,0,47465,404,447,
d1f42446-7cdd-4daf-9546-ab07c900d09c,Foot And Mouth Disease,ICD11_1F05,round5,2024-04-01T00:00:00,2024-04-14T00:00:00,country_IN,India,state_29,Karnataka,district_529,Bidar,3255,2473,5728,40,53,93,0,0,0,57917,1639,1080,
658c1644-8761-4d55-aaa7-7395c4b33fe1,Foot And Mouth Disease,ICD11_1F05,round5,2024-04-01T00:00:00,2024-04-14T00:00:00,country_IN,India,state_29,Karnataka,district_543,Koppal,1883,340,2223,5,1,6,0,0,0,37246,1110,499,
b5046300-aec8-4a56-8e51-26988124c401,Foot And Mouth Disease,ICD11_1F05,round5,2024-04-01T00:00:00,2024-04-14T00:00:00,country_IN,India,state_29,Karnataka,district_538,Kalaburagi,8254,1574,9828,7,4,11,0,0,0,77262,4295,778,
e72e8577-49fe-4579-8885-061d6c0485b0,Foot And Mouth Disease,ICD11_1F05,round5,2024-04-01T00:00:00,2024-04-14T00:00:00,country_IN,India,state_29,Karnataka,district_546,Raichur,2503,1849,4352,19,8,27,0,0,0,117698,18,18,
d4811e9b-cfb8-4b78-9191-12714d5de878,Foot And Mouth Disease,ICD11_1F05,round5,2024-04-01T00:00:00,2024-04-14T00:00:00,country_IN,India,state_29,Karnataka,district_635,Yadgir,2797,716,3513,33,10,43,0,0,0,56284,1784,522,
41faf7ff-a956-4afa-a887-8fe868bddc1f,Foot And Mouth Disease,ICD11_1F05,round5,2024-04-01T00:00:00,2024-04-14T00:00:00,country_IN,India,state_29,Karnataka,district_738,Vijayanagar,3933,1641,5574,41,28,69,0,0,0,66566,798,474,
860cadb5-32a0-4462-b2b0-d1590bced9c4,Foot And Mouth Disease,ICD11_1F05,round5,2024-04-01T00:00:00,2024-05-08T00:00:00,country_IN,India,state_29,Karnataka,district_525,Bengaluru Urban,1733,72,1805,12,1,13,147,62,209,27070,11380,441,
892b8e78-bad9-4c4d-9b51-58028ad62214,Foot And Mouth Disease,ICD11_1F05,round5,2024-04-01T00:00:00,2024-05-08T00:00:00,country_IN,India,state_29,Karnataka,district_526,Bengaluru Rural,0,0,0,0,0,0,0,0,0,46509,10268,568,
864adb5b-dd41-4e82-831e-6bdaec6c1e6e,Foot And Mouth Disease,ICD11_1F05,round5,2024-04-01T00:00:00,2024-05-08T00:00:00,country_IN,India,state_29,Karnataka,district_533,Chitradurga,1947,950,2897,66,43,109,0,0,0,95015,4607,2364,
15800e33-988a-4ef2-ba8f-e74d00af27a6,Foot And Mouth Disease,ICD11_1F05,round5,2024-04-01T00:00:00,2024-05-08T00:00:00,country_IN,India,state_29,Karnataka,district_630,Chikkaballapura,0,0,0,0,0,0,0,0,0,74395,7747,776,
6402351e-c2ea-4c5d-bdab-fd7d124d8e1c,Foot And Mouth Disease,ICD11_1F05,round5,2024-04-01T00:00:00,2024-05-08T00:00:00,country_IN,India,state_29,Karnataka,district_535,Davangere,264,230,494,0,0,0,4,1,5,92720,13497,3909,
cf12f1fb-e457-4df8-8e80-5121fddbc34c,Foot And Mouth Disease,ICD11_1F05,round5,2024-04-01T00:00:00,2024-05-08T00:00:00,country_IN,India,state_29,Karnataka,district_542,Kolar,24,10,34,0,0,0,0,0,0,95309,10656,1242,
69491306-8477-4755-a628-7b4d5d8a3c63,Foot And Mouth Disease,ICD11_1F05,round5,2024-04-01T00:00:00,2024-05-08T00:00:00,country_IN,India,state_29,Karnataka,district_631,Ramanagara,0,0,0,0,0,0,0,0,0,72248,10742,398,
4c8dceb1-5dd7-4493-8bbc-c83d12972df7,Foot And Mouth Disease,ICD11_1F05,round5,2024-04-01T00:00:00,2024-05-08T00:00:00,country_IN,India,state_29,Karnataka,district_547,Shivamogga,133,47,180,6,4,10,3,4,7,122112,7028,1474,
985370cc-3bcd-4374-9088-8d080ec195c8,Foot And Mouth Disease,ICD11_1F05,round5,2024-04-01T00:00:00,2024-05-08T00:00:00,country_IN,India,state_29,Karnataka,district_548,Tumakuru,1812,606,2418,7,6,13,61,7,68,196294,15093,5508,
a377740f-84bb-44e4-9e30-4cfcdedc5785,Foot And Mouth Disease,ICD11_1F05,round5,2024-04-01T00:00:00,2024-05-08T00:00:00,country_IN,India,state_29,Karnataka,district_531,Chamarajanagara,864,65,929,47,0,47,0,0,0,58753,2252,71,
c04fc418-24bb-4dd2-bd07-3f3453c1d98b,Foot And Mouth Disease,ICD11_1F05,round5,2024-04-01T00:00:00,2024-05-08T00:00:00,country_IN,India,state_29,Karnataka,district_532,Chikkamagaluru,1112,11,1123,0,0,0,0,0,0,85444,3499,230,
0dc014ba-fc48-4f0f-b97f-70e39e2b3163,Foot And Mouth Disease,ICD11_1F05,round5,2024-04-01T00:00:00,2024-05-08T00:00:00,country_IN,India,state_29,Karnataka,district_534,Dakshina Kannada,2534,0,2534,2,0,2,0,0,0,64273,5781,12,
71fcf1b1-c4ac-4a3a-8b57-a30e83070154,Foot And Mouth Disease,ICD11_1F05,round5,2024-04-01T00:00:00,2024-05-08T00:00:00,country_IN,India,state_29,Karnataka,district_539,Hassan,586,157,743,0,0,0,59,5,64,207227,3564,244,
287e5910-8b8a-420f-bc42-780073176d5c,Foot And Mouth Disease,ICD11_1F05,round5,2024-04-01T00:00:00,2024-05-08T00:00:00,country_IN,India,state_29,Karnataka,district_541,Kodagu,641,15,656,10,0,10,0,0,0,15202,4651,100,
370b35cf-159d-4147-a377-260874c6b455,Foot And Mouth Disease,ICD11_1F05,round5,2024-04-01T00:00:00,2024-05-08T00:00:00,country_IN,India,state_29,Karnataka,district_545,Mysuru,2874,68,2942,0,0,0,7,0,7,159267,8709,123,
cec8b0f0-6096-45d4-a1d7-539f19a6e1c3,Foot And Mouth Disease,ICD11_1F05,round5,2024-04-01T00:00:00,2024-05-08T00:00:00,country_IN,India,state_29,Karnataka,district_544,Mandya,1470,465,1935,76,0,76,4,1,5,160771,6551,1312,
48e82758-4d65-4088-8a2d-840a8c66c790,Foot And Mouth Disease,ICD11_1F05,round5,2024-04-01T00:00:00,2024-05-08T00:00:00,country_IN,India,state_29,Karnataka,district_549,Udupi,613,0,613,45,0,45,0,0,0,59272,4065,15,
50b0fb7a-8d81-4579-a297-c7b0aba5caf6,Foot And Mouth Disease,ICD11_1F05,round5,2024-04-01T00:00:00,2024-05-08T00:00:00,country_IN,India,state_29,Karnataka,district_527,Belagavi,1915,4046,5961,0,2,2,153,249,402,559675,1883,2060,
1e411dd7-50d1-4a6a-b28e-7d2a368276c7,Foot And Mouth Disease,ICD11_1F05,round5,2024-04-01T00:00:00,2024-05-08T00:00:00,country_IN,India,state_29,Karnataka,district_524,Bagalkote,636,658,1294,10,9,19,2,6,8,148050,3990,3917,
84f24e58-93ab-40f7-91df-3ef69906beef,Foot And Mouth Disease,ICD11_1F05,round5,2024-04-01T00:00:00,2024-05-08T00:00:00,country_IN,India,state_29,Karnataka,district_536,Dharwad,503,246,749,195,96,291,0,0,0,60081,2111,957,
9a1ebee5-c1c9-4afc-926e-46127367c899,Foot And Mouth Disease,ICD11_1F05,round5,2024-04-01T00:00:00,2024-05-08T00:00:00,country_IN,India,state_29,Karnataka,district_537,Gadag,12,0,12,0,0,0,0,0,0,61132,973,466,
4a26b424-f160-4019-8b0e-c177106e6d25,Foot And Mouth Disease,ICD11_1F05,round5,2024-04-01T00:00:00,2024-05-08T00:00:00,country_IN,India,state_29,Karnataka,district_540,Haveri,106,166,272,6,7,13,99,43,142,117548,5241,1905,
720cc295-f6b9-442d-a7c7-b6ca65062a31,Foot And Mouth Disease,ICD11_1F05,round5,2024-04-01T00:00:00,2024-05-08T00:00:00,country_IN,India,state_29,Karnataka,district_550,Uttara Kannada,1323,238,1561,0,0,0,0,0,0,83634,4233,742,
de495dab-7436-4e73-8520-3636a449f490,Foot And Mouth Disease,ICD11_1F05,round5,2024-04-01T00:00:00,2024-05-08T00:00:00,country_IN,India,state_29,Karnataka,district_530,Vijayapura,305,182,487,0,0,0,6,8,14,138423,516,645,
1f09fb9d-8d05-4a5e-9de2-a0cdbae6da10,Foot And Mouth Disease,ICD11_1F05,round5,2024-04-01T00:00:00,2024-05-08T00:00:00,country_IN,India,state_29,Karnataka,district_528,Ballari,66,0,66,0,0,0,0,0,0,64610,627,601,
57b1bc84-5812-425e-9b90-35da71d302c2,Foot And Mouth Disease,ICD11_1F05,round5,2024-04-01T00:00:00,2024-05-08T00:00:00,country_IN,India,state_29,Karnataka,district_529,Bidar,1285,589,1874,0,0,0,0,0,0,104366,2680,2145,
bb2caee5-8e81-49e1-8897-23d3298a941d,Foot And Mouth Disease,ICD11_1F05,round5,2024-04-01T00:00:00,2024-05-08T00:00:00,country_IN,India,state_29,Karnataka,district_543,Koppal,210,0,210,0,0,0,0,0,0,88948,2914,1667,
924adf4e-415c-4418-b399-304aebd702b1,Foot And Mouth Disease,ICD11_1F05,round5,2024-04-01T00:00:00,2024-05-08T00:00:00,country_IN,India,state_29,Karnataka,district_538,Kalaburagi,4044,1094,5138,465,124,589,23,4,27,116570,5386,975,
d6d6ab06-cdca-4a45-a0f2-9390c0f5aa2a,Foot And Mouth Disease,ICD11_1F05,round5,2024-04-01T00:00:00,2024-05-08T00:00:00,country_IN,India,state_29,Karnataka,district_546,Raichur,0,0,0,0,0,0,0,0,0,198486,73,38,
f1c8e05d-0e7e-4223-8cad-990fe87bff50,Foot And Mouth Disease,ICD11_1F05,round5,2024-04-01T00:00:00,2024-05-08T00:00:00,country_IN,India,state_29,Karnataka,district_635,Yadgir,55,4,59,0,0,0,0,0,0,83828,3160,654,
adbe5031-8f17-42aa-b1cf-e2e87535e6da,Foot And Mouth Disease,ICD11_1F05,round5,2024-04-01T00:00:00,2024-05-08T00:00:00,country_IN,India,state_29,Karnataka,district_738,Vijayanagar,0,0,0,0,0,0,271,138,409,107474,1716,987,
0d7086bc-30a2-46bd-b57f-e1739f021c14,Foot And Mouth Disease,ICD11_1F05,round5,2024-04-01T00:00:00,2024-04-08T00:00:00,country_IN,India,state_29,Karnataka,district_525,Bengaluru Urban,7369,167,7536,274,8,282,0,0,0,10801,4212,220,
7dc2bbf7-3467-407e-8e09-ac29ba956f6b,Foot And Mouth Disease,ICD11_1F05,round5,2024-04-01T00:00:00,2024-04-08T00:00:00,country_IN,India,state_29,Karnataka,district_526,Bengaluru Rural,6545,507,7052,200,13,213,0,0,0,18915,4552,267,
fcfbc732-7321-42b2-bf86-b3d6472134da,Foot And Mouth Disease,ICD11_1F05,round5,2024-04-01T00:00:00,2024-04-08T00:00:00,country_IN,India,state_29,Karnataka,district_533,Chitradurga,8716,4014,12730,130,128,258,0,0,0,35088,1244,659,
51b15564-b874-4d92-b9d9-b3e5d3371a25,Foot And Mouth Disease,ICD11_1F05,round5,2024-04-01T00:00:00,2024-04-08T00:00:00,country_IN,India,state_29,Karnataka,district_630,Chikkaballapura,7111,649,7760,207,25,232,0,0,0,28038,3496,353,
4c85ce1e-7ec5-438d-a488-83a149b3da20,Foot And Mouth Disease,ICD11_1F05,round5,2024-04-01T00:00:00,2024-04-08T00:00:00,country_IN,India,state_29,Karnataka,district_535,Davangere,9498,3132,12630,569,154,723,0,0,0,26285,4016,1166,
b38da6a7-0a14-4f49-a5c0-18eb0d6063aa,Foot And Mouth Disease,ICD11_1F05,round5,2024-04-01T00:00:00,2024-04-08T00:00:00,country_IN,India,state_29,Karnataka,district_542,Kolar,17474,1568,19042,518,73,591,0,0,0,47732,6119,706,
88acbe69-ec01-4d0b-a132-1325a807a3a7,Foot And Mouth Disease,ICD11_1F05,round5,2024-04-01T00:00:00,2024-04-08T00:00:00,country_IN,India,state_29,Karnataka,district_631,Ramanagara,12636,384,13020,285,36,321,0,0,0,26350,3312,141,
4a796066-4b02-45cf-a70b-0870612f4158,Foot And Mouth Disease,ICD11_1F05,round5,2024-04-01T00:00:00,2024-04-08T00:00:00,country_IN,India,state_29,Karnataka,district_547,Shivamogga,22134,3632,25766,306,27,333,0,0,0,25709,2172,307,
2326da8d-ae81-4b49-8043-fa0a787e464c,Foot And Mouth Disease,ICD11_1F05,round5,2024-04-01T00:00:00,2024-04-08T00:00:00,country_IN,India,state_29,Karnataka,district_548,Tumakuru,19396,4722,24118,244,58,302,0,0,0,68632,6142,1988,
da2e49b3-a512-459b-94ac-c07b6a0ea739,Foot And Mouth Disease,ICD11_1F05,round5,2024-04-01T00:00:00,2024-04-08T00:00:00,country_IN,India,state_29,Karnataka,district_531,Chamarajanagara,10889,373,11262,162,6,168,0,0,0,21123,1051,24,
ec576210-9d47-4e7d-83a8-7f3b179a62a3,Foot And Mouth Disease,ICD11_1F05,round5,2024-04-01T00:00:00,2024-04-08T00:00:00,country_IN,India,state_29,Karnataka,district_532,Chikkamagaluru,11297,1060,12357,67,16,83,0,0,0,23232,1243,87,
2d4a7dc2-2eca-45fd-8b27-209e91a3d8c8,Foot And Mouth Disease,ICD11_1F05,round5,2024-04-01T00:00:00,2024-04-08T00:00:00,country_IN,India,state_29,Karnataka,district_534,Dakshina Kannada,11963,35,11998,185,0,185,0,0,0,21874,1573,4,
9cb8d386-e160-4ae2-b459-4685337d2849,Foot And Mouth Disease,ICD11_1F05,round5,2024-04-01T00:00:00,2024-04-08T00:00:00,country_IN,India,state_29,Karnataka,district_539,Hassan,22098,4003,26101,136,13,149,0,0,0,64827,1400,115,
352158cf-4637-44c7-8a25-deccf8d90c94,Foot And Mouth Disease,ICD11_1F05,round5,2024-04-01T00:00:00,2024-04-08T00:00:00,country_IN,India,state_29,Karnataka,district_541,Kodagu,2153,29,2182,93,1,94,0,0,0,3549,1172,30,
4386ecc1-eca7-4318-86ea-11bf43d9165d,Foot And Mouth Disease,ICD11_1F05,round5,2024-04-01T00:00:00,2024-04-08T00:00:00,country_IN,India,state_29,Karnataka,district_545,Mysuru,24392,352,24744,316,5,321,0,0,0,48932,3654,63,
b2f2582c-c115-4a1d-a345-37250c69d9e5,Foot And Mouth Disease,ICD11_1F05,round5,2024-04-01T00:00:00,2024-04-08T00:00:00,country_IN,India,state_29,Karnataka,district_544,Mandya,16453,3828,20281,186,56,242,0,0,0,54421,2656,480,
ea944f21-9d4b-4175-adc8-6ea4bed50ece,Foot And Mouth Disease,ICD11_1F05,round5,2024-04-01T00:00:00,2024-04-08T00:00:00,country_IN,India,state_29,Karnataka,district_549,Udupi,6258,4,6262,12,0,12,0,0,0,7783,529,0,
b9b16a18-b247-456d-90e5-8c261d29de09,Foot And Mouth Disease,ICD11_1F05,round5,2024-04-01T00:00:00,2024-04-08T00:00:00,country_IN,India,state_29,Karnataka,district_527,Belagavi,25810,39027,64837,375,450,825,0,0,0,172449,606,757,
822e7fab-6b24-4b28-8823-c543a9ed688d,Foot And Mouth Disease,ICD11_1F05,round5,2024-04-01T00:00:00,2024-04-08T00:00:00,country_IN,India,state_29,Karnataka,district_524,Bagalkote,9942,9277,19219,410,443,853,0,0,0,49502,1057,860,
1c43c070-2c73-4050-adb6-b8f067f70334,Foot And Mouth Disease,ICD11_1F05,round5,2024-04-01T00:00:00,2024-04-08T00:00:00,country_IN,India,state_29,Karnataka,district_536,Dharwad,7611,2503,10114,87,40,127,0,0,0,25310,868,314,
3a47838f-a8eb-4fd1-8f45-b6fb14b0e08a,Foot And Mouth Disease,ICD11_1F05,round5,2024-04-01T00:00:00,2024-04-08T00:00:00,country_IN,India,state_29,Karnataka,district_537,Gadag,6304,2356,8660,45,27,72,0,0,0,22572,482,211,
6afe1c76-6ce9-40b8-b3c9-c576b7c1ef84,Foot And Mouth Disease,ICD11_1F05,round5,2024-04-01T00:00:00,2024-04-08T00:00:00,country_IN,India,state_29,Karnataka,district_540,Haveri,11661,3115,14776,140,38,178,0,0,0,37026,1971,601,
3cada320-503d-4a57-845d-b19cf4b23826,Foot And Mouth Disease,ICD11_1F05,round5,2024-04-01T00:00:00,2024-04-08T00:00:00,country_IN,India,state_29,Karnataka,district_550,Uttara Kannada,12008,2717,14725,83,12,95,0,0,0,18632,1571,318,
9a0cff79-efbc-4ebb-b279-df2e52d82e48,Foot And Mouth Disease,ICD11_1F05,round5,2024-04-01T00:00:00,2024-04-08T00:00:00,country_IN,India,state_29,Karnataka,district_530,Vijayapura,7057,6998,14055,55,25,80,0,0,0,46586,77,106,
34a51b54-bd35-4321-9e1f-99c5a3de99f6,Foot And Mouth Disease,ICD11_1F05,round5,2024-04-01T00:00:00,2024-04-08T00:00:00,country_IN,India,state_29,Karnataka,district_528,Ballari,5626,3508,9134,26,22,48,0,0,0,33507,260,295,
7ee8b9d3-9984-4af8-b861-c70f283887e2,Foot And Mouth Disease,ICD11_1F05,round5,2024-04-01T00:00:00,2024-04-08T00:00:00,country_IN,India,state_29,Karnataka,district_529,Bidar,6815,4375,11190,66,63,129,0,0,0,36465,946,609,
66866128-7143-4a55-b4e8-add999b41184,Foot And Mouth Disease,ICD11_1F05,round5,2024-04-01T00:00:00,2024-04-08T00:00:00,country_IN,India,state_29,Karnataka,district_543,Koppal,8661,1883,10544,80,39,119,0,0,0,15234,689,307,
947fbf47-4316-4fc9-9dd0-0d263d4261b0,Foot And Mouth Disease,ICD11_1F05,round5,2024-04-01T00:00:00,2024-04-08T00:00:00,country_IN,India,state_29,Karnataka,district_538,Kalaburagi,18046,2982,21028,94,22,116,0,0,0,51437,3510,696,
2e1c58ca-0b8d-4398-a61f-3b9d814135ff,Foot And Mouth Disease,ICD11_1F05,round5,2024-04-01T00:00:00,2024-04-08T00:00:00,country_IN,India,state_29,Karnataka,district_546,Raichur,12512,4749,17261,14,9,23,0,0,0,84656,9,11,
b807020a-5a5b-4d1f-bb3e-01dc2a843acd,Foot And Mouth Disease,ICD11_1F05,round5,2024-04-01T00:00:00,2024-04-08T00:00:00,country_IN,India,state_29,Karnataka,district_635,Yadgir,5008,994,6002,47,20,67,0,0,0,36836,1324,465,
be95edea-7c2a-4a17-85ca-b4dee23d69e3,Foot And Mouth Disease,ICD11_1F05,round5,2024-04-01T00:00:00,2024-04-08T00:00:00,country_IN,India,state_29,Karnataka,district_738,Vijayanagar,11118,4815,15933,119,64,183,0,0,0,36203,423,263,
0b565925-a22e-4c88-a81b-b1dd838c3e48,Foot And Mouth Disease,ICD11_1F05,round5,2024-04-01T00:00:00,2024-04-26T00:00:00,country_IN,India,state_29,Karnataka,district_525,Bengaluru Urban,335,0,335,11,0,11,0,0,0,23913,10093,415,
0cad5eed-76c2-40e1-9cf4-5fbfbf1647a7,Foot And Mouth Disease,ICD11_1F05,round5,2024-04-01T00:00:00,2024-04-26T00:00:00,country_IN,India,state_29,Karnataka,district_526,Bengaluru Rural,0,0,0,0,0,0,0,0,0,46084,10056,568,
38a87809-31ee-4545-867f-e055d6aea540,Foot And Mouth Disease,ICD11_1F05,round5,2024-04-01T00:00:00,2024-04-26T00:00:00,country_IN,India,state_29,Karnataka,district_533,Chitradurga,1327,549,1876,29,13,42,0,0,0,83515,3754,1909,
8967ca58-baad-455b-b9ff-4f2ecb5a8196,Foot And Mouth Disease,ICD11_1F05,round5,2024-04-01T00:00:00,2024-04-26T00:00:00,country_IN,India,state_29,Karnataka,district_630,Chikkaballapura,4983,840,5823,0,0,0,0,0,0,67091,7303,748,
456ae411-a8ba-4b5c-bb04-16fcd0a8d79f,Foot And Mouth Disease,ICD11_1F05,round5,2024-04-01T00:00:00,2024-04-26T00:00:00,country_IN,India,state_29,Karnataka,district_535,Davangere,5621,2147,7768,210,77,287,0,0,0,82159,12013,3473,
29873ba2-4a7e-4a69-8f91-38b9f452f842,Foot And Mouth Disease,ICD11_1F05,round5,2024-04-01T00:00:00,2024-04-26T00:00:00,country_IN,India,state_29,Karnataka,district_542,Kolar,298,0,298,6,0,6,0,0,0,92770,10568,1242,
be13e598-e807-4073-88e7-9766b2f3c6ca,Foot And Mouth Disease,ICD11_1F05,round5,2024-04-01T00:00:00,2024-04-26T00:00:00,country_IN,India,state_29,Karnataka,district_631,Ramanagara,2348,20,2368,111,0,111,0,0,0,67743,9733,355,
74451e0e-d454-42a3-a78f-e577df37e37f,Foot And Mouth Disease,ICD11_1F05,round5,2024-04-01T00:00:00,2024-04-26T00:00:00,country_IN,India,state_29,Karnataka,district_547,Shivamogga,16618,3150,19768,111,20,131,0,0,0,107804,6616,1321,
1f335cd6-35dd-4301-b0ad-09372438a10d,Foot And Mouth Disease,ICD11_1F05,round5,2024-04-01T00:00:00,2024-04-26T00:00:00,country_IN,India,state_29,Karnataka,district_548,Tumakuru,512,255,767,3,3,6,0,0,0,174202,13268,4663,
b3b9a84c-4d65-4419-a464-d61815066620,Foot And Mouth Disease,ICD11_1F05,round5,2024-04-01T00:00:00,2024-04-26T00:00:00,country_IN,India,state_29,Karnataka,district_531,Chamarajanagara,2414,113,2527,3,0,3,0,0,0,53979,2034,71,
86545179-8fef-4bfc-9392-7a9b58ff9aa8,Foot And Mouth Disease,ICD11_1F05,round5,2024-04-01T00:00:00,2024-04-26T00:00:00,country_IN,India,state_29,Karnataka,district_532,Chikkamagaluru,367,2,369,0,0,0,0,0,0,77104,3056,215,
6bd2f27b-d746-4b38-90ef-d07a93198503,Foot And Mouth Disease,ICD11_1F05,round5,2024-04-01T00:00:00,2024-04-26T00:00:00,country_IN,India,state_29,Karnataka,district_534,Dakshina Kannada,1807,0,1807,48,0,48,0,0,0,59065,4885,12,
fe491e4a-89a1-4cbe-bff2-19022c130595,Foot And Mouth Disease,ICD11_1F05,round5,2024-04-01T00:00:00,2024-04-26T00:00:00,country_IN,India,state_29,Karnataka,district_539,Hassan,3936,623,4559,0,0,0,0,0,0,199551,3400,232,
ddb3f08e-809a-408f-941e-ad7fb781067c,Foot And Mouth Disease,ICD11_1F05,round5,2024-04-01T00:00:00,2024-04-26T00:00:00,country_IN,India,state_29,Karnataka,district_541,Kodagu,138,8,146,1,0,1,0,0,0,11620,3749,83,
d8bd147a-c148-4481-9d5e-a3c26adb608f,Foot And Mouth Disease,ICD11_1F05,round5,2024-04-01T00:00:00,2024-04-26T00:00:00,country_IN,India,state_29,Karnataka,district_545,Mysuru,3347,165,3512,24,0,24,0,0,0,145328,8028,121,
90421913-ec69-4a86-97fe-d60fdd232f5b,Foot And Mouth Disease,ICD11_1F05,round5,2024-04-01T00:00:00,2024-04-26T00:00:00,country_IN,India,state_29,Karnataka,district_544,Mandya,0,0,0,0,0,0,0,0,0,149053,6246,1237,
8b3c6e37-b964-4ca5-8607-d54c30410074,Foot And Mouth Disease,ICD11_1F05,round5,2024-04-01T00:00:00,2024-04-26T00:00:00,country_IN,India,state_29,Karnataka,district_549,Udupi,4437,16,4453,33,0,33,0,0,0,51178,3295,14,
6e5d06a6-88c5-4c67-a0b6-65cc60ad307f,Foot And Mouth Disease,ICD11_1F05,round5,2024-04-01T00:00:00,2024-04-26T00:00:00,country_IN,India,state_29,Karnataka,district_527,Belagavi,6114,10088,16202,156,218,374,0,0,0,501329,1712,1796,
a3ee95e1-3745-403f-b7c1-e8bc834588af,Foot And Mouth Disease,ICD11_1F05,round5,2024-04-01T00:00:00,2024-04-26T00:00:00,country_IN,India,state_29,Karnataka,district_524,Bagalkote,3075,4610,7685,33,47,80,0,0,0,132840,3436,3532,
fb04c59c-6149-4d6f-9b6e-1c8bfe5cbfde,Foot And Mouth Disease,ICD11_1F05,round5,2024-04-01T00:00:00,2024-04-26T00:00:00,country_IN,India,state_29,Karnataka,district_536,Dharwad,1805,476,2281,38,17,55,0,0,0,53449,1908,840,
1c83f4ea-61aa-4bad-aee0-ad49da571388,Foot And Mouth Disease,ICD11_1F05,round5,2024-04-01T00:00:00,2024-04-26T00:00:00,country_IN,India,state_29,Karnataka,district_537,Gadag,1482,616,2098,2,2,4,0,0,0,55072,781,391,
16c67efe-07b9-42d1-b73b-5cf0a3c5bcd6,Foot And Mouth Disease,ICD11_1F05,round5,2024-04-01T00:00:00,2024-04-26T00:00:00,country_IN,India,state_29,Karnataka,district_540,Haveri,6150,1803,7953,210,68,278,0,0,0,108267,4537,1618,
86fc462c-5fce-4b1c-a4c8-735b955c417f,Foot And Mouth Disease,ICD11_1F05,round5,2024-04-01T00:00:00,2024-04-26T00:00:00,country_IN,India,state_29,Karnataka,district_550,Uttara Kannada,9472,1709,11181,136,36,172,0,0,0,71660,3804,693,
ca0edcc7-a2a4-4a76-88fa-d70960a9fef4,Foot And Mouth Disease,ICD11_1F05,round5,2024-04-01T00:00:00,2024-04-26T00:00:00,country_IN,India,state_29,Karnataka,district_530,Vijayapura,2848,3078,5926,12,28,40,0,0,0,126677,438,537,
a0fe63ef-d5b7-4c3d-9f95-31fb6501cdd6,Foot And Mouth Disease,ICD11_1F05,round5,2024-04-01T00:00:00,2024-04-26T00:00:00,country_IN,India,state_29,Karnataka,district_528,Ballari,1556,1014,2570,17,15,32,0,0,0,64028,591,601,
594602a3-e5df-4c01-b3b0-6c53940e7cce,Foot And Mouth Disease,ICD11_1F05,round5,2024-04-01T00:00:00,2024-04-26T00:00:00,country_IN,India,state_29,Karnataka,district_529,Bidar,563,495,1058,3,2,5,0,0,0,92934,2634,2068,
d67d8e43-76ba-478c-8a3c-d6b41edbc6d9,Foot And Mouth Disease,ICD11_1F05,round5,2024-04-01T00:00:00,2024-04-26T00:00:00,country_IN,India,state_29,Karnataka,district_543,Koppal,4410,1908,6318,117,86,203,0,0,0,83034,2550,1358,
6e040c80-f73b-4b77-ad58-ba8763f229b8,Foot And Mouth Disease,ICD11_1F05,round5,2024-04-01T00:00:00,2024-04-26T00:00:00,country_IN,India,state_29,Karnataka,district_538,Kalaburagi,5569,573,6142,93,59,152,0,0,0,110659,5205,949,
07ce1d29-ddb7-452b-9232-5f3aa05e8fdc,Foot And Mouth Disease,ICD11_1F05,round5,2024-04-01T00:00:00,2024-04-26T00:00:00,country_IN,India,state_29,Karnataka,district_546,Raichur,8454,5013,13467,63,39,102,0,0,0,187484,51,27,
27af74fe-afb4-4c30-89b4-134a970d1a61,Foot And Mouth Disease,ICD11_1F05,round5,2024-04-01T00:00:00,2024-04-26T00:00:00,country_IN,India,state_29,Karnataka,district_635,Yadgir,1984,83,2067,4,0,4,0,0,0,82532,3065,630,
6f8f0583-1c8e-439d-af92-14c71be7feb5,Foot And Mouth Disease,ICD11_1F05,round5,2024-04-01T00:00:00,2024-04-26T00:00:00,country_IN,India,state_29,Karnataka,district_738,Vijayanagar,2012,1047,3059,17,7,24,0,0,0,101441,1347,746,
f5646aae-c7ef-4c6c-a00f-0b8a84df2a0a,Foot And Mouth Disease,ICD11_1F05,round5,2024-04-01T00:00:00,2024-05-01T00:00:00,country_IN,India,state_29,Karnataka,district_525,Bengaluru Urban,1027,0,1027,16,0,16,0,0,0,25575,10931,426,
3664c976-23f4-4322-b248-43a28353ab6e,Foot And Mouth Disease,ICD11_1F05,round5,2024-04-01T00:00:00,2024-05-01T00:00:00,country_IN,India,state_29,Karnataka,district_526,Bengaluru Rural,0,0,0,0,0,0,0,0,0,46099,10058,568,
7d174d05-2048-4fba-802e-2da53dab2601,Foot And Mouth Disease,ICD11_1F05,round5,2024-04-01T00:00:00,2024-05-01T00:00:00,country_IN,India,state_29,Karnataka,district_533,Chitradurga,1166,727,1893,1,0,1,0,0,0,90725,4349,2264,
a506d037-6e5c-4663-9e22-3c68dcb1ca85,Foot And Mouth Disease,ICD11_1F05,round5,2024-04-01T00:00:00,2024-05-01T00:00:00,country_IN,India,state_29,Karnataka,district_630,Chikkaballapura,0,0,0,0,0,0,0,0,0,74278,7747,776,
9f196658-bfab-4982-bfdd-dba3874a2f99,Foot And Mouth Disease,ICD11_1F05,round5,2024-04-01T00:00:00,2024-05-01T00:00:00,country_IN,India,state_29,Karnataka,district_535,Davangere,1951,373,2324,125,33,158,0,0,0,88701,12997,3720,
025dd819-6fc9-452e-bb54-7963a85f7bcc,Foot And Mouth Disease,ICD11_1F05,round5,2024-04-01T00:00:00,2024-05-01T00:00:00,country_IN,India,state_29,Karnataka,district_542,Kolar,123,0,123,0,0,0,0,0,0,95100,10654,1242,
f084de73-b895-4871-aa62-5cc1fb164cee,Foot And Mouth Disease,ICD11_1F05,round5,2024-04-01T00:00:00,2024-05-01T00:00:00,country_IN,India,state_29,Karnataka,district_631,Ramanagara,590,48,638,50,0,50,0,0,0,71919,10620,395,
d8637b6a-5043-44f0-9dd6-ae7a2a277ff5,Foot And Mouth Disease,ICD11_1F05,round5,2024-04-01T00:00:00,2024-05-01T00:00:00,country_IN,India,state_29,Karnataka,district_547,Shivamogga,46,0,46,0,0,0,0,0,0,121086,7016,1472,
360e16d9-6c00-44c1-a281-c9bf03239969,Foot And Mouth Disease,ICD11_1F05,round5,2024-04-01T00:00:00,2024-05-01T00:00:00,country_IN,India,state_29,Karnataka,district_548,Tumakuru,692,240,932,14,8,22,3,0,3,189878,14382,5129,
e8099d90-2d25-4f85-ac8c-c10219217329,Foot And Mouth Disease,ICD11_1F05,round5,2024-04-01T00:00:00,2024-05-01T00:00:00,country_IN,India,state_29,Karnataka,district_531,Chamarajanagara,0,0,0,0,0,0,0,0,0,57903,2163,71,
7a0b0c2f-7f57-4afe-b9d2-4f2c374188c3,Foot And Mouth Disease,ICD11_1F05,round5,2024-04-01T00:00:00,2024-05-01T00:00:00,country_IN,India,state_29,Karnataka,district_532,Chikkamagaluru,6,229,235,0,0,0,0,0,0,82002,3176,222,
db3a09a1-9498-498c-b983-06bead3c9c59,Foot And Mouth Disease,ICD11_1F05,round5,2024-04-01T00:00:00,2024-05-01T00:00:00,country_IN,India,state_29,Karnataka,district_534,Dakshina Kannada,0,0,0,0,0,0,0,0,0,63082,5724,12,
3bc8351b-d0ff-453e-bb78-0cb7c91e816e,Foot And Mouth Disease,ICD11_1F05,round5,2024-04-01T00:00:00,2024-05-01T00:00:00,country_IN,India,state_29,Karnataka,district_539,Hassan,192,12,204,0,0,0,0,0,0,206745,3564,244,
9694c5de-0410-4bff-af03-c44d1ae1fbad,Foot And Mouth Disease,ICD11_1F05,round5,2024-04-01T00:00:00,2024-05-01T00:00:00,country_IN,India,state_29,Karnataka,district_541,Kodagu,479,16,495,7,0,7,0,0,0,13672,4218,93,
f41717cc-8600-4c79-8669-ceb979bd7696,Foot And Mouth Disease,ICD11_1F05,round5,2024-04-01T00:00:00,2024-05-01T00:00:00,country_IN,India,state_29,Karnataka,district_545,Mysuru,42,0,42,15,0,15,0,0,0,153994,8562,122,
f9674665-e59f-40ef-a645-84a16620ad20,Foot And Mouth Disease,ICD11_1F05,round5,2024-04-01T00:00:00,2024-05-01T00:00:00,country_IN,India,state_29,Karnataka,district_544,Mandya,0,0,0,0,0,0,0,0,0,158234,6504,1296,
c7c9dbba-d308-4272-a025-6527dbe0f9d4,Foot And Mouth Disease,ICD11_1F05,round5,2024-04-01T00:00:00,2024-05-01T00:00:00,country_IN,India,state_29,Karnataka,district_549,Udupi,389,0,389,41,0,41,0,0,0,58277,3704,15,
4fa50109-cd81-4444-9bde-f7eaccd6c596,Foot And Mouth Disease,ICD11_1F05,round5,2024-04-01T00:00:00,2024-05-01T00:00:00,country_IN,India,state_29,Karnataka,district_527,Belagavi,1133,1216,2349,7,2,9,5,0,5,542466,1872,2046,
5d6ef91f-c80d-4660-8f2e-cf428c939456,Foot And Mouth Disease,ICD11_1F05,round5,2024-04-01T00:00:00,2024-05-01T00:00:00,country_IN,India,state_29,Karnataka,district_524,Bagalkote,261,513,774,10,15,25,6,7,13,144502,3984,3907,
79886151-29fa-4635-b29a-d040afccd4c5,Foot And Mouth Disease,ICD11_1F05,round5,2024-04-01T00:00:00,2024-05-01T00:00:00,country_IN,India,state_29,Karnataka,district_536,Dharwad,139,70,209,0,0,0,0,0,0,59549,1962,869,
e9619083-184d-4aaf-abdc-71365e5df3c3,Foot And Mouth Disease,ICD11_1F05,round5,2024-04-01T00:00:00,2024-05-01T00:00:00,country_IN,India,state_29,Karnataka,district_537,Gadag,151,52,203,3,2,5,0,0,0,60582,970,464,
cd17c2d3-d644-4684-9c29-6952434f483d,Foot And Mouth Disease,ICD11_1F05,round5,2024-04-01T00:00:00,2024-05-01T00:00:00,country_IN,India,state_29,Karnataka,district_540,Haveri,740,414,1154,14,10,24,0,0,0,116668,5019,1793,
a1597505-f615-4782-9d7d-3dc64303120c,Foot And Mouth Disease,ICD11_1F05,round5,2024-04-01T00:00:00,2024-05-01T00:00:00,country_IN,India,state_29,Karnataka,district_550,Uttara Kannada,657,296,953,32,14,46,0,0,0,81554,4187,738,
fd3a22e1-d922-480e-9b47-4a883d14ac24,Foot And Mouth Disease,ICD11_1F05,round5,2024-04-01T00:00:00,2024-05-01T00:00:00,country_IN,India,state_29,Karnataka,district_530,Vijayapura,0,0,0,0,0,0,17,21,38,135600,503,632,
aa11ac05-786b-4d48-a0f2-b7ce300c9265,Foot And Mouth Disease,ICD11_1F05,round5,2024-04-01T00:00:00,2024-05-01T00:00:00,country_IN,India,state_29,Karnataka,district_528,Ballari,0,0,0,0,0,0,0,0,0,64422,627,601,
5701fd97-944a-4cad-89da-fb8f4babf482,Foot And Mouth Disease,ICD11_1F05,round5,2024-04-01T00:00:00,2024-05-01T00:00:00,country_IN,India,state_29,Karnataka,district_529,Bidar,1289,792,2081,0,0,0,0,0,0,101976,2680,2145,
23b332f7-08f5-4952-b3fe-cbaafdb5df2d,Foot And Mouth Disease,ICD11_1F05,round5,2024-04-01T00:00:00,2024-05-01T00:00:00,country_IN,India,state_29,Karnataka,district_543,Koppal,0,0,0,0,0,0,0,0,0,86247,2790,1645,
5fc2f003-e8f4-417e-bdee-aea61faa848e,Foot And Mouth Disease,ICD11_1F05,round5,2024-04-01T00:00:00,2024-05-01T00:00:00,country_IN,India,state_29,Karnataka,district_538,Kalaburagi,0,0,0,14,0,14,13,4,17,113966,5366,973,
8f1329ef-f6f3-4716-a22e-1215e3d89043,Foot And Mouth Disease,ICD11_1F05,round5,2024-04-01T00:00:00,2024-05-01T00:00:00,country_IN,India,state_29,Karnataka,district_546,Raichur,0,0,0,0,0,0,0,0,0,198486,73,38,
3aed6406-5504-4296-8899-e859bc7c657f,Foot And Mouth Disease,ICD11_1F05,round5,2024-04-01T00:00:00,2024-05-01T00:00:00,country_IN,India,state_29,Karnataka,district_635,Yadgir,0,0,0,0,0,0,0,0,0,83497,3160,654,
40a8ea26-fe79-404a-a30f-aa7fd580de27,Foot And Mouth Disease,ICD11_1F05,round5,2024-04-01T00:00:00,2024-05-01T00:00:00,country_IN,India,state_29,Karnataka,district_738,Vijayanagar,0,0,0,0,0,0,0,0,0,106551,1601,919,
79a288ce-fb1e-44b0-89fd-c9b7ec17d4c5,Foot And Mouth Disease,ICD11_1F05,round5,2024-04-01T00:00:00,2024-04-18T00:00:00,country_IN,India,state_29,Karnataka,district_525,Bengaluru Urban,5161,347,5508,129,32,161,0,0,0,19191,7936,374,
73929187-719a-4085-8212-c480ca927510,Foot And Mouth Disease,ICD11_1F05,round5,2024-04-01T00:00:00,2024-04-18T00:00:00,country_IN,India,state_29,Karnataka,district_526,Bengaluru Rural,6483,407,6890,224,16,240,0,0,0,36613,8280,512,
562bfb5f-fb59-473b-bd7a-d52789afc618,Foot And Mouth Disease,ICD11_1F05,round5,2024-04-01T00:00:00,2024-04-18T00:00:00,country_IN,India,state_29,Karnataka,district_533,Chitradurga,6194,2831,9025,288,107,395,0,0,0,64101,2488,1288,
24bd8a57-e92b-4920-a94c-23744420096c,Foot And Mouth Disease,ICD11_1F05,round5,2024-04-01T00:00:00,2024-04-18T00:00:00,country_IN,India,state_29,Karnataka,district_630,Chikkaballapura,3247,226,3473,74,0,74,0,0,0,48836,5638,551,
2a088d86-b6a2-4fc8-9d31-7fed49955299,Foot And Mouth Disease,ICD11_1F05,round5,2024-04-01T00:00:00,2024-04-18T00:00:00,country_IN,India,state_29,Karnataka,district_535,Davangere,5336,1914,7250,344,118,462,0,0,0,57211,8963,2639,
7aa52cbc-823e-424b-b0d1-a6d6f87407fb,Foot And Mouth Disease,ICD11_1F05,round5,2024-04-01T00:00:00,2024-04-18T00:00:00,country_IN,India,state_29,Karnataka,district_542,Kolar,3145,459,3604,139,15,154,0,0,0,81487,9687,1175,
b8566245-dc21-45f9-82f1-44656459add4,Foot And Mouth Disease,ICD11_1F05,round5,2024-04-01T00:00:00,2024-04-18T00:00:00,country_IN,India,state_29,Karnataka,district_631,Ramanagara,11808,542,12350,321,11,332,0,0,0,52649,7337,280,
7ebc07cc-c538-406c-aa60-277f3fc90e1d,Foot And Mouth Disease,ICD11_1F05,round5,2024-04-01T00:00:00,2024-04-18T00:00:00,country_IN,India,state_29,Karnataka,district_547,Shivamogga,15335,2486,17821,135,14,149,0,0,0,74186,4788,820,
212268e9-eaaf-43ef-baef-5c22b0ce5aa6,Foot And Mouth Disease,ICD11_1F05,round5,2024-04-01T00:00:00,2024-04-18T00:00:00,country_IN,India,state_29,Karnataka,district_548,Tumakuru,15884,4303,20187,187,66,253,0,0,0,132867,10434,3575,
f7833567-4527-4537-bfba-b240bdd40281,Foot And Mouth Disease,ICD11_1F05,round5,2024-04-01T00:00:00,2024-04-18T00:00:00,country_IN,India,state_29,Karnataka,district_531,Chamarajanagara,6957,104,7061,80,4,84,0,0,0,43150,1744,63,
9818712f-455e-43b9-9147-19032693035c,Foot And Mouth Disease,ICD11_1F05,round5,2024-04-01T00:00:00,2024-04-18T00:00:00,country_IN,India,state_29,Karnataka,district_532,Chikkamagaluru,8728,978,9706,71,6,77,0,0,0,56357,2312,186,
fdfc688b-1d92-4708-b1c2-55bca299ddc6,Foot And Mouth Disease,ICD11_1F05,round5,2024-04-01T00:00:00,2024-04-18T00:00:00,country_IN,India,state_29,Karnataka,district_534,Dakshina Kannada,6979,16,6995,130,0,130,0,0,0,44114,3570,9,
d4ed9efe-d9ba-4977-a27d-fadb038cacb2,Foot And Mouth Disease,ICD11_1F05,round5,2024-04-01T00:00:00,2024-04-18T00:00:00,country_IN,India,state_29,Karnataka,district_539,Hassan,24043,3757,27800,167,17,184,0,0,0,155305,2886,201,
b7e47549-7ec8-42bd-bd2a-87dec9672f16,Foot And Mouth Disease,ICD11_1F05,round5,2024-04-01T00:00:00,2024-04-18T00:00:00,country_IN,India,state_29,Karnataka,district_541,Kodagu,2545,81,2626,49,0,49,0,0,0,8016,2748,70,
f96021ae-4aa0-4bbd-9c45-62975e1e4954,Foot And Mouth Disease,ICD11_1F05,round5,2024-04-01T00:00:00,2024-04-18T00:00:00,country_IN,India,state_29,Karnataka,district_545,Mysuru,16598,218,16816,284,6,290,0,0,0,105966,6459,91,
990df3ef-367f-449d-a72d-b3e9745f1fa2,Foot And Mouth Disease,ICD11_1F05,round5,2024-04-01T00:00:00,2024-04-18T00:00:00,country_IN,India,state_29,Karnataka,district_544,Mandya,14582,3340,17922,129,10,139,0,0,0,110429,4736,912,
3853b7ee-6682-4dcc-9c6d-75baa68a34ad,Foot And Mouth Disease,ICD11_1F05,round5,2024-04-01T00:00:00,2024-04-18T00:00:00,country_IN,India,state_29,Karnataka,district_549,Udupi,10801,66,10867,33,0,33,0,0,0,33045,1971,10,
22ca1bc0-c7b5-4c17-90a4-34f8e921c477,Foot And Mouth Disease,ICD11_1F05,round5,2024-04-01T00:00:00,2024-04-18T00:00:00,country_IN,India,state_29,Karnataka,district_527,Belagavi,14548,24246,38794,179,206,385,0,0,0,382443,1377,1423,
eeff6927-79ce-4043-8391-673e15e52140,Foot And Mouth Disease,ICD11_1F05,round5,2024-04-01T00:00:00,2024-04-18T00:00:00,country_IN,India,state_29,Karnataka,district_524,Bagalkote,7905,8663,16568,183,153,336,0,0,0,102408,2652,2775,
1efaf582-dfd8-4ccc-b1e5-ca98d1374312,Foot And Mouth Disease,ICD11_1F05,round5,2024-04-01T00:00:00,2024-04-18T00:00:00,country_IN,India,state_29,Karnataka,district_536,Dharwad,2791,855,3646,46,16,62,0,0,0,46549,1704,695,
ef11e816-1d47-4f00-975d-632cbd3f6852,Foot And Mouth Disease,ICD11_1F05,round5,2024-04-01T00:00:00,2024-04-18T00:00:00,country_IN,India,state_29,Karnataka,district_537,Gadag,3142,1198,4340,24,15,39,0,0,0,44953,728,356,
e483e01e-9a5d-40e2-b926-cc2aab7e20b2,Foot And Mouth Disease,ICD11_1F05,round5,2024-04-01T00:00:00,2024-04-18T00:00:00,country_IN,India,state_29,Karnataka,district_540,Haveri,9286,2726,12012,105,43,148,0,0,0,77534,3272,1090,
d54d09fd-3204-46b0-b735-0c00869b7c64,Foot And Mouth Disease,ICD11_1F05,round5,2024-04-01T00:00:00,2024-04-18T00:00:00,country_IN,India,state_29,Karnataka,district_550,Uttara Kannada,12041,3068,15109,61,20,81,0,0,0,46723,3050,588,
906fd063-f135-455d-a3b7-b141eab928be,Foot And Mouth Disease,ICD11_1F05,round5,2024-04-01T00:00:00,2024-04-18T00:00:00,country_IN,India,state_29,Karnataka,district_530,Vijayapura,6418,6552,12970,47,45,92,0,0,0,99138,256,295,
525fe32c-8f41-46e8-afe4-aa5cacc06b34,Foot And Mouth Disease,ICD11_1F05,round5,2024-04-01T00:00:00,2024-04-18T00:00:00,country_IN,India,state_29,Karnataka,district_528,Ballari,3006,1928,4934,32,17,49,0,0,0,57391,521,557,
94f8a09a-b81d-4568-af02-2417bd5ec2b8,Foot And Mouth Disease,ICD11_1F05,round5,2024-04-01T00:00:00,2024-04-18T00:00:00,country_IN,India,state_29,Karnataka,district_529,Bidar,5080,4025,9105,54,99,153,0,0,0,75295,2242,1571,
cb0a5371-2947-4486-9f05-bbd9cb654fd4,Foot And Mouth Disease,ICD11_1F05,round5,2024-04-01T00:00:00,2024-04-18T00:00:00,country_IN,India,state_29,Karnataka,district_543,Koppal,10063,2448,12511,158,77,235,0,0,0,65149,1940,911,
31499c86-ebfc-4b63-b8c9-25dd259382cf,Foot And Mouth Disease,ICD11_1F05,round5,2024-04-01T00:00:00,2024-04-18T00:00:00,country_IN,India,state_29,Karnataka,district_538,Kalaburagi,8402,1544,9946,21,4,25,0,0,0,95023,5181,941,
9d207269-510a-4bdc-8085-737ab86d65cc,Foot And Mouth Disease,ICD11_1F05,round5,2024-04-01T00:00:00,2024-04-18T00:00:00,country_IN,India,state_29,Karnataka,district_546,Raichur,6787,3801,10588,0,0,0,0,0,0,155785,44,26,
21276bf1-471c-41ee-a58e-69df20a16da0,Foot And Mouth Disease,ICD11_1F05,round5,2024-04-01T00:00:00,2024-04-18T00:00:00,country_IN,India,state_29,Karnataka,district_635,Yadgir,5935,1414,7349,33,24,57,0,0,0,70834,2241,560,
dc344cb5-16dc-4899-94cc-e7be5200dd96,Foot And Mouth Disease,ICD11_1F05,round5,2024-04-01T00:00:00,2024-04-18T00:00:00,country_IN,India,state_29,Karnataka,district_738,Vijayanagar,4605,2163,6768,59,28,87,0,0,0,82948,1010,584,
7bcc4da6-60a1-42bf-b7c4-88baaa31335f,Foot And Mouth Disease,ICD11_1F05,round5,2024-04-01T00:00:00,2024-04-04T00:00:00,country_IN,India,state_29,Karnataka,district_525,Bengaluru Urban,6938,126,7064,217,6,223,0,0,0,5618,2277,145,
b5479068-b879-476e-92a6-5d49583322d4,Foot And Mouth Disease,ICD11_1F05,round5,2024-04-01T00:00:00,2024-04-04T00:00:00,country_IN,India,state_29,Karnataka,district_526,Bengaluru Rural,6898,373,7271,298,15,313,0,0,0,10185,2520,159,
c6a83845-c1d7-43ba-b1af-19e602813ef1,Foot And Mouth Disease,ICD11_1F05,round5,2024-04-01T00:00:00,2024-04-04T00:00:00,country_IN,India,state_29,Karnataka,district_533,Chitradurga,8569,4147,12716,101,161,262,0,0,0,16674,758,362,
6bdb4a4f-53f7-4662-825c-984a37515e9a,Foot And Mouth Disease,ICD11_1F05,round5,2024-04-01T00:00:00,2024-04-04T00:00:00,country_IN,India,state_29,Karnataka,district_630,Chikkaballapura,8692,693,9385,162,16,178,0,0,0,14794,1905,193,
074ce7f1-6dc9-461f-be6f-84b9a8f3c226,Foot And Mouth Disease,ICD11_1F05,round5,2024-04-01T00:00:00,2024-04-04T00:00:00,country_IN,India,state_29,Karnataka,district_535,Davangere,9008,2691,11699,691,180,871,0,0,0,12226,2113,591,
ca627a19-92b0-4096-9d27-16536fc08b8e,Foot And Mouth Disease,ICD11_1F05,round5,2024-04-01T00:00:00,2024-04-04T00:00:00,country_IN,India,state_29,Karnataka,district_542,Kolar,14533,1127,15660,552,61,613,0,0,0,24272,3490,406,
30c77cfb-2c82-4c0b-86da-9af7f36e947e,Foot And Mouth Disease,ICD11_1F05,round5,2024-04-01T00:00:00,2024-04-04T00:00:00,country_IN,India,state_29,Karnataka,district_631,Ramanagara,12640,437,13077,302,11,313,0,0,0,14225,1931,93,
446a4bbe-b89a-4076-a0f4-4a03920a1d7d,Foot And Mouth Disease,ICD11_1F05,round5,2024-04-01T00:00:00,2024-04-04T00:00:00,country_IN,India,state_29,Karnataka,district_547,Shivamogga,11395,2118,13513,109,21,130,0,0,0,7925,641,102,
464b3ef2-f525-40c3-95e0-dee49b3ca248,Foot And Mouth Disease,ICD11_1F05,round5,2024-04-01T00:00:00,2024-04-04T00:00:00,country_IN,India,state_29,Karnataka,district_548,Tumakuru,16798,4727,21525,199,61,260,0,0,0,36635,3672,1224,
82b161d1-1228-49fe-ad53-3e98f753834d,Foot And Mouth Disease,ICD11_1F05,round5,2024-04-01T00:00:00,2024-04-04T00:00:00,country_IN,India,state_29,Karnataka,district_531,Chamarajanagara,11582,306,11888,128,0,128,0,0,0,11264,486,1,
11b3e2da-5c20-4819-a20e-abb08743436e,Foot And Mouth Disease,ICD11_1F05,round5,2024-04-01T00:00:00,2024-04-04T00:00:00,country_IN,India,state_29,Karnataka,district_532,Chikkamagaluru,14642,1070,15712,297,55,352,0,0,0,10916,699,48,
e02ba0b3-2560-473c-8be7-b8556cceb0ee,Foot And Mouth Disease,ICD11_1F05,round5,2024-04-01T00:00:00,2024-04-04T00:00:00,country_IN,India,state_29,Karnataka,district_534,Dakshina Kannada,9455,18,9473,199,0,199,0,0,0,11602,852,4,
5a6a164d-32eb-4609-b18c-e7752d83f6bf,Foot And Mouth Disease,ICD11_1F05,round5,2024-04-01T00:00:00,2024-04-04T00:00:00,country_IN,India,state_29,Karnataka,district_539,Hassan,24216,3286,27502,193,9,202,0,0,0,28592,705,61,
cf21ab7c-2b17-4f58-9829-b756c5fab3e9,Foot And Mouth Disease,ICD11_1F05,round5,2024-04-01T00:00:00,2024-04-04T00:00:00,country_IN,India,state_29,Karnataka,district_541,Kodagu,1683,73,1756,88,0,88,0,0,0,1758,579,9,
519eb7ca-69ca-4d7c-ba26-92af60b62781,Foot And Mouth Disease,ICD11_1F05,round5,2024-04-01T00:00:00,2024-04-04T00:00:00,country_IN,India,state_29,Karnataka,district_545,Mysuru,21657,368,22025,353,2,355,0,0,0,24639,2001,32,
8d62d209-af4f-493a-bbfa-7249f5056499,Foot And Mouth Disease,ICD11_1F05,round5,2024-04-01T00:00:00,2024-04-04T00:00:00,country_IN,India,state_29,Karnataka,district_544,Mandya,17315,4221,21536,167,27,194,0,0,0,29109,1603,271,
89611633-df48-4423-8413-e532b79439cb,Foot And Mouth Disease,ICD11_1F05,round5,2024-04-01T00:00:00,2024-04-04T00:00:00,country_IN,India,state_29,Karnataka,district_549,Udupi,3143,46,3189,7,0,7,0,0,0,2553,189,0,
2266d530-3720-416c-a16f-8c0bd81dd8c7,Foot And Mouth Disease,ICD11_1F05,round5,2024-04-01T00:00:00,2024-04-04T00:00:00,country_IN,India,state_29,Karnataka,district_527,Belagavi,19330,31015,50345,194,308,502,0,0,0,81101,217,340,
30408086-461b-4977-b9c9-4f7696a8cb1e,Foot And Mouth Disease,ICD11_1F05,round5,2024-04-01T00:00:00,2024-04-04T00:00:00,country_IN,India,state_29,Karnataka,district_524,Bagalkote,9849,9643,19492,249,163,412,0,0,0,24030,389,380,
b10ea3d9-8021-4d50-aafc-fdbe00dafb6d,Foot And Mouth Disease,ICD11_1F05,round5,2024-04-01T00:00:00,2024-04-04T00:00:00,country_IN,India,state_29,Karnataka,district_536,Dharwad,6481,2041,8522,77,38,115,0,0,0,12883,456,158,
65025fa1-6ee5-4e30-bafb-b53b64cf5ac9,Foot And Mouth Disease,ICD11_1F05,round5,2024-04-01T00:00:00,2024-04-04T00:00:00,country_IN,India,state_29,Karnataka,district_537,Gadag,6270,2306,8576,74,53,127,0,0,0,11211,312,128,
3f0346be-160b-415f-b5f9-4a56280f279b,Foot And Mouth Disease,ICD11_1F05,round5,2024-04-01T00:00:00,2024-04-04T00:00:00,country_IN,India,state_29,Karnataka,district_540,Haveri,10656,3282,13938,114,56,170,0,0,0,19587,1207,391,
071268aa-ec72-4b24-8620-2b63bb3d6610,Foot And Mouth Disease,ICD11_1F05,round5,2024-04-01T00:00:00,2024-04-04T00:00:00,country_IN,India,state_29,Karnataka,district_550,Uttara Kannada,8451,2010,10461,66,15,81,0,0,0,9135,862,164,
e7b9d265-e604-46fa-988d-e4e17e8b34b1,Foot And Mouth Disease,ICD11_1F05,round5,2024-04-01T00:00:00,2024-04-04T00:00:00,country_IN,India,state_29,Karnataka,district_530,Vijayapura,7627,7734,15361,33,39,72,0,0,0,25342,45,69,
12a7d89e-d9b9-4e43-83fd-8fc49ef71db6,Foot And Mouth Disease,ICD11_1F05,round5,2024-04-01T00:00:00,2024-04-04T00:00:00,country_IN,India,state_29,Karnataka,district_528,Ballari,5723,3362,9085,24,10,34,0,0,0,22066,161,161,
df367642-d08e-43b6-b7a4-1d70912c7984,Foot And Mouth Disease,ICD11_1F05,round5,2024-04-01T00:00:00,2024-04-04T00:00:00,country_IN,India,state_29,Karnataka,district_529,Bidar,7680,5119,12799,50,66,116,0,0,0,17346,420,291,
ff756f54-7ea4-4fa2-9441-6718bc83e529,Foot And Mouth Disease,ICD11_1F05,round5,2024-04-01T00:00:00,2024-04-04T00:00:00,country_IN,India,state_29,Karnataka,district_543,Koppal,4858,1446,6304,58,43,101,0,0,0,4048,283,126,
f0ed8d1b-cd8f-4e36-be16-6caf59a83724,Foot And Mouth Disease,ICD11_1F05,round5,2024-04-01T00:00:00,2024-04-04T00:00:00,country_IN,India,state_29,Karnataka,district_538,Kalaburagi,20066,3242,23308,77,25,102,0,0,0,26846,2428,487,
c7722bd4-3d22-4d5a-94b7-768f5098859c,Foot And Mouth Disease,ICD11_1F05,round5,2024-04-01T00:00:00,2024-04-04T00:00:00,country_IN,India,state_29,Karnataka,district_546,Raichur,21966,9543,31509,194,92,286,0,0,0,39861,4,9,
92a654e9-b531-415a-84bc-161dc852b0e3,Foot And Mouth Disease,ICD11_1F05,round5,2024-04-01T00:00:00,2024-04-04T00:00:00,country_IN,India,state_29,Karnataka,district_635,Yadgir,17212,3994,21206,265,100,365,0,0,0,19649,606,339,
ad6a21a3-005c-44f9-a812-04872e67d501,Foot And Mouth Disease,ICD11_1F05,round5,2024-04-01T00:00:00,2024-04-04T00:00:00,country_IN,India,state_29,Karnataka,district_738,Vijayanagar,6850,2269,9119,112,57,169,0,0,0,10298,128,75,
dc12fb9c-5810-4400-97e7-3570fa6570f8,Foot And Mouth Disease,ICD11_1F05,round5,2024-04-01T00:00:00,2024-05-04T00:00:00,country_IN,India,state_29,Karnataka,district_525,Bengaluru Urban,1353,42,1395,14,0,14,0,0,0,26260,11267,441,
b687f72e-1cb3-40b7-8ea9-26c4eb8d65bc,Foot And Mouth Disease,ICD11_1F05,round5,2024-04-01T00:00:00,2024-05-04T00:00:00,country_IN,India,state_29,Karnataka,district_526,Bengaluru Rural,0,0,0,0,0,0,0,0,0,46123,10065,568,
3845d5e7-0092-423b-a58e-f8dcde7cdc75,Foot And Mouth Disease,ICD11_1F05,round5,2024-04-01T00:00:00,2024-05-04T00:00:00,country_IN,India,state_29,Karnataka,district_533,Chitradurga,1010,528,1538,59,14,73,0,0,0,91678,4433,2286,
cd9945eb-9cd3-48dd-b4de-53412a4011e8,Foot And Mouth Disease,ICD11_1F05,round5,2024-04-01T00:00:00,2024-05-04T00:00:00,country_IN,India,state_29,Karnataka,district_630,Chikkaballapura,0,0,0,0,0,0,0,0,0,74390,7747,776,
c2fb8d99-1aa3-4617-8749-6b1d4e75ef2d,Foot And Mouth Disease,ICD11_1F05,round5,2024-04-01T00:00:00,2024-05-04T00:00:00,country_IN,India,state_29,Karnataka,district_535,Davangere,396,98,494,19,6,25,6,2,8,91437,13270,3782,
983da2a2-e2a3-4841-83bb-303675870a73,Foot And Mouth Disease,ICD11_1F05,round5,2024-04-01T00:00:00,2024-05-04T00:00:00,country_IN,India,state_29,Karnataka,district_542,Kolar,143,15,158,2,0,2,0,0,0,95242,10656,1242,
0bb2d8e9-d59e-430b-823b-e3f11f0f715f,Foot And Mouth Disease,ICD11_1F05,round5,2024-04-01T00:00:00,2024-05-04T00:00:00,country_IN,India,state_29,Karnataka,district_631,Ramanagara,490,51,541,2,0,2,0,0,0,72248,10742,398,
a0714a1b-fa7b-435d-a381-8cc8cbe27934,Foot And Mouth Disease,ICD11_1F05,round5,2024-04-01T00:00:00,2024-05-04T00:00:00,country_IN,India,state_29,Karnataka,district_547,Shivamogga,1230,482,1712,10,0,10,0,0,0,121993,7028,1474,
71e011d0-df6d-4adf-8688-b868c6fbdd6b,Foot And Mouth Disease,ICD11_1F05,round5,2024-04-01T00:00:00,2024-05-04T00:00:00,country_IN,India,state_29,Karnataka,district_548,Tumakuru,1332,878,2210,59,41,100,0,0,0,192356,14551,5246,
3d9b461f-a86e-4323-a93e-43011482e768,Foot And Mouth Disease,ICD11_1F05,round5,2024-04-01T00:00:00,2024-05-04T00:00:00,country_IN,India,state_29,Karnataka,district_531,Chamarajanagara,146,0,146,0,0,0,0,0,0,58359,2176,71,
444cc92a-b8e0-4490-afa7-342c27276722,Foot And Mouth Disease,ICD11_1F05,round5,2024-04-01T00:00:00,2024-05-04T00:00:00,country_IN,India,state_29,Karnataka,district_532,Chikkamagaluru,4144,201,4345,18,2,20,0,0,0,84452,3358,230,
5c70b75f-3988-420c-95d8-f30d92598914,Foot And Mouth Disease,ICD11_1F05,round5,2024-04-01T00:00:00,2024-05-04T00:00:00,country_IN,India,state_29,Karnataka,district_534,Dakshina Kannada,90,0,90,0,0,0,0,0,0,63206,5724,12,
87c99f9d-6ec4-4793-90d8-a6f293c2c138,Foot And Mouth Disease,ICD11_1F05,round5,2024-04-01T00:00:00,2024-05-04T00:00:00,country_IN,India,state_29,Karnataka,district_539,Hassan,0,0,0,0,0,0,0,0,0,207105,3564,244,
61e91b7b-c011-46a4-b5c1-1ea34a4cda4d,Foot And Mouth Disease,ICD11_1F05,round5,2024-04-01T00:00:00,2024-05-04T00:00:00,country_IN,India,state_29,Karnataka,district_541,Kodagu,1418,48,1466,49,0,49,0,0,0,14334,4426,100,
b1b9f977-6264-4d75-b91a-b2b47d159d8d,Foot And Mouth Disease,ICD11_1F05,round5,2024-04-01T00:00:00,2024-05-04T00:00:00,country_IN,India,state_29,Karnataka,district_545,Mysuru,794,101,895,4,0,4,0,0,0,156346,8647,123,
c686952c-af8a-447e-9276-3a8c30ae5dce,Foot And Mouth Disease,ICD11_1F05,round5,2024-04-01T00:00:00,2024-05-04T00:00:00,country_IN,India,state_29,Karnataka,district_544,Mandya,97,1,98,0,0,0,0,0,0,158904,6551,1312,
a550b500-2f1a-4596-8103-885621b7eceb,Foot And Mouth Disease,ICD11_1F05,round5,2024-04-01T00:00:00,2024-05-04T00:00:00,country_IN,India,state_29,Karnataka,district_549,Udupi,442,0,442,21,0,21,0,0,0,58860,3927,15,
da04d2af-dad7-46df-9661-4b26044cd5b1,Foot And Mouth Disease,ICD11_1F05,round5,2024-04-01T00:00:00,2024-05-04T00:00:00,country_IN,India,state_29,Karnataka,district_527,Belagavi,4692,6018,10710,168,132,300,28,33,61,546981,1875,2047,
76e8bf1b-c788-4631-92c9-4a9673218e93,Foot And Mouth Disease,ICD11_1F05,round5,2024-04-01T00:00:00,2024-05-04T00:00:00,country_IN,India,state_29,Karnataka,district_524,Bagalkote,2026,904,2930,0,0,0,4,3,7,147234,3990,3916,
875dfb32-8ee0-4b78-8860-c498d6a5a28f,Foot And Mouth Disease,ICD11_1F05,round5,2024-04-01T00:00:00,2024-05-04T00:00:00,country_IN,India,state_29,Karnataka,district_536,Dharwad,289,166,455,73,38,111,0,0,0,59897,2002,893,
ad75481f-66f4-49a2-86df-58e70e3432b7,Foot And Mouth Disease,ICD11_1F05,round5,2024-04-01T00:00:00,2024-05-04T00:00:00,country_IN,India,state_29,Karnataka,district_537,Gadag,91,0,91,0,0,0,0,0,0,61103,973,466,
badcdce0-0f16-4519-90e5-f4f541eb3f32,Foot And Mouth Disease,ICD11_1F05,round5,2024-04-01T00:00:00,2024-05-04T00:00:00,country_IN,India,state_29,Karnataka,district_540,Haveri,323,167,490,0,0,0,6,12,18,117438,5221,1881,
c51bc15e-fba6-4da7-b472-3841e5d4aa23,Foot And Mouth Disease,ICD11_1F05,round5,2024-04-01T00:00:00,2024-05-04T00:00:00,country_IN,India,state_29,Karnataka,district_550,Uttara Kannada,1079,226,1305,12,1,13,0,0,0,82251,4203,742,
e070265e-6350-4192-abbd-3df0b0a37792,Foot And Mouth Disease,ICD11_1F05,round5,2024-04-01T00:00:00,2024-05-04T00:00:00,country_IN,India,state_29,Karnataka,district_530,Vijayapura,158,140,298,4,1,5,16,13,29,137721,510,641,
9590eff1-22e3-47ca-a00f-9a19be1af159,Foot And Mouth Disease,ICD11_1F05,round5,2024-04-01T00:00:00,2024-05-04T00:00:00,country_IN,India,state_29,Karnataka,district_528,Ballari,197,182,379,20,10,30,0,0,0,64586,627,601,
f115de0d-e610-40e4-bb9d-289d1e8280a9,Foot And Mouth Disease,ICD11_1F05,round5,2024-04-01T00:00:00,2024-05-04T00:00:00,country_IN,India,state_29,Karnataka,district_529,Bidar,66,31,97,0,0,0,0,0,0,103319,2680,2145,
b1a15d1e-cfc2-47db-9f7e-687e30827914,Foot And Mouth Disease,ICD11_1F05,round5,2024-04-01T00:00:00,2024-05-04T00:00:00,country_IN,India,state_29,Karnataka,district_543,Koppal,656,111,767,0,0,0,50,31,81,88670,2891,1655,
6c86c713-6adc-4bc7-a8f3-72d2fa94754d,Foot And Mouth Disease,ICD11_1F05,round5,2024-04-01T00:00:00,2024-05-04T00:00:00,country_IN,India,state_29,Karnataka,district_538,Kalaburagi,32,7,39,49,9,58,1,0,1,114011,5366,973,
a57bb294-cc6d-4008-904f-dc33ac0aa574,Foot And Mouth Disease,ICD11_1F05,round5,2024-04-01T00:00:00,2024-05-04T00:00:00,country_IN,India,state_29,Karnataka,district_546,Raichur,0,0,0,0,0,0,0,0,0,198486,73,38,
8ec9b3d3-38bd-4886-b596-08be677e9792,Foot And Mouth Disease,ICD11_1F05,round5,2024-04-01T00:00:00,2024-05-04T00:00:00,country_IN,India,state_29,Karnataka,district_635,Yadgir,0,0,0,0,0,0,0,0,0,83805,3160,654,
eefbfd93-61e9-4dde-ad11-553a47ca25d6,Foot And Mouth Disease,ICD11_1F05,round5,2024-04-01T00:00:00,2024-05-04T00:00:00,country_IN,India,state_29,Karnataka,district_738,Vijayanagar,22,22,44,0,0,0,0,0,0,106597,1666,953,
d22c6b3a-c2f7-495f-8661-61ad336d98ab,Foot And Mouth Disease,ICD11_1F05,round5,2024-04-01T00:00:00,2024-04-11T00:00:00,country_IN,India,state_29,Karnataka,district_525,Bengaluru Urban,3683,78,3761,187,10,197,0,0,0,12444,4941,243,
63e6cf50-6e3f-4b3b-9265-47af1a0edc55,Foot And Mouth Disease,ICD11_1F05,round5,2024-04-01T00:00:00,2024-04-11T00:00:00,country_IN,India,state_29,Karnataka,district_526,Bengaluru Rural,3066,116,3182,112,4,116,0,0,0,20087,4804,269,
174a174b-d952-4b34-b7ea-d42831c78d40,Foot And Mouth Disease,ICD11_1F05,round5,2024-04-01T00:00:00,2024-04-11T00:00:00,country_IN,India,state_29,Karnataka,district_533,Chitradurga,3806,1480,5216,29,12,41,0,0,0,41430,1425,721,
00da1282-eafd-4479-a51a-3099f601db3e,Foot And Mouth Disease,ICD11_1F05,round5,2024-04-01T00:00:00,2024-04-11T00:00:00,country_IN,India,state_29,Karnataka,district_630,Chikkaballapura,4325,255,4580,112,10,122,0,0,0,31167,3966,390,
e7b3c002-2001-45ce-9015-ee2dbe00a9bb,Foot And Mouth Disease,ICD11_1F05,round5,2024-04-01T00:00:00,2024-04-11T00:00:00,country_IN,India,state_29,Karnataka,district_535,Davangere,4344,1260,5604,259,78,337,0,0,0,31450,4945,1469,
a5772813-a29e-4897-a525-e9981eaaa56c,Foot And Mouth Disease,ICD11_1F05,round5,2024-04-01T00:00:00,2024-04-11T00:00:00,country_IN,India,state_29,Karnataka,district_542,Kolar,5026,305,5331,165,13,178,0,0,0,51695,6704,751,
0c82fbb3-6b7c-4ef4-a6f2-7b5b0689eff1,Foot And Mouth Disease,ICD11_1F05,round5,2024-04-01T00:00:00,2024-04-11T00:00:00,country_IN,India,state_29,Karnataka,district_631,Ramanagara,8750,323,9073,167,0,167,0,0,0,29477,4116,162,
67ca7ce4-66b4-4dbf-a6d7-eebf68d90b10,Foot And Mouth Disease,ICD11_1F05,round5,2024-04-01T00:00:00,2024-04-11T00:00:00,country_IN,India,state_29,Karnataka,district_547,Shivamogga,10475,1996,12471,129,10,139,0,0,0,36308,2662,402,
6a4e015a-80bb-4ef0-b4cf-be020024b947,Foot And Mouth Disease,ICD11_1F05,round5,2024-04-01T00:00:00,2024-04-11T00:00:00,country_IN,India,state_29,Karnataka,district_548,Tumakuru,6291,1959,8250,95,24,119,0,0,0,77239,6396,2119,
4d5e7d40-b443-4382-a6e5-045fc171c07f,Foot And Mouth Disease,ICD11_1F05,round5,2024-04-01T00:00:00,2024-04-11T00:00:00,country_IN,India,state_29,Karnataka,district_531,Chamarajanagara,6148,180,6328,40,4,44,0,0,0,25667,1168,31,
24ee2e11-ea4f-4753-bd42-4d859ad3184e,Foot And Mouth Disease,ICD11_1F05,round5,2024-04-01T00:00:00,2024-04-11T00:00:00,country_IN,India,state_29,Karnataka,district_532,Chikkamagaluru,3526,214,3740,50,6,56,0,0,0,29855,1513,117,
aca3d87c-ceba-43c6-9b8d-4a8c1615a9e8,Foot And Mouth Disease,ICD11_1F05,round5,2024-04-01T00:00:00,2024-04-11T00:00:00,country_IN,India,state_29,Karnataka,district_534,Dakshina Kannada,9732,33,9765,150,0,150,0,0,0,28514,2111,4,
d84f2fd0-03b5-4dc9-8ae1-7515946e7198,Foot And Mouth Disease,ICD11_1F05,round5,2024-04-01T00:00:00,2024-04-11T00:00:00,country_IN,India,state_29,Karnataka,district_539,Hassan,15551,2514,18065,76,7,83,0,0,0,85454,1684,127,
3cd6ce45-2e9f-4537-a5b3-188279640342,Foot And Mouth Disease,ICD11_1F05,round5,2024-04-01T00:00:00,2024-04-11T00:00:00,country_IN,India,state_29,Karnataka,district_541,Kodagu,1147,58,1205,43,0,43,0,0,0,4364,1515,56,
bc88c95a-889c-409f-81b4-4245430b23b2,Foot And Mouth Disease,ICD11_1F05,round5,2024-04-01T00:00:00,2024-04-11T00:00:00,country_IN,India,state_29,Karnataka,district_545,Mysuru,15253,966,16219,188,9,197,0,0,0,62793,4341,65,
9c8b7181-8476-41c8-93e7-8965e32cd0e3,Foot And Mouth Disease,ICD11_1F05,round5,2024-04-01T00:00:00,2024-04-11T00:00:00,country_IN,India,state_29,Karnataka,district_544,Mandya,8089,2036,10125,51,13,64,0,0,0,61664,3076,549,
da8c6354-2376-4890-ad17-da9530d711d7,Foot And Mouth Disease,ICD11_1F05,round5,2024-04-01T00:00:00,2024-04-11T00:00:00,country_IN,India,state_29,Karnataka,district_549,Udupi,8255,17,8272,30,0,30,0,0,0,13975,798,0,
1a3eb2e6-936d-4a53-b86f-75d7c504892c,Foot And Mouth Disease,ICD11_1F05,round5,2024-04-01T00:00:00,2024-04-11T00:00:00,country_IN,India,state_29,Karnataka,district_527,Belagavi,13253,24280,36904,149,213,362,0,0,0,229251,755,912,
5cc9794d-bd2a-4711-a6ca-066a536dcc4b,Foot And Mouth Disease,ICD11_1F05,round5,2024-04-01T00:00:00,2024-04-11T00:00:00,country_IN,India,state_29,Karnataka,district_524,Bagalkote,3622,4017,7639,59,83,142,0,0,0,61812,1526,1293,
3e7745d1-7bec-4eb8-b843-40861dc8db40,Foot And Mouth Disease,ICD11_1F05,round5,2024-04-01T00:00:00,2024-04-11T00:00:00,country_IN,India,state_29,Karnataka,district_536,Dharwad,3163,1164,4327,37,15,52,0,0,0,31505,1102,437,
08458e18-f53e-45a8-a25c-9a303dd447b3,Foot And Mouth Disease,ICD11_1F05,round5,2024-04-01T00:00:00,2024-04-11T00:00:00,country_IN,India,state_29,Karnataka,district_537,Gadag,4633,1624,6257,21,16,37,0,0,0,29308,596,261,
c27c868c-b1a4-437b-bfd0-405f87769cc5,Foot And Mouth Disease,ICD11_1F05,round5,2024-04-01T00:00:00,2024-04-11T00:00:00,country_IN,India,state_29,Karnataka,district_540,Haveri,4185,1210,5395,53,26,79,0,0,0,46616,2326,706,
37250800-5df1-4cee-b406-e862d1dc1f9d,Foot And Mouth Disease,ICD11_1F05,round5,2024-04-01T00:00:00,2024-04-11T00:00:00,country_IN,India,state_29,Karnataka,district_550,Uttara Kannada,2155,363,2518,13,4,17,0,0,0,23477,1904,406,
d20d1766-b508-440d-8f51-06e7fd70a437,Foot And Mouth Disease,ICD11_1F05,round5,2024-04-01T00:00:00,2024-04-11T00:00:00,country_IN,India,state_29,Karnataka,district_530,Vijayapura,1526,1304,2830,6,6,12,0,0,0,55137,101,128,
27836467-1793-44f7-ac9c-470c2af04328,Foot And Mouth Disease,ICD11_1F05,round5,2024-04-01T00:00:00,2024-04-11T00:00:00,country_IN,India,state_29,Karnataka,district_528,Ballari,5158,3552,8710,13,11,24,0,0,0,39646,322,374,
8ef947b4-4357-4014-bd86-93c90b8f994c,Foot And Mouth Disease,ICD11_1F05,round5,2024-04-01T00:00:00,2024-04-11T00:00:00,country_IN,India,state_29,Karnataka,district_529,Bidar,3803,2267,6070,38,28,66,0,0,0,46133,1369,870,
036175ec-4177-4338-908e-e470a66b2136,Foot And Mouth Disease,ICD11_1F05,round5,2024-04-01T00:00:00,2024-04-11T00:00:00,country_IN,India,state_29,Karnataka,district_543,Koppal,5788,1429,7217,30,11,41,0,0,0,29063,824,373,
891e86fd-743c-42f6-8c60-bff504db187a,Foot And Mouth Disease,ICD11_1F05,round5,2024-04-01T00:00:00,2024-04-11T00:00:00,country_IN,India,state_29,Karnataka,district_538,Kalaburagi,7318,1620,8938,19,7,26,0,0,0,64099,3770,708,
66441881-eae7-4889-a8de-9e2615a03d0e,Foot And Mouth Disease,ICD11_1F05,round5,2024-04-01T00:00:00,2024-04-11T00:00:00,country_IN,India,state_29,Karnataka,district_546,Raichur,3486,1239,4725,6,0,6,0,0,0,104798,9,11,
a13efb60-98fc-4397-bb0c-cbfc837387eb,Foot And Mouth Disease,ICD11_1F05,round5,2024-04-01T00:00:00,2024-04-11T00:00:00,country_IN,India,state_29,Karnataka,district_635,Yadgir,9159,1907,10430,160,48,208,0,0,0,46212,1622,498,
17d020b6-5bee-4ca4-b684-b4d418496713,Foot And Mouth Disease,ICD11_1F05,round5,2024-04-01T00:00:00,2024-04-11T00:00:00,country_IN,India,state_29,Karnataka,district_738,Vijayanagar,7988,2502,10490,126,60,186,0,0,0,49997,571,347,
a4773739-387e-4d28-85d3-8c0aae7e3878,Foot And Mouth Disease,ICD11_1F05,round5,2024-04-01T00:00:00,2024-04-23T00:00:00,country_IN,India,state_29,Karnataka,district_525,Bengaluru Urban,3340,146,3486,96,13,109,0,0,0,103101,9664,412,
8e3bd76a-40f5-4f1a-acee-837ce763b6e0,Foot And Mouth Disease,ICD11_1F05,round5,2024-04-01T00:00:00,2024-04-23T00:00:00,country_IN,India,state_29,Karnataka,district_526,Bengaluru Rural,3396,38,3434,83,0,83,0,0,0,126964,9763,567,
4765d145-ff79-4c31-9b09-faea2111cd93,Foot And Mouth Disease,ICD11_1F05,round5,2024-04-01T00:00:00,2024-04-23T00:00:00,country_IN,India,state_29,Karnataka,district_533,Chitradurga,6689,2969,9658,136,78,214,0,0,0,215038,3233,1644,
c4e422df-1618-4296-9e97-e386c7a59bc6,Foot And Mouth Disease,ICD11_1F05,round5,2024-04-01T00:00:00,2024-04-23T00:00:00,country_IN,India,state_29,Karnataka,district_630,Chikkaballapura,2720,246,2966,50,0,50,0,0,0,135555,6974,702,
633cbe91-2e08-4461-9556-ffe0ea1eac39,Foot And Mouth Disease,ICD11_1F05,round5,2024-04-01T00:00:00,2024-04-23T00:00:00,country_IN,India,state_29,Karnataka,district_535,Davangere,5952,936,6888,208,54,262,0,0,0,192970,10874,3148,
bbe5951d-e473-44af-b80b-83aa9f7b3753,Foot And Mouth Disease,ICD11_1F05,round5,2024-04-01T00:00:00,2024-04-23T00:00:00,country_IN,India,state_29,Karnataka,district_542,Kolar,5194,215,5409,193,4,197,0,0,0,193022,10336,1234,
dc568654-2ecf-4426-8678-5e98ed1fef80,Foot And Mouth Disease,ICD11_1F05,round5,2024-04-01T00:00:00,2024-04-23T00:00:00,country_IN,India,state_29,Karnataka,district_631,Ramanagara,7130,281,7411,234,10,244,0,0,0,206786,8985,332,
3aa74f52-b626-4086-b041-a9dca48529a9,Foot And Mouth Disease,ICD11_1F05,round5,2024-04-01T00:00:00,2024-04-23T00:00:00,country_IN,India,state_29,Karnataka,district_547,Shivamogga,17708,4553,22261,129,22,151,0,0,0,378225,5906,1152,
d985c747-1d39-4b9e-9af2-82f99ea1c6e1,Foot And Mouth Disease,ICD11_1F05,round5,2024-04-01T00:00:00,2024-04-23T00:00:00,country_IN,India,state_29,Karnataka,district_548,Tumakuru,13629,2809,16438,155,28,183,0,0,0,396037,12545,4406,
2f2374bd-516d-45cc-9fe3-b9eaa17f19b5,Foot And Mouth Disease,ICD11_1F05,round5,2024-04-01T00:00:00,2024-04-23T00:00:00,country_IN,India,state_29,Karnataka,district_531,Chamarajanagara,6128,148,6276,43,2,45,0,0,0,195742,1934,68,
44662d61-4e19-4857-99e2-230c56373914,Foot And Mouth Disease,ICD11_1F05,round5,2024-04-01T00:00:00,2024-04-23T00:00:00,country_IN,India,state_29,Karnataka,district_532,Chikkamagaluru,10327,880,11207,47,5,52,0,0,0,233298,2938,210,
58610c54-8e3a-4cf1-bc7d-0be865b19f43,Foot And Mouth Disease,ICD11_1F05,round5,2024-04-01T00:00:00,2024-04-23T00:00:00,country_IN,India,state_29,Karnataka,district_534,Dakshina Kannada,7388,22,7410,153,0,153,0,0,0,170529,4483,12,
05234e40-99b5-414f-9d93-8d9d1f24fb57,Foot And Mouth Disease,ICD11_1F05,round5,2024-04-01T00:00:00,2024-04-23T00:00:00,country_IN,India,state_29,Karnataka,district_539,Hassan,22832,3181,26013,45,9,54,0,0,0,527878,3277,220,
6cace24f-88b9-431f-baea-6afbe9b1adda,Foot And Mouth Disease,ICD11_1F05,round5,2024-04-01T00:00:00,2024-04-23T00:00:00,country_IN,India,state_29,Karnataka,district_541,Kodagu,2329,155,2484,66,0,66,0,0,0,40733,3452,79,
70b39289-ebe4-4f8a-a61f-777626ca8c27,Foot And Mouth Disease,ICD11_1F05,round5,2024-04-01T00:00:00,2024-04-23T00:00:00,country_IN,India,state_29,Karnataka,district_545,Mysuru,11581,198,11779,66,2,68,0,0,0,381578,7573,121,
28852698-7400-43b8-bf28-91fbbca55ec1,Foot And Mouth Disease,ICD11_1F05,round5,2024-04-01T00:00:00,2024-04-23T00:00:00,country_IN,India,state_29,Karnataka,district_544,Mandya,10462,2547,13009,129,22,151,0,0,0,349720,5926,1150,
735bb27b-1914-464e-b0ba-245a63d4ca6f,Foot And Mouth Disease,ICD11_1F05,round5,2024-04-01T00:00:00,2024-04-23T00:00:00,country_IN,India,state_29,Karnataka,district_549,Udupi,7307,60,7367,40,0,40,0,0,0,148157,2691,14,
90640e4f-0c48-4ec8-bc6f-459f14d8127e,Foot And Mouth Disease,ICD11_1F05,round5,2024-04-01T00:00:00,2024-04-23T00:00:00,country_IN,India,state_29,Karnataka,district_527,Belagavi,11267,21413,32680,108,167,275,0,0,0,994783,1553,1597,
0b58a012-bfc7-47f5-847a-6e2a79bcf190,Foot And Mouth Disease,ICD11_1F05,round5,2024-04-01T00:00:00,2024-04-23T00:00:00,country_IN,India,state_29,Karnataka,district_524,Bagalkote,3877,5095,8972,87,78,165,0,0,0,336301,3246,3321,
6787fd14-344f-40b9-bcfa-86c038ce997a,Foot And Mouth Disease,ICD11_1F05,round5,2024-04-01T00:00:00,2024-04-23T00:00:00,country_IN,India,state_29,Karnataka,district_536,Dharwad,2123,1026,3149,43,25,68,0,0,0,147215,1826,796,
e6871d75-c22d-49c9-a5f9-53842b7b7131,Foot And Mouth Disease,ICD11_1F05,round5,2024-04-01T00:00:00,2024-04-23T00:00:00,country_IN,India,state_29,Karnataka,district_537,Gadag,3083,916,3999,15,15,30,0,0,0,127633,775,388,
fca9d146-9ebb-4c98-8e5e-bd8a9c75252f,Foot And Mouth Disease,ICD11_1F05,round5,2024-04-01T00:00:00,2024-04-23T00:00:00,country_IN,India,state_29,Karnataka,district_540,Haveri,9818,3405,13223,157,50,207,0,0,0,242633,4014,1362,
5f02f7ab-c979-438c-8c49-316eb8786d48,Foot And Mouth Disease,ICD11_1F05,round5,2024-04-01T00:00:00,2024-04-23T00:00:00,country_IN,India,state_29,Karnataka,district_550,Uttara Kannada,12062,1955,14017,58,4,62,0,0,0,222061,3550,666,
666b343f-bae9-4864-8d67-7a0208811819,Foot And Mouth Disease,ICD11_1F05,round5,2024-04-01T00:00:00,2024-04-23T00:00:00,country_IN,India,state_29,Karnataka,district_530,Vijayapura,4448,4731,9179,35,60,95,0,0,0,254110,365,445,
f37da59b-4f99-4e33-9dd5-fac3efa34d3e,Foot And Mouth Disease,ICD11_1F05,round5,2024-04-01T00:00:00,2024-04-23T00:00:00,country_IN,India,state_29,Karnataka,district_528,Ballari,1314,689,2003,7,3,10,0,0,0,177049,548,581,
f885a091-6278-4ddc-9e16-f85498d581a8,Foot And Mouth Disease,ICD11_1F05,round5,2024-04-01T00:00:00,2024-04-23T00:00:00,country_IN,India,state_29,Karnataka,district_529,Bidar,2627,3056,5683,22,10,32,0,0,0,196639,2361,1718,
3ac9677d-12b9-4ab0-bec0-c83b7ae8c131,Foot And Mouth Disease,ICD11_1F05,round5,2024-04-01T00:00:00,2024-04-23T00:00:00,country_IN,India,state_29,Karnataka,district_543,Koppal,3904,953,4857,126,69,195,0,0,0,198616,2263,1114,
aa424ae3-db2b-4b50-b03b-6f3d5bdb1a85,Foot And Mouth Disease,ICD11_1F05,round5,2024-04-01T00:00:00,2024-04-23T00:00:00,country_IN,India,state_29,Karnataka,district_538,Kalaburagi,6599,1015,7614,29,4,33,0,0,0,342579,5193,947,
379d11d7-3970-4fbf-af3a-e1b25a20d365,Foot And Mouth Disease,ICD11_1F05,round5,2024-04-01T00:00:00,2024-04-23T00:00:00,country_IN,India,state_29,Karnataka,district_546,Raichur,3139,875,4014,5,1,6,0,0,0,278771,51,27,
e6ae1774-e46a-4490-ba30-bcc6994e400f,Foot And Mouth Disease,ICD11_1F05,round5,2024-04-01T00:00:00,2024-04-23T00:00:00,country_IN,India,state_29,Karnataka,district_635,Yadgir,7684,2683,10367,16,5,21,0,0,0,235019,2799,597,
92a624c9-586b-4f08-8b68-b368ce5264e1,Foot And Mouth Disease,ICD11_1F05,round5,2024-04-01T00:00:00,2024-04-23T00:00:00,country_IN,India,state_29,Karnataka,district_738,Vijayanagar,2108,893,3001,44,18,62,0,0,0,208113,1268,691,
10f0f4f3-c9da-4b7a-831f-35bb1320d73b,Foot And Mouth Disease,ICD11_1F05,round5,2024-04-01T00:00:00,2024-04-20T00:00:00,country_IN,India,state_29,Karnataka,district_525,Bengaluru Urban,5207,186,5393,168,5,173,0,0,0,21342,8858,394,
e0def90a-832d-463a-b5ff-18a87cbd1857,Foot And Mouth Disease,ICD11_1F05,round5,2024-04-01T00:00:00,2024-04-20T00:00:00,country_IN,India,state_29,Karnataka,district_526,Bengaluru Rural,7596,379,7975,196,16,212,0,0,0,41478,9004,564,
a56f6488-e922-45ff-b8d9-5fd02cfee7c6,Foot And Mouth Disease,ICD11_1F05,round5,2024-04-01T00:00:00,2024-04-20T00:00:00,country_IN,India,state_29,Karnataka,district_533,Chitradurga,7443,3424,10867,57,39,96,0,0,0,72590,2696,1429,
ac1d94bd-993d-49c3-a3d8-b672502833be,Foot And Mouth Disease,ICD11_1F05,round5,2024-04-01T00:00:00,2024-04-20T00:00:00,country_IN,India,state_29,Karnataka,district_630,Chikkaballapura,5467,486,5953,82,6,88,0,0,0,55832,6413,645,
0523ae4a-1a2d-45d9-ade4-87096fc1e020,Foot And Mouth Disease,ICD11_1F05,round5,2024-04-01T00:00:00,2024-04-20T00:00:00,country_IN,India,state_29,Karnataka,district_535,Davangere,8009,2574,10583,316,105,421,0,0,0,66567,9917,2990,
e36836c4-207c-480d-b6ea-aa8b4f0bd8a6,Foot And Mouth Disease,ICD11_1F05,round5,2024-04-01T00:00:00,2024-04-20T00:00:00,country_IN,India,state_29,Karnataka,district_542,Kolar,3058,187,3245,87,6,93,0,0,0,84926,10000,1229,
ce44bab0-e35e-433e-9c4c-466adbf0345c,Foot And Mouth Disease,ICD11_1F05,round5,2024-04-01T00:00:00,2024-04-20T00:00:00,country_IN,India,state_29,Karnataka,district_631,Ramanagara,8248,329,8577,190,8,198,0,0,0,58435,8056,312,
7b3bae9c-b212-498a-ae13-a7d5b75e55c9,Foot And Mouth Disease,ICD11_1F05,round5,2024-04-01T00:00:00,2024-04-20T00:00:00,country_IN,India,state_29,Karnataka,district_547,Shivamogga,19014,2989,22003,82,14,96,0,0,0,83892,5393,973,
92cd9109-ecfd-4396-ad60-568fa78d386d,Foot And Mouth Disease,ICD11_1F05,round5,2024-04-01T00:00:00,2024-04-20T00:00:00,country_IN,India,state_29,Karnataka,district_548,Tumakuru,13886,3829,17715,102,35,137,0,0,0,148591,11460,4026,
ffc1a9cf-59df-49c9-94ce-38caebed86cf,Foot And Mouth Disease,ICD11_1F05,round5,2024-04-01T00:00:00,2024-04-20T00:00:00,country_IN,India,state_29,Karnataka,district_531,Chamarajanagara,6737,251,6988,132,0,132,0,0,0,47453,1867,66,
68b70d90-e2ed-466b-a705-bc7df15e3a68,Foot And Mouth Disease,ICD11_1F05,round5,2024-04-01T00:00:00,2024-04-20T00:00:00,country_IN,India,state_29,Karnataka,district_532,Chikkamagaluru,9803,1109,10912,46,9,55,0,0,0,62932,2529,204,
1ae752ac-e9e3-41d8-86fb-6c94dd4ed782,Foot And Mouth Disease,ICD11_1F05,round5,2024-04-01T00:00:00,2024-04-20T00:00:00,country_IN,India,state_29,Karnataka,district_534,Dakshina Kannada,6726,17,6743,137,0,137,0,0,0,48257,3999,12,
2f18350e-972e-4861-bfbb-d71932053d8a,Foot And Mouth Disease,ICD11_1F05,round5,2024-04-01T00:00:00,2024-04-20T00:00:00,country_IN,India,state_29,Karnataka,district_539,Hassan,18609,2673,21282,98,8,106,0,0,0,169870,3174,219,
9617ffe9-269f-43e0-86dc-6a8cc98040ce,Foot And Mouth Disease,ICD11_1F05,round5,2024-04-01T00:00:00,2024-04-20T00:00:00,country_IN,India,state_29,Karnataka,district_541,Kodagu,1691,33,1724,99,0,99,0,0,0,9157,3046,76,
92caa869-779c-468d-8954-b249c0089a6d,Foot And Mouth Disease,ICD11_1F05,round5,2024-04-01T00:00:00,2024-04-20T00:00:00,country_IN,India,state_29,Karnataka,district_545,Mysuru,20272,611,20883,245,4,249,0,0,0,122358,7113,118,
5676744c-21a9-49af-98ad-d9dedced835e,Foot And Mouth Disease,ICD11_1F05,round5,2024-04-01T00:00:00,2024-04-20T00:00:00,country_IN,India,state_29,Karnataka,district_544,Mandya,10700,2587,13287,73,4,77,0,0,0,123758,5259,1028,
832c5a58-b4ab-434c-af28-3bbf27a50c90,Foot And Mouth Disease,ICD11_1F05,round5,2024-04-01T00:00:00,2024-04-20T00:00:00,country_IN,India,state_29,Karnataka,district_549,Udupi,12781,26,12807,63,0,63,0,0,0,39662,2424,10,
840d95f9-051c-4f28-ad8c-440079343aee,Foot And Mouth Disease,ICD11_1F05,round5,2024-04-01T00:00:00,2024-04-20T00:00:00,country_IN,India,state_29,Karnataka,district_527,Belagavi,15757,26015,41772,137,152,289,0,0,0,419459,1522,1532,
5500ba61-e06b-48ae-87f7-19c217cda2ff,Foot And Mouth Disease,ICD11_1F05,round5,2024-04-01T00:00:00,2024-04-20T00:00:00,country_IN,India,state_29,Karnataka,district_524,Bagalkote,8168,10379,18547,119,146,265,0,0,0,114283,2855,2986,
89f2c77f-d3e2-4329-abea-3587dff7e3af,Foot And Mouth Disease,ICD11_1F05,round5,2024-04-01T00:00:00,2024-04-20T00:00:00,country_IN,India,state_29,Karnataka,district_536,Dharwad,3963,1418,5381,30,14,44,0,0,0,49067,1748,730,
ca1297e8-7139-402d-ba65-1aaefd02e897,Foot And Mouth Disease,ICD11_1F05,round5,2024-04-01T00:00:00,2024-04-20T00:00:00,country_IN,India,state_29,Karnataka,district_537,Gadag,3347,1309,4656,49,33,82,0,0,0,47361,728,356,
e278d87f-9e52-43a6-9db3-c36bd1fff869,Foot And Mouth Disease,ICD11_1F05,round5,2024-04-01T00:00:00,2024-04-20T00:00:00,country_IN,India,state_29,Karnataka,district_540,Haveri,7303,2362,9665,80,47,127,0,0,0,86081,3511,1176,
ab7c19e0-178c-45c3-93e7-2f5f319bfeeb,Foot And Mouth Disease,ICD11_1F05,round5,2024-04-01T00:00:00,2024-04-20T00:00:00,country_IN,India,state_29,Karnataka,district_550,Uttara Kannada,11394,1995,13389,61,8,69,0,0,0,53737,3317,629,
bab87965-33b9-4812-a988-9b098bc4976b,Foot And Mouth Disease,ICD11_1F05,round5,2024-04-01T00:00:00,2024-04-20T00:00:00,country_IN,India,state_29,Karnataka,district_530,Vijayapura,4062,4276,8338,27,44,71,0,0,0,106881,284,347,
31dd949c-0d59-43b3-9806-ba75af2731c6,Foot And Mouth Disease,ICD11_1F05,round5,2024-04-01T00:00:00,2024-04-20T00:00:00,country_IN,India,state_29,Karnataka,district_528,Ballari,1657,853,2510,29,23,52,0,0,0,60061,542,575,
89589a0d-4d41-4c78-96bd-872707b40936,Foot And Mouth Disease,ICD11_1F05,round5,2024-04-01T00:00:00,2024-04-20T00:00:00,country_IN,India,state_29,Karnataka,district_529,Bidar,3340,3011,6351,19,17,36,0,0,0,81580,2283,1657,
a34ce24c-eabc-4639-beb9-01f2c306c04e,Foot And Mouth Disease,ICD11_1F05,round5,2024-04-01T00:00:00,2024-04-20T00:00:00,country_IN,India,state_29,Karnataka,district_543,Koppal,8825,2373,11198,116,69,185,0,0,0,72864,2088,1014,
87d33240-e4de-4a3b-9d87-500c5a46f8e4,Foot And Mouth Disease,ICD11_1F05,round5,2024-04-01T00:00:00,2024-04-20T00:00:00,country_IN,India,state_29,Karnataka,district_538,Kalaburagi,8810,1149,9959,18,2,20,0,0,0,100419,5192,947,
6a6d6c25-179b-4a9b-9b9b-38872dfe51ff,Foot And Mouth Disease,ICD11_1F05,round5,2024-04-01T00:00:00,2024-04-20T00:00:00,country_IN,India,state_29,Karnataka,district_546,Raichur,2412,1412,3824,2,1,3,0,0,0,163921,44,26,
cd719335-a2a3-4b7e-9405-ee2e99e9072f,Foot And Mouth Disease,ICD11_1F05,round5,2024-04-01T00:00:00,2024-04-20T00:00:00,country_IN,India,state_29,Karnataka,district_635,Yadgir,3761,825,4586,35,3,38,0,0,0,74485,2419,576,
3c1380d7-8ff3-4cb2-9206-32017b28b42b,Foot And Mouth Disease,ICD11_1F05,round5,2024-04-01T00:00:00,2024-04-20T00:00:00,country_IN,India,state_29,Karnataka,district_738,Vijayanagar,7272,2527,9799,73,24,97,0,0,0,88746,1144,645,
e8352462-dc6e-4e1d-92da-245c17d65f53,Foot And Mouth Disease,ICD11_1F05,round5,2024-04-01T00:00:00,2024-04-12T00:00:00,country_IN,India,state_29,Karnataka,district_525,Bengaluru Urban,6416,91,6507,260,1,261,0,0,0,13825,5434,251,
6303cbc4-a880-4110-8a2a-fd6171422f8f,Foot And Mouth Disease,ICD11_1F05,round5,2024-04-01T00:00:00,2024-04-12T00:00:00,country_IN,India,state_29,Karnataka,district_526,Bengaluru Rural,8423,506,8929,304,14,318,0,0,0,23328,5493,296,
29a068ad-554d-44c7-962e-9c9c3ae6b527,Foot And Mouth Disease,ICD11_1F05,round5,2024-04-01T00:00:00,2024-04-12T00:00:00,country_IN,India,state_29,Karnataka,district_533,Chitradurga,7391,2941,10332,108,41,149,0,0,0,45141,1568,758,
de716e76-dafa-4e63-a41b-e7e429f10498,Foot And Mouth Disease,ICD11_1F05,round5,2024-04-01T00:00:00,2024-04-12T00:00:00,country_IN,India,state_29,Karnataka,district_630,Chikkaballapura,5695,410,6105,82,5,87,0,0,0,33904,4233,424,
8c4993b6-d882-4e08-b914-b8a2f6966e14,Foot And Mouth Disease,ICD11_1F05,round5,2024-04-01T00:00:00,2024-04-12T00:00:00,country_IN,India,state_29,Karnataka,district_535,Davangere,8591,2593,11184,390,118,508,0,0,0,35376,5479,1604,
a8560d0c-e943-4dfa-9837-cb5e7ff128af,Foot And Mouth Disease,ICD11_1F05,round5,2024-04-01T00:00:00,2024-04-12T00:00:00,country_IN,India,state_29,Karnataka,district_542,Kolar,13530,1108,14638,415,35,450,0,0,0,58552,7494,842,
19df1924-11cd-405b-a450-7c9351058da0,Foot And Mouth Disease,ICD11_1F05,round5,2024-04-01T00:00:00,2024-04-12T00:00:00,country_IN,India,state_29,Karnataka,district_631,Ramanagara,12779,374,13153,428,6,434,0,0,0,33381,4645,174,
4c4612e4-5f1b-4874-a5e7-1bebfb3d43a0,Foot And Mouth Disease,ICD11_1F05,round5,2024-04-01T00:00:00,2024-04-12T00:00:00,country_IN,India,state_29,Karnataka,district_547,Shivamogga,18111,2412,20523,209,31,240,0,0,0,41695,3176,463,
a4fad09e-0c13-4136-b302-c91e2f779680,Foot And Mouth Disease,ICD11_1F05,round5,2024-04-01T00:00:00,2024-04-12T00:00:00,country_IN,India,state_29,Karnataka,district_548,Tumakuru,17431,5074,22505,233,122,355,0,0,0,86921,7290,2403,
479df7e3-fe82-4a40-8219-fcd6d1342329,Foot And Mouth Disease,ICD11_1F05,round5,2024-04-01T00:00:00,2024-04-12T00:00:00,country_IN,India,state_29,Karnataka,district_531,Chamarajanagara,10132,252,10384,134,0,134,0,0,0,28874,1284,31,
fcdf4108-3976-4ead-b0fa-176e0a5a5502,Foot And Mouth Disease,ICD11_1F05,round5,2024-04-01T00:00:00,2024-04-12T00:00:00,country_IN,India,state_29,Karnataka,district_532,Chikkamagaluru,18160,1825,19985,186,18,204,0,0,0,35815,1785,134,
aa9d82ca-3a02-4592-8cd3-87f64a1e2b0c,Foot And Mouth Disease,ICD11_1F05,round5,2024-04-01T00:00:00,2024-04-12T00:00:00,country_IN,India,state_29,Karnataka,district_534,Dakshina Kannada,9713,30,9743,161,0,161,0,0,0,31573,2334,9,
9d9ce786-2f72-403c-bcdb-e1db347e5b88,Foot And Mouth Disease,ICD11_1F05,round5,2024-04-01T00:00:00,2024-04-12T00:00:00,country_IN,India,state_29,Karnataka,district_539,Hassan,31108,5730,36838,260,22,282,0,0,0,99150,1986,139,
d06a0fb5-8d68-4504-a9eb-640e7e198881,Foot And Mouth Disease,ICD11_1F05,round5,2024-04-01T00:00:00,2024-04-12T00:00:00,country_IN,India,state_29,Karnataka,district_541,Kodagu,2523,36,2559,97,0,97,0,0,0,4986,1707,56,
b1c01756-1f9a-46c5-8422-f2bf5561fca9,Foot And Mouth Disease,ICD11_1F05,round5,2024-04-01T00:00:00,2024-04-12T00:00:00,country_IN,India,state_29,Karnataka,district_545,Mysuru,21304,473,21777,275,2,277,0,0,0,71344,4704,67,
a32867fd-0e8a-48db-b900-7e17d5240f28,Foot And Mouth Disease,ICD11_1F05,round5,2024-04-01T00:00:00,2024-04-12T00:00:00,country_IN,India,state_29,Karnataka,district_544,Mandya,18333,5645,23978,197,57,254,0,0,0,70536,3424,637,
c0312598-64ad-4891-9f54-42d38774c267,Foot And Mouth Disease,ICD11_1F05,round5,2024-04-01T00:00:00,2024-04-12T00:00:00,country_IN,India,state_29,Karnataka,district_549,Udupi,10347,4,10351,35,0,35,0,0,0,16977,1005,0,
833e2b4d-390b-44cd-a125-bfef39310ab3,Foot And Mouth Disease,ICD11_1F05,round5,2024-04-01T00:00:00,2024-04-12T00:00:00,country_IN,India,state_29,Karnataka,district_527,Belagavi,20098,33825,53923,194,226,420,0,0,0,254457,796,933,
b4f24dbd-60a0-4989-a777-af181c77b671,Foot And Mouth Disease,ICD11_1F05,round5,2024-04-01T00:00:00,2024-04-12T00:00:00,country_IN,India,state_29,Karnataka,district_524,Bagalkote,8189,9198,17387,180,173,353,0,0,0,66999,1663,1480,
1c01e885-ee6b-48da-bb43-481f254b2b39,Foot And Mouth Disease,ICD11_1F05,round5,2024-04-01T00:00:00,2024-04-12T00:00:00,country_IN,India,state_29,Karnataka,district_536,Dharwad,6738,2135,8873,85,42,127,0,0,0,34544,1276,506,
100fd1d0-40b6-476b-b04e-5a535163bb50,Foot And Mouth Disease,ICD11_1F05,round5,2024-04-01T00:00:00,2024-04-12T00:00:00,country_IN,India,state_29,Karnataka,district_537,Gadag,5528,1656,7184,45,33,78,0,0,0,32354,627,268,
e8b3d907-dc2c-4ad2-934e-c9de4c5522d5,Foot And Mouth Disease,ICD11_1F05,round5,2024-04-01T00:00:00,2024-04-12T00:00:00,country_IN,India,state_29,Karnataka,district_540,Haveri,11034,3209,14243,142,77,219,0,0,0,52331,2481,783,
28921467-8473-40fa-8388-8f759770a4d7,Foot And Mouth Disease,ICD11_1F05,round5,2024-04-01T00:00:00,2024-04-12T00:00:00,country_IN,India,state_29,Karnataka,district_550,Uttara Kannada,15886,3831,19717,74,10,84,0,0,0,28969,2217,463,
86e7e2da-86c1-4f86-a260-ab93ceaad19f,Foot And Mouth Disease,ICD11_1F05,round5,2024-04-01T00:00:00,2024-04-12T00:00:00,country_IN,India,state_29,Karnataka,district_530,Vijayapura,7633,7471,15104,45,45,90,0,0,0,62280,113,153,
798733f5-f4b4-4790-af21-617c4f5a3998,Foot And Mouth Disease,ICD11_1F05,round5,2024-04-01T00:00:00,2024-04-12T00:00:00,country_IN,India,state_29,Karnataka,district_528,Ballari,6242,3510,9752,16,15,31,0,0,0,42617,364,405,
16548b9f-dca2-4020-be2e-9cf14e35dfc4,Foot And Mouth Disease,ICD11_1F05,round5,2024-04-01T00:00:00,2024-04-12T00:00:00,country_IN,India,state_29,Karnataka,district_529,Bidar,6846,4686,11532,113,90,203,0,0,0,51727,1500,971,
e34df84b-fc68-4a0e-ab9e-61ea1ecc3314,Foot And Mouth Disease,ICD11_1F05,round5,2024-04-01T00:00:00,2024-04-12T00:00:00,country_IN,India,state_29,Karnataka,district_543,Koppal,12681,2794,15475,171,63,234,0,0,0,34938,1024,450,
fae6eab7-659a-4a1a-a404-3f3c570ad23c,Foot And Mouth Disease,ICD11_1F05,round5,2024-04-01T00:00:00,2024-04-12T00:00:00,country_IN,India,state_29,Karnataka,district_538,Kalaburagi,17298,3038,20336,52,22,74,0,0,0,69473,3952,731,
199b7e3a-478f-4925-b271-0633fabca1d1,Foot And Mouth Disease,ICD11_1F05,round5,2024-04-01T00:00:00,2024-04-12T00:00:00,country_IN,India,state_29,Karnataka,district_546,Raichur,8080,3789,11869,69,25,94,0,0,0,111284,19,18,
389fd6de-954b-40f2-bffb-2cf43b63e625,Foot And Mouth Disease,ICD11_1F05,round5,2024-04-01T00:00:00,2024-04-12T00:00:00,country_IN,India,state_29,Karnataka,district_635,Yadgir,11806,2768,14574,116,38,154,0,0,0,51407,1684,515,
1cbde385-c3b5-4461-b159-aa97ddf9115b,Foot And Mouth Disease,ICD11_1F05,round5,2024-04-01T00:00:00,2024-04-12T00:00:00,country_IN,India,state_29,Karnataka,district_738,Vijayanagar,10084,4050,14134,116,70,186,0,0,0,57432,653,400,
b2d2b8d3-8461-487e-8a40-332f71365e0d,Foot And Mouth Disease,ICD11_1F05,round5,2024-04-01T00:00:00,2024-04-07T00:00:00,country_IN,India,state_29,Karnataka,district_525,Bengaluru Urban,4900,0,4900,260,0,260,0,0,0,89720,3491,202,
8934506a-f4e6-4132-b011-38ca93d36f11,Foot And Mouth Disease,ICD11_1F05,round5,2024-04-01T00:00:00,2024-04-07T00:00:00,country_IN,India,state_29,Karnataka,district_526,Bengaluru Rural,20810,230,21040,510,10,520,0,0,0,163340,3875,206,
6a42b55f-f356-41ad-8c7d-0b908214eb95,Foot And Mouth Disease,ICD11_1F05,round5,2024-04-01T00:00:00,2024-04-07T00:00:00,country_IN,India,state_29,Karnataka,district_533,Chitradurga,36450,15130,51580,530,210,740,0,0,0,301570,1080,528,
77063fa6-93a9-42e2-96e5-e9c1ccedd264,Foot And Mouth Disease,ICD11_1F05,round5,2024-04-01T00:00:00,2024-04-07T00:00:00,country_IN,India,state_29,Karnataka,district_630,Chikkaballapura,11170,1250,12420,510,50,560,0,0,0,244600,3073,301,
467d3be2-1603-4343-97cc-c89d62d72685,Foot And Mouth Disease,ICD11_1F05,round5,2024-04-01T00:00:00,2024-04-07T00:00:00,country_IN,India,state_29,Karnataka,district_535,Davangere,17780,6150,23930,1400,580,1980,0,0,0,212320,3404,985,
1d988bb3-c505-4c2e-bac4-308208d8506d,Foot And Mouth Disease,ICD11_1F05,round5,2024-04-01T00:00:00,2024-04-07T00:00:00,country_IN,India,state_29,Karnataka,district_542,Kolar,54490,1910,56400,1720,170,1890,0,0,0,391700,5222,580,
1602642c-eaa4-47b6-8b4d-de82bcbe162c,Foot And Mouth Disease,ICD11_1F05,round5,2024-04-01T00:00:00,2024-04-07T00:00:00,country_IN,India,state_29,Karnataka,district_631,Ramanagara,9260,420,9680,160,0,160,0,0,0,223640,2858,119,
a54aeea7-390f-47f7-953e-cd8376ce170b,Foot And Mouth Disease,ICD11_1F05,round5,2024-04-01T00:00:00,2024-04-07T00:00:00,country_IN,India,state_29,Karnataka,district_547,Shivamogga,75560,14760,90320,390,110,500,0,0,0,193970,1936,280,
4c401a9d-47d6-4444-a391-81f921f8d25b,Foot And Mouth Disease,ICD11_1F05,round5,2024-04-01T00:00:00,2024-04-07T00:00:00,country_IN,India,state_29,Karnataka,district_548,Tumakuru,38170,8850,47020,1000,280,1280,0,0,0,586790,5450,1819,
79d719b3-8d67-475e-aa93-2b21ae43f052,Foot And Mouth Disease,ICD11_1F05,round5,2024-04-01T00:00:00,2024-04-07T00:00:00,country_IN,India,state_29,Karnataka,district_531,Chamarajanagara,57810,1540,59350,30,0,30,0,0,0,181530,853,15,
13998362-77f0-4425-b672-52880590a346,Foot And Mouth Disease,ICD11_1F05,round5,2024-04-01T00:00:00,2024-04-07T00:00:00,country_IN,India,state_29,Karnataka,district_532,Chikkamagaluru,22700,2100,24800,40,0,40,0,0,0,196010,1142,80,
527929a5-1cb2-42e8-845e-1de9c0081786,Foot And Mouth Disease,ICD11_1F05,round5,2024-04-01T00:00:00,2024-04-07T00:00:00,country_IN,India,state_29,Karnataka,district_534,Dakshina Kannada,14970,40,15010,100,0,100,0,0,0,182070,1430,4,
0a591161-16e6-46d3-a24e-e6e842f47a85,Foot And Mouth Disease,ICD11_1F05,round5,2024-04-01T00:00:00,2024-04-07T00:00:00,country_IN,India,state_29,Karnataka,district_539,Hassan,87180,26920,114100,730,160,890,0,0,0,557380,1215,101,
4ec66e32-4949-4433-a98c-68a1373e308b,Foot And Mouth Disease,ICD11_1F05,round5,2024-04-01T00:00:00,2024-04-07T00:00:00,country_IN,India,state_29,Karnataka,district_541,Kodagu,7220,90,7310,90,0,90,0,0,0,29820,962,27,
5105c347-038b-45cc-a273-a5ff6a83db0c,Foot And Mouth Disease,ICD11_1F05,round5,2024-04-01T00:00:00,2024-04-07T00:00:00,country_IN,India,state_29,Karnataka,district_545,Mysuru,53640,1190,54830,1170,0,1170,0,0,0,405370,3078,60,
469f0363-11a6-4b28-a485-4ab11020ea38,Foot And Mouth Disease,ICD11_1F05,round5,2024-04-01T00:00:00,2024-04-07T00:00:00,country_IN,India,state_29,Karnataka,district_544,Mandya,12960,3460,16420,70,60,130,0,0,0,457840,2271,405,
78449ca8-e810-46fe-a994-63f88581556f,Foot And Mouth Disease,ICD11_1F05,round5,2024-04-01T00:00:00,2024-04-07T00:00:00,country_IN,India,state_29,Karnataka,district_549,Udupi,4850,0,4850,20,0,20,0,0,0,56060,389,0,
75c95c4f-7541-4c0d-90df-24928be314e8,Foot And Mouth Disease,ICD11_1F05,round5,2024-04-01T00:00:00,2024-04-07T00:00:00,country_IN,India,state_29,Karnataka,district_527,Belagavi,119240,208400,327640,1250,1780,3030,0,0,0,1404880,469,603,
0609131d-723e-406a-909a-d2839e390863,Foot And Mouth Disease,ICD11_1F05,round5,2024-04-01T00:00:00,2024-04-07T00:00:00,country_IN,India,state_29,Karnataka,district_524,Bagalkote,44180,42220,86400,320,580,900,0,0,0,419880,652,628,
110ecb65-e95d-463c-b945-40d6b9f0d8e6,Foot And Mouth Disease,ICD11_1F05,round5,2024-04-01T00:00:00,2024-04-07T00:00:00,country_IN,India,state_29,Karnataka,district_536,Dharwad,38560,11920,50480,200,100,300,0,0,0,218240,714,265,
9bbbf40a-c83e-4551-b926-6d8b1f9cae93,Foot And Mouth Disease,ICD11_1F05,round5,2024-04-01T00:00:00,2024-04-07T00:00:00,country_IN,India,state_29,Karnataka,district_537,Gadag,11010,3760,14770,190,70,260,0,0,0,188780,447,205,
a50480f6-9fb3-49f7-92d0-d7d74e767c01,Foot And Mouth Disease,ICD11_1F05,round5,2024-04-01T00:00:00,2024-04-07T00:00:00,country_IN,India,state_29,Karnataka,district_540,Haveri,14300,6940,21240,170,50,220,0,0,0,308380,1745,527,
4735e578-762d-45ec-853c-c5c93bb88c2a,Foot And Mouth Disease,ICD11_1F05,round5,2024-04-01T00:00:00,2024-04-07T00:00:00,country_IN,India,state_29,Karnataka,district_550,Uttara Kannada,7250,1030,8280,50,0,50,0,0,0,146040,1265,250,
c74f7152-7907-47f9-8fa6-a443f0ac939f,Foot And Mouth Disease,ICD11_1F05,round5,2024-04-01T00:00:00,2024-04-07T00:00:00,country_IN,India,state_29,Karnataka,district_530,Vijayapura,19570,15390,34960,30,60,90,0,0,0,404990,67,95,
33fec5ea-f37c-4b8e-9f85-0826d48a71ec,Foot And Mouth Disease,ICD11_1F05,round5,2024-04-01T00:00:00,2024-04-07T00:00:00,country_IN,India,state_29,Karnataka,district_528,Ballari,40600,32190,72790,240,200,440,0,0,0,307960,237,262,
2bbbdb79-a6ec-442f-9ffe-7b42da22012f,Foot And Mouth Disease,ICD11_1F05,round5,2024-04-01T00:00:00,2024-04-07T00:00:00,country_IN,India,state_29,Karnataka,district_529,Bidar,37260,22500,59760,220,350,570,0,0,0,314130,897,568,
7f2bec0d-efdc-463a-9b0c-46ff6d569a36,Foot And Mouth Disease,ICD11_1F05,round5,2024-04-01T00:00:00,2024-04-07T00:00:00,country_IN,India,state_29,Karnataka,district_543,Koppal,10470,1860,12330,60,20,80,0,0,0,117870,588,254,
7750f9fb-bee1-4b65-9f8c-11ba3e7e66ba,Foot And Mouth Disease,ICD11_1F05,round5,2024-04-01T00:00:00,2024-04-07T00:00:00,country_IN,India,state_29,Karnataka,district_538,Kalaburagi,88640,15140,103780,270,110,380,0,0,0,447440,3060,576,
e0ebe08f-91c6-4dbf-b77f-8b5c6149d062,Foot And Mouth Disease,ICD11_1F05,round5,2024-04-01T00:00:00,2024-04-07T00:00:00,country_IN,India,state_29,Karnataka,district_546,Raichur,51460,19320,70780,110,30,140,0,0,0,731240,9,11,
66a73187-128c-426a-b987-03061910cf3f,Foot And Mouth Disease,ICD11_1F05,round5,2024-04-01T00:00:00,2024-04-07T00:00:00,country_IN,India,state_29,Karnataka,district_635,Yadgir,93610,17900,111510,2850,800,3650,0,0,0,347620,1233,458,
39b4fcfa-891d-4501-bcde-ce77fabcbf67,Foot And Mouth Disease,ICD11_1F05,round5,2024-04-01T00:00:00,2024-04-07T00:00:00,country_IN,India,state_29,Karnataka,district_738,Vijayanagar,70860,28120,98980,890,510,1400,0,0,0,285390,343,205,
f794dd48-12a9-477d-8944-89e097e05468,Foot And Mouth Disease,ICD11_1F05,round5,2024-04-01T00:00:00,2024-05-07T00:00:00,country_IN,India,state_29,Karnataka,district_525,Bengaluru Urban,739,21,760,4,0,4,30,0,30,26437,11323,441,
29149f93-7ce9-464b-b6ff-30fc5a5e7661,Foot And Mouth Disease,ICD11_1F05,round5,2024-04-01T00:00:00,2024-05-07T00:00:00,country_IN,India,state_29,Karnataka,district_526,Bengaluru Rural,42,0,42,0,0,0,0,0,0,46509,10268,568,
9c66ee7f-a7ac-473b-808f-851f56e5ac0e,Foot And Mouth Disease,ICD11_1F05,round5,2024-04-01T00:00:00,2024-05-07T00:00:00,country_IN,India,state_29,Karnataka,district_533,Chitradurga,3647,1301,4948,8,0,8,0,0,0,94063,4535,2318,
e2736abf-9fcb-4701-a002-d2e487a9d635,Foot And Mouth Disease,ICD11_1F05,round5,2024-04-01T00:00:00,2024-05-07T00:00:00,country_IN,India,state_29,Karnataka,district_630,Chikkaballapura,13,3,16,0,0,0,0,0,0,74395,7747,776,
4434a3c6-0113-4cc8-83f4-b46defa409a2,Foot And Mouth Disease,ICD11_1F05,round5,2024-04-01T00:00:00,2024-05-07T00:00:00,country_IN,India,state_29,Karnataka,district_535,Davangere,1378,678,2056,56,21,77,0,0,0,92490,13497,3909,
924f57d3-238f-49ec-85dd-c3425bc21790,Foot And Mouth Disease,ICD11_1F05,round5,2024-04-01T00:00:00,2024-05-07T00:00:00,country_IN,India,state_29,Karnataka,district_542,Kolar,251,32,283,0,0,0,0,0,0,95309,10656,1242,
8b349e91-65b0-442e-9a5a-df58626eabb7,Foot And Mouth Disease,ICD11_1F05,round5,2024-04-01T00:00:00,2024-05-07T00:00:00,country_IN,India,state_29,Karnataka,district_631,Ramanagara,0,0,0,0,0,0,0,0,0,72248,10742,398,
36bcc6f5-409f-4988-82ef-3cf4bea0c549,Foot And Mouth Disease,ICD11_1F05,round5,2024-04-01T00:00:00,2024-05-07T00:00:00,country_IN,India,state_29,Karnataka,district_547,Shivamogga,0,0,0,0,0,0,0,0,0,122046,7028,1474,
791cd7a6-40ee-4c33-9a24-13424645c5ad,Foot And Mouth Disease,ICD11_1F05,round5,2024-04-01T00:00:00,2024-05-07T00:00:00,country_IN,India,state_29,Karnataka,district_548,Tumakuru,3240,693,3933,31,3,34,28,16,44,195354,14982,5426,
6aa0123d-a6b3-48be-92c8-654702327516,Foot And Mouth Disease,ICD11_1F05,round5,2024-04-01T00:00:00,2024-05-07T00:00:00,country_IN,India,state_29,Karnataka,district_531,Chamarajanagara,41,0,41,0,0,0,0,0,0,58398,2179,71,
97e49c58-65e7-4c33-b0d4-55a4228f4724,Foot And Mouth Disease,ICD11_1F05,round5,2024-04-01T00:00:00,2024-05-07T00:00:00,country_IN,India,state_29,Karnataka,district_532,Chikkamagaluru,972,4,976,0,0,0,0,0,0,85165,3467,230,
7f80c7e6-b024-4967-923d-a6add855f559,Foot And Mouth Disease,ICD11_1F05,round5,2024-04-01T00:00:00,2024-05-07T00:00:00,country_IN,India,state_29,Karnataka,district_534,Dakshina Kannada,214,0,214,15,0,15,26,0,26,63740,5781,12,
501e45af-81e7-4bf4-8101-626bb459d8cb,Foot And Mouth Disease,ICD11_1F05,round5,2024-04-01T00:00:00,2024-05-07T00:00:00,country_IN,India,state_29,Karnataka,district_539,Hassan,81,25,106,0,0,0,46,1,47,207147,3564,244,
6470fd07-44fa-40b4-9d9d-e0cb45f90bed,Foot And Mouth Disease,ICD11_1F05,round5,2024-04-01T00:00:00,2024-05-07T00:00:00,country_IN,India,state_29,Karnataka,district_541,Kodagu,1349,79,1428,9,0,9,0,0,0,15007,4645,100,
884c9356-c6fd-4f94-932e-6feff9220d6a,Foot And Mouth Disease,ICD11_1F05,round5,2024-04-01T00:00:00,2024-05-07T00:00:00,country_IN,India,state_29,Karnataka,district_545,Mysuru,4280,0,4280,0,0,0,0,0,0,158601,8702,123,
4a7ca606-c7aa-4447-bc02-039039c8d5d1,Foot And Mouth Disease,ICD11_1F05,round5,2024-04-01T00:00:00,2024-05-07T00:00:00,country_IN,India,state_29,Karnataka,district_544,Mandya,1879,526,2405,0,0,0,0,0,0,160003,6551,1312,
e911445b-9652-4d8e-a447-a5e9e957ad77,Foot And Mouth Disease,ICD11_1F05,round5,2024-04-01T00:00:00,2024-05-07T00:00:00,country_IN,India,state_29,Karnataka,district_549,Udupi,839,2,841,2,0,2,2,0,2,59116,4022,15,
fb5b6f79-c0b9-4ca5-a3b2-9cd7c3ee4993,Foot And Mouth Disease,ICD11_1F05,round5,2024-04-01T00:00:00,2024-05-07T00:00:00,country_IN,India,state_29,Karnataka,district_527,Belagavi,2080,4061,6141,1,2,3,49,97,146,557345,1883,2060,
0564464c-f8d5-418e-ad94-ff06d320ed86,Foot And Mouth Disease,ICD11_1F05,round5,2024-04-01T00:00:00,2024-05-07T00:00:00,country_IN,India,state_29,Karnataka,district_524,Bagalkote,38,12,50,0,0,0,10,8,18,147504,3990,3916,
3a8c2170-930d-406d-a42f-1c46106f2bb4,Foot And Mouth Disease,ICD11_1F05,round5,2024-04-01T00:00:00,2024-05-07T00:00:00,country_IN,India,state_29,Karnataka,district_536,Dharwad,0,0,0,0,0,0,0,0,0,59928,2039,917,
0b244e4a-5fc0-4e00-862c-3294f442396f,Foot And Mouth Disease,ICD11_1F05,round5,2024-04-01T00:00:00,2024-05-07T00:00:00,country_IN,India,state_29,Karnataka,district_537,Gadag,0,0,0,0,0,0,0,0,0,61127,973,466,
9c788e97-916c-4295-8c7a-5c682d81d466,Foot And Mouth Disease,ICD11_1F05,round5,2024-04-01T00:00:00,2024-05-07T00:00:00,country_IN,India,state_29,Karnataka,district_540,Haveri,0,0,0,0,0,0,82,19,101,117438,5221,1881,
a86721c8-d9da-4de6-b0b9-7b8d06761698,Foot And Mouth Disease,ICD11_1F05,round5,2024-04-01T00:00:00,2024-05-07T00:00:00,country_IN,India,state_29,Karnataka,district_550,Uttara Kannada,0,0,0,0,0,0,0,0,0,83223,4233,742,
01c9d7a1-db72-4409-88d7-bb9e6d3c9848,Foot And Mouth Disease,ICD11_1F05,round5,2024-04-01T00:00:00,2024-05-07T00:00:00,country_IN,India,state_29,Karnataka,district_530,Vijayapura,0,0,0,0,0,0,0,0,0,138085,516,645,
b660fc21-b934-4424-b4e9-57b8afe9a5b3,Foot And Mouth Disease,ICD11_1F05,round5,2024-04-01T00:00:00,2024-05-07T00:00:00,country_IN,India,state_29,Karnataka,district_528,Ballari,0,0,0,0,0,0,0,0,0,64586,627,601,
29c08a95-7407-4d4d-9eb2-6924f04cdbe0,Foot And Mouth Disease,ICD11_1F05,round5,2024-04-01T00:00:00,2024-05-07T00:00:00,country_IN,India,state_29,Karnataka,district_529,Bidar,0,0,0,0,0,0,0,0,0,103703,2680,2145,
913776d5-cd12-4463-91eb-a619a95cd13a,Foot And Mouth Disease,ICD11_1F05,round5,2024-04-01T00:00:00,2024-05-07T00:00:00,country_IN,India,state_29,Karnataka,district_543,Koppal,0,0,0,0,0,0,0,0,0,88813,2914,1667,
eb365aa8-bfe2-4e3c-8721-460e499ecf67,Foot And Mouth Disease,ICD11_1F05,round5,2024-04-01T00:00:00,2024-05-07T00:00:00,country_IN,India,state_29,Karnataka,district_538,Kalaburagi,0,0,0,0,0,0,2,5,7,114631,5386,975,
34b3efb0-7d7e-47bb-b676-9ef408e4edc1,Foot And Mouth Disease,ICD11_1F05,round5,2024-04-01T00:00:00,2024-05-07T00:00:00,country_IN,India,state_29,Karnataka,district_546,Raichur,0,0,0,0,0,0,0,0,0,198486,73,38,
cbbedc20-d73b-4744-b624-436afc9370c0,Foot And Mouth Disease,ICD11_1F05,round5,2024-04-01T00:00:00,2024-05-07T00:00:00,country_IN,India,state_29,Karnataka,district_635,Yadgir,0,0,0,0,0,0,0,0,0,83805,3160,654,
aad7bf29-6f49-455a-8860-342a4000800f,Foot And Mouth Disease,ICD11_1F05,round5,2024-04-01T00:00:00,2024-05-07T00:00:00,country_IN,India,state_29,Karnataka,district_738,Vijayanagar,1259,386,1645,35,34,69,0,0,0,107474,1716,987,
e2caea3d-1139-49d1-a7e9-a67efda64d84,Foot And Mouth Disease,ICD11_1F05,round5,2024-04-01T00:00:00,2024-04-29T00:00:00,country_IN,India,state_29,Karnataka,district_525,Bengaluru Urban,4241,105,4346,130,0,130,0,0,0,111950,10347,420,
30cf3221-5265-4575-8ea1-3b2659721a36,Foot And Mouth Disease,ICD11_1F05,round5,2024-04-01T00:00:00,2024-04-29T00:00:00,country_IN,India,state_29,Karnataka,district_526,Bengaluru Rural,24,0,24,0,0,0,0,0,0,133385,10058,568,
8b760245-e63c-457e-9b11-4030849081f3,Foot And Mouth Disease,ICD11_1F05,round5,2024-04-01T00:00:00,2024-04-29T00:00:00,country_IN,India,state_29,Karnataka,district_533,Chitradurga,4874,2056,6930,124,81,205,10,11,21,236705,4299,2211,
989907ec-5eed-43f4-b819-5935658071ed,Foot And Mouth Disease,ICD11_1F05,round5,2024-04-01T00:00:00,2024-04-29T00:00:00,country_IN,India,state_29,Karnataka,district_630,Chikkaballapura,8601,1477,10078,44,4,48,0,0,0,162671,7562,764,
193e6ffd-c2d8-4ad9-aa4d-dcb6b7b4bb7f,Foot And Mouth Disease,ICD11_1F05,round5,2024-04-01T00:00:00,2024-04-29T00:00:00,country_IN,India,state_29,Karnataka,district_535,Davangere,7483,2743,10226,224,49,273,39,12,51,232416,12539,3616,
36ff3ba7-9c09-4692-84ff-bf895fbae6b6,Foot And Mouth Disease,ICD11_1F05,round5,2024-04-01T00:00:00,2024-04-29T00:00:00,country_IN,India,state_29,Karnataka,district_542,Kolar,3244,131,3375,7,0,7,0,0,0,209384,10623,1242,
33d5bb61-a69f-48bf-b703-2a21db30a6a5,Foot And Mouth Disease,ICD11_1F05,round5,2024-04-01T00:00:00,2024-04-29T00:00:00,country_IN,India,state_29,Karnataka,district_631,Ramanagara,4189,329,4518,189,3,192,0,0,0,228120,10271,384,
aaf039f3-48e1-4073-a5b6-1e9b23768453,Foot And Mouth Disease,ICD11_1F05,round5,2024-04-01T00:00:00,2024-04-29T00:00:00,country_IN,India,state_29,Karnataka,district_547,Shivamogga,22052,4844,26896,117,7,124,0,0,0,488312,6956,1466,
9140a575-a23b-4922-9ab1-2e095bc1a88a,Foot And Mouth Disease,ICD11_1F05,round5,2024-04-01T00:00:00,2024-04-29T00:00:00,country_IN,India,state_29,Karnataka,district_548,Tumakuru,13820,3344,17164,136,17,153,18,1,19,450520,14072,4983,
99f9a685-820b-44f3-90e9-0019338b1c2f,Foot And Mouth Disease,ICD11_1F05,round5,2024-04-01T00:00:00,2024-04-29T00:00:00,country_IN,India,state_29,Karnataka,district_531,Chamarajanagara,4956,298,5254,43,0,43,0,0,0,222332,2136,71,
27bcccd0-7bb6-497c-bcb2-bf3b8f6ccbf0,Foot And Mouth Disease,ICD11_1F05,round5,2024-04-01T00:00:00,2024-04-29T00:00:00,country_IN,India,state_29,Karnataka,district_532,Chikkamagaluru,5958,345,6303,24,0,24,0,0,0,258995,3129,219,
9e76469b-dbb1-45d5-b187-624cbaccbe48,Foot And Mouth Disease,ICD11_1F05,round5,2024-04-01T00:00:00,2024-04-29T00:00:00,country_IN,India,state_29,Karnataka,district_534,Dakshina Kannada,3641,10,3651,150,0,150,0,0,0,192157,5316,12,
7694b689-aa76-4a21-a223-a7aabdf92277,Foot And Mouth Disease,ICD11_1F05,round5,2024-04-01T00:00:00,2024-04-29T00:00:00,country_IN,India,state_29,Karnataka,district_539,Hassan,10522,1393,11915,88,12,100,0,0,0,579736,3545,244,
a9843657-800f-42bf-94fe-9730bcf1dd9c,Foot And Mouth Disease,ICD11_1F05,round5,2024-04-01T00:00:00,2024-04-29T00:00:00,country_IN,India,state_29,Karnataka,district_541,Kodagu,3336,171,3507,95,0,95,0,0,0,49828,4014,89,
3cf69abe-83a8-4322-9fd8-4138857bb4bb,Foot And Mouth Disease,ICD11_1F05,round5,2024-04-01T00:00:00,2024-04-29T00:00:00,country_IN,India,state_29,Karnataka,district_545,Mysuru,13924,277,14201,114,1,115,15,0,15,438610,8358,122,
52e2f1a7-0861-4573-823b-1c78cf02c505,Foot And Mouth Disease,ICD11_1F05,round5,2024-04-01T00:00:00,2024-04-29T00:00:00,country_IN,India,state_29,Karnataka,district_544,Mandya,6056,2438,8494,21,14,35,0,0,0,388547,6320,1252,
095b966d-b576-4dd1-b4f6-dd9b2b77177a,Foot And Mouth Disease,ICD11_1F05,round5,2024-04-01T00:00:00,2024-04-29T00:00:00,country_IN,India,state_29,Karnataka,district_549,Udupi,10758,153,10911,96,0,96,0,0,0,188563,3491,14,
31644169-2248-48eb-a42a-94f0d0c8ab40,Foot And Mouth Disease,ICD11_1F05,round5,2024-04-01T00:00:00,2024-04-29T00:00:00,country_IN,India,state_29,Karnataka,district_527,Belagavi,12361,18716,31077,227,283,510,39,38,77,1157748,1869,2043,
7acb4c84-2ef8-47c5-87f7-aa0163a91cfd,Foot And Mouth Disease,ICD11_1F05,round5,2024-04-01T00:00:00,2024-04-29T00:00:00,country_IN,India,state_29,Karnataka,district_524,Bagalkote,6889,8197,15086,924,624,1548,0,0,0,385453,3978,3886,
5ef22fcb-7d78-4662-8fca-9d93ea59455a,Foot And Mouth Disease,ICD11_1F05,round5,2024-04-01T00:00:00,2024-04-29T00:00:00,country_IN,India,state_29,Karnataka,district_536,Dharwad,6696,3617,10313,263,132,395,0,0,0,169124,1955,866,
202cb48f-30b9-47cd-a42c-06d70d79bb7d,Foot And Mouth Disease,ICD11_1F05,round5,2024-04-01T00:00:00,2024-04-29T00:00:00,country_IN,India,state_29,Karnataka,district_537,Gadag,5401,1675,7076,0,0,0,0,0,0,152722,864,415,
e234e24d-e111-4d13-b59b-eeb790bb98d9,Foot And Mouth Disease,ICD11_1F05,round5,2024-04-01T00:00:00,2024-04-29T00:00:00,country_IN,India,state_29,Karnataka,district_540,Haveri,6055,2031,8086,238,127,365,0,0,0,283181,4821,1741,
fadbc3a2-57a2-44b5-8800-0d55453191d2,Foot And Mouth Disease,ICD11_1F05,round5,2024-04-01T00:00:00,2024-04-29T00:00:00,country_IN,India,state_29,Karnataka,district_550,Uttara Kannada,13769,3193,16962,97,35,132,0,0,0,284013,4090,728,
cc2702dd-32e5-4475-8784-86b4fb840ad8,Foot And Mouth Disease,ICD11_1F05,round5,2024-04-01T00:00:00,2024-04-29T00:00:00,country_IN,India,state_29,Karnataka,district_530,Vijayapura,3245,3067,6312,54,68,122,0,0,0,288151,498,623,
7c1112a8-5759-4591-ab7c-39a81c1cd721,Foot And Mouth Disease,ICD11_1F05,round5,2024-04-01T00:00:00,2024-04-29T00:00:00,country_IN,India,state_29,Karnataka,district_528,Ballari,791,137,928,2,0,2,0,0,0,182400,627,601,
c551bcac-0689-49b7-a586-f1c3f836af88,Foot And Mouth Disease,ICD11_1F05,round5,2024-04-01T00:00:00,2024-04-29T00:00:00,country_IN,India,state_29,Karnataka,district_529,Bidar,4969,3415,8384,54,50,104,0,0,0,218701,2670,2108,
5e442632-acaa-4dd3-a8b4-b65ae8a35652,Foot And Mouth Disease,ICD11_1F05,round5,2024-04-01T00:00:00,2024-04-29T00:00:00,country_IN,India,state_29,Karnataka,district_543,Koppal,4966,979,5945,154,61,215,0,0,0,227857,2635,1399,
fe77c77f-9115-496a-bc1a-84cf7f56b160,Foot And Mouth Disease,ICD11_1F05,round5,2024-04-01T00:00:00,2024-04-29T00:00:00,country_IN,India,state_29,Karnataka,district_538,Kalaburagi,2170,401,2571,264,121,385,43,9,52,371602,5358,967,
ba265995-6b38-452c-b891-74f013fdc90a,Foot And Mouth Disease,ICD11_1F05,round5,2024-04-01T00:00:00,2024-04-29T00:00:00,country_IN,India,state_29,Karnataka,district_546,Raichur,3892,3095,6987,68,64,132,0,0,0,315240,51,27,
3d177e39-0a10-4bf8-8000-080171b2c163,Foot And Mouth Disease,ICD11_1F05,round5,2024-04-01T00:00:00,2024-04-29T00:00:00,country_IN,India,state_29,Karnataka,district_635,Yadgir,290,43,333,26,15,41,0,0,0,247345,3131,647,
0d251bcf-2c46-4807-8abb-f6342134e996,Foot And Mouth Disease,ICD11_1F05,round5,2024-04-01T00:00:00,2024-04-29T00:00:00,country_IN,India,state_29,Karnataka,district_738,Vijayanagar,1069,989,2058,80,58,138,0,0,0,228042,1592,914,
b0f75533-ad5c-4a92-8cb8-73ab0e8f689f,Foot And Mouth Disease,ICD11_1F05,round5,2024-04-01T00:00:00,2024-04-02T00:00:00,country_IN,India,state_29,Karnataka,district_525,Bengaluru Urban,6148,141,6289,206,13,2190,80,0,8,2562,1075,46,
77b472a8-648b-41a8-b504-963e1200322a,Foot And Mouth Disease,ICD11_1F05,round5,2024-04-01T00:00:00,2024-04-02T00:00:00,country_IN,India,state_29,Karnataka,district_525,Bengaluru Urban,7315,506,7821,186,6,1920,0,0,0,5340,1152,96,
1322f2d2-c025-49e4-b62d-d624c5220933,Foot And Mouth Disease,ICD11_1F05,round5,2024-04-01T00:00:00,2024-04-02T00:00:00,country_IN,India,state_29,Karnataka,district_533,Chitradurga,9208,3697,12905,122,63,1850,0,0,0,7517,333,169,
0c1b7027-96f9-4759-9d47-c8bf308247e0,Foot And Mouth Disease,ICD11_1F05,round5,2024-04-01T00:00:00,2024-04-02T00:00:00,country_IN,India,state_29,Karnataka,district_630,Chikkaballapura,7147,436,7583,267,10,2770,0,0,0,6082,901,79,
eeba001d-ccb8-4366-bfc6-c46ce180bf2e,Foot And Mouth Disease,ICD11_1F05,round5,2024-04-01T00:00:00,2024-04-02T00:00:00,country_IN,India,state_29,Karnataka,district_535,Davangere,3812,747,4559,177,51,2280,0,0,0,3434,566,111,
751892b8-5140-413f-8660-5c9e991886a1,Foot And Mouth Disease,ICD11_1F05,round5,2024-04-01T00:00:00,2024-04-02T00:00:00,country_IN,India,state_29,Karnataka,district_542,Kolar,11780,869,12649,353,34,3870,0,0,0,9332,1509,136,
10af24b3-76ab-48e9-9a86-990112e59dce,Foot And Mouth Disease,ICD11_1F05,round5,2024-04-01T00:00:00,2024-04-02T00:00:00,country_IN,India,state_29,Karnataka,district_631,Ramanagara,14644,433,15077,435,11,4460,0,0,0,6510,937,25,
15322829-3b7e-4940-a2f1-cd373b28a114,Foot And Mouth Disease,ICD11_1F05,round5,2024-04-01T00:00:00,2024-04-02T00:00:00,country_IN,India,state_29,Karnataka,district_547,Shivamogga,4207,740,4947,58,4,620,0,0,0,2248,255,24,
c6a4a5ae-842e-44a2-b630-5d812a8bd0ee,Foot And Mouth Disease,ICD11_1F05,round5,2024-04-01T00:00:00,2024-04-02T00:00:00,country_IN,India,state_29,Karnataka,district_548,Tumakuru,18125,5235,23360,375,159,5340,0,0,0,16502,1756,544,
a1351221-590d-4113-b8ff-1d58d5892835,Foot And Mouth Disease,ICD11_1F05,round5,2024-04-01T00:00:00,2024-04-02T00:00:00,country_IN,India,state_29,Karnataka,district_531,Chamarajanagara,12445,166,12611,85,0,850,0,0,0,5250,169,1,
6a0500ff-9f92-4b1c-82c9-354fb28881aa,Foot And Mouth Disease,ICD11_1F05,round5,2024-04-01T00:00:00,2024-04-02T00:00:00,country_IN,India,state_29,Karnataka,district_532,Chikkamagaluru,5583,243,5826,123,48,1710,0,0,0,3355,240,8,
5330b386-e91b-4ca9-afcc-e7a60ccccb7b,Foot And Mouth Disease,ICD11_1F05,round5,2024-04-01T00:00:00,2024-04-02T00:00:00,country_IN,India,state_29,Karnataka,district_534,Dakshina Kannada,10578,59,10637,161,0,1610,40,0,4,5874,377,0,
64c35a99-80e8-426c-8f90-ca0494d6b697,Foot And Mouth Disease,ICD11_1F05,round5,2024-04-01T00:00:00,2024-04-02T00:00:00,country_IN,India,state_29,Karnataka,district_539,Hassan,17559,2944,20503,161,14,1750,0,0,0,9466,285,24,
c056eda6-c5fc-4ada-8940-3a3f6690393c,Foot And Mouth Disease,ICD11_1F05,round5,2024-04-01T00:00:00,2024-04-02T00:00:00,country_IN,India,state_29,Karnataka,district_541,Kodagu,2285,84,2369,111,2,1130,0,0,0,873,243,4,
4d14be29-7f6e-456e-896a-94ab8ac4ae85,Foot And Mouth Disease,ICD11_1F05,round5,2024-04-01T00:00:00,2024-04-02T00:00:00,country_IN,India,state_29,Karnataka,district_545,Mysuru,18493,164,18657,297,2,2990,40,0,4,9788,772,5,
da05d91a-a102-4278-995b-f53491a8f5de,Foot And Mouth Disease,ICD11_1F05,round5,2024-04-01T00:00:00,2024-04-02T00:00:00,country_IN,India,state_29,Karnataka,district_544,Mandya,13807,3248,17055,241,22,2630,610,48,109,12147,703,140,
a513df37-4c52-48b2-ad47-548621d3c49c,Foot And Mouth Disease,ICD11_1F05,round5,2024-04-01T00:00:00,2024-04-02T00:00:00,country_IN,India,state_29,Karnataka,district_549,Udupi,759,25,784,0,0,0,0,0,0,284,3,0,
e1ae621b-4788-46ef-969c-83b8766df44b,Foot And Mouth Disease,ICD11_1F05,round5,2024-04-01T00:00:00,2024-04-02T00:00:00,country_IN,India,state_29,Karnataka,district_527,Belagavi,19075,27561,46636,201,242,4430,,0,1,35282,82,174,
74b93a00-7262-4f0a-beb5-1adbd69b2586,Foot And Mouth Disease,ICD11_1F05,round5,2024-04-01T00:00:00,2024-04-02T00:00:00,country_IN,India,state_29,Karnataka,district_524,Bagalkote,8888,8167,17055,179,152,3310,60,0,6,9563,127,114,
bd4680f5-1977-4032-a4ba-79783a152445,Foot And Mouth Disease,ICD11_1F05,round5,2024-04-01T00:00:00,2024-04-02T00:00:00,country_IN,India,state_29,Karnataka,district_536,Dharwad,6343,1992,8335,93,39,1320,60,4,10,5732,166,36,
d2e14bb0-4df5-4bba-9cee-e32cc79194da,Foot And Mouth Disease,ICD11_1F05,round5,2024-04-01T00:00:00,2024-04-02T00:00:00,country_IN,India,state_29,Karnataka,district_537,Gadag,5512,2403,7915,90,44,1340,0,0,0,5825,172,68,
a6279122-328c-47e6-9f06-68f699d818c8,Foot And Mouth Disease,ICD11_1F05,round5,2024-04-01T00:00:00,2024-04-02T00:00:00,country_IN,India,state_29,Karnataka,district_540,Haveri,10895,3375,14270,153,84,2370,50,2,7,8857,543,144,
ec541e5c-49e9-4884-b54e-83c321a72ed0,Foot And Mouth Disease,ICD11_1F05,round5,2024-04-01T00:00:00,2024-04-02T00:00:00,country_IN,India,state_29,Karnataka,district_550,Uttara Kannada,7319,1605,8924,80,28,1080,0,0,0,3662,490,99,
1f8a16e1-f532-4593-8cb1-59b49a906f18,Foot And Mouth Disease,ICD11_1F05,round5,2024-04-01T00:00:00,2024-04-02T00:00:00,country_IN,India,state_29,Karnataka,district_530,Vijayapura,7591,7466,15057,24,43,670,0,0,0,11656,23,26,
0d36ec94-1174-457d-b2ae-02674a678523,Foot And Mouth Disease,ICD11_1F05,round5,2024-04-01T00:00:00,2024-04-02T00:00:00,country_IN,India,state_29,Karnataka,district_528,Ballari,13559,6142,19701,161,82,2430,0,0,0,14227,92,80,
86405c9d-45db-4425-97c8-68bc5895193a,Foot And Mouth Disease,ICD11_1F05,round5,2024-04-01T00:00:00,2024-04-02T00:00:00,country_IN,India,state_29,Karnataka,district_529,Bidar,5271,3784,9055,54,53,1070,20,0,2,6311,170,131,
5afd3b6d-c850-44f5-9505-f9038e0b1304,Foot And Mouth Disease,ICD11_1F05,round5,2024-04-01T00:00:00,2024-04-02T00:00:00,country_IN,India,state_29,Karnataka,district_543,Koppal,517,56,573,23,9,320,0,0,0,334,74,44,
6c46d214-25d5-48dc-a0b8-f343e32317b6,Foot And Mouth Disease,ICD11_1F05,round5,2024-04-01T00:00:00,2024-04-02T00:00:00,country_IN,India,state_29,Karnataka,district_538,Kalaburagi,18407,3214,21621,90,24,1140,660,11,77,12305,1963,397,
64f68915-de61-4461-9f45-9a11c62ebebf,Foot And Mouth Disease,ICD11_1F05,round5,2024-04-01T00:00:00,2024-04-02T00:00:00,country_IN,India,state_29,Karnataka,district_546,Raichur,7339,2726,10065,49,26,750,0,0,0,11124,2,9,
d592dcd8-d330-495e-ba15-740cacfb6561,Foot And Mouth Disease,ICD11_1F05,round5,2024-04-01T00:00:00,2024-04-02T00:00:00,country_IN,India,state_29,Karnataka,district_635,Yadgir,8327,1738,10065,74,32,1060,0,0,0,5972,385,306,
c3e787c8-6515-4776-a272-da105d1d538a,Foot And Mouth Disease,ICD11_1F05,round5,2024-04-01T00:00:00,2024-04-02T00:00:00,country_IN,India,state_29,Karnataka,district_738,Vijayanagar,189,71,260,0,1,,0,0,0,287,7,4,
cec6bf69-f310-427c-b024-6a56e6065408,Foot And Mouth Disease,ICD11_1F05,round5,2024-04-01T00:00:00,2024-05-02T00:00:00,country_IN,India,state_29,Karnataka,district_525,Bengaluru Urban,1860,168,2028,60,0,60,0,0,0,25909,11117,441,
7120d92c-0db9-4283-af67-33da997d68fe,Foot And Mouth Disease,ICD11_1F05,round5,2024-04-01T00:00:00,2024-05-02T00:00:00,country_IN,India,state_29,Karnataka,district_526,Bengaluru Rural,73,0,73,0,0,0,0,0,0,46123,10065,568,
eeaaffe2-77e1-4dae-87db-b48ece8ad9c3,Foot And Mouth Disease,ICD11_1F05,round5,2024-04-01T00:00:00,2024-05-02T00:00:00,country_IN,India,state_29,Karnataka,district_533,Chitradurga,255,127,382,1,0,1,28,16,44,90817,4355,2264,
7b483378-d92d-4417-a840-72852f35af23,Foot And Mouth Disease,ICD11_1F05,round5,2024-04-01T00:00:00,2024-05-02T00:00:00,country_IN,India,state_29,Karnataka,district_630,Chikkaballapura,120,42,162,0,0,0,0,0,0,74358,7747,776,
1bcb52c4-7b31-4900-8284-af7b8c38cf7b,Foot And Mouth Disease,ICD11_1F05,round5,2024-04-01T00:00:00,2024-05-02T00:00:00,country_IN,India,state_29,Karnataka,district_535,Davangere,1554,461,2015,43,9,52,35,11,46,89312,13212,3769,
bafb2d15-a61d-4931-9a8a-dba2ea04e919,Foot And Mouth Disease,ICD11_1F05,round5,2024-04-01T00:00:00,2024-05-02T00:00:00,country_IN,India,state_29,Karnataka,district_542,Kolar,179,0,179,0,0,0,0,0,0,95152,10654,1242,
ab468b4d-b32e-4acb-828c-1bab1041f053,Foot And Mouth Disease,ICD11_1F05,round5,2024-04-01T00:00:00,2024-05-02T00:00:00,country_IN,India,state_29,Karnataka,district_631,Ramanagara,188,16,204,16,2,18,0,0,0,71991,10674,398,
1691259b-310d-44be-b054-984d04f6a76e,Foot And Mouth Disease,ICD11_1F05,round5,2024-04-01T00:00:00,2024-05-02T00:00:00,country_IN,India,state_29,Karnataka,district_547,Shivamogga,1313,1001,2314,0,0,0,0,0,0,121606,7026,1472,
bc16f25c-1400-4801-9fde-16da5e2d9d2d,Foot And Mouth Disease,ICD11_1F05,round5,2024-04-01T00:00:00,2024-05-02T00:00:00,country_IN,India,state_29,Karnataka,district_548,Tumakuru,2799,666,3465,32,1,33,3,3,6,190876,14476,5201,
600a60df-e962-4425-a916-7837a94e6dfd,Foot And Mouth Disease,ICD11_1F05,round5,2024-04-01T00:00:00,2024-05-02T00:00:00,country_IN,India,state_29,Karnataka,district_531,Chamarajanagara,348,0,348,12,0,12,0,0,0,58014,2175,71,
5585f526-a188-411b-95e5-aea42dc69c51,Foot And Mouth Disease,ICD11_1F05,round5,2024-04-01T00:00:00,2024-05-02T00:00:00,country_IN,India,state_29,Karnataka,district_532,Chikkamagaluru,1071,41,1112,0,0,0,0,0,0,82290,3217,222,
73046e67-5e98-4964-bd04-a04e4f20be2f,Foot And Mouth Disease,ICD11_1F05,round5,2024-04-01T00:00:00,2024-05-02T00:00:00,country_IN,India,state_29,Karnataka,district_534,Dakshina Kannada,102,0,102,7,0,7,0,0,0,63125,5724,12,
10bd5776-ab9d-4f86-ab9b-26149596956f,Foot And Mouth Disease,ICD11_1F05,round5,2024-04-01T00:00:00,2024-05-02T00:00:00,country_IN,India,state_29,Karnataka,district_539,Hassan,702,21,723,0,0,0,0,0,0,206890,3564,244,
5369678f-d0b1-417d-bc13-11358231f1f1,Foot And Mouth Disease,ICD11_1F05,round5,2024-04-01T00:00:00,2024-05-02T00:00:00,country_IN,India,state_29,Karnataka,district_541,Kodagu,540,33,573,31,0,31,0,0,0,13836,4299,93,
acf7d9dc-8d11-4f8e-b219-652f6ab003b4,Foot And Mouth Disease,ICD11_1F05,round5,2024-04-01T00:00:00,2024-05-02T00:00:00,country_IN,India,state_29,Karnataka,district_545,Mysuru,3762,11,3773,22,1,23,0,0,0,155214,8619,123,
ba5a92ff-dc5c-4f9c-b410-2281a8ded1c9,Foot And Mouth Disease,ICD11_1F05,round5,2024-04-01T00:00:00,2024-05-02T00:00:00,country_IN,India,state_29,Karnataka,district_544,Mandya,1092,228,1320,0,0,0,0,0,0,158814,6542,1312,
957131c6-53ca-48f0-869d-bdc3113ae323,Foot And Mouth Disease,ICD11_1F05,round5,2024-04-01T00:00:00,2024-05-02T00:00:00,country_IN,India,state_29,Karnataka,district_549,Udupi,1143,2,1145,48,0,48,11,0,11,58639,3837,15,
4ce4ca46-3663-44df-abe1-596ea2e36ef6,Foot And Mouth Disease,ICD11_1F05,round5,2024-04-01T00:00:00,2024-05-02T00:00:00,country_IN,India,state_29,Karnataka,district_527,Belagavi,2136,3797,5933,10,18,28,1,4,5,543486,1875,2047,
a0f294f5-6772-4157-835d-d1dd8fe5509f,Foot And Mouth Disease,ICD11_1F05,round5,2024-04-01T00:00:00,2024-05-02T00:00:00,country_IN,India,state_29,Karnataka,district_524,Bagalkote,232,329,561,41,33,74,0,0,0,144910,3990,3914,
d732e8a9-5e56-4adb-a8dc-73e96286a122,Foot And Mouth Disease,ICD11_1F05,round5,2024-04-01T00:00:00,2024-05-02T00:00:00,country_IN,India,state_29,Karnataka,district_536,Dharwad,293,167,460,56,32,88,0,0,0,59653,1967,874,
15c9bd0b-51f2-48cc-95e2-dca0a6ff5818,Foot And Mouth Disease,ICD11_1F05,round5,2024-04-01T00:00:00,2024-05-02T00:00:00,country_IN,India,state_29,Karnataka,district_537,Gadag,143,133,276,2,2,4,0,0,0,60780,970,464,
9fcc7d2a-298a-4316-8be6-78e9e8d49992,Foot And Mouth Disease,ICD11_1F05,round5,2024-04-01T00:00:00,2024-05-02T00:00:00,country_IN,India,state_29,Karnataka,district_540,Haveri,792,207,999,15,6,21,135,37,172,117045,5130,1840,
fbe98ef6-a8e8-432a-a123-14db1cef6b1f,Foot And Mouth Disease,ICD11_1F05,round5,2024-04-01T00:00:00,2024-05-02T00:00:00,country_IN,India,state_29,Karnataka,district_550,Uttara Kannada,662,247,909,5,1,6,0,0,0,81779,4196,739,
7ba1293d-9a1c-4ed4-8465-6d04496d407c,Foot And Mouth Disease,ICD11_1F05,round5,2024-04-01T00:00:00,2024-05-02T00:00:00,country_IN,India,state_29,Karnataka,district_530,Vijayapura,1141,1361,2502,3,6,9,14,24,38,137532,506,638,
d9675d2c-e1e9-4507-bb35-01fb05ffb00d,Foot And Mouth Disease,ICD11_1F05,round5,2024-04-01T00:00:00,2024-05-02T00:00:00,country_IN,India,state_29,Karnataka,district_528,Ballari,0,0,0,0,0,0,0,0,0,64422,627,601,
c4369c87-fd19-433a-96d5-119b56d69673,Foot And Mouth Disease,ICD11_1F05,round5,2024-04-01T00:00:00,2024-05-02T00:00:00,country_IN,India,state_29,Karnataka,district_529,Bidar,920,744,1664,8,6,14,0,0,0,102762,2680,2145,
ff393f9c-92a5-410e-8b90-0c8392303dc2,Foot And Mouth Disease,ICD11_1F05,round5,2024-04-01T00:00:00,2024-05-02T00:00:00,country_IN,India,state_29,Karnataka,district_543,Koppal,4131,858,4989,0,0,0,0,0,0,88187,2790,1645,
580ff2af-abfb-42ea-89e7-6c95cd3896b9,Foot And Mouth Disease,ICD11_1F05,round5,2024-04-01T00:00:00,2024-05-02T00:00:00,country_IN,India,state_29,Karnataka,district_538,Kalaburagi,0,0,0,0,0,0,9,6,15,113966,5366,973,
1106b8dd-ef9e-4f97-b002-81f3d241ab62,Foot And Mouth Disease,ICD11_1F05,round5,2024-04-01T00:00:00,2024-05-02T00:00:00,country_IN,India,state_29,Karnataka,district_546,Raichur,0,0,0,0,0,0,0,0,0,198486,73,38,
ee3038af-7cf8-4a84-a673-d2ada9f79ee3,Foot And Mouth Disease,ICD11_1F05,round5,2024-04-01T00:00:00,2024-05-02T00:00:00,country_IN,India,state_29,Karnataka,district_635,Yadgir,263,105,368,0,0,0,0,0,0,83649,3160,654,
195f527f-317d-45fa-9351-67a2b188b994,Foot And Mouth Disease,ICD11_1F05,round5,2024-04-01T00:00:00,2024-05-02T00:00:00,country_IN,India,state_29,Karnataka,district_738,Vijayanagar,0,0,0,4,5,9,221,156,377,106551,1601,919,
28618ca9-9671-42a5-a99a-982215e12941,Foot And Mouth Disease,ICD11_1F05,round5,2024-04-01T00:00:00,2024-04-30T00:00:00,country_IN,India,state_29,Karnataka,district_525,Bengaluru Urban,3531,49,3580,123,4,127,0,0,0,25419,10855,426,
ded6f550-2c05-4910-bebe-8e108140d72e,Foot And Mouth Disease,ICD11_1F05,round5,2024-04-01T00:00:00,2024-04-30T00:00:00,country_IN,India,state_29,Karnataka,district_526,Bengaluru Rural,0,0,0,0,0,0,0,0,0,46099,10058,568,
74d89b6b-cfce-4e64-8f33-291a2df18c51,Foot And Mouth Disease,ICD11_1F05,round5,2024-04-01T00:00:00,2024-04-30T00:00:00,country_IN,India,state_29,Karnataka,district_533,Chitradurga,5785,3627,9412,18,18,36,0,0,0,90537,4343,2264,
60344aaa-d052-4e10-8080-e2ffab4f4d8c,Foot And Mouth Disease,ICD11_1F05,round5,2024-04-01T00:00:00,2024-04-30T00:00:00,country_IN,India,state_29,Karnataka,district_630,Chikkaballapura,2493,281,2774,33,5,38,0,0,0,74278,7747,776,
6e17b5b7-413f-47e0-8653-6518167f9174,Foot And Mouth Disease,ICD11_1F05,round5,2024-04-01T00:00:00,2024-04-30T00:00:00,country_IN,India,state_29,Karnataka,district_535,Davangere,2711,599,3310,177,47,224,0,0,0,87948,12798,3683,
9e09c0f2-7f00-4cd1-9579-11bc78077257,Foot And Mouth Disease,ICD11_1F05,round5,2024-04-01T00:00:00,2024-04-30T00:00:00,country_IN,India,state_29,Karnataka,district_542,Kolar,354,30,384,20,0,20,0,0,0,95039,10654,1242,
890e5827-f286-457c-932e-6669e1ec1a10,Foot And Mouth Disease,ICD11_1F05,round5,2024-04-01T00:00:00,2024-04-30T00:00:00,country_IN,India,state_29,Karnataka,district_631,Ramanagara,4586,305,4891,176,4,180,0,0,0,71723,10583,395,
410237ea-cb32-49e2-aa95-b7359fadc39a,Foot And Mouth Disease,ICD11_1F05,round5,2024-04-01T00:00:00,2024-04-30T00:00:00,country_IN,India,state_29,Karnataka,district_547,Shivamogga,10002,1869,11871,46,7,53,0,0,0,121073,7016,1472,
b9b95ee9-432b-4ed4-8644-e053838bfa8f,Foot And Mouth Disease,ICD11_1F05,round5,2024-04-01T00:00:00,2024-04-30T00:00:00,country_IN,India,state_29,Karnataka,district_548,Tumakuru,4276,1231,5507,68,18,86,3,3,6,189490,14316,5063,
a304cbd3-968b-4cde-8be8-6e46414e5d98,Foot And Mouth Disease,ICD11_1F05,round5,2024-04-01T00:00:00,2024-04-30T00:00:00,country_IN,India,state_29,Karnataka,district_531,Chamarajanagara,1421,0,1421,6,0,6,0,0,0,57903,2163,71,
50630afd-762a-40dc-8c7e-1c79dfaa9c06,Foot And Mouth Disease,ICD11_1F05,round5,2024-04-01T00:00:00,2024-04-30T00:00:00,country_IN,India,state_29,Karnataka,district_532,Chikkamagaluru,5190,644,5834,21,2,23,0,0,0,81897,3176,222,
948c1e91-24fa-4917-8426-e6f57f609c56,Foot And Mouth Disease,ICD11_1F05,round5,2024-04-01T00:00:00,2024-04-30T00:00:00,country_IN,India,state_29,Karnataka,district_534,Dakshina Kannada,4136,3,4139,183,0,183,11,0,11,63082,5724,12,
d6b0d719-97e7-4e71-9673-52985860838e,Foot And Mouth Disease,ICD11_1F05,round5,2024-04-01T00:00:00,2024-04-30T00:00:00,country_IN,India,state_29,Karnataka,district_539,Hassan,3694,538,4232,30,4,34,0,0,0,206677,3564,244,
6dad2876-7459-4d41-b05d-117d1375c07a,Foot And Mouth Disease,ICD11_1F05,round5,2024-04-01T00:00:00,2024-04-30T00:00:00,country_IN,India,state_29,Karnataka,district_541,Kodagu,2316,93,2409,45,0,45,0,0,0,13506,4184,93,
5ee475db-b22f-4511-aeaa-82b9c375303f,Foot And Mouth Disease,ICD11_1F05,round5,2024-04-01T00:00:00,2024-04-30T00:00:00,country_IN,India,state_29,Karnataka,district_545,Mysuru,4573,170,4743,124,0,124,0,0,0,153975,8547,122,
c41956c1-e282-40b5-ac31-2fa69d7e48fe,Foot And Mouth Disease,ICD11_1F05,round5,2024-04-01T00:00:00,2024-04-30T00:00:00,country_IN,India,state_29,Karnataka,district_544,Mandya,5071,1665,6736,107,30,137,0,0,0,158234,6504,1296,
79da2080-c407-472c-b516-6edbc280c74f,Foot And Mouth Disease,ICD11_1F05,round5,2024-04-01T00:00:00,2024-04-30T00:00:00,country_IN,India,state_29,Karnataka,district_549,Udupi,7524,4,7528,204,0,204,0,0,0,58163,3684,15,
76060049-dc94-4d70-ac81-9a9abdd00bbf,Foot And Mouth Disease,ICD11_1F05,round5,2024-04-01T00:00:00,2024-04-30T00:00:00,country_IN,India,state_29,Karnataka,district_527,Belagavi,8624,14426,23050,108,111,219,4,9,13,540789,1871,2046,
087b1493-1d56-419b-b64d-b9aa12a56f35,Foot And Mouth Disease,ICD11_1F05,round5,2024-04-01T00:00:00,2024-04-30T00:00:00,country_IN,India,state_29,Karnataka,district_524,Bagalkote,2907,3242,6149,12,24,36,177,128,305,144259,3979,3900,
0dac311a-0840-4eff-bf10-6160284b308d,Foot And Mouth Disease,ICD11_1F05,round5,2024-04-01T00:00:00,2024-04-30T00:00:00,country_IN,India,state_29,Karnataka,district_536,Dharwad,4043,1296,5339,411,107,518,0,0,0,59476,1962,869,
44474ed3-fe81-46ba-9fea-17c47e40645b,Foot And Mouth Disease,ICD11_1F05,round5,2024-04-01T00:00:00,2024-04-30T00:00:00,country_IN,India,state_29,Karnataka,district_537,Gadag,955,302,1257,31,34,65,0,0,0,60451,970,464,
e7a45af2-ce6d-4418-9c87-10c1072ba780,Foot And Mouth Disease,ICD11_1F05,round5,2024-04-01T00:00:00,2024-04-30T00:00:00,country_IN,India,state_29,Karnataka,district_540,Haveri,3484,848,4332,82,81,163,0,0,0,115911,4993,1767,
51f89aec-217d-4881-ae5b-cb3bc77e183c,Foot And Mouth Disease,ICD11_1F05,round5,2024-04-01T00:00:00,2024-04-30T00:00:00,country_IN,India,state_29,Karnataka,district_550,Uttara Kannada,7950,1130,9080,43,3,46,0,1,1,81163,4180,738,
92c0e16c-c1fc-4faa-aa30-11bff64a19f0,Foot And Mouth Disease,ICD11_1F05,round5,2024-04-01T00:00:00,2024-04-30T00:00:00,country_IN,India,state_29,Karnataka,district_530,Vijayapura,3117,2121,5238,7,9,16,0,2,2,135600,503,632,
bb72ada3-d7a7-49fc-a355-deb2bc6e504b,Foot And Mouth Disease,ICD11_1F05,round5,2024-04-01T00:00:00,2024-04-30T00:00:00,country_IN,India,state_29,Karnataka,district_528,Ballari,210,116,326,0,0,0,0,0,0,64422,627,601,
848c79cc-b0c7-4bba-ac49-fa1726141a38,Foot And Mouth Disease,ICD11_1F05,round5,2024-04-01T00:00:00,2024-04-30T00:00:00,country_IN,India,state_29,Karnataka,district_529,Bidar,6224,4120,10344,116,72,188,0,0,0,100596,2680,2145,
d7308c9c-316c-4978-aed8-024be0221a28,Foot And Mouth Disease,ICD11_1F05,round5,2024-04-01T00:00:00,2024-04-30T00:00:00,country_IN,India,state_29,Karnataka,district_543,Koppal,1266,1108,2374,98,79,177,0,0,0,86247,2790,1645,
6f072ff6-a6df-4fb8-adbb-0ae9c04cf4d7,Foot And Mouth Disease,ICD11_1F05,round5,2024-04-01T00:00:00,2024-04-30T00:00:00,country_IN,India,state_29,Karnataka,district_538,Kalaburagi,1053,242,1295,74,14,88,36,9,45,113966,5366,973,
8363fcd6-2de2-4b9d-8e87-55ee578e0937,Foot And Mouth Disease,ICD11_1F05,round5,2024-04-01T00:00:00,2024-04-30T00:00:00,country_IN,India,state_29,Karnataka,district_546,Raichur,2958,1531,4489,40,24,64,0,0,0,198486,73,38,
145a888a-3f96-42e9-8ee8-df18db758483,Foot And Mouth Disease,ICD11_1F05,round5,2024-04-01T00:00:00,2024-04-30T00:00:00,country_IN,India,state_29,Karnataka,district_635,Yadgir,472,16,488,48,12,60,0,0,0,83497,3160,654,
e44fe503-6655-4c25-a7e8-1cf9ccd22b8a,Foot And Mouth Disease,ICD11_1F05,round5,2024-04-01T00:00:00,2024-04-30T00:00:00,country_IN,India,state_29,Karnataka,district_738,Vijayanagar,5792,1384,7176,57,12,69,0,0,0,106551,1601,919,
81c4009e-b755-4319-8445-8391ffc6528a,Foot And Mouth Disease,ICD11_1F05,round5,2024-04-01T00:00:00,2024-04-25T00:00:00,country_IN,India,state_29,Karnataka,district_525,Bengaluru Urban,525,4,529,30,0,30,0,0,0,23844,10067,415,
2fe6bb69-2efb-40ac-996b-3061fec413fb,Foot And Mouth Disease,ICD11_1F05,round5,2024-04-01T00:00:00,2024-04-25T00:00:00,country_IN,India,state_29,Karnataka,district_526,Bengaluru Rural,3148,62,3210,60,0,60,0,0,0,46084,10056,568,
355e4ecc-b3c1-44e2-b7b2-1a36d0d140b9,Foot And Mouth Disease,ICD11_1F05,round5,2024-04-01T00:00:00,2024-04-25T00:00:00,country_IN,India,state_29,Karnataka,district_533,Chitradurga,3612,1194,4806,128,88,216,0,0,0,82945,3671,1891,
cb6c3585-b7be-429f-94dc-0f8cb95d1f09,Foot And Mouth Disease,ICD11_1F05,round5,2024-04-01T00:00:00,2024-04-25T00:00:00,country_IN,India,state_29,Karnataka,district_630,Chikkaballapura,4951,486,5437,52,4,56,0,0,0,64484,7197,743,
117f70ff-44d2-442c-a0d4-6f3793ae63a1,Foot And Mouth Disease,ICD11_1F05,round5,2024-04-01T00:00:00,2024-04-25T00:00:00,country_IN,India,state_29,Karnataka,district_535,Davangere,5286,1806,7092,228,53,281,0,0,0,79214,11662,3363,
9ad04f97-0854-457d-be2e-4d97b8774f02,Foot And Mouth Disease,ICD11_1F05,round5,2024-04-01T00:00:00,2024-04-25T00:00:00,country_IN,India,state_29,Karnataka,district_542,Kolar,4765,176,4941,145,4,149,0,0,0,92641,10553,1242,
0b93dfc4-bdc6-481a-95e8-03535e50c623,Foot And Mouth Disease,ICD11_1F05,round5,2024-04-01T00:00:00,2024-04-25T00:00:00,country_IN,India,state_29,Karnataka,district_631,Ramanagara,5408,272,5680,221,8,229,0,0,0,66949,9622,355,
427b5e92-9485-46aa-8e9f-1eeaa2a41b0a,Foot And Mouth Disease,ICD11_1F05,round5,2024-04-01T00:00:00,2024-04-25T00:00:00,country_IN,India,state_29,Karnataka,district_547,Shivamogga,14625,3496,18121,127,25,152,0,0,0,103104,6274,1196,
26e0ed3c-be17-46f9-86e2-f4b8b1c103bc,Foot And Mouth Disease,ICD11_1F05,round5,2024-04-01T00:00:00,2024-04-25T00:00:00,country_IN,India,state_29,Karnataka,district_548,Tumakuru,8235,1991,10226,166,42,208,0,0,0,173836,13160,4603,
536737a4-f67c-4ad1-ac50-3455e68cdaca,Foot And Mouth Disease,ICD11_1F05,round5,2024-04-01T00:00:00,2024-04-25T00:00:00,country_IN,India,state_29,Karnataka,district_531,Chamarajanagara,4092,115,4207,68,0,68,0,0,0,53302,2021,68,
6a2afe20-8634-4c98-9d2b-6c22d06576ef,Foot And Mouth Disease,ICD11_1F05,round5,2024-04-01T00:00:00,2024-04-25T00:00:00,country_IN,India,state_29,Karnataka,district_532,Chikkamagaluru,6756,797,7553,83,3,86,0,0,0,77006,3056,215,
a1282cdb-8aee-4e24-8e8c-b480a98ae033,Foot And Mouth Disease,ICD11_1F05,round5,2024-04-01T00:00:00,2024-04-25T00:00:00,country_IN,India,state_29,Karnataka,district_534,Dakshina Kannada,5798,38,5836,172,0,172,0,0,0,58468,4827,12,
ec68e5a9-686b-42c0-9692-3a2ca3b489ef,Foot And Mouth Disease,ICD11_1F05,round5,2024-04-01T00:00:00,2024-04-25T00:00:00,country_IN,India,state_29,Karnataka,district_539,Hassan,9005,1896,10901,62,13,75,0,0,0,198252,3400,232,
7e9cf584-18e1-4f41-b548-a71723b85447,Foot And Mouth Disease,ICD11_1F05,round5,2024-04-01T00:00:00,2024-04-25T00:00:00,country_IN,India,state_29,Karnataka,district_541,Kodagu,1553,125,1678,48,0,48,0,0,0,11579,3747,83,
29c40948-9662-4053-ae85-2261f897fe07,Foot And Mouth Disease,ICD11_1F05,round5,2024-04-01T00:00:00,2024-04-25T00:00:00,country_IN,India,state_29,Karnataka,district_545,Mysuru,15476,1010,16486,136,14,150,0,0,0,143965,8007,121,
c5a209ac-6205-454e-b9ed-4e8cc36d5d3d,Foot And Mouth Disease,ICD11_1F05,round5,2024-04-01T00:00:00,2024-04-25T00:00:00,country_IN,India,state_29,Karnataka,district_544,Mandya,7168,1892,9060,139,26,165,0,0,0,149053,6246,1237,
e4327696-84cf-4920-9e74-58a1c52470de,Foot And Mouth Disease,ICD11_1F05,round5,2024-04-01T00:00:00,2024-04-25T00:00:00,country_IN,India,state_29,Karnataka,district_549,Udupi,7180,9,7189,77,0,77,0,0,0,50052,3259,14,
a737f7a6-5887-47e2-b121-0ea9d525ee21,Foot And Mouth Disease,ICD11_1F05,round5,2024-04-01T00:00:00,2024-04-25T00:00:00,country_IN,India,state_29,Karnataka,district_527,Belagavi,11873,17957,29830,343,497,840,0,0,0,494573,1633,1724,
24e0e3cc-fed6-4754-82ed-9ff5f4da6ece,Foot And Mouth Disease,ICD11_1F05,round5,2024-04-01T00:00:00,2024-04-25T00:00:00,country_IN,India,state_29,Karnataka,district_524,Bagalkote,3447,3883,7330,25,27,52,0,0,0,130175,3394,3486,
7bf8139a-7174-48c8-b64e-6244b5475b6c,Foot And Mouth Disease,ICD11_1F05,round5,2024-04-01T00:00:00,2024-04-25T00:00:00,country_IN,India,state_29,Karnataka,district_536,Dharwad,1909,838,2747,41,24,65,0,0,0,52700,1872,812,
d8054880-2e30-4343-9c58-4a362962baaa,Foot And Mouth Disease,ICD11_1F05,round5,2024-04-01T00:00:00,2024-04-25T00:00:00,country_IN,India,state_29,Karnataka,district_537,Gadag,4082,1357,5439,17,10,27,0,0,0,54304,781,391,
9a6ca83c-02ce-41bd-847b-2dd055a9dcc1,Foot And Mouth Disease,ICD11_1F05,round5,2024-04-01T00:00:00,2024-04-25T00:00:00,country_IN,India,state_29,Karnataka,district_540,Haveri,7287,2774,10061,211,115,326,0,0,0,105317,4423,1527,
842a36fc-ebbb-47f4-b3c6-a4f07588490d,Foot And Mouth Disease,ICD11_1F05,round5,2024-04-01T00:00:00,2024-04-25T00:00:00,country_IN,India,state_29,Karnataka,district_550,Uttara Kannada,9625,1709,11334,115,48,163,0,0,0,68436,3715,683,
8fa4a8f6-1bea-4679-b47d-d3cb150498a3,Foot And Mouth Disease,ICD11_1F05,round5,2024-04-01T00:00:00,2024-04-25T00:00:00,country_IN,India,state_29,Karnataka,district_530,Vijayapura,4677,5199,9876,76,78,154,0,0,0,124002,429,513,
7b1154dc-6c18-40aa-b3b0-4faed50f6b16,Foot And Mouth Disease,ICD11_1F05,round5,2024-04-01T00:00:00,2024-04-25T00:00:00,country_IN,India,state_29,Karnataka,district_528,Ballari,515,333,848,13,12,25,0,0,0,63131,566,591,
4f75ed7a-d1f2-44e3-b2b7-41f4b02929d6,Foot And Mouth Disease,ICD11_1F05,round5,2024-04-01T00:00:00,2024-04-25T00:00:00,country_IN,India,state_29,Karnataka,district_529,Bidar,2806,2582,5388,93,130,223,0,0,0,92316,2628,2068,
cd2249fe-9456-4ca6-9c8e-4a5c99aad68a,Foot And Mouth Disease,ICD11_1F05,round5,2024-04-01T00:00:00,2024-04-25T00:00:00,country_IN,India,state_29,Karnataka,district_543,Koppal,7671,2803,10474,106,86,192,0,0,0,79972,2431,1256,
254b2f0d-7b89-4e25-af1a-4cb5556d965e,Foot And Mouth Disease,ICD11_1F05,round5,2024-04-01T00:00:00,2024-04-25T00:00:00,country_IN,India,state_29,Karnataka,district_538,Kalaburagi,5357,777,6134,24,4,28,0,0,0,109038,5203,949,
33d00dde-5730-4576-ae47-7b9965ee9846,Foot And Mouth Disease,ICD11_1F05,round5,2024-04-01T00:00:00,2024-04-25T00:00:00,country_IN,India,state_29,Karnataka,district_546,Raichur,2279,925,3204,2,2,4,0,0,0,178045,51,27,
30f3a614-fa88-4b1c-b6a5-f025195b12e7,Foot And Mouth Disease,ICD11_1F05,round5,2024-04-01T00:00:00,2024-04-25T00:00:00,country_IN,India,state_29,Karnataka,district_635,Yadgir,2708,722,3430,9,5,14,0,0,0,82073,3065,630,
db2cee79-7981-4b23-8814-3017dd991312,Foot And Mouth Disease,ICD11_1F05,round5,2024-04-01T00:00:00,2024-04-25T00:00:00,country_IN,India,state_29,Karnataka,district_738,Vijayanagar,5203,2157,7360,46,39,85,0,0,0,100313,1340,741,
31c9d2b8-130d-4e0a-a380-a0d71f95f0d0,Foot And Mouth Disease,ICD11_1F05,round5,2024-04-01T00:00:00,2024-04-17T00:00:00,country_IN,India,state_29,Karnataka,district_525,Bengaluru Urban,1663,15,1678,84,0,84,0,0,0,18088,7422,332,
3fc1e5a4-67ba-48aa-b957-fd301536203a,Foot And Mouth Disease,ICD11_1F05,round5,2024-04-01T00:00:00,2024-04-17T00:00:00,country_IN,India,state_29,Karnataka,district_526,Bengaluru Rural,6317,552,6869,214,28,242,0,0,0,34467,7832,478,
b4ff8cda-5771-4e5b-b181-01992c3c3a0c,Foot And Mouth Disease,ICD11_1F05,round5,2024-04-01T00:00:00,2024-04-17T00:00:00,country_IN,India,state_29,Karnataka,district_533,Chitradurga,6461,2711,9172,115,117,232,0,0,0,60910,2200,1173,
bdead067-1f9c-4aef-9d4a-e2a26baeed15,Foot And Mouth Disease,ICD11_1F05,round5,2024-04-01T00:00:00,2024-04-17T00:00:00,country_IN,India,state_29,Karnataka,district_630,Chikkaballapura,4113,419,4532,108,8,116,0,0,0,47244,5447,537,
60f38fde-1778-4d14-985b-e1c7ceed4a76,Foot And Mouth Disease,ICD11_1F05,round5,2024-04-01T00:00:00,2024-04-17T00:00:00,country_IN,India,state_29,Karnataka,district_535,Davangere,9662,2594,12256,387,113,500,0,0,0,54896,8410,2416,
6ea3f3d3-8ce2-4ad0-b6ce-cc6734b42bac,Foot And Mouth Disease,ICD11_1F05,round5,2024-04-01T00:00:00,2024-04-17T00:00:00,country_IN,India,state_29,Karnataka,district_542,Kolar,3340,227,3567,60,3,63,0,0,0,79818,9458,1150,
6e6dfe75-82d2-4958-8781-2ff7736483b0,Foot And Mouth Disease,ICD11_1F05,round5,2024-04-01T00:00:00,2024-04-17T00:00:00,country_IN,India,state_29,Karnataka,district_631,Ramanagara,12862,365,13227,403,4,407,0,0,0,48593,6769,250,
3da6eaf3-e725-4beb-97f9-698fde9c5c0e,Foot And Mouth Disease,ICD11_1F05,round5,2024-04-01T00:00:00,2024-04-17T00:00:00,country_IN,India,state_29,Karnataka,district_547,Shivamogga,22890,4762,27652,241,93,334,0,0,0,69448,4437,713,
4eb4b41f-ee5f-4400-8d03-0878e275339e,Foot And Mouth Disease,ICD11_1F05,round5,2024-04-01T00:00:00,2024-04-17T00:00:00,country_IN,India,state_29,Karnataka,district_548,Tumakuru,14892,4689,19581,132,39,171,0,0,0,124629,9983,3392,
4b4dd42d-f02e-4d79-a3ac-bdeec588625d,Foot And Mouth Disease,ICD11_1F05,round5,2024-04-01T00:00:00,2024-04-17T00:00:00,country_IN,India,state_29,Karnataka,district_531,Chamarajanagara,10092,227,10319,73,8,81,0,0,0,40971,1653,57,
f9608182-aa0f-44b9-b887-bbd9df9d391c,Foot And Mouth Disease,ICD11_1F05,round5,2024-04-01T00:00:00,2024-04-17T00:00:00,country_IN,India,state_29,Karnataka,district_532,Chikkamagaluru,13542,792,14334,76,6,82,0,0,0,53316,2208,181,
f9d8404f-e187-4a34-9efe-4c31d28e5624,Foot And Mouth Disease,ICD11_1F05,round5,2024-04-01T00:00:00,2024-04-17T00:00:00,country_IN,India,state_29,Karnataka,district_534,Dakshina Kannada,8308,21,8329,209,0,209,0,0,0,41867,3314,9,
e3b1fe48-4c99-4490-a709-b9c3e635234f,Foot And Mouth Disease,ICD11_1F05,round5,2024-04-01T00:00:00,2024-04-17T00:00:00,country_IN,India,state_29,Karnataka,district_539,Hassan,27595,4367,31962,90,15,105,0,0,0,146065,2725,190,
29d0d9bc-741a-4970-81fc-9b5c48f430d5,Foot And Mouth Disease,ICD11_1F05,round5,2024-04-01T00:00:00,2024-04-17T00:00:00,country_IN,India,state_29,Karnataka,district_541,Kodagu,3510,62,3572,157,0,157,0,0,0,7157,2466,67,
d0db1eab-b76c-4183-9063-4dd6f78c443a,Foot And Mouth Disease,ICD11_1F05,round5,2024-04-01T00:00:00,2024-04-17T00:00:00,country_IN,India,state_29,Karnataka,district_545,Mysuru,16857,697,17554,178,0,178,0,0,0,100470,6151,85,
786ded1c-0129-4f4b-a83b-c8428fba09b1,Foot And Mouth Disease,ICD11_1F05,round5,2024-04-01T00:00:00,2024-04-17T00:00:00,country_IN,India,state_29,Karnataka,district_544,Mandya,14578,3490,18068,99,66,165,0,0,0,102657,4546,879,
95368c87-3d3f-41f1-bfaf-7f8e279b4f06,Foot And Mouth Disease,ICD11_1F05,round5,2024-04-01T00:00:00,2024-04-17T00:00:00,country_IN,India,state_29,Karnataka,district_549,Udupi,11592,39,11631,29,0,29,0,0,0,29663,1770,1,
95059ea7-da3d-433d-8f53-77ead8279107,Foot And Mouth Disease,ICD11_1F05,round5,2024-04-01T00:00:00,2024-04-17T00:00:00,country_IN,India,state_29,Karnataka,district_527,Belagavi,16392,24750,41142,249,406,655,0,0,0,365156,1348,1401,
5a829550-26d6-4642-98c3-70ceeb560167,Foot And Mouth Disease,ICD11_1F05,round5,2024-04-01T00:00:00,2024-04-17T00:00:00,country_IN,India,state_29,Karnataka,district_524,Bagalkote,6381,6503,12884,91,118,209,0,0,0,96227,2491,2560,
4c5cbf72-875f-48ee-a79b-90cbe350328d,Foot And Mouth Disease,ICD11_1F05,round5,2024-04-01T00:00:00,2024-04-17T00:00:00,country_IN,India,state_29,Karnataka,district_536,Dharwad,4665,1641,6306,66,20,86,0,0,0,45311,1665,681,
55113b1f-e061-4a25-aeac-4b34906f2f17,Foot And Mouth Disease,ICD11_1F05,round5,2024-04-01T00:00:00,2024-04-17T00:00:00,country_IN,India,state_29,Karnataka,district_537,Gadag,4451,1611,6062,36,17,53,0,0,0,43152,715,321,
9c371e29-fd4e-46de-bea3-e286b4080c34,Foot And Mouth Disease,ICD11_1F05,round5,2024-04-01T00:00:00,2024-04-17T00:00:00,country_IN,India,state_29,Karnataka,district_540,Haveri,9794,3091,12885,126,64,190,0,0,0,72473,3145,1042,
3229689d-95b8-443a-a249-13993ee2774a,Foot And Mouth Disease,ICD11_1F05,round5,2024-04-01T00:00:00,2024-04-17T00:00:00,country_IN,India,state_29,Karnataka,district_550,Uttara Kannada,11449,1932,13381,82,14,96,0,0,0,42466,2904,563,
2ede6027-22bf-49c4-9f6e-cbf1691854a5,Foot And Mouth Disease,ICD11_1F05,round5,2024-04-01T00:00:00,2024-04-17T00:00:00,country_IN,India,state_29,Karnataka,district_530,Vijayapura,9869,7591,17460,44,41,85,0,0,0,92595,223,262,
6c0da054-27bd-414c-8c26-6871e94ac9ee,Foot And Mouth Disease,ICD11_1F05,round5,2024-04-01T00:00:00,2024-04-17T00:00:00,country_IN,India,state_29,Karnataka,district_528,Ballari,4468,2592,7060,47,33,80,0,0,0,55311,502,543,
1c179626-7198-49ec-b0b2-862c10fd8b2d,Foot And Mouth Disease,ICD11_1F05,round5,2024-04-01T00:00:00,2024-04-17T00:00:00,country_IN,India,state_29,Karnataka,district_529,Bidar,5015,3954,8969,70,72,142,0,0,0,71274,2173,1467,
6d5946d9-c991-4e1d-88dc-cc8649cf95ee,Foot And Mouth Disease,ICD11_1F05,round5,2024-04-01T00:00:00,2024-04-17T00:00:00,country_IN,India,state_29,Karnataka,district_543,Koppal,19942,4716,24658,270,131,401,0,0,0,58947,1658,776,
b9d89272-c45f-44e9-8d0b-ad6e6646c829,Foot And Mouth Disease,ICD11_1F05,round5,2024-04-01T00:00:00,2024-04-17T00:00:00,country_IN,India,state_29,Karnataka,district_538,Kalaburagi,10022,1549,11571,26,5,31,0,0,0,91897,5166,937,
545b8fc3-947c-4a01-89c0-c41a6b4e1daf,Foot And Mouth Disease,ICD11_1F05,round5,2024-04-01T00:00:00,2024-04-17T00:00:00,country_IN,India,state_29,Karnataka,district_546,Raichur,11718,5249,16967,57,33,90,0,0,0,150432,44,26,
d41111be-7b93-44e6-a2ea-0e71f520a916,Foot And Mouth Disease,ICD11_1F05,round5,2024-04-01T00:00:00,2024-04-17T00:00:00,country_IN,India,state_29,Karnataka,district_635,Yadgir,5824,1305,7129,41,21,62,0,0,0,67964,2146,557,
f9b5c082-9139-402c-be92-1070fb590fa0,Foot And Mouth Disease,ICD11_1F05,round5,2024-04-01T00:00:00,2024-04-17T00:00:00,country_IN,India,state_29,Karnataka,district_738,Vijayanagar,8582,3731,12313,75,39,114,0,0,0,80257,963,560,
04d69e0d-15f6-4875-9463-d1af8c7ac012,Foot And Mouth Disease,ICD11_1F05,round5,2024-04-01T00:00:00,2024-04-22T00:00:00,country_IN,India,state_29,Karnataka,district_525,Bengaluru Urban,3858,93,3951,109,2,111,0,0,0,22313,9281,402,
f64878a6-89cd-4766-992e-eaa22920e7bb,Foot And Mouth Disease,ICD11_1F05,round5,2024-04-01T00:00:00,2024-04-22T00:00:00,country_IN,India,state_29,Karnataka,district_526,Bengaluru Rural,6282,207,6489,230,0,230,0,0,0,43487,9543,567,
a86abb8c-81bb-429f-917a-28ed42dec615,Foot And Mouth Disease,ICD11_1F05,round5,2024-04-01T00:00:00,2024-04-22T00:00:00,country_IN,India,state_29,Karnataka,district_533,Chitradurga,3857,1827,5684,53,24,77,0,0,0,75753,2910,1516,
39020d2b-aeb5-40f6-a39c-a9872750d767,Foot And Mouth Disease,ICD11_1F05,round5,2024-04-01T00:00:00,2024-04-22T00:00:00,country_IN,India,state_29,Karnataka,district_630,Chikkaballapura,5355,468,5823,124,24,148,0,0,0,58913,6827,690,
37188994-9883-41dc-b02c-720a00607b86,Foot And Mouth Disease,ICD11_1F05,round5,2024-04-01T00:00:00,2024-04-22T00:00:00,country_IN,India,state_29,Karnataka,district_535,Davangere,5922,1945,7867,255,65,320,0,0,0,70331,10335,3077,
f385c914-13f7-4be0-b35b-6358bac7dabf,Foot And Mouth Disease,ICD11_1F05,round5,2024-04-01T00:00:00,2024-04-22T00:00:00,country_IN,India,state_29,Karnataka,district_542,Kolar,4484,268,4752,163,5,168,0,0,0,87200,10134,1232,
07799e6a-a3ca-4749-9698-2098face5589,Foot And Mouth Disease,ICD11_1F05,round5,2024-04-01T00:00:00,2024-04-22T00:00:00,country_IN,India,state_29,Karnataka,district_631,Ramanagara,9322,310,9632,288,3,291,0,0,0,61272,8578,319,
ce3a5bde-359f-44b4-ad46-d7f47bf5225f,Foot And Mouth Disease,ICD11_1F05,round5,2024-04-01T00:00:00,2024-04-22T00:00:00,country_IN,India,state_29,Karnataka,district_547,Shivamogga,18964,3902,22866,108,13,121,0,0,0,89656,5693,1076,
f326f823-90ed-4d55-8ae4-d175df0a07d3,Foot And Mouth Disease,ICD11_1F05,round5,2024-04-01T00:00:00,2024-04-22T00:00:00,country_IN,India,state_29,Karnataka,district_548,Tumakuru,11994,3805,15799,123,41,164,0,0,0,156063,12062,4259,
7b899d72-6417-4069-8811-ec558b7f0b4e,Foot And Mouth Disease,ICD11_1F05,round5,2024-04-01T00:00:00,2024-04-22T00:00:00,country_IN,India,state_29,Karnataka,district_531,Chamarajanagara,5596,127,5723,13,0,13,0,0,0,49353,1881,66,
e5f8f537-b18b-4f8c-91e8-76e84e7b6c31,Foot And Mouth Disease,ICD11_1F05,round5,2024-04-01T00:00:00,2024-04-22T00:00:00,country_IN,India,state_29,Karnataka,district_532,Chikkamagaluru,12759,823,13582,113,13,126,0,0,0,69049,2830,210,
d954aeae-230c-4537-a2b0-00823709f350,Foot And Mouth Disease,ICD11_1F05,round5,2024-04-01T00:00:00,2024-04-22T00:00:00,country_IN,India,state_29,Karnataka,district_534,Dakshina Kannada,8805,61,8866,191,0,191,0,0,0,51606,4352,12,
ade9bd1e-dd71-417b-9e80-e509fb3cafc5,Foot And Mouth Disease,ICD11_1F05,round5,2024-04-01T00:00:00,2024-04-22T00:00:00,country_IN,India,state_29,Karnataka,district_539,Hassan,19318,2738,22056,73,14,87,0,0,0,179086,3256,220,
5f3d4ada-2805-4e53-a65f-df2312bf1c7c,Foot And Mouth Disease,ICD11_1F05,round5,2024-04-01T00:00:00,2024-04-22T00:00:00,country_IN,India,state_29,Karnataka,district_541,Kodagu,2087,102,2189,58,0,58,0,0,0,9935,3334,79,
878f55de-ac90-436a-a656-95c4ab0f0bad,Foot And Mouth Disease,ICD11_1F05,round5,2024-04-01T00:00:00,2024-04-22T00:00:00,country_IN,India,state_29,Karnataka,district_545,Mysuru,15048,504,15552,205,1,206,0,0,0,128331,7457,119,
1a19aa54-a26b-485c-bc88-2a585e879b4f,Foot And Mouth Disease,ICD11_1F05,round5,2024-04-01T00:00:00,2024-04-22T00:00:00,country_IN,India,state_29,Karnataka,district_544,Mandya,17864,4378,22242,262,33,295,0,0,0,133089,5706,1111,
136512d0-1459-4610-b264-4833d024b0cc,Foot And Mouth Disease,ICD11_1F05,round5,2024-04-01T00:00:00,2024-04-22T00:00:00,country_IN,India,state_29,Karnataka,district_549,Udupi,8295,24,8319,17,0,17,0,0,0,42228,2550,14,
aa2a0a46-7d62-4d24-81b1-d93d7c8dcf81,Foot And Mouth Disease,ICD11_1F05,round5,2024-04-01T00:00:00,2024-04-22T00:00:00,country_IN,India,state_29,Karnataka,district_527,Belagavi,12575,20898,33473,139,179,318,0,0,0,444576,1537,1576,
708f53b5-db51-4eeb-86af-ca28344862ad,Foot And Mouth Disease,ICD11_1F05,round5,2024-04-01T00:00:00,2024-04-22T00:00:00,country_IN,India,state_29,Karnataka,district_524,Bagalkote,3997,4879,8876,77,80,157,0,0,0,118655,2957,3078,
258b83db-fe64-4d33-b626-fb6734b5a653,Foot And Mouth Disease,ICD11_1F05,round5,2024-04-01T00:00:00,2024-04-22T00:00:00,country_IN,India,state_29,Karnataka,district_536,Dharwad,2131,665,2796,28,12,40,0,0,0,50470,1817,780,
444a6873-ddf9-4de0-8776-e431c0898823,Foot And Mouth Disease,ICD11_1F05,round5,2024-04-01T00:00:00,2024-04-22T00:00:00,country_IN,India,state_29,Karnataka,district_537,Gadag,3621,1585,5206,47,41,88,0,0,0,49940,758,381,
a9130a37-bd0b-42c9-9e1b-5fceedb5e087,Foot And Mouth Disease,ICD11_1F05,round5,2024-04-01T00:00:00,2024-04-22T00:00:00,country_IN,India,state_29,Karnataka,district_540,Haveri,9305,2800,12105,145,58,203,0,0,0,91612,3747,1296,
bbff6d6b-75dd-41a4-89d8-626125aaf31c,Foot And Mouth Disease,ICD11_1F05,round5,2024-04-01T00:00:00,2024-04-22T00:00:00,country_IN,India,state_29,Karnataka,district_550,Uttara Kannada,10456,1789,12245,59,9,68,0,0,0,57337,3421,652,
e5b74fce-bcf9-468a-a468-d150aef7d663,Foot And Mouth Disease,ICD11_1F05,round5,2024-04-01T00:00:00,2024-04-22T00:00:00,country_IN,India,state_29,Karnataka,district_530,Vijayapura,4517,3952,8469,30,31,61,0,0,0,112440,307,375,
0bf03423-a00a-480a-ac09-202dd32a263c,Foot And Mouth Disease,ICD11_1F05,round5,2024-04-01T00:00:00,2024-04-22T00:00:00,country_IN,India,state_29,Karnataka,district_528,Ballari,2591,1659,4250,16,17,33,0,0,0,61867,545,579,
2a960532-f36c-4f0c-99d6-d7a8da1eeb59,Foot And Mouth Disease,ICD11_1F05,round5,2024-04-01T00:00:00,2024-04-22T00:00:00,country_IN,India,state_29,Karnataka,district_529,Bidar,2946,2828,5774,34,23,57,0,0,0,85721,2318,1680,
87d2c526-4739-4ccd-bd80-c9e9887a765d,Foot And Mouth Disease,ICD11_1F05,round5,2024-04-01T00:00:00,2024-04-22T00:00:00,country_IN,India,state_29,Karnataka,district_543,Koppal,1857,431,2288,59,42,101,0,0,0,73482,2137,1050,
66c9a562-e2d1-40ac-bd40-eadfd9ebf496,Foot And Mouth Disease,ICD11_1F05,round5,2024-04-01T00:00:00,2024-04-22T00:00:00,country_IN,India,state_29,Karnataka,district_538,Kalaburagi,7625,912,8537,10,0,10,0,0,0,103534,5193,947,
f391d4e5-e24a-4385-ba58-954c3cea8587,Foot And Mouth Disease,ICD11_1F05,round5,2024-04-01T00:00:00,2024-04-22T00:00:00,country_IN,India,state_29,Karnataka,district_546,Raichur,5470,2568,8038,29,18,47,0,0,0,171176,44,26,
5a9d988a-dd44-4bb6-bb08-802a0aa01060,Foot And Mouth Disease,ICD11_1F05,round5,2024-04-01T00:00:00,2024-04-22T00:00:00,country_IN,India,state_29,Karnataka,district_635,Yadgir,2713,698,3411,13,5,18,0,0,0,76007,2599,592,
6b7b6473-932d-43f4-8a3c-3ffaab496422,Foot And Mouth Disease,ICD11_1F05,round5,2024-04-01T00:00:00,2024-04-22T00:00:00,country_IN,India,state_29,Karnataka,district_738,Vijayanagar,3151,1172,4323,17,6,23,0,0,0,91210,1200,655,
ea8bef3a-1aef-4420-b45a-a04c587059db,Foot And Mouth Disease,ICD11_1F05,round5,2024-04-01T00:00:00,2024-04-10T00:00:00,country_IN,India,state_29,Karnataka,district_525,Bengaluru Urban,3488,101,3589,91,4,95,0,0,0,11672,4584,222,
ece98621-75cd-49d9-9d4e-3a0f33fabca2,Foot And Mouth Disease,ICD11_1F05,round5,2024-04-01T00:00:00,2024-04-10T00:00:00,country_IN,India,state_29,Karnataka,district_526,Bengaluru Rural,152,11,163,8,1,9,0,0,0,18971,4559,267,
ce59181a-099b-4799-a9ed-c3ca67a9181a,Foot And Mouth Disease,ICD11_1F05,round5,2024-04-01T00:00:00,2024-04-10T00:00:00,country_IN,India,state_29,Karnataka,district_533,Chitradurga,9130,3014,12144,48,35,83,5,0,5,39625,1380,698,
f086c2a8-176a-4ef8-8505-8076a6e79b84,Foot And Mouth Disease,ICD11_1F05,round5,2024-04-01T00:00:00,2024-04-10T00:00:00,country_IN,India,state_29,Karnataka,district_630,Chikkaballapura,2252,226,2478,53,1,54,0,0,0,29251,3699,366,
a57dfb3f-61e6-42f6-8601-ca47f9eadd68,Foot And Mouth Disease,ICD11_1F05,round5,2024-04-01T00:00:00,2024-04-10T00:00:00,country_IN,India,state_29,Karnataka,district_535,Davangere,5900,1803,7703,719,134,853,0,0,0,29828,4551,1335,
96f1983c-fd5e-42a1-a94c-3ab792f1db61,Foot And Mouth Disease,ICD11_1F05,round5,2024-04-01T00:00:00,2024-04-10T00:00:00,country_IN,India,state_29,Karnataka,district_542,Kolar,2463,427,2890,88,7,95,0,0,0,49492,6345,731,
30c8ce89-9100-4999-a205-764f90af32d2,Foot And Mouth Disease,ICD11_1F05,round5,2024-04-01T00:00:00,2024-04-10T00:00:00,country_IN,India,state_29,Karnataka,district_631,Ramanagara,1105,62,1167,123,3,126,0,0,0,26861,3376,153,
6f9dd818-5d76-48a5-a61b-d694aaf29b34,Foot And Mouth Disease,ICD11_1F05,round5,2024-04-01T00:00:00,2024-04-10T00:00:00,country_IN,India,state_29,Karnataka,district_547,Shivamogga,15704,2584,18288,149,22,171,0,0,0,32765,2419,350,
c67c0541-d291-43c3-9e51-d7fa24aa50e3,Foot And Mouth Disease,ICD11_1F05,round5,2024-04-01T00:00:00,2024-04-10T00:00:00,country_IN,India,state_29,Karnataka,district_548,Tumakuru,10306,2725,13031,103,14,117,0,0,0,73794,6211,2006,
79906b78-6e1b-4bb0-97cc-6a8656c2ba44,Foot And Mouth Disease,ICD11_1F05,round5,2024-04-01T00:00:00,2024-04-10T00:00:00,country_IN,India,state_29,Karnataka,district_531,Chamarajanagara,8924,380,9304,152,2,154,0,0,0,24030,1135,26,
871a7a14-8e26-4a65-8d26-c9a940c2cb52,Foot And Mouth Disease,ICD11_1F05,round5,2024-04-01T00:00:00,2024-04-10T00:00:00,country_IN,India,state_29,Karnataka,district_532,Chikkamagaluru,15221,1540,16761,134,7,141,0,0,0,28833,1421,104,
c1eae79e-9157-4afc-9c54-3f635ebbf875,Foot And Mouth Disease,ICD11_1F05,round5,2024-04-01T00:00:00,2024-04-10T00:00:00,country_IN,India,state_29,Karnataka,district_534,Dakshina Kannada,8025,18,8043,141,0,141,0,0,0,25360,1926,4,
a54de774-75e2-4edf-a04b-dd7b510c1261,Foot And Mouth Disease,ICD11_1F05,round5,2024-04-01T00:00:00,2024-04-10T00:00:00,country_IN,India,state_29,Karnataka,district_539,Hassan,28821,5197,34018,267,9,276,0,0,0,78929,1589,125,
387f3d02-905c-48f2-a731-53886c7e98ef,Foot And Mouth Disease,ICD11_1F05,round5,2024-04-01T00:00:00,2024-04-10T00:00:00,country_IN,India,state_29,Karnataka,district_541,Kodagu,2268,88,2356,82,0,82,0,0,0,4101,1415,33,
1f325b11-00a9-4314-9310-b4e7efd9aaca,Foot And Mouth Disease,ICD11_1F05,round5,2024-04-01T00:00:00,2024-04-10T00:00:00,country_IN,India,state_29,Karnataka,district_545,Mysuru,19794,362,20156,285,2,287,0,0,0,56981,4137,63,
4cb3130a-0d74-44b0-a568-29901fa74a42,Foot And Mouth Disease,ICD11_1F05,round5,2024-04-01T00:00:00,2024-04-10T00:00:00,country_IN,India,state_29,Karnataka,district_544,Mandya,6385,886,7271,42,12,54,0,0,0,57584,2912,514,
9f4b353e-4116-4c05-b3ad-d605e74227bd,Foot And Mouth Disease,ICD11_1F05,round5,2024-04-01T00:00:00,2024-04-10T00:00:00,country_IN,India,state_29,Karnataka,district_549,Udupi,6564,15,6579,23,0,23,0,0,0,10935,669,0,
5f8516d4-15ec-4380-b344-dfbf8caa6a9f,Foot And Mouth Disease,ICD11_1F05,round5,2024-04-01T00:00:00,2024-04-10T00:00:00,country_IN,India,state_29,Karnataka,district_527,Belagavi,21275,32732,54007,248,285,533,0,0,0,212199,695,848,
402e0299-854f-45d8-9c47-13ea00f5f19c,Foot And Mouth Disease,ICD11_1F05,round5,2024-04-01T00:00:00,2024-04-10T00:00:00,country_IN,India,state_29,Karnataka,district_524,Bagalkote,8717,9203,17920,249,214,463,0,0,0,58955,1461,1208,
d3dc774c-6536-4388-8424-a29ddb1828d2,Foot And Mouth Disease,ICD11_1F05,round5,2024-04-01T00:00:00,2024-04-10T00:00:00,country_IN,India,state_29,Karnataka,district_536,Dharwad,6102,2129,8231,79,47,126,0,0,0,29888,1057,415,
0db0a701-b06e-4142-a238-1bd0380427e4,Foot And Mouth Disease,ICD11_1F05,round5,2024-04-01T00:00:00,2024-04-10T00:00:00,country_IN,India,state_29,Karnataka,district_537,Gadag,4747,1894,6641,57,27,84,0,0,0,26893,561,246,
3c686479-6b99-4205-8e25-7f655a445646,Foot And Mouth Disease,ICD11_1F05,round5,2024-04-01T00:00:00,2024-04-10T00:00:00,country_IN,India,state_29,Karnataka,district_540,Haveri,12228,3736,15964,144,44,188,0,0,0,44350,2287,685,
06aabc02-6ac3-4a52-8409-cb8b9d663348,Foot And Mouth Disease,ICD11_1F05,round5,2024-04-01T00:00:00,2024-04-10T00:00:00,country_IN,India,state_29,Karnataka,district_550,Uttara Kannada,11981,2540,14521,64,9,73,0,0,0,22859,1839,387,
dfbccfd7-efa7-408f-bc9d-7bb27a89022a,Foot And Mouth Disease,ICD11_1F05,round5,2024-04-01T00:00:00,2024-04-10T00:00:00,country_IN,India,state_29,Karnataka,district_530,Vijayapura,7547,7284,14831,105,55,160,0,0,0,53745,98,125,
09227249-b6b4-428d-be5e-733e2ab1f9aa,Foot And Mouth Disease,ICD11_1F05,round5,2024-04-01T00:00:00,2024-04-10T00:00:00,country_IN,India,state_29,Karnataka,district_528,Ballari,4288,2082,6370,32,19,51,0,0,0,37183,301,343,
6126b3f4-fea1-43ad-9e77-dd9b430ecfff,Foot And Mouth Disease,ICD11_1F05,round5,2024-04-01T00:00:00,2024-04-10T00:00:00,country_IN,India,state_29,Karnataka,district_529,Bidar,6253,3990,10243,671,109,780,0,0,0,43457,1347,844,
392234a5-e767-4499-9d7b-37e4fd49d1a3,Foot And Mouth Disease,ICD11_1F05,round5,2024-04-01T00:00:00,2024-04-10T00:00:00,country_IN,India,state_29,Karnataka,district_543,Koppal,8866,2286,11152,95,46,141,0,0,0,26495,796,361,
0875acbf-5a88-4ef1-8422-5ad3866f01d9,Foot And Mouth Disease,ICD11_1F05,round5,2024-04-01T00:00:00,2024-04-10T00:00:00,country_IN,India,state_29,Karnataka,district_538,Kalaburagi,17385,2675,20060,38,12,50,0,0,0,61569,3768,708,
77468692-96a6-4fa0-8106-729c3cba79ca,Foot And Mouth Disease,ICD11_1F05,round5,2024-04-01T00:00:00,2024-04-10T00:00:00,country_IN,India,state_29,Karnataka,district_546,Raichur,15341,6980,22321,67,33,100,0,0,0,101767,9,11,
83250148-24f5-4fd2-aaab-76b101ad969f,Foot And Mouth Disease,ICD11_1F05,round5,2024-04-01T00:00:00,2024-04-10T00:00:00,country_IN,India,state_29,Karnataka,district_635,Yadgir,10050,1945,11995,189,43,232,0,0,0,42457,1517,483,
4036a519-2c73-4c2f-a407-7e6a18222522,Foot And Mouth Disease,ICD11_1F05,round5,2024-04-01T00:00:00,2024-04-10T00:00:00,country_IN,India,state_29,Karnataka,district_738,Vijayanagar,10766,4789,15555,187,119,306,0,0,0,46065,537,333,
c31e74b7-ff4f-44a6-9adc-83d7d6ccfa2e,Foot And Mouth Disease,ICD11_1F05,round5,2024-04-01T00:00:00,2024-05-05T00:00:00,country_IN,India,state_29,Karnataka,district_525,Bengaluru Urban,300,0,300,0,0,0,0,0,0,26260,11267,441,
e023119f-6848-4e57-888c-3656faa262f3,Foot And Mouth Disease,ICD11_1F05,round5,2024-04-01T00:00:00,2024-05-05T00:00:00,country_IN,India,state_29,Karnataka,district_526,Bengaluru Rural,0,0,0,0,0,0,0,0,0,46123,10065,568,
3b651fe8-2203-47ad-9982-62a428207ce2,Foot And Mouth Disease,ICD11_1F05,round5,2024-04-01T00:00:00,2024-05-05T00:00:00,country_IN,India,state_29,Karnataka,district_533,Chitradurga,0,0,0,0,0,0,0,0,0,91678,4433,2286,
1f485ede-49b9-427f-8316-71909fcf9efd,Foot And Mouth Disease,ICD11_1F05,round5,2024-04-01T00:00:00,2024-05-05T00:00:00,country_IN,India,state_29,Karnataka,district_630,Chikkaballapura,0,0,0,0,0,0,0,0,0,74390,7747,776,
675d57e2-8253-4380-83fd-ed38a0367a6d,Foot And Mouth Disease,ICD11_1F05,round5,2024-04-01T00:00:00,2024-05-05T00:00:00,country_IN,India,state_29,Karnataka,district_535,Davangere,188,40,228,22,3,25,0,30,30,91504,13286,3786,
c0950e6f-2014-4263-9418-7d41f672e58c,Foot And Mouth Disease,ICD11_1F05,round5,2024-04-01T00:00:00,2024-05-05T00:00:00,country_IN,India,state_29,Karnataka,district_542,Kolar,14,0,14,0,0,0,0,0,0,95245,10656,1242,
80b07701-c01b-45ea-9bc5-62d859409bea,Foot And Mouth Disease,ICD11_1F05,round5,2024-04-01T00:00:00,2024-05-05T00:00:00,country_IN,India,state_29,Karnataka,district_631,Ramanagara,0,0,0,0,0,0,0,0,0,72248,10742,398,
91db786a-9237-4777-b863-36dbad128029,Foot And Mouth Disease,ICD11_1F05,round5,2024-04-01T00:00:00,2024-05-05T00:00:00,country_IN,India,state_29,Karnataka,district_547,Shivamogga,0,0,0,0,0,0,0,0,0,121993,7028,1474,
822bddaa-d4bd-4456-be69-0d26a2892bde,Foot And Mouth Disease,ICD11_1F05,round5,2024-04-01T00:00:00,2024-05-05T00:00:00,country_IN,India,state_29,Karnataka,district_548,Tumakuru,1014,273,1287,25,14,39,0,0,0,192843,14551,5246,
2859475e-bd9d-4a55-99fd-40b3b2247186,Foot And Mouth Disease,ICD11_1F05,round5,2024-04-01T00:00:00,2024-05-05T00:00:00,country_IN,India,state_29,Karnataka,district_531,Chamarajanagara,0,0,0,0,0,0,0,0,0,58359,2176,71,
31434dc6-e27f-4df8-8090-e9c14ee297b5,Foot And Mouth Disease,ICD11_1F05,round5,2024-04-01T00:00:00,2024-05-05T00:00:00,country_IN,India,state_29,Karnataka,district_532,Chikkamagaluru,1782,7,1789,0,0,0,0,0,0,84834,3429,230,
96e6f0eb-a3da-4dc7-9706-09066407e954,Foot And Mouth Disease,ICD11_1F05,round5,2024-04-01T00:00:00,2024-05-05T00:00:00,country_IN,India,state_29,Karnataka,district_534,Dakshina Kannada,16,0,16,0,0,0,16,0,16,63219,5724,12,
0d2f2f65-fdf8-4b74-809b-2a74695f3a4f,Foot And Mouth Disease,ICD11_1F05,round5,2024-04-01T00:00:00,2024-05-05T00:00:00,country_IN,India,state_29,Karnataka,district_539,Hassan,0,0,0,0,0,0,0,0,0,207105,3564,244,
7ef1ebc2-dc58-4f97-b6fb-a0c440654da8,Foot And Mouth Disease,ICD11_1F05,round5,2024-04-01T00:00:00,2024-05-05T00:00:00,country_IN,India,state_29,Karnataka,district_541,Kodagu,0,0,0,0,0,0,0,0,0,14334,4426,100,
58ef315f-e9bd-4218-917e-6112e6a45985,Foot And Mouth Disease,ICD11_1F05,round5,2024-04-01T00:00:00,2024-05-05T00:00:00,country_IN,India,state_29,Karnataka,district_545,Mysuru,215,0,215,10,0,10,0,0,0,156421,8667,123,
77352494-6dea-4e95-b0b1-8e4cbc020890,Foot And Mouth Disease,ICD11_1F05,round5,2024-04-01T00:00:00,2024-05-05T00:00:00,country_IN,India,state_29,Karnataka,district_544,Mandya,0,0,0,0,0,0,0,0,0,158904,6551,1312,
1d17358d-5a82-4ccf-b29f-1de48b78d640,Foot And Mouth Disease,ICD11_1F05,round5,2024-04-01T00:00:00,2024-05-05T00:00:00,country_IN,India,state_29,Karnataka,district_549,Udupi,45,0,45,0,0,0,0,0,0,58876,3927,15,
30654096-5ce1-487e-bae9-3aa87b054948,Foot And Mouth Disease,ICD11_1F05,round5,2024-04-01T00:00:00,2024-05-05T00:00:00,country_IN,India,state_29,Karnataka,district_527,Belagavi,762,1883,2645,11,22,33,5,10,15,547499,1883,2060,
2ccf2458-5750-4088-8f34-7e081f8934fe,Foot And Mouth Disease,ICD11_1F05,round5,2024-04-01T00:00:00,2024-05-05T00:00:00,country_IN,India,state_29,Karnataka,district_524,Bagalkote,200,0,200,0,0,0,10,20,30,147262,3990,3916,
7ad30cb5-5c89-43c1-b226-d36541454c6d,Foot And Mouth Disease,ICD11_1F05,round5,2024-04-01T00:00:00,2024-05-05T00:00:00,country_IN,India,state_29,Karnataka,district_536,Dharwad,0,0,0,0,0,0,0,0,0,59897,2002,893,
d5732ce6-8316-4b2e-b9b7-f474d7adafac,Foot And Mouth Disease,ICD11_1F05,round5,2024-04-01T00:00:00,2024-05-05T00:00:00,country_IN,India,state_29,Karnataka,district_537,Gadag,0,0,0,0,0,0,0,0,0,61103,973,466,
fcd4f95b-03d0-4ca2-97a8-f1670a06317f,Foot And Mouth Disease,ICD11_1F05,round5,2024-04-01T00:00:00,2024-05-05T00:00:00,country_IN,India,state_29,Karnataka,district_540,Haveri,0,0,0,0,0,0,0,0,0,117438,5221,1881,
408f7698-0111-4a35-ac20-709526bf20fc,Foot And Mouth Disease,ICD11_1F05,round5,2024-04-01T00:00:00,2024-05-05T00:00:00,country_IN,India,state_29,Karnataka,district_550,Uttara Kannada,0,0,0,0,0,0,0,0,0,82251,4203,742,
9b41eeb8-9de3-4fbb-87a2-c254dcf49000,Foot And Mouth Disease,ICD11_1F05,round5,2024-04-01T00:00:00,2024-05-05T00:00:00,country_IN,India,state_29,Karnataka,district_530,Vijayapura,0,0,0,0,0,0,0,0,0,137721,510,641,
fd4f73cb-1e6b-406a-9a97-d449f790de0d,Foot And Mouth Disease,ICD11_1F05,round5,2024-04-01T00:00:00,2024-05-05T00:00:00,country_IN,India,state_29,Karnataka,district_528,Ballari,0,0,0,0,0,0,0,0,0,64586,627,601,
2373d028-544c-437c-9541-cc5907180e34,Foot And Mouth Disease,ICD11_1F05,round5,2024-04-01T00:00:00,2024-05-05T00:00:00,country_IN,India,state_29,Karnataka,district_529,Bidar,1490,930,2420,40,28,68,0,0,0,103703,2680,2145,
5af43377-5396-4e38-9adf-afca3412af79,Foot And Mouth Disease,ICD11_1F05,round5,2024-04-01T00:00:00,2024-05-05T00:00:00,country_IN,India,state_29,Karnataka,district_543,Koppal,0,0,0,0,0,0,0,0,0,88670,2891,1655,
9b0b1b2e-77cf-4a18-9854-330c3828d698,Foot And Mouth Disease,ICD11_1F05,round5,2024-04-01T00:00:00,2024-05-05T00:00:00,country_IN,India,state_29,Karnataka,district_538,Kalaburagi,0,0,0,0,0,0,67,5,72,114011,5366,973,
97545a54-fec9-4095-b915-cb316f6a579d,Foot And Mouth Disease,ICD11_1F05,round5,2024-04-01T00:00:00,2024-05-05T00:00:00,country_IN,India,state_29,Karnataka,district_546,Raichur,0,0,0,0,0,0,0,0,0,198486,73,38,
442344ed-2085-4567-b898-e6872b6943e9,Foot And Mouth Disease,ICD11_1F05,round5,2024-04-01T00:00:00,2024-05-05T00:00:00,country_IN,India,state_29,Karnataka,district_635,Yadgir,0,0,0,0,0,0,0,0,0,83805,3160,654,
870e8b47-0b82-452f-9dde-14e05af4750a,Foot And Mouth Disease,ICD11_1F05,round5,2024-04-01T00:00:00,2024-05-05T00:00:00,country_IN,India,state_29,Karnataka,district_738,Vijayanagar,0,0,0,0,0,0,0,0,0,106597,1666,953,
42c86cd9-6aeb-4e17-ab15-c081b9c0cab2,Foot And Mouth Disease,ICD11_1F05,round5,2024-04-01T00:00:00,2024-04-05T00:00:00,country_IN,India,state_29,Karnataka,district_525,Bengaluru Urban,7315,184,7499,237,11,248,0,0,0,7368,2875,170,
ff15192b-b7f3-403a-bd5c-a8c0ccf45e83,Foot And Mouth Disease,ICD11_1F05,round5,2024-04-01T00:00:00,2024-04-05T00:00:00,country_IN,India,state_29,Karnataka,district_526,Bengaluru Rural,7570,479,8049,256,16,272,0,0,0,13004,3103,180,
772952cf-5edb-4ff3-aef1-646236589d91,Foot And Mouth Disease,ICD11_1F05,round5,2024-04-01T00:00:00,2024-04-05T00:00:00,country_IN,India,state_29,Karnataka,district_533,Chitradurga,10871,4661,15532,130,66,196,0,0,0,22876,900,431,
2d43112c-2651-4b73-a031-317e4abd1e5f,Foot And Mouth Disease,ICD11_1F05,round5,2024-04-01T00:00:00,2024-04-05T00:00:00,country_IN,India,state_29,Karnataka,district_630,Chikkaballapura,9583,906,10489,250,27,277,0,0,0,19535,2395,252,
e50abd5c-12d9-4b2a-a9c7-691cb6a43041,Foot And Mouth Disease,ICD11_1F05,round5,2024-04-01T00:00:00,2024-04-05T00:00:00,country_IN,India,state_29,Karnataka,district_535,Davangere,7868,2128,9996,450,102,552,0,0,0,16030,2619,718,
dfea6203-fa55-46cc-805c-e30d1eca5aa6,Foot And Mouth Disease,ICD11_1F05,round5,2024-04-01T00:00:00,2024-04-05T00:00:00,country_IN,India,state_29,Karnataka,district_542,Kolar,12936,1114,14050,652,36,688,0,0,0,30639,4178,486,
2c86ee69-aa77-4265-af02-b750f75789bd,Foot And Mouth Disease,ICD11_1F05,round5,2024-04-01T00:00:00,2024-04-05T00:00:00,country_IN,India,state_29,Karnataka,district_631,Ramanagara,12905,220,13125,316,3,319,0,0,0,18291,2376,105,
4c82b9d3-99e1-4900-9721-283f25341fb4,Foot And Mouth Disease,ICD11_1F05,round5,2024-04-01T00:00:00,2024-04-05T00:00:00,country_IN,India,state_29,Karnataka,district_547,Shivamogga,14423,2634,17057,111,20,131,0,0,0,12463,1061,146,
c00921db-7cd0-41b7-bde8-c56ba2b90658,Foot And Mouth Disease,ICD11_1F05,round5,2024-04-01T00:00:00,2024-04-05T00:00:00,country_IN,India,state_29,Karnataka,district_548,Tumakuru,18881,5602,24483,297,107,404,0,0,0,47433,4514,1504,
d67847f6-62e7-4785-bb2e-6979d37fc16e,Foot And Mouth Disease,ICD11_1F05,round5,2024-04-01T00:00:00,2024-04-05T00:00:00,country_IN,India,state_29,Karnataka,district_531,Chamarajanagara,10416,234,10650,106,6,112,0,0,0,14244,670,9,
c61d519e-29ad-4ea4-b60c-2e50f3f29b0e,Foot And Mouth Disease,ICD11_1F05,round5,2024-04-01T00:00:00,2024-04-05T00:00:00,country_IN,India,state_29,Karnataka,district_532,Chikkamagaluru,11463,1146,12609,280,41,321,0,0,0,14983,921,62,
1fbca164-3f34-4114-b12d-9b72c5b1d0f9,Foot And Mouth Disease,ICD11_1F05,round5,2024-04-01T00:00:00,2024-04-05T00:00:00,country_IN,India,state_29,Karnataka,district_534,Dakshina Kannada,8576,8,8584,179,0,179,0,0,0,14437,1115,4,
e30cc49b-9eb6-4ff5-845a-2b78438e35cf,Foot And Mouth Disease,ICD11_1F05,round5,2024-04-01T00:00:00,2024-04-05T00:00:00,country_IN,India,state_29,Karnataka,district_539,Hassan,26548,5061,31609,192,21,213,0,0,0,40584,936,77,
ccfaf359-f503-4a39-b0b9-b277cd95c37e,Foot And Mouth Disease,ICD11_1F05,round5,2024-04-01T00:00:00,2024-04-05T00:00:00,country_IN,India,state_29,Karnataka,district_541,Kodagu,2112,100,2212,56,1,57,0,0,0,2341,750,25,
993186a0-76bc-471b-8ad0-47b13d29c1bd,Foot And Mouth Disease,ICD11_1F05,round5,2024-04-01T00:00:00,2024-04-05T00:00:00,country_IN,India,state_29,Karnataka,district_545,Mysuru,21350,527,21877,255,6,261,0,0,0,32090,2412,42,
07faafc4-d5e4-4ccf-b341-cd6e001c70b6,Foot And Mouth Disease,ICD11_1F05,round5,2024-04-01T00:00:00,2024-04-05T00:00:00,country_IN,India,state_29,Karnataka,district_544,Mandya,17208,4365,21573,210,65,275,0,0,0,37489,1949,350,
609a732f-0941-4b5a-b613-26bb73002408,Foot And Mouth Disease,ICD11_1F05,round5,2024-04-01T00:00:00,2024-04-05T00:00:00,country_IN,India,state_29,Karnataka,district_549,Udupi,5066,11,5077,16,0,16,0,0,0,4157,248,0,
df6b224b-343b-41a9-8f7f-3708602ddc1e,Foot And Mouth Disease,ICD11_1F05,round5,2024-04-01T00:00:00,2024-04-05T00:00:00,country_IN,India,state_29,Karnataka,district_527,Belagavi,16470,27599,44069,258,234,492,0,0,0,102322,307,405,
153d9908-5f18-463b-aa03-1514f5a8f92c,Foot And Mouth Disease,ICD11_1F05,round5,2024-04-01T00:00:00,2024-04-05T00:00:00,country_IN,India,state_29,Karnataka,district_524,Bagalkote,9229,9154,18383,203,131,334,0,0,0,31304,438,417,
04c23b6a-2799-4e71-b4ce-bc7d93ad06b2,Foot And Mouth Disease,ICD11_1F05,round5,2024-04-01T00:00:00,2024-04-05T00:00:00,country_IN,India,state_29,Karnataka,district_536,Dharwad,6592,2112,8704,59,26,85,0,0,0,16190,591,205,
efb7bc3d-079d-43bc-86a8-31caeb24d993,Foot And Mouth Disease,ICD11_1F05,round5,2024-04-01T00:00:00,2024-04-05T00:00:00,country_IN,India,state_29,Karnataka,district_537,Gadag,6482,2235,8717,57,38,95,0,0,0,14860,399,177,
94d88c9d-7067-4ba6-8146-b9e5893ac975,Foot And Mouth Disease,ICD11_1F05,round5,2024-04-01T00:00:00,2024-04-05T00:00:00,country_IN,India,state_29,Karnataka,district_540,Haveri,10981,3093,14074,137,59,196,0,0,0,25175,1476,461,
b71c9bc2-d4ca-488d-952b-df6c5688e684,Foot And Mouth Disease,ICD11_1F05,round5,2024-04-01T00:00:00,2024-04-05T00:00:00,country_IN,India,state_29,Karnataka,district_550,Uttara Kannada,7523,1587,9110,67,30,97,0,0,0,11576,1037,216,
a61f9e93-2cb3-404b-9eb3-a35a59e559e4,Foot And Mouth Disease,ICD11_1F05,round5,2024-04-01T00:00:00,2024-04-05T00:00:00,country_IN,India,state_29,Karnataka,district_530,Vijayapura,7505,6165,13670,78,29,107,0,0,0,31623,58,79,
ca5cc785-2845-4d2f-a6b7-575305f0c524,Foot And Mouth Disease,ICD11_1F05,round5,2024-04-01T00:00:00,2024-04-05T00:00:00,country_IN,India,state_29,Karnataka,district_528,Ballari,6433,3252,9685,70,52,122,0,0,0,25434,202,223,
6751760d-d948-4228-b6b9-522a2909405f,Foot And Mouth Disease,ICD11_1F05,round5,2024-04-01T00:00:00,2024-04-05T00:00:00,country_IN,India,state_29,Karnataka,district_529,Bidar,7967,4960,12927,169,137,306,0,0,0,22977,639,453,
c20edf5e-40ac-42f0-98ea-72710424a9b9,Foot And Mouth Disease,ICD11_1F05,round5,2024-04-01T00:00:00,2024-04-05T00:00:00,country_IN,India,state_29,Karnataka,district_543,Koppal,5453,1306,6759,22,18,40,0,0,0,6525,403,183,
3b058e4b-f0e8-45f5-b3ee-43526f232707,Foot And Mouth Disease,ICD11_1F05,round5,2024-04-01T00:00:00,2024-04-05T00:00:00,country_IN,India,state_29,Karnataka,district_538,Kalaburagi,20669,3196,23865,195,33,228,0,0,0,34842,2756,546,
ab3c57de-cd7b-4b27-9aec-ffbdee1f5f41,Foot And Mouth Disease,ICD11_1F05,round5,2024-04-01T00:00:00,2024-04-05T00:00:00,country_IN,India,state_29,Karnataka,district_546,Raichur,17398,6582,23980,72,40,112,0,0,0,56572,4,9,
90be8f09-4890-47c0-ae1e-5592c1802828,Foot And Mouth Disease,ICD11_1F05,round5,2024-04-01T00:00:00,2024-04-05T00:00:00,country_IN,India,state_29,Karnataka,district_635,Yadgir,12694,2922,15616,79,81,160,0,0,0,25355,699,351,
642b9e71-c5ba-4fc1-a903-ccbf8d3fea60,Foot And Mouth Disease,ICD11_1F05,round5,2024-04-01T00:00:00,2024-04-05T00:00:00,country_IN,India,state_29,Karnataka,district_738,Vijayanagar,9362,4306,13668,162,75,237,0,0,0,16722,207,128,
244e9912-e22d-4c08-8332-0b3c890f1e01,Foot And Mouth Disease,ICD11_1F05,round5,2024-04-01T00:00:00,2024-04-19T00:00:00,country_IN,India,state_29,Karnataka,district_525,Bengaluru Urban,4494,158,4652,132,7,139,0,0,0,20250,8309,387,
6c599f8d-9d7e-47cf-81c3-4d10dcba9cc6,Foot And Mouth Disease,ICD11_1F05,round5,2024-04-01T00:00:00,2024-04-19T00:00:00,country_IN,India,state_29,Karnataka,district_526,Bengaluru Rural,5595,278,5873,186,14,200,0,0,0,38632,8610,526,
698c2adb-638b-4297-8b50-a2864dae6e99,Foot And Mouth Disease,ICD11_1F05,round5,2024-04-01T00:00:00,2024-04-19T00:00:00,country_IN,India,state_29,Karnataka,district_533,Chitradurga,6823,3216,10039,51,58,109,0,0,0,68771,2578,1346,
e11075d9-a0ec-4a30-91ca-3e5fb734cdb2,Foot And Mouth Disease,ICD11_1F05,round5,2024-04-01T00:00:00,2024-04-19T00:00:00,country_IN,India,state_29,Karnataka,district_630,Chikkaballapura,8792,793,9585,134,17,151,0,0,0,53417,5991,610,
12f7a390-3a42-4278-8782-54223dd08fff,Foot And Mouth Disease,ICD11_1F05,round5,2024-04-01T00:00:00,2024-04-19T00:00:00,country_IN,India,state_29,Karnataka,district_535,Davangere,8526,3329,11855,306,130,436,0,0,0,61700,9471,2806,
1e6fd8b6-e0e5-4fc2-ae83-a51ed8519596,Foot And Mouth Disease,ICD11_1F05,round5,2024-04-01T00:00:00,2024-04-19T00:00:00,country_IN,India,state_29,Karnataka,district_542,Kolar,3423,378,3801,83,10,93,0,0,0,83336,9875,1229,
2b9a3284-a35c-4f19-8b90-3a01f6df53da,Foot And Mouth Disease,ICD11_1F05,round5,2024-04-01T00:00:00,2024-04-19T00:00:00,country_IN,India,state_29,Karnataka,district_631,Ramanagara,8890,276,9166,235,3,238,0,0,0,55689,7722,292,
cc9161c8-9016-41b2-b09d-fbac5aad98cc,Foot And Mouth Disease,ICD11_1F05,round5,2024-04-01T00:00:00,2024-04-19T00:00:00,country_IN,India,state_29,Karnataka,district_547,Shivamogga,16522,2942,19464,211,33,244,0,0,0,78760,5155,923,
acb44236-2149-4bf5-a3db-d1defc5bb5f3,Foot And Mouth Disease,ICD11_1F05,round5,2024-04-01T00:00:00,2024-04-19T00:00:00,country_IN,India,state_29,Karnataka,district_548,Tumakuru,17226,4732,21958,192,73,265,0,0,0,141512,10837,3754,
994aa495-6081-4475-a7a1-53c608c29128,Foot And Mouth Disease,ICD11_1F05,round5,2024-04-01T00:00:00,2024-04-19T00:00:00,country_IN,India,state_29,Karnataka,district_531,Chamarajanagara,10729,127,10856,59,0,59,0,0,0,45844,1807,63,
f49ed9a3-b685-44e5-8f56-c3d054aa8313,Foot And Mouth Disease,ICD11_1F05,round5,2024-04-01T00:00:00,2024-04-19T00:00:00,country_IN,India,state_29,Karnataka,district_532,Chikkamagaluru,9373,1100,10473,47,6,53,0,0,0,59421,2424,196,
612f3f0c-7183-43e9-9ca9-ec65583190bb,Foot And Mouth Disease,ICD11_1F05,round5,2024-04-01T00:00:00,2024-04-19T00:00:00,country_IN,India,state_29,Karnataka,district_534,Dakshina Kannada,7092,26,7118,157,0,157,0,0,0,46202,3751,9,
7d0944d2-bda9-4bbb-96ed-5bc1a5e1fa01,Foot And Mouth Disease,ICD11_1F05,round5,2024-04-01T00:00:00,2024-04-19T00:00:00,country_IN,India,state_29,Karnataka,district_539,Hassan,18496,2531,21027,165,9,174,0,0,0,162991,3071,212,
4d06b3b9-db61-487a-b75b-62c86adba4d7,Foot And Mouth Disease,ICD11_1F05,round5,2024-04-01T00:00:00,2024-04-19T00:00:00,country_IN,India,state_29,Karnataka,district_541,Kodagu,2048,101,2149,37,0,37,0,0,0,8644,2931,76,
53b05de6-b939-4107-b811-e86f2cf35a5a,Foot And Mouth Disease,ICD11_1F05,round5,2024-04-01T00:00:00,2024-04-19T00:00:00,country_IN,India,state_29,Karnataka,district_545,Mysuru,23472,1198,24670,303,36,339,0,0,0,115167,6773,118,
26b845a5-e5ee-4917-9ffc-93ea15aba4a0,Foot And Mouth Disease,ICD11_1F05,round5,2024-04-01T00:00:00,2024-04-19T00:00:00,country_IN,India,state_29,Karnataka,district_544,Mandya,15975,4361,20336,289,66,355,0,0,0,118329,5006,980,
c479c7d2-b73f-4721-b115-ca96d4151eec,Foot And Mouth Disease,ICD11_1F05,round5,2024-04-01T00:00:00,2024-04-19T00:00:00,country_IN,India,state_29,Karnataka,district_549,Udupi,11071,41,11112,41,0,41,0,0,0,36276,2285,10,
7fe848df-7c60-46b0-829b-7a151c4d0b31,Foot And Mouth Disease,ICD11_1F05,round5,2024-04-01T00:00:00,2024-04-19T00:00:00,country_IN,India,state_29,Karnataka,district_527,Belagavi,15327,26286,41613,140,215,355,0,0,0,400766,1409,1478,
e67b286e-77aa-4511-be4d-3e76a52b5b50,Foot And Mouth Disease,ICD11_1F05,round5,2024-04-01T00:00:00,2024-04-19T00:00:00,country_IN,India,state_29,Karnataka,district_524,Bagalkote,5915,6826,12741,88,80,168,0,0,0,107672,2755,2871,
4e85073a-c465-4189-b4a8-b0645503fae2,Foot And Mouth Disease,ICD11_1F05,round5,2024-04-01T00:00:00,2024-04-19T00:00:00,country_IN,India,state_29,Karnataka,district_536,Dharwad,1730,965,2695,39,21,60,0,0,0,47350,1731,714,
277a2c00-82da-4876-a1a5-41296458b314,Foot And Mouth Disease,ICD11_1F05,round5,2024-04-01T00:00:00,2024-04-19T00:00:00,country_IN,India,state_29,Karnataka,district_537,Gadag,1218,831,2049,13,7,20,0,0,0,45651,728,356,
c4d0a3da-bf0d-4c20-a19e-39ffff06a8ef,Foot And Mouth Disease,ICD11_1F05,round5,2024-04-01T00:00:00,2024-04-19T00:00:00,country_IN,India,state_29,Karnataka,district_540,Haveri,8525,2682,11207,129,59,188,0,0,0,82393,3373,1128,
c39e9672-9cd6-452f-a5e8-154c82275de4,Foot And Mouth Disease,ICD11_1F05,round5,2024-04-01T00:00:00,2024-04-19T00:00:00,country_IN,India,state_29,Karnataka,district_550,Uttara Kannada,10450,1985,12435,67,10,77,0,0,0,50172,3157,609,
9f392768-bd32-43c5-b8f9-29e8a58371d1,Foot And Mouth Disease,ICD11_1F05,round5,2024-04-01T00:00:00,2024-04-19T00:00:00,country_IN,India,state_29,Karnataka,district_530,Vijayapura,4420,4145,8565,22,23,45,0,0,0,103128,265,306,
7d2cfb64-bfd4-41a0-b6c8-c07dd08f3d5f,Foot And Mouth Disease,ICD11_1F05,round5,2024-04-01T00:00:00,2024-04-19T00:00:00,country_IN,India,state_29,Karnataka,district_528,Ballari,2639,1478,4117,11,8,19,0,0,0,59196,528,561,
bafc7368-e54a-4763-9c5b-a466b1678f9b,Foot And Mouth Disease,ICD11_1F05,round5,2024-04-01T00:00:00,2024-04-19T00:00:00,country_IN,India,state_29,Karnataka,district_529,Bidar,3682,3737,7419,46,61,107,0,0,0,78496,2266,1620,
0baab8d7-3966-4c5f-8e21-26ec5c7dc80e,Foot And Mouth Disease,ICD11_1F05,round5,2024-04-01T00:00:00,2024-04-19T00:00:00,country_IN,India,state_29,Karnataka,district_543,Koppal,7043,1720,8763,73,50,123,0,0,0,68648,1983,948,
d2bcd7a7-6244-46e0-8d77-06821c60edce,Foot And Mouth Disease,ICD11_1F05,round5,2024-04-01T00:00:00,2024-04-19T00:00:00,country_IN,India,state_29,Karnataka,district_538,Kalaburagi,8176,1550,9726,22,24,46,0,0,0,97649,5190,946,
6365c5a4-ceef-4ff2-bbe9-68983438ea71,Foot And Mouth Disease,ICD11_1F05,round5,2024-04-01T00:00:00,2024-04-19T00:00:00,country_IN,India,state_29,Karnataka,district_546,Raichur,6804,2298,9102,5,7,12,0,0,0,161606,44,26,
f587af96-406b-41dd-a093-38403fe7083b,Foot And Mouth Disease,ICD11_1F05,round5,2024-04-01T00:00:00,2024-04-19T00:00:00,country_IN,India,state_29,Karnataka,district_635,Yadgir,5277,1056,6333,32,8,40,0,0,0,73016,2330,568,
0c890457-6fda-4a8c-a1f6-5050a56399eb,Foot And Mouth Disease,ICD11_1F05,round5,2024-04-01T00:00:00,2024-04-19T00:00:00,country_IN,India,state_29,Karnataka,district_738,Vijayanagar,4116,2063,6179,38,17,55,0,0,0,85336,1058,613,
2b305d08-9627-489d-8427-2b5171fcb89f,Foot And Mouth Disease,ICD11_1F05,round5,2024-04-01T00:00:00,2024-04-01T00:00:00,country_IN,India,state_29,Karnataka,district_525,Bengaluru Urban,52800,1540,54340,1870,30,1900,0,0,0,11610,552,20,
8fc661ab-19e7-45d9-8a1d-3d5af16eb866,Foot And Mouth Disease,ICD11_1F05,round5,2024-04-01T00:00:00,2024-04-01T00:00:00,country_IN,India,state_29,Karnataka,district_525,Bengaluru Urban,53200,4980,58180,2180,200,2380,0,0,0,22910,486,39,
44321c74-6424-49d2-8ef6-8bfd85813a9b,Foot And Mouth Disease,ICD11_1F05,round5,2024-04-01T00:00:00,2024-04-01T00:00:00,country_IN,India,state_29,Karnataka,district_533,Chitradurga,57660,24330,81990,700,410,1110,0,0,0,27320,169,71,
0f742435-6185-4ec7-829b-ea8e1344fe13,Foot And Mouth Disease,ICD11_1F05,round5,2024-04-01T00:00:00,2024-04-01T00:00:00,country_IN,India,state_29,Karnataka,district_630,Chikkaballapura,57910,4510,62420,2000,120,2120,0,0,0,28620,386,41,
0c9c8c70-6a05-4081-9049-86b8f43509ff,Foot And Mouth Disease,ICD11_1F05,round5,2024-04-01T00:00:00,2024-04-01T00:00:00,country_IN,India,state_29,Karnataka,district_535,Davangere,31420,7010,38430,1090,290,1380,0,0,0,15070,200,43,
128fc001-b75a-46f3-8a59-3b024b810f00,Foot And Mouth Disease,ICD11_1F05,round5,2024-04-01T00:00:00,2024-04-01T00:00:00,country_IN,India,state_29,Karnataka,district_542,Kolar,63940,5090,69030,1950,240,2190,0,0,0,32650,627,63,
edea25f2-6f15-4f3b-bdf7-e426ff4e4416,Foot And Mouth Disease,ICD11_1F05,round5,2024-04-01T00:00:00,2024-04-01T00:00:00,country_IN,India,state_29,Karnataka,district_631,Ramanagara,62320,2280,64600,2310,30,2340,0,0,0,18260,405,8,
a49602cd-a150-440c-b086-1c1118525148,Foot And Mouth Disease,ICD11_1F05,round5,2024-04-01T00:00:00,2024-04-01T00:00:00,country_IN,India,state_29,Karnataka,district_547,Shivamogga,27380,2030,29410,430,10,440,0,0,0,7740,158,5,
1d391276-bd08-48d4-be7f-b24c5300970f,Foot And Mouth Disease,ICD11_1F05,round5,2024-04-01T00:00:00,2024-04-01T00:00:00,country_IN,India,state_29,Karnataka,district_548,Tumakuru,126070,37350,163420,4560,3150,7710,0,0,0,67610,816,291,
3868bffc-f9a9-4143-84f1-4e7beaf9c41b,Foot And Mouth Disease,ICD11_1F05,round5,2024-04-01T00:00:00,2024-04-01T00:00:00,country_IN,India,state_29,Karnataka,district_531,Chamarajanagara,85250,920,86170,570,0,570,0,0,0,19580,64,0,
310356d1-b699-42e4-ab7d-b8850f7db08d,Foot And Mouth Disease,ICD11_1F05,round5,2024-04-01T00:00:00,2024-04-01T00:00:00,country_IN,India,state_29,Karnataka,district_532,Chikkamagaluru,55690,2330,58020,250,0,250,0,0,0,17700,107,1,
aea78c9d-f534-402d-87e5-ab4c26b9bc5d,Foot And Mouth Disease,ICD11_1F05,round5,2024-04-01T00:00:00,2024-04-01T00:00:00,country_IN,India,state_29,Karnataka,district_534,Dakshina Kannada,70410,100,70510,2980,0,2980,0,0,0,25250,108,0,
b4f76b7a-94fa-4348-8007-ddc7bfebe529,Foot And Mouth Disease,ICD11_1F05,round5,2024-04-01T00:00:00,2024-04-01T00:00:00,country_IN,India,state_29,Karnataka,district_539,Hassan,52420,9210,61630,1100,210,1310,0,0,0,22110,116,9,
a874735c-1514-4b44-8161-365b9481393c,Foot And Mouth Disease,ICD11_1F05,round5,2024-04-01T00:00:00,2024-04-01T00:00:00,country_IN,India,state_29,Karnataka,district_541,Kodagu,11360,440,11800,410,0,410,0,0,0,3050,97,2,
f1b981a5-23ee-4a51-a9c3-b78582906f00,Foot And Mouth Disease,ICD11_1F05,round5,2024-04-01T00:00:00,2024-04-01T00:00:00,country_IN,India,state_29,Karnataka,district_545,Mysuru,118220,2250,120470,1800,30,1830,0,0,0,37400,310,4,
a4593b5b-1906-4525-9ef0-99d793092162,Foot And Mouth Disease,ICD11_1F05,round5,2024-04-01T00:00:00,2024-04-01T00:00:00,country_IN,India,state_29,Karnataka,district_544,Mandya,141290,24620,165910,2030,330,2360,0,0,0,62970,366,84,
f009c287-fe7f-4281-a607-d9f6e157f0c5,Foot And Mouth Disease,ICD11_1F05,round5,2024-04-01T00:00:00,2024-04-01T00:00:00,country_IN,India,state_29,Karnataka,district_549,Udupi,5250,10,5260,30,0,30,0,0,0,1320,0,0,
6aa332e4-c435-4cf2-973d-3df9bfbc4372,Foot And Mouth Disease,ICD11_1F05,round5,2024-04-01T00:00:00,2024-04-01T00:00:00,country_IN,India,state_29,Karnataka,district_527,Belagavi,86930,156370,243300,890,1270,2160,0,0,0,116890,76,147,
e4d04c81-ee92-40f6-9186-0d5e0c235892,Foot And Mouth Disease,ICD11_1F05,round5,2024-04-01T00:00:00,2024-04-01T00:00:00,country_IN,India,state_29,Karnataka,district_524,Bagalkote,49420,40460,89880,880,630,1510,0,0,0,35160,40,18,
462fbddb-ebe3-4a77-a313-20f204557caa,Foot And Mouth Disease,ICD11_1F05,round5,2024-04-01T00:00:00,2024-04-01T00:00:00,country_IN,India,state_29,Karnataka,district_536,Dharwad,60420,17720,78140,980,570,1550,0,0,0,28080,64,26,
c48c1d9b-1bbc-4d8e-b557-ea20cd862dad,Foot And Mouth Disease,ICD11_1F05,round5,2024-04-01T00:00:00,2024-04-01T00:00:00,country_IN,India,state_29,Karnataka,district_537,Gadag,39440,16410,55850,300,330,630,0,0,0,23100,32,23,
e2cffdaa-00da-41f1-ba09-85c311558e44,Foot And Mouth Disease,ICD11_1F05,round5,2024-04-01T00:00:00,2024-04-01T00:00:00,country_IN,India,state_29,Karnataka,district_540,Haveri,71350,20260,91610,890,370,1260,0,0,0,34370,154,24,
bdf72da7-cb91-433c-943b-415236582e01,Foot And Mouth Disease,ICD11_1F05,round5,2024-04-01T00:00:00,2024-04-01T00:00:00,country_IN,India,state_29,Karnataka,district_550,Uttara Kannada,36460,5360,41820,380,100,480,0,0,0,12020,229,57,
391782e9-323b-446a-95f9-07d7774c9e06,Foot And Mouth Disease,ICD11_1F05,round5,2024-04-01T00:00:00,2024-04-01T00:00:00,country_IN,India,state_29,Karnataka,district_530,Vijayapura,62320,58740,121060,140,190,330,0,0,0,52630,8,4,
163743b4-3f9a-49af-875c-31547aeb8bd1,Foot And Mouth Disease,ICD11_1F05,round5,2024-04-01T00:00:00,2024-04-01T00:00:00,country_IN,India,state_29,Karnataka,district_528,Ballari,100520,41000,141520,1240,510,1750,0,0,0,59540,48,39,
8c09195f-2a30-4f86-bdf8-38436e902534,Foot And Mouth Disease,ICD11_1F05,round5,2024-04-01T00:00:00,2024-04-01T00:00:00,country_IN,India,state_29,Karnataka,district_529,Bidar,30830,18890,49720,310,450,760,0,0,0,24920,91,56,
483c83f6-ad2d-4aa0-9d9f-a0b1098000c3,Foot And Mouth Disease,ICD11_1F05,round5,2024-04-01T00:00:00,2024-04-01T00:00:00,country_IN,India,state_29,Karnataka,district_543,Koppal,4250,900,5150,80,50,130,0,0,0,1600,29,10,
fcd3007c-b2f8-47bd-891a-1a2fe5188884,Foot And Mouth Disease,ICD11_1F05,round5,2024-04-01T00:00:00,2024-04-01T00:00:00,country_IN,India,state_29,Karnataka,district_538,Kalaburagi,156850,25510,182360,950,140,1090,0,0,0,52260,1060,182,
f7130ffe-a7ae-4d79-8640-2af65028045b,Foot And Mouth Disease,ICD11_1F05,round5,2024-04-01T00:00:00,2024-04-01T00:00:00,country_IN,India,state_29,Karnataka,district_546,Raichur,53810,20040,73850,0,0,0,0,0,0,51380,2,9,
bff2b3b4-eacb-4aa6-a24b-950f51f69c09,Foot And Mouth Disease,ICD11_1F05,round5,2024-04-01T00:00:00,2024-04-01T00:00:00,country_IN,India,state_29,Karnataka,district_635,Yadgir,57410,15450,72860,810,440,1250,0,0,0,23660,92,28,
2eae30cb-f03e-4c90-9e3c-5969cb64e94b,Foot And Mouth Disease,ICD11_1F05,round5,2024-04-01T00:00:00,2024-04-01T00:00:00,country_IN,India,state_29,Karnataka,district_738,Vijayanagar,2130,970,3100,70,30,100,0,0,0,1670,7,3,
fcc3c9fc-55b4-4c4f-8836-f2b72f391682,Foot And Mouth Disease,ICD11_1F05,round5,2024-04-01T00:00:00,2024-04-09T00:00:00,country_IN,India,state_29,Karnataka,district_525,Bengaluru Urban,2220,0,2220,360,0,360,0,0,0,108770,42800,2200,
978b9c1f-476b-4eea-84b6-69a35ab6e49a,Foot And Mouth Disease,ICD11_1F05,round5,2024-04-01T00:00:00,2024-04-09T00:00:00,country_IN,India,state_29,Karnataka,district_526,Bengaluru Rural,0,0,0,0,0,0,0,0,0,189150,45520,2670,
37ecd7f4-02c3-405d-bf73-1fba0189e745,Foot And Mouth Disease,ICD11_1F05,round5,2024-04-01T00:00:00,2024-04-09T00:00:00,country_IN,India,state_29,Karnataka,district_533,Chitradurga,6720,1680,8400,310,70,380,0,0,0,353730,12570,6590,
7c2d0c40-29ee-44b1-93c9-da0983f40045,Foot And Mouth Disease,ICD11_1F05,round5,2024-04-01T00:00:00,2024-04-09T00:00:00,country_IN,India,state_29,Karnataka,district_630,Chikkaballapura,5850,780,6630,220,30,250,0,0,0,282900,35280,3540,
32b2612d-4099-4c68-905a-25edee507d68,Foot And Mouth Disease,ICD11_1F05,round5,2024-04-01T00:00:00,2024-04-09T00:00:00,country_IN,India,state_29,Karnataka,district_535,Davangere,15540,3300,18840,880,220,1100,0,0,0,270840,41290,11960,
b2bcf6e0-7436-452a-8750-c9e73a93cd4b,Foot And Mouth Disease,ICD11_1F05,round5,2024-04-01T00:00:00,2024-04-09T00:00:00,country_IN,India,state_29,Karnataka,district_542,Kolar,9740,650,10390,240,20,260,0,0,0,482200,61630,7060,
5360262a-dd16-4a05-8dc4-b153fdedb998,Foot And Mouth Disease,ICD11_1F05,round5,2024-04-01T00:00:00,2024-04-09T00:00:00,country_IN,India,state_29,Karnataka,district_631,Ramanagara,0,0,0,0,0,0,0,0,0,263500,33120,1410,
80649745-40c8-4ce1-944b-f3dcb9666aab,Foot And Mouth Disease,ICD11_1F05,round5,2024-04-01T00:00:00,2024-04-09T00:00:00,country_IN,India,state_29,Karnataka,district_547,Shivamogga,66770,25910,92680,230,40,270,0,0,0,282370,22010,3150,
36fe0aa3-7f37-4372-ad5c-858bf60a210d,Foot And Mouth Disease,ICD11_1F05,round5,2024-04-01T00:00:00,2024-04-09T00:00:00,country_IN,India,state_29,Karnataka,district_548,Tumakuru,6840,2220,9060,60,10,70,0,0,0,688690,61420,19880,
af6bf839-aa83-4c57-b2a3-dd467a4fc38b,Foot And Mouth Disease,ICD11_1F05,round5,2024-04-01T00:00:00,2024-04-09T00:00:00,country_IN,India,state_29,Karnataka,district_531,Chamarajanagara,24960,470,25430,0,0,0,0,0,0,215860,10510,240,
8a5e09f3-af0f-46f3-8184-931d8ac26396,Foot And Mouth Disease,ICD11_1F05,round5,2024-04-01T00:00:00,2024-04-09T00:00:00,country_IN,India,state_29,Karnataka,district_532,Chikkamagaluru,14040,750,14790,0,0,0,0,0,0,236220,12560,870,
348310ed-95e5-4c20-b14f-99bce194c952,Foot And Mouth Disease,ICD11_1F05,round5,2024-04-01T00:00:00,2024-04-09T00:00:00,country_IN,India,state_29,Karnataka,district_534,Dakshina Kannada,34280,80,34360,850,0,850,0,0,0,229740,17600,40,
4087d95b-f337-4598-ab4d-cd2af0bd0c3a,Foot And Mouth Disease,ICD11_1F05,round5,2024-04-01T00:00:00,2024-04-09T00:00:00,country_IN,India,state_29,Karnataka,district_539,Hassan,49950,4550,54500,550,120,670,0,0,0,666550,14000,1150,
389655da-ff57-45b4-b8be-adf5c95d8b23,Foot And Mouth Disease,ICD11_1F05,round5,2024-04-01T00:00:00,2024-04-09T00:00:00,country_IN,India,state_29,Karnataka,district_541,Kodagu,310,0,310,10,0,10,0,0,0,35570,11730,300,
77713c5a-634e-4ed8-84ea-791c364faef8,Foot And Mouth Disease,ICD11_1F05,round5,2024-04-01T00:00:00,2024-04-09T00:00:00,country_IN,India,state_29,Karnataka,district_545,Mysuru,16030,1150,17180,430,0,430,0,0,0,495370,37400,630,
4a28b29c-4045-4961-ba0d-3d2a2bde5c16,Foot And Mouth Disease,ICD11_1F05,round5,2024-04-01T00:00:00,2024-04-09T00:00:00,country_IN,India,state_29,Karnataka,district_544,Mandya,1100,0,1100,0,0,0,0,0,0,544690,26560,4800,
f835a1f5-a73c-405a-a717-49fab552825c,Foot And Mouth Disease,ICD11_1F05,round5,2024-04-01T00:00:00,2024-04-09T00:00:00,country_IN,India,state_29,Karnataka,district_549,Udupi,25490,60,25550,180,0,180,40,0,40,85660,5780,0,
f8d2a850-ce08-484e-94b9-8667ddab88b9,Foot And Mouth Disease,ICD11_1F05,round5,2024-04-01T00:00:00,2024-04-09T00:00:00,country_IN,India,state_29,Karnataka,district_527,Belagavi,110360,197780,308140,1130,1320,2450,0,0,0,1848480,6320,7660,
fc1f0c73-0c30-4f12-aec6-693d1004f797,Foot And Mouth Disease,ICD11_1F05,round5,2024-04-01T00:00:00,2024-04-09T00:00:00,country_IN,India,state_29,Karnataka,district_524,Bagalkote,53740,48740,102480,1520,1850,3370,0,0,0,528040,11670,9910,
23d315f9-ed48-4139-8212-abee764a4dd0,Foot And Mouth Disease,ICD11_1F05,round5,2024-04-01T00:00:00,2024-04-09T00:00:00,country_IN,India,state_29,Karnataka,district_536,Dharwad,29770,11990,41760,180,120,300,60,20,80,268800,9250,3540,
2d74ff49-065f-4a93-be13-4575529076c0,Foot And Mouth Disease,ICD11_1F05,round5,2024-04-01T00:00:00,2024-04-09T00:00:00,country_IN,India,state_29,Karnataka,district_537,Gadag,28860,9390,38250,290,50,340,0,0,0,241950,5130,2220,
37a55bd5-b050-4229-ae2e-f91bb5e310be,Foot And Mouth Disease,ICD11_1F05,round5,2024-04-01T00:00:00,2024-04-09T00:00:00,country_IN,India,state_29,Karnataka,district_540,Haveri,13160,3850,17010,190,70,260,0,0,0,378020,19710,6010,
a353c374-c8b4-4927-8b8d-530db7ca57af,Foot And Mouth Disease,ICD11_1F05,round5,2024-04-01T00:00:00,2024-04-09T00:00:00,country_IN,India,state_29,Karnataka,district_550,Uttara Kannada,9810,1690,11500,50,60,110,0,0,0,188490,15940,3240,
418786b6-fed7-467b-8475-fd443b885cfa,Foot And Mouth Disease,ICD11_1F05,round5,2024-04-01T00:00:00,2024-04-09T00:00:00,country_IN,India,state_29,Karnataka,district_530,Vijayapura,7470,7170,14640,50,50,100,0,0,0,472360,810,1120,
7d6f71af-e870-4b89-beb5-770b0e49c4f1,Foot And Mouth Disease,ICD11_1F05,round5,2024-04-01T00:00:00,2024-04-09T00:00:00,country_IN,India,state_29,Karnataka,district_528,Ballari,34330,20770,55100,150,70,220,0,0,0,350710,2790,3100,
971dc280-5078-4c38-8fb5-73425ffcfc8a,Foot And Mouth Disease,ICD11_1F05,round5,2024-04-01T00:00:00,2024-04-09T00:00:00,country_IN,India,state_29,Karnataka,district_529,Bidar,29360,21880,51240,1470,660,2130,20,10,30,386840,11380,7140,
25cfb03b-6502-457e-ba24-35a98607c1bc,Foot And Mouth Disease,ICD11_1F05,round5,2024-04-01T00:00:00,2024-04-09T00:00:00,country_IN,India,state_29,Karnataka,district_543,Koppal,115390,23530,138920,2080,490,2570,0,0,0,220840,7080,3170,
90662c92-18b0-475e-aee3-259ef315257b,Foot And Mouth Disease,ICD11_1F05,round5,2024-04-01T00:00:00,2024-04-09T00:00:00,country_IN,India,state_29,Karnataka,district_538,Kalaburagi,92110,18320,110430,790,170,960,1720,0,0,550060,35120,6980,
172f10cd-552f-4089-8920-013451d04a24,Foot And Mouth Disease,ICD11_1F05,round5,2024-04-01T00:00:00,2024-04-09T00:00:00,country_IN,India,state_29,Karnataka,district_546,Raichur,42660,15520,58180,150,70,220,0,0,0,887270,90,110,
4dcd7f38-571d-4aa8-a533-d19a9026e894,Foot And Mouth Disease,ICD11_1F05,round5,2024-04-01T00:00:00,2024-04-09T00:00:00,country_IN,India,state_29,Karnataka,district_635,Yadgir,60810,12080,72890,1110,440,1550,0,0,0,387920,14230,4780,
d793a2cb-fae1-44bf-87cf-ca9f4a0850b4,Foot And Mouth Disease,ICD11_1F05,round5,2024-04-01T00:00:00,2024-04-09T00:00:00,country_IN,India,state_29,Karnataka,district_738,Vijayanagar,60540,22750,83290,990,360,1350,0,0,0,394760,4550,2780,
eae74f19-923f-4eff-b284-4ad301ed588b,Foot And Mouth Disease,ICD11_1F05,round5,2024-04-01T00:00:00,2024-04-27T00:00:00,country_IN,India,state_29,Karnataka,district_525,Bengaluru Urban,308,8,316,10,0,10,0,0,0,23996,10113,415,
816c1753-53d5-464d-98d4-d1995b0e5aaf,Foot And Mouth Disease,ICD11_1F05,round5,2024-04-01T00:00:00,2024-04-27T00:00:00,country_IN,India,state_29,Karnataka,district_526,Bengaluru Rural,25,0,25,1,0,1,0,0,0,46091,10058,568,
dab19460-0fd5-4c45-9b8a-74e6798b7ed7,Foot And Mouth Disease,ICD11_1F05,round5,2024-04-01T00:00:00,2024-04-27T00:00:00,country_IN,India,state_29,Karnataka,district_533,Chitradurga,1188,406,1594,37,17,54,0,0,0,84150,3857,1928,
f5c8ef7c-8911-486b-819f-4e6992bf5cb3,Foot And Mouth Disease,ICD11_1F05,round5,2024-04-01T00:00:00,2024-04-27T00:00:00,country_IN,India,state_29,Karnataka,district_630,Chikkaballapura,1612,138,1750,6,2,8,0,0,0,67871,7336,751,
7f734452-7345-41fd-8075-cd78138ce89b,Foot And Mouth Disease,ICD11_1F05,round5,2024-04-01T00:00:00,2024-04-27T00:00:00,country_IN,India,state_29,Karnataka,district_535,Davangere,1123,249,1372,60,11,71,0,0,0,82638,12141,3492,
bb3d9fd7-531c-4df0-8ee8-705e58782f2e,Foot And Mouth Disease,ICD11_1F05,round5,2024-04-01T00:00:00,2024-04-27T00:00:00,country_IN,India,state_29,Karnataka,district_542,Kolar,2487,81,2568,32,0,32,0,0,0,93345,10571,1242,
1a4bd03a-d13e-472e-a021-8d5d7f023eb3,Foot And Mouth Disease,ICD11_1F05,round5,2024-04-01T00:00:00,2024-04-27T00:00:00,country_IN,India,state_29,Karnataka,district_631,Ramanagara,3012,172,3184,181,7,188,0,0,0,68735,10040,367,
4a65a902-811e-4755-8a8e-94543c6b65dd,Foot And Mouth Disease,ICD11_1F05,round5,2024-04-01T00:00:00,2024-04-27T00:00:00,country_IN,India,state_29,Karnataka,district_547,Shivamogga,10198,1881,12079,64,10,74,0,0,0,110491,6712,1390,
00442678-d940-4f64-b82f-c61d6bd6c833,Foot And Mouth Disease,ICD11_1F05,round5,2024-04-01T00:00:00,2024-04-27T00:00:00,country_IN,India,state_29,Karnataka,district_548,Tumakuru,6278,1718,7996,117,29,146,0,0,0,177791,13618,4788,
66d9f68b-c28a-45b9-acc9-e2c146dbc27b,Foot And Mouth Disease,ICD11_1F05,round5,2024-04-01T00:00:00,2024-04-27T00:00:00,country_IN,India,state_29,Karnataka,district_531,Chamarajanagara,6000,43,6043,58,0,58,0,0,0,55353,2103,71,
89b71e15-a026-4c7f-8730-a5469da8f172,Foot And Mouth Disease,ICD11_1F05,round5,2024-04-01T00:00:00,2024-04-27T00:00:00,country_IN,India,state_29,Karnataka,district_532,Chikkamagaluru,2971,91,3062,18,3,21,0,0,0,78183,3095,218,
9b733737-b302-4e9c-8918-5a90b37dc2fc,Foot And Mouth Disease,ICD11_1F05,round5,2024-04-01T00:00:00,2024-04-27T00:00:00,country_IN,India,state_29,Karnataka,district_534,Dakshina Kannada,2531,0,2531,123,0,123,0,0,0,59888,5062,12,
3f5c0c7c-f95c-4be3-842f-9601dc23d6af,Foot And Mouth Disease,ICD11_1F05,round5,2024-04-01T00:00:00,2024-04-27T00:00:00,country_IN,India,state_29,Karnataka,district_539,Hassan,3127,1785,4912,9,0,9,0,0,0,201443,3457,244,
c05b7e24-c566-4b61-81fe-c227347abd34,Foot And Mouth Disease,ICD11_1F05,round5,2024-04-01T00:00:00,2024-04-27T00:00:00,country_IN,India,state_29,Karnataka,district_541,Kodagu,885,8,893,35,0,35,0,0,0,11857,3789,83,
b7ab1c34-a5af-4132-bcb7-ec05af39449d,Foot And Mouth Disease,ICD11_1F05,round5,2024-04-01T00:00:00,2024-04-27T00:00:00,country_IN,India,state_29,Karnataka,district_545,Mysuru,3618,169,3787,31,0,31,0,0,0,146503,8047,121,
8b59d93d-a059-40ab-955f-86faae9fbad2,Foot And Mouth Disease,ICD11_1F05,round5,2024-04-01T00:00:00,2024-04-27T00:00:00,country_IN,India,state_29,Karnataka,district_544,Mandya,4750,1222,5972,58,2,60,0,0,0,151309,6272,1239,
d97e2bf1-f824-4af9-a738-857afcd76133,Foot And Mouth Disease,ICD11_1F05,round5,2024-04-01T00:00:00,2024-04-27T00:00:00,country_IN,India,state_29,Karnataka,district_549,Udupi,5141,27,5168,239,0,239,0,0,0,52755,3368,14,
e6dd3490-6fe5-45c4-a17b-3200bec3a927,Foot And Mouth Disease,ICD11_1F05,round5,2024-04-01T00:00:00,2024-04-27T00:00:00,country_IN,India,state_29,Karnataka,district_527,Belagavi,8935,16118,25053,123,146,269,0,0,0,510988,1753,1855,
bea0838d-eeb7-4c27-9b40-377f33d6635e,Foot And Mouth Disease,ICD11_1F05,round5,2024-04-01T00:00:00,2024-04-27T00:00:00,country_IN,India,state_29,Karnataka,district_524,Bagalkote,2044,1985,4029,23,29,52,0,0,0,134436,3472,3584,
cc880537-7a89-4400-af70-aa338c8bf542,Foot And Mouth Disease,ICD11_1F05,round5,2024-04-01T00:00:00,2024-04-27T00:00:00,country_IN,India,state_29,Karnataka,district_536,Dharwad,3836,913,4749,41,12,53,0,0,0,54645,1919,842,
bcc93f67-52c0-4fe6-8769-b978e3506446,Foot And Mouth Disease,ICD11_1F05,round5,2024-04-01T00:00:00,2024-04-27T00:00:00,country_IN,India,state_29,Karnataka,district_537,Gadag,1592,732,2324,5,2,7,0,0,0,56164,781,391,
57da44f2-9ce9-43d5-97ae-bdfcf9bd7396,Foot And Mouth Disease,ICD11_1F05,round5,2024-04-01T00:00:00,2024-04-27T00:00:00,country_IN,India,state_29,Karnataka,district_540,Haveri,3068,1308,4376,51,35,86,0,0,0,110285,4634,1643,
bb8dc2a2-9678-450f-921a-5ef2ec010d2a,Foot And Mouth Disease,ICD11_1F05,round5,2024-04-01T00:00:00,2024-04-27T00:00:00,country_IN,India,state_29,Karnataka,district_550,Uttara Kannada,4947,784,5731,55,8,63,0,0,0,73296,3911,716,
b52d5ad8-934d-4bed-a773-88220abc6b3c,Foot And Mouth Disease,ICD11_1F05,round5,2024-04-01T00:00:00,2024-04-27T00:00:00,country_IN,India,state_29,Karnataka,district_530,Vijayapura,2646,2824,5470,10,21,31,0,0,0,129301,446,557,
ccb4c2af-bd40-4904-95cf-dc00f42694c0,Foot And Mouth Disease,ICD11_1F05,round5,2024-04-01T00:00:00,2024-04-27T00:00:00,country_IN,India,state_29,Karnataka,district_528,Ballari,0,0,0,0,0,0,0,0,0,64028,591,601,
155806a9-21c2-462d-99c9-c54261678792,Foot And Mouth Disease,ICD11_1F05,round5,2024-04-01T00:00:00,2024-04-27T00:00:00,country_IN,India,state_29,Karnataka,district_529,Bidar,1241,1688,2929,0,1,1,0,0,0,93409,2634,2068,
3b867a83-4c74-4aeb-be07-2070e05a4d11,Foot And Mouth Disease,ICD11_1F05,round5,2024-04-01T00:00:00,2024-04-27T00:00:00,country_IN,India,state_29,Karnataka,district_543,Koppal,2675,731,3406,49,38,87,0,0,0,84157,2568,1364,
872a9b6a-5649-4706-924c-9b6096ae29e1,Foot And Mouth Disease,ICD11_1F05,round5,2024-04-01T00:00:00,2024-04-27T00:00:00,country_IN,India,state_29,Karnataka,district_538,Kalaburagi,3458,648,4106,43,18,61,0,0,0,111811,5212,952,
6b050584-cea2-4078-8e18-d5d6e44e5a66,Foot And Mouth Disease,ICD11_1F05,round5,2024-04-01T00:00:00,2024-04-27T00:00:00,country_IN,India,state_29,Karnataka,district_546,Raichur,292,35,327,0,0,0,0,0,0,187780,51,27,
ccc8c3a6-fb54-499f-9fb6-450e19418015,Foot And Mouth Disease,ICD11_1F05,round5,2024-04-01T00:00:00,2024-04-27T00:00:00,country_IN,India,state_29,Karnataka,district_635,Yadgir,1792,208,2000,10,6,16,0,0,0,83236,3065,630,
3feeef3c-0c31-404e-8a7d-82eaafb0a7e9,Foot And Mouth Disease,ICD11_1F05,round5,2024-04-01T00:00:00,2024-04-27T00:00:00,country_IN,India,state_29,Karnataka,district_738,Vijayanagar,981,584,1565,39,20,59,0,0,0,102230,1386,766,
2e7fdf5e-6f2e-42cf-ad72-895c8c579e9c,Foot And Mouth Disease,ICD11_1F05,round5,2024-04-01T00:00:00,2024-04-15T00:00:00,country_IN,India,state_29,Karnataka,district_525,Bengaluru Urban,6666,406,7072,231,12,243,0,0,0,16223,6584,302,
c98cce20-4abc-4b11-9112-63ae7fda727e,Foot And Mouth Disease,ICD11_1F05,round5,2024-04-01T00:00:00,2024-04-15T00:00:00,country_IN,India,state_29,Karnataka,district_526,Bengaluru Rural,8653,532,9185,282,19,301,0,0,0,29290,6754,382,
d91b6e00-f040-468c-83d9-1fd7ae8d5913,Foot And Mouth Disease,ICD11_1F05,round5,2024-04-01T00:00:00,2024-04-15T00:00:00,country_IN,India,state_29,Karnataka,district_533,Chitradurga,9144,4747,13891,70,53,123,0,0,0,53823,1914,978,
95895958-33b7-4289-bf22-66c23c269d7b,Foot And Mouth Disease,ICD11_1F05,round5,2024-04-01T00:00:00,2024-04-15T00:00:00,country_IN,India,state_29,Karnataka,district_630,Chikkaballapura,8276,514,8790,120,7,127,0,0,0,41453,4916,489,
6aceb1b1-4c16-40bb-8947-eb3c99210965,Foot And Mouth Disease,ICD11_1F05,round5,2024-04-01T00:00:00,2024-04-15T00:00:00,country_IN,India,state_29,Karnataka,district_535,Davangere,13765,3757,17522,665,232,897,0,0,0,45905,7066,2032,
b4b85b3c-2456-4ff6-b622-1f0a711112f1,Foot And Mouth Disease,ICD11_1F05,round5,2024-04-01T00:00:00,2024-04-15T00:00:00,country_IN,India,state_29,Karnataka,district_542,Kolar,19838,1196,21034,588,52,640,0,0,0,73132,8897,1067,
3293a749-4be5-412c-a580-6bd67197ddf4,Foot And Mouth Disease,ICD11_1F05,round5,2024-04-01T00:00:00,2024-04-15T00:00:00,country_IN,India,state_29,Karnataka,district_631,Ramanagara,13385,1063,14448,364,11,375,0,0,0,41188,5675,226,
7ae8a450-75ea-412b-86eb-ce2921ad0c66,Foot And Mouth Disease,ICD11_1F05,round5,2024-04-01T00:00:00,2024-04-15T00:00:00,country_IN,India,state_29,Karnataka,district_547,Shivamogga,25922,6008,31930,282,62,344,0,0,0,56917,3888,629,
5da9c095-41d5-4652-8a5d-35a136cf77b2,Foot And Mouth Disease,ICD11_1F05,round5,2024-04-01T00:00:00,2024-04-15T00:00:00,country_IN,India,state_29,Karnataka,district_548,Tumakuru,22387,6663,29050,318,63,381,0,0,0,107515,8881,2998,
5ebeabb6-fef9-43e7-8a45-01124de445e3,Foot And Mouth Disease,ICD11_1F05,round5,2024-04-01T00:00:00,2024-04-15T00:00:00,country_IN,India,state_29,Karnataka,district_531,Chamarajanagara,9064,149,9213,95,2,97,0,0,0,34971,1451,38,
46d1becf-9613-4e62-bbf4-aaede5f29001,Foot And Mouth Disease,ICD11_1F05,round5,2024-04-01T00:00:00,2024-04-15T00:00:00,country_IN,India,state_29,Karnataka,district_532,Chikkamagaluru,13906,1343,15249,70,10,80,0,0,0,43776,1994,168,
922cf264-d1d8-48db-b4a9-30eecb2593a0,Foot And Mouth Disease,ICD11_1F05,round5,2024-04-01T00:00:00,2024-04-15T00:00:00,country_IN,India,state_29,Karnataka,district_534,Dakshina Kannada,9517,18,9535,170,0,170,0,0,0,36889,2804,9,
d46fcc0e-a3c6-4eb7-a937-340bb2e03b2f,Foot And Mouth Disease,ICD11_1F05,round5,2024-04-01T00:00:00,2024-04-15T00:00:00,country_IN,India,state_29,Karnataka,district_539,Hassan,37201,6641,43842,311,41,352,0,0,0,125579,2431,171,
de6d5712-a10c-43df-b00b-4693996febf1,Foot And Mouth Disease,ICD11_1F05,round5,2024-04-01T00:00:00,2024-04-15T00:00:00,country_IN,India,state_29,Karnataka,district_541,Kodagu,935,33,968,14,1,15,0,0,0,5572,1855,65,
ff46ca2c-d844-493a-a37d-7429853cd9ba,Foot And Mouth Disease,ICD11_1F05,round5,2024-04-01T00:00:00,2024-04-15T00:00:00,country_IN,India,state_29,Karnataka,district_545,Mysuru,23923,527,24450,366,19,385,0,0,0,85771,5542,74,
fcb7dcda-4bc3-455f-b463-3f7332e15064,Foot And Mouth Disease,ICD11_1F05,round5,2024-04-01T00:00:00,2024-04-15T00:00:00,country_IN,India,state_29,Karnataka,district_544,Mandya,18337,4427,22764,147,48,195,0,0,0,87357,4085,777,
a4550e99-c5a4-4bef-9493-8ab5b4dee596,Foot And Mouth Disease,ICD11_1F05,round5,2024-04-01T00:00:00,2024-04-15T00:00:00,country_IN,India,state_29,Karnataka,district_549,Udupi,13847,35,13882,27,0,27,0,0,0,23144,1377,1,
d6fa969b-69b4-45c4-9534-d366ce6318ab,Foot And Mouth Disease,ICD11_1F05,round5,2024-04-01T00:00:00,2024-04-15T00:00:00,country_IN,India,state_29,Karnataka,district_527,Belagavi,22880,39527,62407,269,465,734,0,0,0,322451,1013,1213,
842a4ac4-b717-4268-a815-c2f2285f88cf,Foot And Mouth Disease,ICD11_1F05,round5,2024-04-01T00:00:00,2024-04-15T00:00:00,country_IN,India,state_29,Karnataka,district_524,Bagalkote,10382,12726,23108,266,237,503,0,0,0,84780,2287,2295,
1700a4dd-dddc-4c89-82ab-36e26af4c156,Foot And Mouth Disease,ICD11_1F05,round5,2024-04-01T00:00:00,2024-04-15T00:00:00,country_IN,India,state_29,Karnataka,district_536,Dharwad,6576,2350,8926,54,38,92,0,0,0,41791,1516,620,
bdee3ff0-d41b-4613-943d-24d8c3a90148,Foot And Mouth Disease,ICD11_1F05,round5,2024-04-01T00:00:00,2024-04-15T00:00:00,country_IN,India,state_29,Karnataka,district_537,Gadag,4499,2231,6730,81,70,151,0,0,0,38481,679,300,
fd54ee46-a28e-42c3-b967-8efe419830ba,Foot And Mouth Disease,ICD11_1F05,round5,2024-04-01T00:00:00,2024-04-15T00:00:00,country_IN,India,state_29,Karnataka,district_540,Haveri,11527,3269,14796,218,112,330,0,0,0,62343,2823,928,
54d0655e-c77c-4956-aba0-470aa6c74888,Foot And Mouth Disease,ICD11_1F05,round5,2024-04-01T00:00:00,2024-04-15T00:00:00,country_IN,India,state_29,Karnataka,district_550,Uttara Kannada,11386,2367,13753,85,7,92,0,0,0,34117,2492,498,
0a6ef006-3620-4035-bc11-69967a60059b,Foot And Mouth Disease,ICD11_1F05,round5,2024-04-01T00:00:00,2024-04-15T00:00:00,country_IN,India,state_29,Karnataka,district_530,Vijayapura,7814,9012,16826,53,48,101,0,0,0,76015,174,216,
60846e91-ad16-486b-9b40-a5e0940494e1,Foot And Mouth Disease,ICD11_1F05,round5,2024-04-01T00:00:00,2024-04-15T00:00:00,country_IN,India,state_29,Karnataka,district_528,Ballari,3896,2904,6800,30,31,61,0,0,0,49646,430,473,
ae5219f5-f8c0-4beb-9e89-d844c666d681,Foot And Mouth Disease,ICD11_1F05,round5,2024-04-01T00:00:00,2024-04-15T00:00:00,country_IN,India,state_29,Karnataka,district_529,Bidar,7346,5524,12870,247,128,375,0,0,0,63345,1964,1288,
9ca28436-4a23-4f0d-a80b-de3386b663ff,Foot And Mouth Disease,ICD11_1F05,round5,2024-04-01T00:00:00,2024-04-15T00:00:00,country_IN,India,state_29,Karnataka,district_543,Koppal,9739,2806,12545,62,46,108,0,0,0,42257,1195,565,
00d483d0-2234-451d-993b-519165daa65f,Foot And Mouth Disease,ICD11_1F05,round5,2024-04-01T00:00:00,2024-04-15T00:00:00,country_IN,India,state_29,Karnataka,district_538,Kalaburagi,15771,3181,18952,63,27,90,0,0,0,82990,4488,801,
f8ef90cb-ea9d-4b21-b52f-8492ac32d3d2,Foot And Mouth Disease,ICD11_1F05,round5,2024-04-01T00:00:00,2024-04-15T00:00:00,country_IN,India,state_29,Karnataka,district_546,Raichur,10739,4138,14877,35,44,79,0,0,0,127379,18,18,
5aba9ea4-f97c-4f4d-a896-18259638bca3,Foot And Mouth Disease,ICD11_1F05,round5,2024-04-01T00:00:00,2024-04-15T00:00:00,country_IN,India,state_29,Karnataka,district_635,Yadgir,10120,2425,12545,167,65,232,0,0,0,60193,1965,543,
a3a3a657-b1d7-4ca2-a741-26420e275633,Foot And Mouth Disease,ICD11_1F05,round5,2024-04-01T00:00:00,2024-04-15T00:00:00,country_IN,India,state_29,Karnataka,district_738,Vijayanagar,7729,2702,10431,100,34,134,0,0,0,71125,873,499,
461d143f-dfd6-4776-b2e8-80081135fbe1,Foot And Mouth Disease,ICD11_1F05,round5,2024-04-01T00:00:00,2024-04-16T00:00:00,country_IN,India,state_29,Karnataka,district_525,Bengaluru Urban,6282,259,6541,155,7,162,0,0,0,17836,7212,331,
a1a9b233-40fa-4b33-983a-592f8127ea98,Foot And Mouth Disease,ICD11_1F05,round5,2024-04-01T00:00:00,2024-04-16T00:00:00,country_IN,India,state_29,Karnataka,district_526,Bengaluru Rural,7105,485,7590,286,16,302,0,0,0,31998,7385,420,
8ef5baa0-0252-431e-9fe9-2ee28a5f1195,Foot And Mouth Disease,ICD11_1F05,round5,2024-04-01T00:00:00,2024-04-16T00:00:00,country_IN,India,state_29,Karnataka,district_533,Chitradurga,6636,2748,9384,87,59,146,0,0,0,57398,2050,1092,
64a10875-7ee9-4b97-b181-1a88b708ab2b,Foot And Mouth Disease,ICD11_1F05,round5,2024-04-01T00:00:00,2024-04-16T00:00:00,country_IN,India,state_29,Karnataka,district_630,Chikkaballapura,7809,733,8542,107,12,119,7,1,8,45260,5198,525,
4ed8de4b-cf10-47bb-9bba-08f34e9e8118,Foot And Mouth Disease,ICD11_1F05,round5,2024-04-01T00:00:00,2024-04-16T00:00:00,country_IN,India,state_29,Karnataka,district_535,Davangere,10279,2630,12909,452,118,570,0,0,0,50818,7681,2240,
a524504b-12e8-4c70-bfe6-8c185ca38413,Foot And Mouth Disease,ICD11_1F05,round5,2024-04-01T00:00:00,2024-04-16T00:00:00,country_IN,India,state_29,Karnataka,district_542,Kolar,9623,883,10506,277,44,321,0,0,0,78450,9374,1135,
edbbaa2d-100d-4bad-821f-38dd5972e359,Foot And Mouth Disease,ICD11_1F05,round5,2024-04-01T00:00:00,2024-04-16T00:00:00,country_IN,India,state_29,Karnataka,district_631,Ramanagara,10365,304,10669,329,9,338,0,0,0,44641,6084,239,
dba77bcf-f0a3-4b2b-8730-f4ee3b298831,Foot And Mouth Disease,ICD11_1F05,round5,2024-04-01T00:00:00,2024-04-16T00:00:00,country_IN,India,state_29,Karnataka,district_547,Shivamogga,21084,3538,24622,152,22,174,3,2,5,62801,4161,643,
00e18a97-6401-4e64-8a5d-879b2aca65ae,Foot And Mouth Disease,ICD11_1F05,round5,2024-04-01T00:00:00,2024-04-16T00:00:00,country_IN,India,state_29,Karnataka,district_548,Tumakuru,17930,4890,22820,238,79,317,0,0,0,116854,9474,3220,
e498e170-5a74-4cd2-b31b-6311e526c79f,Foot And Mouth Disease,ICD11_1F05,round5,2024-04-01T00:00:00,2024-04-16T00:00:00,country_IN,India,state_29,Karnataka,district_531,Chamarajanagara,11048,311,11359,78,14,92,27,10,37,38116,1553,40,
8fabb11f-af11-43af-b5ea-cb1a541170dc,Foot And Mouth Disease,ICD11_1F05,round5,2024-04-01T00:00:00,2024-04-16T00:00:00,country_IN,India,state_29,Karnataka,district_532,Chikkamagaluru,15401,1208,16609,163,7,170,0,0,0,49558,2093,176,
e7f69f1a-9856-48f0-b6c5-73eaf0bcbf08,Foot And Mouth Disease,ICD11_1F05,round5,2024-04-01T00:00:00,2024-04-16T00:00:00,country_IN,India,state_29,Karnataka,district_534,Dakshina Kannada,7237,13,7250,135,0,135,0,0,0,39243,2982,9,
74ab682a-8974-4624-9f40-bf292f27225f,Foot And Mouth Disease,ICD11_1F05,round5,2024-04-01T00:00:00,2024-04-16T00:00:00,country_IN,India,state_29,Karnataka,district_539,Hassan,23541,2677,26218,158,6,164,0,0,0,134936,2601,176,
4c8e9b4b-15d3-4213-82c2-9700fe655982,Foot And Mouth Disease,ICD11_1F05,round5,2024-04-01T00:00:00,2024-04-16T00:00:00,country_IN,India,state_29,Karnataka,district_541,Kodagu,2594,117,2711,170,1,171,0,0,0,6341,2062,67,
cdfe666a-4086-4a65-8f44-6e15c02ec04c,Foot And Mouth Disease,ICD11_1F05,round5,2024-04-01T00:00:00,2024-04-16T00:00:00,country_IN,India,state_29,Karnataka,district_545,Mysuru,21658,463,22121,255,11,266,0,0,0,93659,5929,85,
384f2c1b-fa1b-4e1e-82eb-c4f1a27ff0d6,Foot And Mouth Disease,ICD11_1F05,round5,2024-04-01T00:00:00,2024-04-16T00:00:00,country_IN,India,state_29,Karnataka,district_544,Mandya,15772,3562,19334,158,30,188,0,0,0,95041,4347,833,
3cbab7bc-7909-4374-b2f5-80bb3b6dec87,Foot And Mouth Disease,ICD11_1F05,round5,2024-04-01T00:00:00,2024-04-16T00:00:00,country_IN,India,state_29,Karnataka,district_549,Udupi,11955,277,12232,29,0,29,9,0,9,26346,1580,1,
9fbaecdd-7b48-4077-9feb-ab7e0a7a8751,Foot And Mouth Disease,ICD11_1F05,round5,2024-04-01T00:00:00,2024-04-16T00:00:00,country_IN,India,state_29,Karnataka,district_527,Belagavi,24233,32057,56290,344,316,660,0,0,0,347103,1229,1365,
91014f3d-fc6d-4849-a0ce-35dfa99e6fa8,Foot And Mouth Disease,ICD11_1F05,round5,2024-04-01T00:00:00,2024-04-16T00:00:00,country_IN,India,state_29,Karnataka,district_524,Bagalkote,7917,9044,16961,123,142,265,6,0,6,90945,2381,2459,
ae2a87d7-566b-473f-b44b-5b7f64585a53,Foot And Mouth Disease,ICD11_1F05,round5,2024-04-01T00:00:00,2024-04-16T00:00:00,country_IN,India,state_29,Karnataka,district_536,Dharwad,3574,1405,4979,51,35,86,0,0,0,43371,1574,662,
719d6cf8-5c2e-4694-a1f1-ca7041b5e4b1,Foot And Mouth Disease,ICD11_1F05,round5,2024-04-01T00:00:00,2024-04-16T00:00:00,country_IN,India,state_29,Karnataka,district_537,Gadag,4367,2001,6368,53,42,95,0,0,0,40576,694,311,
c8be8a01-05f0-43a5-97af-dbd1f65a16ed,Foot And Mouth Disease,ICD11_1F05,round5,2024-04-01T00:00:00,2024-04-16T00:00:00,country_IN,India,state_29,Karnataka,district_540,Haveri,9672,2775,12447,164,67,231,10,5,15,67095,2981,999,
15b280d2-4c91-48f3-98a0-35e63c9f0bbd,Foot And Mouth Disease,ICD11_1F05,round5,2024-04-01T00:00:00,2024-04-16T00:00:00,country_IN,India,state_29,Karnataka,district_550,Uttara Kannada,13443,2249,15692,69,6,75,0,0,0,38707,2707,527,
d5ba6f6e-84fa-47c0-af16-da899f835375,Foot And Mouth Disease,ICD11_1F05,round5,2024-04-01T00:00:00,2024-04-16T00:00:00,country_IN,India,state_29,Karnataka,district_530,Vijayapura,9118,8100,17218,64,53,117,0,0,0,84314,210,243,
9060f23a-9ddc-4eaf-bbbe-5bc72d684a14,Foot And Mouth Disease,ICD11_1F05,round5,2024-04-01T00:00:00,2024-04-16T00:00:00,country_IN,India,state_29,Karnataka,district_528,Ballari,5314,2563,7877,57,44,101,3,1,4,52492,464,504,
6876c1a7-ed33-46e8-88c4-b68fda3db90e,Foot And Mouth Disease,ICD11_1F05,round5,2024-04-01T00:00:00,2024-04-16T00:00:00,country_IN,India,state_29,Karnataka,district_529,Bidar,3974,3342,7316,52,42,94,0,0,0,66814,2102,1368,
c8bd0db3-c6f3-430e-8327-cd4280c53591,Foot And Mouth Disease,ICD11_1F05,round5,2024-04-01T00:00:00,2024-04-16T00:00:00,country_IN,India,state_29,Karnataka,district_543,Koppal,17444,3787,21231,149,112,261,0,0,0,51110,1343,678,
fb065667-d875-4b11-9ff8-dace38c52347,Foot And Mouth Disease,ICD11_1F05,round5,2024-04-01T00:00:00,2024-04-16T00:00:00,country_IN,India,state_29,Karnataka,district_538,Kalaburagi,13586,2768,16354,39,4,43,0,0,0,88200,4976,908,
0dc07f39-497b-45a4-849a-1d779906013e,Foot And Mouth Disease,ICD11_1F05,round5,2024-04-01T00:00:00,2024-04-16T00:00:00,country_IN,India,state_29,Karnataka,district_546,Raichur,14183,7375,21558,106,29,135,0,0,0,139166,38,26,
154d6a98-679b-47f0-a212-55eaa4c8db90,Foot And Mouth Disease,ICD11_1F05,round5,2024-04-01T00:00:00,2024-04-16T00:00:00,country_IN,India,state_29,Karnataka,district_635,Yadgir,12134,3687,15821,106,37,143,0,0,0,65331,2055,550,
70f81f3c-7d03-49e7-938e-bc0dede28434,Foot And Mouth Disease,ICD11_1F05,round5,2024-04-01T00:00:00,2024-04-16T00:00:00,country_IN,India,state_29,Karnataka,district_738,Vijayanagar,7504,2689,10193,155,59,214,0,0,0,75056,915,529,
3ffd9756-5b94-4f96-b05a-0035a56b2a95,Foot And Mouth Disease,ICD11_1F05,round5,2024-04-01T00:00:00,2024-04-24T00:00:00,country_IN,India,state_29,Karnataka,district_525,Bengaluru Urban,30700,320,31020,920,30,950,0,0,0,237200,10014,415,
4b50c6e8-1b53-4496-9358-7613b27b0d5a,Foot And Mouth Disease,ICD11_1F05,round5,2024-04-01T00:00:00,2024-04-24T00:00:00,country_IN,India,state_29,Karnataka,district_526,Bengaluru Rural,31430,190,31620,1030,10,1040,0,0,0,453310,9973,568,
f6ef6928-69e9-408e-9739-39ad9361e5d8,Foot And Mouth Disease,ICD11_1F05,round5,2024-04-01T00:00:00,2024-04-24T00:00:00,country_IN,India,state_29,Karnataka,district_533,Chitradurga,39690,17680,57370,380,320,700,0,0,0,811600,3298,1697,
7e3c5faf-9cf8-4991-a4fe-a3c9c4ceb70e,Foot And Mouth Disease,ICD11_1F05,round5,2024-04-01T00:00:00,2024-04-24T00:00:00,country_IN,India,state_29,Karnataka,district_630,Chikkaballapura,29800,3580,33380,180,10,190,0,0,0,618840,7044,706,
08455a45-14dc-4dca-9534-3b6a2c748e16,Foot And Mouth Disease,ICD11_1F05,round5,2024-04-01T00:00:00,2024-04-24T00:00:00,country_IN,India,state_29,Karnataka,district_535,Davangere,90240,24790,115030,4030,1110,5140,0,0,0,764920,11398,3279,
562e2868-80da-41e0-bb41-82b9fa6d059f,Foot And Mouth Disease,ICD11_1F05,round5,2024-04-01T00:00:00,2024-04-24T00:00:00,country_IN,India,state_29,Karnataka,district_542,Kolar,36390,950,37340,1910,10,1920,0,0,0,911280,10457,1238,
5968f5d8-6bf7-4b1f-a94b-df71debb22ce,Foot And Mouth Disease,ICD11_1F05,round5,2024-04-01T00:00:00,2024-04-24T00:00:00,country_IN,India,state_29,Karnataka,district_631,Ramanagara,53660,2180,55840,2040,30,2070,0,0,0,651750,9286,337,
751adc5d-d8d7-4c94-9dad-f615888fb7a5,Foot And Mouth Disease,ICD11_1F05,round5,2024-04-01T00:00:00,2024-04-24T00:00:00,country_IN,India,state_29,Karnataka,district_547,Shivamogga,138030,35000,173030,1030,130,1160,0,0,0,983840,6074,1184,
2c019163-0cbe-4375-b2e7-48fb3e664e03,Foot And Mouth Disease,ICD11_1F05,round5,2024-04-01T00:00:00,2024-04-24T00:00:00,country_IN,India,state_29,Karnataka,district_548,Tumakuru,117350,23920,141270,1450,330,1780,0,0,0,1694370,12820,4478,
83a6f50e-6d4b-46ad-9adb-001b722db9c6,Foot And Mouth Disease,ICD11_1F05,round5,2024-04-01T00:00:00,2024-04-24T00:00:00,country_IN,India,state_29,Karnataka,district_531,Chamarajanagara,57900,1190,59090,620,0,620,0,0,0,523460,1969,68,
7d5e6752-1e95-4837-8c54-6f32a8996fc2,Foot And Mouth Disease,ICD11_1F05,round5,2024-04-01T00:00:00,2024-04-24T00:00:00,country_IN,India,state_29,Karnataka,district_532,Chikkamagaluru,49500,7010,56510,130,0,130,0,0,0,746900,2995,210,
bf1945b6-67b1-495d-9ba2-e09fba213adf,Foot And Mouth Disease,ICD11_1F05,round5,2024-04-01T00:00:00,2024-04-24T00:00:00,country_IN,India,state_29,Karnataka,district_534,Dakshina Kannada,68290,120,68410,2670,0,2670,0,0,0,565120,4673,12,
aed7b45e-63cd-46e0-bb6e-0b1415a6eedc,Foot And Mouth Disease,ICD11_1F05,round5,2024-04-01T00:00:00,2024-04-24T00:00:00,country_IN,India,state_29,Karnataka,district_539,Hassan,153400,23390,176790,1160,380,1540,0,0,0,1945950,3341,225,
4035ad8f-0f93-405e-a1d5-d309973a4669,Foot And Mouth Disease,ICD11_1F05,round5,2024-04-01T00:00:00,2024-04-24T00:00:00,country_IN,India,state_29,Karnataka,district_541,Kodagu,22620,610,23230,810,0,810,0,0,0,111610,3640,80,
7da2ea05-8b64-44f5-b93a-0accb7134714,Foot And Mouth Disease,ICD11_1F05,round5,2024-04-01T00:00:00,2024-04-24T00:00:00,country_IN,India,state_29,Karnataka,district_545,Mysuru,157620,4710,162330,2190,150,2340,0,0,0,1382840,7748,121,
405d60a8-d573-4de9-8e4c-e9e6d721cb39,Foot And Mouth Disease,ICD11_1F05,round5,2024-04-01T00:00:00,2024-04-24T00:00:00,country_IN,India,state_29,Karnataka,district_544,Mandya,122740,26610,149350,2260,200,2460,0,0,0,1448040,6064,1187,
5db720e8-7cde-4752-8ec3-9f519c1dc2e7,Foot And Mouth Disease,ICD11_1F05,round5,2024-04-01T00:00:00,2024-04-24T00:00:00,country_IN,India,state_29,Karnataka,district_549,Udupi,105580,500,106080,1730,0,1730,0,0,0,479470,3014,14,
4122026e-5f35-4673-b692-711ee2bc2d0d,Foot And Mouth Disease,ICD11_1F05,round5,2024-04-01T00:00:00,2024-04-24T00:00:00,country_IN,India,state_29,Karnataka,district_527,Belagavi,180650,269180,449830,2950,4130,7080,0,0,0,4821930,1603,1676,
d2b71246-b54f-40bb-83bc-6f6dc6be9836,Foot And Mouth Disease,ICD11_1F05,round5,2024-04-01T00:00:00,2024-04-24T00:00:00,country_IN,India,state_29,Karnataka,district_524,Bagalkote,56330,71680,128010,520,620,1140,0,0,0,1258580,3358,3422,
92138bbe-f88e-405c-8fe0-a98896cdfbe0,Foot And Mouth Disease,ICD11_1F05,round5,2024-04-01T00:00:00,2024-04-24T00:00:00,country_IN,India,state_29,Karnataka,district_536,Dharwad,13010,5180,18190,130,50,180,0,0,0,519580,1869,809,
9069f47e-4c2c-4b65-b9f8-c47429ed0a66,Foot And Mouth Disease,ICD11_1F05,round5,2024-04-01T00:00:00,2024-04-24T00:00:00,country_IN,India,state_29,Karnataka,district_537,Gadag,18270,6370,24640,180,140,320,0,0,0,527780,775,388,
c554490e-8a16-4794-83be-bb72cb7d9496,Foot And Mouth Disease,ICD11_1F05,round5,2024-04-01T00:00:00,2024-04-24T00:00:00,country_IN,India,state_29,Karnataka,district_540,Haveri,68450,23440,91890,2410,840,3250,0,0,0,1007200,4133,1428,
c975363e-304b-4211-9da0-e7f73ad4742d,Foot And Mouth Disease,ICD11_1F05,round5,2024-04-01T00:00:00,2024-04-24T00:00:00,country_IN,India,state_29,Karnataka,district_550,Uttara Kannada,120040,21520,141560,720,90,810,0,0,0,651560,3648,673,
a2325f1d-828d-4a42-8b4e-bd19d421b93e,Foot And Mouth Disease,ICD11_1F05,round5,2024-04-01T00:00:00,2024-04-24T00:00:00,country_IN,India,state_29,Karnataka,district_530,Vijayapura,23320,24010,47330,40,20,60,0,0,0,1186100,366,446,
a49daf13-2f2c-45f4-998e-eaa1a9d1ad15,Foot And Mouth Disease,ICD11_1F05,round5,2024-04-01T00:00:00,2024-04-24T00:00:00,country_IN,India,state_29,Karnataka,district_528,Ballari,5310,4740,10050,0,0,0,0,0,0,628740,558,591,
5aa31d1e-435b-491e-88ad-9630dce8304f,Foot And Mouth Disease,ICD11_1F05,round5,2024-04-01T00:00:00,2024-04-24T00:00:00,country_IN,India,state_29,Karnataka,district_529,Bidar,22370,16840,39210,250,350,600,0,0,0,898130,2420,1796,
e2129db2-a2c3-4ea1-be7a-09aac3719401,Foot And Mouth Disease,ICD11_1F05,round5,2024-04-01T00:00:00,2024-04-24T00:00:00,country_IN,India,state_29,Karnataka,district_543,Koppal,22250,7630,29880,700,540,1240,0,0,0,762060,2301,1146,
728c21c3-b53f-4671-ad1f-2223beb2abb4,Foot And Mouth Disease,ICD11_1F05,round5,2024-04-01T00:00:00,2024-04-24T00:00:00,country_IN,India,state_29,Karnataka,district_538,Kalaburagi,63350,9890,73240,310,30,340,0,0,0,1077760,5197,947,
07461697-650c-4b3f-94b8-0053a4e9bd1e,Foot And Mouth Disease,ICD11_1F05,round5,2024-04-01T00:00:00,2024-04-24T00:00:00,country_IN,India,state_29,Karnataka,district_546,Raichur,36580,32150,68730,10,20,30,0,0,0,1764930,51,27,
0d1c7acb-c226-4bcd-91fe-30d5e5614127,Foot And Mouth Disease,ICD11_1F05,round5,2024-04-01T00:00:00,2024-04-24T00:00:00,country_IN,India,state_29,Karnataka,district_635,Yadgir,36080,8880,44960,180,60,240,0,0,0,810040,2799,597,
fd3ac9fd-a177-4ef7-a13c-9934f8539b98,Foot And Mouth Disease,ICD11_1F05,round5,2024-04-01T00:00:00,2024-05-03T00:00:00,country_IN,India,state_29,Karnataka,district_525,Bengaluru Urban,1576,60,1636,84,0,84,0,0,0,26183,11220,441,
4c1b7c0b-799f-4a4d-a521-54086a43950a,Foot And Mouth Disease,ICD11_1F05,round5,2024-04-01T00:00:00,2024-05-03T00:00:00,country_IN,India,state_29,Karnataka,district_526,Bengaluru Rural,0,0,0,0,0,0,0,0,0,46123,10065,568,
d4897355-659d-476d-b67f-c2deeb7b0449,Foot And Mouth Disease,ICD11_1F05,round5,2024-04-01T00:00:00,2024-05-03T00:00:00,country_IN,India,state_29,Karnataka,district_533,Chitradurga,952,273,1225,5,1,6,0,0,0,91429,4374,2266,
e7bffc29-7262-4f7b-8c2e-52f44346464d,Foot And Mouth Disease,ICD11_1F05,round5,2024-04-01T00:00:00,2024-05-03T00:00:00,country_IN,India,state_29,Karnataka,district_630,Chikkaballapura,69,0,69,0,0,0,72,6,78,74390,7747,776,
387932c0-6fcf-46d5-9147-bc9871acc458,Foot And Mouth Disease,ICD11_1F05,round5,2024-04-01T00:00:00,2024-05-03T00:00:00,country_IN,India,state_29,Karnataka,district_535,Davangere,3976,1095,5071,165,50,215,0,0,0,91285,13236,3775,
d7dc62af-5dae-4abc-b12e-9b5a2e09fe21,Foot And Mouth Disease,ICD11_1F05,round5,2024-04-01T00:00:00,2024-05-03T00:00:00,country_IN,India,state_29,Karnataka,district_542,Kolar,0,0,0,0,0,0,0,0,0,95152,10654,1242,
d2ce1f46-6c84-4306-a7eb-a4c7040650eb,Foot And Mouth Disease,ICD11_1F05,round5,2024-04-01T00:00:00,2024-05-03T00:00:00,country_IN,India,state_29,Karnataka,district_631,Ramanagara,1662,10,1672,49,1,50,0,0,0,72055,10720,398,
055a8c07-68a8-4157-9653-57915dcf12e1,Foot And Mouth Disease,ICD11_1F05,round5,2024-04-01T00:00:00,2024-05-03T00:00:00,country_IN,India,state_29,Karnataka,district_547,Shivamogga,145,140,285,2,2,4,0,0,0,121707,7028,1474,
ace43c46-22bd-40de-afa2-8ce71b9147f3,Foot And Mouth Disease,ICD11_1F05,round5,2024-04-01T00:00:00,2024-05-03T00:00:00,country_IN,India,state_29,Karnataka,district_548,Tumakuru,2260,763,3023,29,8,37,17,2,19,191569,14491,5206,
bcf511b3-7f9f-48bb-a28f-29c5ad168a08,Foot And Mouth Disease,ICD11_1F05,round5,2024-04-01T00:00:00,2024-05-03T00:00:00,country_IN,India,state_29,Karnataka,district_531,Chamarajanagara,1209,0,1209,0,0,0,0,0,0,58313,2175,71,
19e7b3d4-1a76-4152-a64a-6108fb1cc96b,Foot And Mouth Disease,ICD11_1F05,round5,2024-04-01T00:00:00,2024-05-03T00:00:00,country_IN,India,state_29,Karnataka,district_532,Chikkamagaluru,3800,250,4050,31,6,37,0,0,0,83283,3277,228,
b74a0024-d788-4667-a7b0-659510af2b51,Foot And Mouth Disease,ICD11_1F05,round5,2024-04-01T00:00:00,2024-05-03T00:00:00,country_IN,India,state_29,Karnataka,district_534,Dakshina Kannada,364,0,364,8,0,8,0,0,0,63198,5724,12,
e39996a9-365c-4d80-b8b2-92ba9446c698,Foot And Mouth Disease,ICD11_1F05,round5,2024-04-01T00:00:00,2024-05-03T00:00:00,country_IN,India,state_29,Karnataka,district_539,Hassan,746,140,886,0,0,0,36,7,43,207105,3564,244,
4499b8fc-1a86-4f26-8c83-b20b0156431d,Foot And Mouth Disease,ICD11_1F05,round5,2024-04-01T00:00:00,2024-05-03T00:00:00,country_IN,India,state_29,Karnataka,district_541,Kodagu,371,33,404,18,0,18,12,0,12,13932,4314,93,
3209be4f-b9a9-4c59-9bc8-a7af759d708e,Foot And Mouth Disease,ICD11_1F05,round5,2024-04-01T00:00:00,2024-05-03T00:00:00,country_IN,India,state_29,Karnataka,district_545,Mysuru,2136,39,2175,27,0,27,0,0,0,155866,8644,123,
596545c7-56ca-43dc-8916-890743a30d6d,Foot And Mouth Disease,ICD11_1F05,round5,2024-04-01T00:00:00,2024-05-03T00:00:00,country_IN,India,state_29,Karnataka,district_544,Mandya,154,3,157,0,0,0,0,0,0,158872,6542,1312,
8c12e40a-768d-4496-bb9f-490d9a2932a5,Foot And Mouth Disease,ICD11_1F05,round5,2024-04-01T00:00:00,2024-05-03T00:00:00,country_IN,India,state_29,Karnataka,district_549,Udupi,83,0,83,16,0,16,0,0,0,58688,3853,15,
1a93e097-252f-438e-a0c9-2fc6863abac9,Foot And Mouth Disease,ICD11_1F05,round5,2024-04-01T00:00:00,2024-05-03T00:00:00,country_IN,India,state_29,Karnataka,district_527,Belagavi,361,564,925,15,16,31,2,25,27,543662,1875,2047,
7e6d3b03-85f2-42e0-a836-78846f36bf1f,Foot And Mouth Disease,ICD11_1F05,round5,2024-04-01T00:00:00,2024-05-03T00:00:00,country_IN,India,state_29,Karnataka,district_524,Bagalkote,1472,2765,4237,41,32,73,18,29,47,145852,3990,3916,
88581b75-7fc3-4add-9a6f-0e1ac3b732a5,Foot And Mouth Disease,ICD11_1F05,round5,2024-04-01T00:00:00,2024-05-03T00:00:00,country_IN,India,state_29,Karnataka,district_536,Dharwad,11,2,13,11,2,13,0,0,0,59664,1967,874,
b68eca18-1666-4770-85a7-e3a0c257a48f,Foot And Mouth Disease,ICD11_1F05,round5,2024-04-01T00:00:00,2024-05-03T00:00:00,country_IN,India,state_29,Karnataka,district_537,Gadag,391,199,590,6,4,10,0,0,0,61071,973,466,
cefb4a22-1087-451d-9a48-7223faec1cd9,Foot And Mouth Disease,ICD11_1F05,round5,2024-04-01T00:00:00,2024-05-03T00:00:00,country_IN,India,state_29,Karnataka,district_540,Haveri,411,201,612,18,14,32,45,21,66,117257,5195,1871,
fad22f7a-93da-4f8e-899e-d02caf17e421,Foot And Mouth Disease,ICD11_1F05,round5,2024-04-01T00:00:00,2024-05-03T00:00:00,country_IN,India,state_29,Karnataka,district_550,Uttara Kannada,792,188,980,10,1,11,0,0,0,81975,4198,741,
b7753e37-4110-431b-b9e3-0600867492f9,Foot And Mouth Disease,ICD11_1F05,round5,2024-04-01T00:00:00,2024-05-03T00:00:00,country_IN,India,state_29,Karnataka,district_530,Vijayapura,76,71,147,0,2,2,5,7,12,137593,506,640,
3b5e90f8-67fd-48fb-80ee-d6b449b48efb,Foot And Mouth Disease,ICD11_1F05,round5,2024-04-01T00:00:00,2024-05-03T00:00:00,country_IN,India,state_29,Karnataka,district_528,Ballari,0,0,0,0,0,0,0,0,0,64422,627,601,
dca3e9a0-6a83-4489-ba9a-7c5f551d380f,Foot And Mouth Disease,ICD11_1F05,round5,2024-04-01T00:00:00,2024-05-03T00:00:00,country_IN,India,state_29,Karnataka,district_529,Bidar,1025,613,1638,3,4,7,0,0,0,103263,2680,2145,
c3672f38-e98e-4bad-a3f6-31be949abd80,Foot And Mouth Disease,ICD11_1F05,round5,2024-04-01T00:00:00,2024-05-03T00:00:00,country_IN,India,state_29,Karnataka,district_543,Koppal,2037,58,2095,101,10,111,0,0,0,88519,2891,1655,
11f55caa-35cc-4718-af59-1cf5ea437c58,Foot And Mouth Disease,ICD11_1F05,round5,2024-04-01T00:00:00,2024-05-03T00:00:00,country_IN,India,state_29,Karnataka,district_538,Kalaburagi,0,0,0,0,0,0,13,6,19,113966,5366,973,
48a42938-d448-45f3-9235-4cc79a6c2776,Foot And Mouth Disease,ICD11_1F05,round5,2024-04-01T00:00:00,2024-05-03T00:00:00,country_IN,India,state_29,Karnataka,district_546,Raichur,0,0,0,0,0,0,0,0,0,198486,73,38,
f885ffb3-185d-4739-93cd-4c09b2183cd6,Foot And Mouth Disease,ICD11_1F05,round5,2024-04-01T00:00:00,2024-05-03T00:00:00,country_IN,India,state_29,Karnataka,district_635,Yadgir,321,68,389,0,0,0,0,0,0,83805,3160,654,
10e3cf77-9f64-4b31-8324-953a7db12f75,Foot And Mouth Disease,ICD11_1F05,round5,2024-04-01T00:00:00,2024-05-03T00:00:00,country_IN,India,state_29,Karnataka,district_738,Vijayanagar,33,19,52,0,0,0,0,0,0,106575,1634,938,
e8b0af59-6fb6-4e7a-a869-8098f00f2965,Foot And Mouth Disease,ICD11_1F05,round5,2024-04-01T00:00:00,2024-04-03T00:00:00,country_IN,India,state_29,Karnataka,district_525,Bengaluru Urban,5878,163,6041,224,22,246,0,0,0,4025,1639,63,
a50bce53-a40e-4778-b980-d8de48dee6f3,Foot And Mouth Disease,ICD11_1F05,round5,2024-04-01T00:00:00,2024-04-03T00:00:00,country_IN,India,state_29,Karnataka,district_526,Bengaluru Rural,6776,442,7218,240,19,259,0,0,0,7781,1751,131,
1947340b-d2bd-484d-84f2-f64c7006cae1,Foot And Mouth Disease,ICD11_1F05,round5,2024-04-01T00:00:00,2024-04-03T00:00:00,country_IN,India,state_29,Karnataka,district_533,Chitradurga,8322,3910,12232,85,66,151,0,0,0,11960,609,266,
c8f78028-b907-46e1-9052-cd661b8ecee4,Foot And Mouth Disease,ICD11_1F05,round5,2024-04-01T00:00:00,2024-04-03T00:00:00,country_IN,India,state_29,Karnataka,district_630,Chikkaballapura,9280,702,9982,217,18,235,0,0,0,10482,1386,143,
57975a41-3f9a-466e-9efc-d927e5aee1d8,Foot And Mouth Disease,ICD11_1F05,round5,2024-04-01T00:00:00,2024-04-03T00:00:00,country_IN,India,state_29,Karnataka,district_535,Davangere,8048,2928,10976,389,128,517,0,0,0,7842,1341,386,
4c853355-e638-48ea-98dc-26789115c96c,Foot And Mouth Disease,ICD11_1F05,round5,2024-04-01T00:00:00,2024-04-03T00:00:00,country_IN,India,state_29,Karnataka,district_542,Kolar,15192,1135,16327,561,71,632,0,0,0,16809,2475,280,
1456130c-c680-4c96-a3d0-938d51f69998,Foot And Mouth Disease,ICD11_1F05,round5,2024-04-01T00:00:00,2024-04-03T00:00:00,country_IN,India,state_29,Karnataka,district_631,Ramanagara,12137,345,12482,340,10,350,0,0,0,10462,1451,57,
9334a411-924d-43a7-bded-8e52fcdd6c93,Foot And Mouth Disease,ICD11_1F05,round5,2024-04-01T00:00:00,2024-04-03T00:00:00,country_IN,India,state_29,Karnataka,district_547,Shivamogga,5012,958,5970,42,4,46,0,0,0,3917,392,35,
62e77ac4-efb0-432d-9478-0cc1ad1c7527,Foot And Mouth Disease,ICD11_1F05,round5,2024-04-01T00:00:00,2024-04-03T00:00:00,country_IN,India,state_29,Karnataka,district_548,Tumakuru,20856,5561,26417,282,97,379,0,0,0,27354,2829,899,
eea12af5-339d-4a64-bad6-974ac7a662c4,Foot And Mouth Disease,ICD11_1F05,round5,2024-04-01T00:00:00,2024-04-03T00:00:00,country_IN,India,state_29,Karnataka,district_531,Chamarajanagara,10513,135,10648,107,12,119,0,0,0,8063,295,1,
f9855d58-5d95-4d56-8399-b7639f556ddc,Foot And Mouth Disease,ICD11_1F05,round5,2024-04-01T00:00:00,2024-04-03T00:00:00,country_IN,India,state_29,Karnataka,district_532,Chikkamagaluru,9446,542,9988,180,20,200,0,0,0,6258,401,17,
593dd6a0-0bb3-4061-93f3-6f8ee39c2794,Foot And Mouth Disease,ICD11_1F05,round5,2024-04-01T00:00:00,2024-04-03T00:00:00,country_IN,India,state_29,Karnataka,district_534,Dakshina Kannada,7847,50,7897,172,0,172,0,0,0,8597,579,0,
76ef607f-bb33-4611-9a25-5038ec7e3d3b,Foot And Mouth Disease,ICD11_1F05,round5,2024-04-01T00:00:00,2024-04-03T00:00:00,country_IN,India,state_29,Karnataka,district_539,Hassan,20426,4792,25218,153,18,171,0,0,0,18456,450,41,
20f8c798-3de6-481c-96c7-7a5e5f3b5e2c,Foot And Mouth Disease,ICD11_1F05,round5,2024-04-01T00:00:00,2024-04-03T00:00:00,country_IN,India,state_29,Karnataka,district_541,Kodagu,1889,94,1983,44,1,45,0,0,0,1341,413,7,
7269614a-df49-4c60-970a-ac5111ddd01c,Foot And Mouth Disease,ICD11_1F05,round5,2024-04-01T00:00:00,2024-04-03T00:00:00,country_IN,India,state_29,Karnataka,district_545,Mysuru,22831,506,23337,359,13,372,0,0,0,17523,1304,25,
14971ee7-a9da-4efc-b085-4f128178cb1f,Foot And Mouth Disease,ICD11_1F05,round5,2024-04-01T00:00:00,2024-04-03T00:00:00,country_IN,India,state_29,Karnataka,district_544,Mandya,14603,3359,17962,160,19,179,0,0,0,19169,1084,195,
2cd6890d-3fdd-48f7-a40c-f71cf4516d24,Foot And Mouth Disease,ICD11_1F05,round5,2024-04-01T00:00:00,2024-04-03T00:00:00,country_IN,India,state_29,Karnataka,district_549,Udupi,4676,2,4678,14,0,14,0,0,0,1674,88,0,
17520063-0f11-4201-8325-11dd1d6e549c,Foot And Mouth Disease,ICD11_1F05,round5,2024-04-01T00:00:00,2024-04-03T00:00:00,country_IN,India,state_29,Karnataka,district_527,Belagavi,17314,28909,46223,304,333,637,0,0,0,57788,151,228,
c9b67c6a-baed-4503-b6a5-e98f416eae5b,Foot And Mouth Disease,ICD11_1F05,round5,2024-04-01T00:00:00,2024-04-03T00:00:00,country_IN,India,state_29,Karnataka,district_524,Bagalkote,9098,9080,18178,201,142,343,0,0,0,16648,218,220,
44e29e5e-2285-4e93-82d9-fc3a95d8750e,Foot And Mouth Disease,ICD11_1F05,round5,2024-04-01T00:00:00,2024-04-03T00:00:00,country_IN,India,state_29,Karnataka,district_536,Dharwad,8402,2316,10718,96,55,151,0,0,0,9707,279,83,
7a5e4296-def9-49f9-8497-e9dd69cb6064,Foot And Mouth Disease,ICD11_1F05,round5,2024-04-01T00:00:00,2024-04-03T00:00:00,country_IN,India,state_29,Karnataka,district_537,Gadag,3190,1367,4557,35,32,67,0,0,0,7669,264,108,
d2109132-ea60-4c92-ad2f-0599646e3618,Foot And Mouth Disease,ICD11_1F05,round5,2024-04-01T00:00:00,2024-04-03T00:00:00,country_IN,India,state_29,Karnataka,district_540,Haveri,10584,3266,13850,157,79,236,0,0,0,14153,899,273,
5cc83704-07d1-4391-a407-137b4e97b450,Foot And Mouth Disease,ICD11_1F05,round5,2024-04-01T00:00:00,2024-04-03T00:00:00,country_IN,India,state_29,Karnataka,district_550,Uttara Kannada,7344,1689,9033,66,11,77,0,0,0,6102,681,134,
09df477d-68e3-40ca-929f-d5310906d7cb,Foot And Mouth Disease,ICD11_1F05,round5,2024-04-01T00:00:00,2024-04-03T00:00:00,country_IN,India,state_29,Karnataka,district_530,Vijayapura,7879,7228,15107,9,22,31,0,0,0,18158,24,33,
d7ebbdef-fdce-4240-9d09-439979a4b334,Foot And Mouth Disease,ICD11_1F05,round5,2024-04-01T00:00:00,2024-04-03T00:00:00,country_IN,India,state_29,Karnataka,district_528,Ballari,8451,4498,12949,114,76,190,0,0,0,19073,128,138,
0241c45e-9b12-4074-8cb9-a79c6add62c2,Foot And Mouth Disease,ICD11_1F05,round5,2024-04-01T00:00:00,2024-04-03T00:00:00,country_IN,India,state_29,Karnataka,district_529,Bidar,7527,5472,12999,76,70,146,0,0,0,11530,281,220,
eda45ccf-aa08-4798-9e6a-f8bec5e05f6c,Foot And Mouth Disease,ICD11_1F05,round5,2024-04-01T00:00:00,2024-04-03T00:00:00,country_IN,India,state_29,Karnataka,district_543,Koppal,4200,798,4998,47,20,67,0,0,0,2066,228,115,
3a316c7c-61aa-4f1d-b100-e293910aec21,Foot And Mouth Disease,ICD11_1F05,round5,2024-04-01T00:00:00,2024-04-03T00:00:00,country_IN,India,state_29,Karnataka,district_538,Kalaburagi,19957,3188,23145,71,8,79,0,0,0,19523,2286,467,
6cbc00f8-3b60-4325-9389-a95b38454446,Foot And Mouth Disease,ICD11_1F05,round5,2024-04-01T00:00:00,2024-04-03T00:00:00,country_IN,India,state_29,Karnataka,district_546,Raichur,8687,2907,11594,95,28,123,0,0,0,18323,4,9,
7eff2320-e9f0-4e54-a050-85dda5ea63a7,Foot And Mouth Disease,ICD11_1F05,round5,2024-04-01T00:00:00,2024-04-03T00:00:00,country_IN,India,state_29,Karnataka,district_635,Yadgir,13448,4181,17629,236,83,319,0,0,0,11971,501,317,
3245f3d1-2da1-4489-aedb-4435f6012680,Foot And Mouth Disease,ICD11_1F05,round5,2024-04-01T00:00:00,2024-04-03T00:00:00,country_IN,India,state_29,Karnataka,district_738,Vijayanagar,8267,3302,11569,123,51,174,0,0,0,5900,72,46,
f6de9ccd-439f-4cea-97c9-d50132ecbc4d,Foot And Mouth Disease,ICD11_1F05,round5,2024-04-01T00:00:00,2024-05-06T00:00:00,country_IN,India,state_29,Karnataka,district_525,Bengaluru Urban,1085,83,1168,2,0,2,0,0,0,26349,11296,441,
5d1ad087-ca21-4691-b055-f3ad497bbafb,Foot And Mouth Disease,ICD11_1F05,round5,2024-04-01T00:00:00,2024-05-06T00:00:00,country_IN,India,state_29,Karnataka,district_526,Bengaluru Rural,0,0,0,0,0,0,0,0,0,46493,10265,568,
a34542d7-4eae-434d-a631-cb4a4f8244d2,Foot And Mouth Disease,ICD11_1F05,round5,2024-04-01T00:00:00,2024-05-06T00:00:00,country_IN,India,state_29,Karnataka,district_533,Chitradurga,1116,335,1451,3,0,3,0,0,0,92269,4437,2290,
0127a104-435f-419c-8d2c-9e6af44f81b4,Foot And Mouth Disease,ICD11_1F05,round5,2024-04-01T00:00:00,2024-05-06T00:00:00,country_IN,India,state_29,Karnataka,district_630,Chikkaballapura,0,0,0,0,0,0,0,0,0,74390,7747,776,
d3f769bb-d055-4f7e-9e52-6353815c459c,Foot And Mouth Disease,ICD11_1F05,round5,2024-04-01T00:00:00,2024-05-06T00:00:00,country_IN,India,state_29,Karnataka,district_535,Davangere,626,126,752,91,19,110,0,0,0,91764,13315,3790,
91bd9b66-fb7c-442f-97ff-d03e980a4894,Foot And Mouth Disease,ICD11_1F05,round5,2024-04-01T00:00:00,2024-05-06T00:00:00,country_IN,India,state_29,Karnataka,district_542,Kolar,0,0,0,0,0,0,0,0,0,95245,10656,1242,
5197dc14-da43-44fd-8e05-efba20c717cd,Foot And Mouth Disease,ICD11_1F05,round5,2024-04-01T00:00:00,2024-05-06T00:00:00,country_IN,India,state_29,Karnataka,district_631,Ramanagara,0,0,0,0,0,0,0,0,0,72248,10742,398,
3b6c684d-f414-4c92-a22e-2bb45cef839c,Foot And Mouth Disease,ICD11_1F05,round5,2024-04-01T00:00:00,2024-05-06T00:00:00,country_IN,India,state_29,Karnataka,district_547,Shivamogga,78,84,162,0,0,0,0,0,0,122046,7028,1474,
80c3d182-1bbf-4570-8a72-90eb07128aab,Foot And Mouth Disease,ICD11_1F05,round5,2024-04-01T00:00:00,2024-05-06T00:00:00,country_IN,India,state_29,Karnataka,district_548,Tumakuru,2148,607,2755,14,9,23,111,30,141,194006,14618,5340,
b34b5c8c-4706-4665-892a-fb6f302bf427,Foot And Mouth Disease,ICD11_1F05,round5,2024-04-01T00:00:00,2024-05-06T00:00:00,country_IN,India,state_29,Karnataka,district_531,Chamarajanagara,90,0,90,0,0,0,0,0,0,58380,2179,71,
92ecf3a8-23e9-49a7-80cc-d630078df7dd,Foot And Mouth Disease,ICD11_1F05,round5,2024-04-01T00:00:00,2024-05-06T00:00:00,country_IN,India,state_29,Karnataka,district_532,Chikkamagaluru,310,0,310,0,0,0,0,0,0,84889,3449,230,
cb206b3f-d82f-4357-8123-9cffd14e17a4,Foot And Mouth Disease,ICD11_1F05,round5,2024-04-01T00:00:00,2024-05-06T00:00:00,country_IN,India,state_29,Karnataka,district_534,Dakshina Kannada,992,0,992,275,0,275,701,0,701,63656,5752,12,
2a2eccd0-aa71-4d9d-bea6-0a3d3702f596,Foot And Mouth Disease,ICD11_1F05,round5,2024-04-01T00:00:00,2024-05-06T00:00:00,country_IN,India,state_29,Karnataka,district_539,Hassan,110,0,110,0,0,0,15,6,21,207147,3564,244,
77aa5f66-a318-49a9-9559-62392db97838,Foot And Mouth Disease,ICD11_1F05,round5,2024-04-01T00:00:00,2024-05-06T00:00:00,country_IN,India,state_29,Karnataka,district_541,Kodagu,1040,46,1086,35,0,35,0,0,0,14591,4490,100,
3e544a26-56c5-4eba-971f-efbbc5a1dc71,Foot And Mouth Disease,ICD11_1F05,round5,2024-04-01T00:00:00,2024-05-06T00:00:00,country_IN,India,state_29,Karnataka,district_545,Mysuru,724,0,724,0,0,0,0,0,0,156660,8702,123,
7d839d6f-16f2-4d23-bf0c-46b1d5b7a629,Foot And Mouth Disease,ICD11_1F05,round5,2024-04-01T00:00:00,2024-05-06T00:00:00,country_IN,India,state_29,Karnataka,district_544,Mandya,61,0,61,0,0,0,0,0,0,158920,6551,1312,
a3f6969e-1c13-434a-83a9-d1270cdbac8b,Foot And Mouth Disease,ICD11_1F05,round5,2024-04-01T00:00:00,2024-05-06T00:00:00,country_IN,India,state_29,Karnataka,district_549,Udupi,557,0,557,5,0,5,0,0,0,58947,3927,15,
00be86e4-0672-4719-9194-f9ea61401835,Foot And Mouth Disease,ICD11_1F05,round5,2024-04-01T00:00:00,2024-05-06T00:00:00,country_IN,India,state_29,Karnataka,district_527,Belagavi,2967,9306,12273,28,43,71,109,142,251,554695,1883,2060,
e667ae38-f17b-4560-9208-db45f86ac21d,Foot And Mouth Disease,ICD11_1F05,round5,2024-04-01T00:00:00,2024-05-06T00:00:00,country_IN,India,state_29,Karnataka,district_524,Bagalkote,438,429,867,0,0,0,1,5,6,147457,3990,3916,
5aab364f-9771-4681-88c8-99ca935feb1c,Foot And Mouth Disease,ICD11_1F05,round5,2024-04-01T00:00:00,2024-05-06T00:00:00,country_IN,India,state_29,Karnataka,district_536,Dharwad,50,33,83,48,27,75,0,0,0,59928,2039,917,
8c4383cc-a750-4f83-b301-120826ececb8,Foot And Mouth Disease,ICD11_1F05,round5,2024-04-01T00:00:00,2024-05-06T00:00:00,country_IN,India,state_29,Karnataka,district_537,Gadag,46,35,81,0,0,0,0,0,0,61127,973,466,
ad041290-a032-4e65-b0f0-d74d15358690,Foot And Mouth Disease,ICD11_1F05,round5,2024-04-01T00:00:00,2024-05-06T00:00:00,country_IN,India,state_29,Karnataka,district_540,Haveri,0,0,0,0,0,0,54,22,76,117438,5221,1881,
e70dc230-4b7b-4b4c-b19e-38d91b642f00,Foot And Mouth Disease,ICD11_1F05,round5,2024-04-01T00:00:00,2024-05-06T00:00:00,country_IN,India,state_29,Karnataka,district_550,Uttara Kannada,1097,354,1451,0,0,0,0,0,0,83223,4233,742,
1b433220-49f5-4767-881e-fa42846e7ebd,Foot And Mouth Disease,ICD11_1F05,round5,2024-04-01T00:00:00,2024-05-06T00:00:00,country_IN,India,state_29,Karnataka,district_530,Vijayapura,460,464,924,6,4,10,3,9,12,138085,516,645,
d0ef1d3f-426a-4b71-8eda-615d7936f5c4,Foot And Mouth Disease,ICD11_1F05,round5,2024-04-01T00:00:00,2024-05-06T00:00:00,country_IN,India,state_29,Karnataka,district_528,Ballari,0,0,0,0,0,0,0,0,0,64586,627,601,
c02e99c0-3edd-4433-a39d-450426607e7c,Foot And Mouth Disease,ICD11_1F05,round5,2024-04-01T00:00:00,2024-05-06T00:00:00,country_IN,India,state_29,Karnataka,district_529,Bidar,0,0,0,0,0,0,0,0,0,103703,2680,2145,
71804075-1f04-4ec2-af35-e953eca1eab7,Foot And Mouth Disease,ICD11_1F05,round5,2024-04-01T00:00:00,2024-05-06T00:00:00,country_IN,India,state_29,Karnataka,district_543,Koppal,966,47,1013,6,3,9,85,61,146,88813,2914,1667,
b9266037-9e56-4a1f-8bf9-ef11110570cf,Foot And Mouth Disease,ICD11_1F05,round5,2024-04-01T00:00:00,2024-05-06T00:00:00,country_IN,India,state_29,Karnataka,district_538,Kalaburagi,4400,1374,5774,30,14,44,39,23,62,114631,5386,975,
dd8ca82e-6c76-4c1c-b818-597535ae4512,Foot And Mouth Disease,ICD11_1F05,round5,2024-04-01T00:00:00,2024-05-06T00:00:00,country_IN,India,state_29,Karnataka,district_546,Raichur,0,0,0,0,0,0,0,0,0,198486,73,38,
52fbdd22-f907-49f2-8d64-073b572f24e4,Foot And Mouth Disease,ICD11_1F05,round5,2024-04-01T00:00:00,2024-05-06T00:00:00,country_IN,India,state_29,Karnataka,district_635,Yadgir,0,0,0,0,0,0,0,0,0,83805,3160,654,
f70d628f-488d-4bf7-bc10-73919846f92f,Foot And Mouth Disease,ICD11_1F05,round5,2024-04-01T00:00:00,2024-05-06T00:00:00,country_IN,India,state_29,Karnataka,district_738,Vijayanagar,0,0,0,0,0,0,0,0,0,106597,1666,953,
5f9eb57e-717c-4bcc-a5cb-1300b151b106,Foot And Mouth Disease,ICD11_1F05,round5,2024-04-01T00:00:00,2024-04-06T00:00:00,country_IN,India,state_29,Karnataka,district_525,Bengaluru Urban,63710,2390,66100,2120,190,2310,280,0,280,88560,3465,202,
276fe3c7-307f-4a33-9139-dd4dd01f9d31,Foot And Mouth Disease,ICD11_1F05,round5,2024-04-01T00:00:00,2024-04-06T00:00:00,country_IN,India,state_29,Karnataka,district_526,Bengaluru Rural,66790,4060,70850,2340,140,2480,140,0,140,155920,3701,206,
66d345c9-e36d-427c-80b2-9891a4f7995c,Foot And Mouth Disease,ICD11_1F05,round5,2024-04-01T00:00:00,2024-04-06T00:00:00,country_IN,India,state_29,Karnataka,district_533,Chitradurga,121610,45680,167290,1240,710,1950,80,40,120,280410,1025,501,
5c5e3dc5-6429-4006-96ea-04d5526362d7,Foot And Mouth Disease,ICD11_1F05,round5,2024-04-01T00:00:00,2024-04-06T00:00:00,country_IN,India,state_29,Karnataka,district_630,Chikkaballapura,91580,7380,98960,2570,150,2720,410,60,470,239660,2988,297,
cc78db64-63d2-43c8-8b7c-9a4eb192f153,Foot And Mouth Disease,ICD11_1F05,round5,2024-04-01T00:00:00,2024-04-06T00:00:00,country_IN,India,state_29,Karnataka,district_535,Davangere,76860,22800,99660,3370,1030,4400,0,0,0,203440,3168,876,
a3e33bcf-7eb6-4910-a5b6-447b505343e1,Foot And Mouth Disease,ICD11_1F05,round5,2024-04-01T00:00:00,2024-04-06T00:00:00,country_IN,India,state_29,Karnataka,district_542,Kolar,133590,10480,144070,3560,470,4030,0,0,0,368990,4972,553,
d6fab7c0-b6b4-49f1-8057-e2d9d6310de6,Foot And Mouth Disease,ICD11_1F05,round5,2024-04-01T00:00:00,2024-04-06T00:00:00,country_IN,India,state_29,Karnataka,district_631,Ramanagara,119720,2060,121780,3370,20,3390,0,0,0,220570,2809,114,
4e9a2929-2ced-4bc2-b817-fbb45af5fecc,Foot And Mouth Disease,ICD11_1F05,round5,2024-04-01T00:00:00,2024-04-06T00:00:00,country_IN,India,state_29,Karnataka,district_547,Shivamogga,156210,32030,188240,2070,260,2330,50,40,90,175820,1804,275,
445eab38-1140-4fac-8e6d-999977b0a57a,Foot And Mouth Disease,ICD11_1F05,round5,2024-04-01T00:00:00,2024-04-06T00:00:00,country_IN,India,state_29,Karnataka,district_548,Tumakuru,176940,48990,225930,2510,1150,3660,70,0,70,568680,5176,1794,
858a25bb-7690-4f60-a8b4-ea3309ee74e6,Foot And Mouth Disease,ICD11_1F05,round5,2024-04-01T00:00:00,2024-04-06T00:00:00,country_IN,India,state_29,Karnataka,district_531,Chamarajanagara,88010,2840,90850,1330,90,1420,0,0,0,169060,807,15,
86b6fff7-95b4-45ee-9fef-a2259a676caf,Foot And Mouth Disease,ICD11_1F05,round5,2024-04-01T00:00:00,2024-04-06T00:00:00,country_IN,India,state_29,Karnataka,district_532,Chikkamagaluru,112410,12280,124690,2580,480,3060,280,0,280,188450,1129,80,
ccf2b1f3-5641-46e6-87f3-981f0662dd1f,Foot And Mouth Disease,ICD11_1F05,round5,2024-04-01T00:00:00,2024-04-06T00:00:00,country_IN,India,state_29,Karnataka,district_534,Dakshina Kannada,107590,500,108090,1880,0,1880,0,0,0,176710,1410,4,
cc521e09-34a9-41a7-9a13-b99b7c250098,Foot And Mouth Disease,ICD11_1F05,round5,2024-04-01T00:00:00,2024-04-06T00:00:00,country_IN,India,state_29,Karnataka,district_539,Hassan,280850,39250,320100,2490,250,2740,0,0,0,512600,1165,88,
d856aa55-0f54-46e1-9e46-c280e6f711bb,Foot And Mouth Disease,ICD11_1F05,round5,2024-04-01T00:00:00,2024-04-06T00:00:00,country_IN,India,state_29,Karnataka,district_541,Kodagu,18900,1480,20380,780,80,860,0,0,0,27920,900,26,
7e9d04e4-78c3-4f43-8668-308816f98149,Foot And Mouth Disease,ICD11_1F05,round5,2024-04-01T00:00:00,2024-04-06T00:00:00,country_IN,India,state_29,Karnataka,district_545,Mysuru,190440,4780,195220,3200,40,3240,400,0,400,388890,2974,58,
e587fa8d-b621-47a4-acc9-496befe48ba9,Foot And Mouth Disease,ICD11_1F05,round5,2024-04-01T00:00:00,2024-04-06T00:00:00,country_IN,India,state_29,Karnataka,district_544,Mandya,165840,38810,204650,1650,370,2020,390,240,630,456600,2271,405,
ca7218c1-549f-4e63-b125-f85aaf0e42aa,Foot And Mouth Disease,ICD11_1F05,round5,2024-04-01T00:00:00,2024-04-06T00:00:00,country_IN,India,state_29,Karnataka,district_549,Udupi,34870,50,34920,30,0,30,0,0,0,54620,361,0,
f4855e9d-93b8-46c6-94ee-da9d29dd29c6,Foot And Mouth Disease,ICD11_1F05,round5,2024-04-01T00:00:00,2024-04-06T00:00:00,country_IN,India,state_29,Karnataka,district_527,Belagavi,214410,326820,541230,2600,2960,5560,0,0,0,1266560,402,542,
32420514-8bb4-4af1-9d5f-ee91d1313fb1,Foot And Mouth Disease,ICD11_1F05,round5,2024-04-01T00:00:00,2024-04-06T00:00:00,country_IN,India,state_29,Karnataka,district_524,Bagalkote,106440,104710,211150,3210,2400,5610,0,0,0,390280,618,584,
dc2e71a9-b72a-4f37-82b3-02c34a360b72,Foot And Mouth Disease,ICD11_1F05,round5,2024-04-01T00:00:00,2024-04-06T00:00:00,country_IN,India,state_29,Karnataka,district_536,Dharwad,79970,22980,102950,1190,340,1530,20,20,40,198880,692,245,
8cb264bb-cd3f-40f0-bf57-78d4f81edd17,Foot And Mouth Disease,ICD11_1F05,round5,2024-04-01T00:00:00,2024-04-06T00:00:00,country_IN,India,state_29,Karnataka,district_537,Gadag,55320,19680,75000,330,210,540,10,0,10,181580,442,202,
a85f8fbb-df97-4b8f-963b-da0e9e3f31dc,Foot And Mouth Disease,ICD11_1F05,round5,2024-04-01T00:00:00,2024-04-06T00:00:00,country_IN,India,state_29,Karnataka,district_540,Haveri,87970,29730,117700,1170,440,1610,0,0,0,299000,1705,519,
59817d69-abcc-4ead-867b-5d3c0f99a392,Foot And Mouth Disease,ICD11_1F05,round5,2024-04-01T00:00:00,2024-04-06T00:00:00,country_IN,India,state_29,Karnataka,district_550,Uttara Kannada,84550,20550,105100,750,60,810,40,0,40,143500,1239,244,
5cd0208d-b98d-42b7-a0a8-f0914e6a8a36,Foot And Mouth Disease,ICD11_1F05,round5,2024-04-01T00:00:00,2024-04-06T00:00:00,country_IN,India,state_29,Karnataka,district_530,Vijayapura,74090,74110,148200,240,300,540,0,0,0,386410,67,94,
59f7d556-9b7f-45f1-a214-43a912eef703,Foot And Mouth Disease,ICD11_1F05,round5,2024-04-01T00:00:00,2024-04-06T00:00:00,country_IN,India,state_29,Karnataka,district_528,Ballari,55360,31200,86560,260,230,490,0,0,0,284730,214,241,
539c2760-844d-434a-a5e6-357dbac565ee,Foot And Mouth Disease,ICD11_1F05,round5,2024-04-01T00:00:00,2024-04-06T00:00:00,country_IN,India,state_29,Karnataka,district_529,Bidar,75460,59520,134980,990,930,1920,30,10,40,289470,800,524,
dd65ffdf-7400-43eb-8569-a27bce3bda2c,Foot And Mouth Disease,ICD11_1F05,round5,2024-04-01T00:00:00,2024-04-06T00:00:00,country_IN,India,state_29,Karnataka,district_543,Koppal,126020,26970,152990,1450,600,2050,0,20,20,113800,586,252,
c8f95ac1-9888-4f54-a669-e939aa12c676,Foot And Mouth Disease,ICD11_1F05,round5,2024-04-01T00:00:00,2024-04-06T00:00:00,country_IN,India,state_29,Karnataka,district_538,Kalaburagi,182020,25240,207260,570,100,670,30,0,30,413270,3047,571,
15e5c349-26e8-48ac-9a20-10460331fd4d,Foot And Mouth Disease,ICD11_1F05,round5,2024-04-01T00:00:00,2024-04-06T00:00:00,country_IN,India,state_29,Karnataka,district_546,Raichur,138520,43820,182340,610,340,950,0,0,0,689560,4,9,
d9d270c3-dc25-4d57-b713-11d07a77a003,Foot And Mouth Disease,ICD11_1F05,round5,2024-04-01T00:00:00,2024-04-06T00:00:00,country_IN,India,state_29,Karnataka,district_635,Yadgir,140970,32050,173020,910,330,1240,1240,170,1410,311750,1140,450,
d33bd2e1-800b-4dc3-b9a0-2424cd91da4a,Foot And Mouth Disease,ICD11_1F05,round5,2024-04-01T00:00:00,2024-04-06T00:00:00,country_IN,India,state_29,Karnataka,district_738,Vijayanagar,88030,41130,129160,1620,880,2500,0,0,0,241380,272,176,
dbacf424-06bf-4d63-a143-a3c3abde2db7,Foot And Mouth Disease,ICD11_1F05,round5,2024-04-01T00:00:00,2024-04-28T00:00:00,country_IN,India,state_29,Karnataka,district_525,Bengaluru Urban,221,0,221,43,0,43,0,0,0,24019,10189,415,
bdfbd829-7c9f-4c4c-b0ab-7d4d722023b9,Foot And Mouth Disease,ICD11_1F05,round5,2024-04-01T00:00:00,2024-04-28T00:00:00,country_IN,India,state_29,Karnataka,district_526,Bengaluru Rural,0,0,0,0,0,0,0,0,0,46091,10058,568,
cb28fcb4-acd7-4657-91be-3974df92d959,Foot And Mouth Disease,ICD11_1F05,round5,2024-04-01T00:00:00,2024-04-28T00:00:00,country_IN,India,state_29,Karnataka,district_533,Chitradurga,404,320,724,12,3,15,0,0,0,84354,3871,1933,
31b035fc-0112-4843-a152-4d6e14fb4734,Foot And Mouth Disease,ICD11_1F05,round5,2024-04-01T00:00:00,2024-04-28T00:00:00,country_IN,India,state_29,Karnataka,district_630,Chikkaballapura,576,114,690,0,0,0,0,0,0,68261,7358,751,
c4f79e3e-1066-4617-935e-94bc469b40a8,Foot And Mouth Disease,ICD11_1F05,round5,2024-04-01T00:00:00,2024-04-28T00:00:00,country_IN,India,state_29,Karnataka,district_535,Davangere,1030,455,1485,99,39,138,0,0,0,82955,12326,3537,
ad21e76b-41d0-46c8-a435-4a92520586c9,Foot And Mouth Disease,ICD11_1F05,round5,2024-04-01T00:00:00,2024-04-28T00:00:00,country_IN,India,state_29,Karnataka,district_542,Kolar,1379,46,1425,30,0,30,0,0,0,93814,10593,1242,
2ab9e6b6-5029-446b-ad3f-52a91b1ebf95,Foot And Mouth Disease,ICD11_1F05,round5,2024-04-01T00:00:00,2024-04-28T00:00:00,country_IN,India,state_29,Karnataka,district_631,Ramanagara,0,0,0,0,0,0,0,0,0,68735,10040,367,
c81cdd9a-7bad-43cb-b95c-60a678991f2c,Foot And Mouth Disease,ICD11_1F05,round5,2024-04-01T00:00:00,2024-04-28T00:00:00,country_IN,India,state_29,Karnataka,district_547,Shivamogga,10751,4142,14893,8,0,8,0,0,0,112916,6731,1390,
ce8d31b2-35c3-4155-97aa-418690a1135b,Foot And Mouth Disease,ICD11_1F05,round5,2024-04-01T00:00:00,2024-04-28T00:00:00,country_IN,India,state_29,Karnataka,district_548,Tumakuru,2121,863,2984,42,14,56,0,0,0,179161,13702,4826,
e65f2546-daa8-4134-95e9-93c1247b873f,Foot And Mouth Disease,ICD11_1F05,round5,2024-04-01T00:00:00,2024-04-28T00:00:00,country_IN,India,state_29,Karnataka,district_531,Chamarajanagara,2641,9,2650,0,0,0,0,0,0,56027,2103,71,
fa48d04f-fa0c-4e2d-95fb-4c6cc6edc28e,Foot And Mouth Disease,ICD11_1F05,round5,2024-04-01T00:00:00,2024-04-28T00:00:00,country_IN,India,state_29,Karnataka,district_532,Chikkamagaluru,2618,141,2759,79,4,83,0,0,0,78694,3098,218,
7a95641f-cd51-4a0e-894d-873bf9f5cc46,Foot And Mouth Disease,ICD11_1F05,round5,2024-04-01T00:00:00,2024-04-28T00:00:00,country_IN,India,state_29,Karnataka,district_534,Dakshina Kannada,962,0,962,35,0,35,0,0,0,60303,5104,12,
59e6f853-1921-4652-80ff-2db4826547e7,Foot And Mouth Disease,ICD11_1F05,round5,2024-04-01T00:00:00,2024-04-28T00:00:00,country_IN,India,state_29,Karnataka,district_539,Hassan,1237,142,1379,11,3,14,0,0,0,202051,3471,244,
0fcf4a17-60c6-40a4-8692-32193530169f,Foot And Mouth Disease,ICD11_1F05,round5,2024-04-01T00:00:00,2024-04-28T00:00:00,country_IN,India,state_29,Karnataka,district_541,Kodagu,513,35,548,7,0,7,0,0,0,11971,3800,83,
b3f17da1-24ab-47bd-9455-f28211775bf4,Foot And Mouth Disease,ICD11_1F05,round5,2024-04-01T00:00:00,2024-04-28T00:00:00,country_IN,India,state_29,Karnataka,district_545,Mysuru,2740,73,2813,17,0,17,0,0,0,147504,8073,121,
953af91b-b4a9-401a-9d3b-84056e283442,Foot And Mouth Disease,ICD11_1F05,round5,2024-04-01T00:00:00,2024-04-28T00:00:00,country_IN,India,state_29,Karnataka,district_544,Mandya,297,69,366,0,0,0,0,0,0,151479,6272,1239,
bd04e14c-0929-4bbf-93c2-b67f23649c11,Foot And Mouth Disease,ICD11_1F05,round5,2024-04-01T00:00:00,2024-04-28T00:00:00,country_IN,India,state_29,Karnataka,district_549,Udupi,2075,2,2077,14,0,14,0,0,0,53298,3387,14,
8ae91db4-2f01-44a8-8eb6-8bb14170414f,Foot And Mouth Disease,ICD11_1F05,round5,2024-04-01T00:00:00,2024-04-28T00:00:00,country_IN,India,state_29,Karnataka,district_527,Belagavi,6728,9092,15820,16,51,67,0,0,0,517743,1806,1930,
f386b0c0-816c-4bd3-beb2-227a50a3b774,Foot And Mouth Disease,ICD11_1F05,round5,2024-04-01T00:00:00,2024-04-28T00:00:00,country_IN,India,state_29,Karnataka,district_524,Bagalkote,1159,1062,2221,5,2,7,0,0,0,135232,3527,3626,
7962466b-7a83-41db-a237-cc01394c3682,Foot And Mouth Disease,ICD11_1F05,round5,2024-04-01T00:00:00,2024-04-28T00:00:00,country_IN,India,state_29,Karnataka,district_536,Dharwad,0,0,0,0,0,0,0,0,0,54645,1919,842,
22188269-fd8a-4011-a690-5ee8f924f8f3,Foot And Mouth Disease,ICD11_1F05,round5,2024-04-01T00:00:00,2024-04-28T00:00:00,country_IN,India,state_29,Karnataka,district_537,Gadag,3976,1712,5688,3,2,5,0,0,0,57641,801,396,
9a3169a1-13ef-4289-90b9-5e0935eafd02,Foot And Mouth Disease,ICD11_1F05,round5,2024-04-01T00:00:00,2024-04-28T00:00:00,country_IN,India,state_29,Karnataka,district_540,Haveri,674,209,883,29,19,48,0,0,0,110564,4658,1674,
969122a7-2650-4b90-842d-de506e50a6f2,Foot And Mouth Disease,ICD11_1F05,round5,2024-04-01T00:00:00,2024-04-28T00:00:00,country_IN,India,state_29,Karnataka,district_550,Uttara Kannada,2101,487,2588,30,2,32,0,0,0,73937,3956,716,
fa7d725a-047e-43d8-8842-faffadaa8b59,Foot And Mouth Disease,ICD11_1F05,round5,2024-04-01T00:00:00,2024-04-28T00:00:00,country_IN,India,state_29,Karnataka,district_530,Vijayapura,999,725,1724,1,2,3,0,0,0,130070,447,558,
5061856a-3962-40d4-8ae9-1ef1b65cd4db,Foot And Mouth Disease,ICD11_1F05,round5,2024-04-01T00:00:00,2024-04-28T00:00:00,country_IN,India,state_29,Karnataka,district_528,Ballari,0,0,0,0,0,0,0,0,0,64028,591,601,
75fcb937-f831-42ef-8eab-ff208c36f382,Foot And Mouth Disease,ICD11_1F05,round5,2024-04-01T00:00:00,2024-04-28T00:00:00,country_IN,India,state_29,Karnataka,district_529,Bidar,165,217,382,1,1,2,0,0,0,93573,2634,2068,
0a365dd1-17c4-41a2-b775-7cd9b5ab0c48,Foot And Mouth Disease,ICD11_1F05,round5,2024-04-01T00:00:00,2024-04-28T00:00:00,country_IN,India,state_29,Karnataka,district_543,Koppal,58,52,110,2,2,4,0,0,0,84178,2571,1366,
287d670d-3e95-41a5-9edd-a93b037acc00,Foot And Mouth Disease,ICD11_1F05,round5,2024-04-01T00:00:00,2024-04-28T00:00:00,country_IN,India,state_29,Karnataka,district_538,Kalaburagi,2369,282,2651,20,3,23,0,0,0,112464,5212,952,
15d7ba07-c83b-4cd7-9685-85718811a022,Foot And Mouth Disease,ICD11_1F05,round5,2024-04-01T00:00:00,2024-04-28T00:00:00,country_IN,India,state_29,Karnataka,district_546,Raichur,3513,2098,5611,0,0,0,0,0,0,191036,51,27,
476aec75-95af-4f4f-894a-bc9e4d5a731c,Foot And Mouth Disease,ICD11_1F05,round5,2024-04-01T00:00:00,2024-04-28T00:00:00,country_IN,India,state_29,Karnataka,district_635,Yadgir,0,0,0,0,0,0,0,0,0,83236,3065,630,
4607dc39-dbcb-48ff-9def-6d53231e4d55,Foot And Mouth Disease,ICD11_1F05,round5,2024-04-01T00:00:00,2024-04-28T00:00:00,country_IN,India,state_29,Karnataka,district_738,Vijayanagar,1644,700,2344,99,71,170,0,0,0,103428,1481,838,
e9ce5fb6-5fef-44fd-aeff-974c74da7255,Foot And Mouth Disease,ICD11_1F05,round5,2024-04-01T00:00:00,2024-04-13T00:00:00,country_IN,India,state_29,Karnataka,district_525,Bengaluru Urban,3000,109,3109,88,15,103,0,0,0,14353,5743,265,
ffada4e1-e80d-452b-9b3f-3ddba1744d2d,Foot And Mouth Disease,ICD11_1F05,round5,2024-04-01T00:00:00,2024-04-13T00:00:00,country_IN,India,state_29,Karnataka,district_526,Bengaluru Rural,6537,463,7000,195,9,204,0,0,0,25871,6079,331,
fc4326d7-36d7-4ba1-8a13-fe26907dc0ed,Foot And Mouth Disease,ICD11_1F05,round5,2024-04-01T00:00:00,2024-04-13T00:00:00,country_IN,India,state_29,Karnataka,district_533,Chitradurga,5247,2532,7779,87,98,185,0,0,0,48223,1790,930,
47de0800-73aa-4854-809c-92d9e06568b0,Foot And Mouth Disease,ICD11_1F05,round5,2024-04-01T00:00:00,2024-04-13T00:00:00,country_IN,India,state_29,Karnataka,district_630,Chikkaballapura,6608,436,7044,90,10,100,0,0,0,37007,4516,457,
3d9c9eea-03ec-407e-8289-e428058eaf90,Foot And Mouth Disease,ICD11_1F05,round5,2024-04-01T00:00:00,2024-04-13T00:00:00,country_IN,India,state_29,Karnataka,district_535,Davangere,6616,1837,8453,486,99,585,0,0,0,38405,5935,1721,
25dfb949-dfef-47d5-9808-aba622bbff76,Foot And Mouth Disease,ICD11_1F05,round5,2024-04-01T00:00:00,2024-04-13T00:00:00,country_IN,India,state_29,Karnataka,district_542,Kolar,5486,774,6260,184,25,209,0,0,0,61142,7839,898,
0abf6c7c-adac-4821-87bc-56c3f671ad90,Foot And Mouth Disease,ICD11_1F05,round5,2024-04-01T00:00:00,2024-04-13T00:00:00,country_IN,India,state_29,Karnataka,district_631,Ramanagara,9645,253,9898,261,5,266,0,0,0,36419,5042,188,
56e2fa05-1aba-4a72-98ef-14778879d810,Foot And Mouth Disease,ICD11_1F05,round5,2024-04-01T00:00:00,2024-04-13T00:00:00,country_IN,India,state_29,Karnataka,district_547,Shivamogga,12388,2033,14421,146,21,167,0,0,0,45143,3519,533,
77acf868-0201-4c78-95c8-269363f87f69,Foot And Mouth Disease,ICD11_1F05,round5,2024-04-01T00:00:00,2024-04-13T00:00:00,country_IN,India,state_29,Karnataka,district_548,Tumakuru,11565,3413,14978,169,63,232,0,0,0,93492,8010,2705,
cbb45ef6-48ff-49f3-89b9-c346a26ae5ac,Foot And Mouth Disease,ICD11_1F05,round5,2024-04-01T00:00:00,2024-04-13T00:00:00,country_IN,India,state_29,Karnataka,district_531,Chamarajanagara,8581,171,8752,56,4,60,0,0,0,31056,1348,35,
58cdf9ea-77bd-4108-a2b2-c5e4fa1b86c1,Foot And Mouth Disease,ICD11_1F05,round5,2024-04-01T00:00:00,2024-04-13T00:00:00,country_IN,India,state_29,Karnataka,district_532,Chikkamagaluru,6164,1040,7204,36,10,46,0,0,0,37699,1820,140,
36737a7a-b891-4066-b622-72b1ed6921b8,Foot And Mouth Disease,ICD11_1F05,round5,2024-04-01T00:00:00,2024-04-13T00:00:00,country_IN,India,state_29,Karnataka,district_534,Dakshina Kannada,6859,30,6889,148,0,148,0,0,0,33775,2460,9,
291ea652-1d93-47ae-8cd8-81fdbedc6e06,Foot And Mouth Disease,ICD11_1F05,round5,2024-04-01T00:00:00,2024-04-13T00:00:00,country_IN,India,state_29,Karnataka,district_539,Hassan,18164,2973,21137,121,22,143,0,0,0,107337,2082,153,
1400a3c7-d3a7-4fe7-89dc-ec1cab0fb625,Foot And Mouth Disease,ICD11_1F05,round5,2024-04-01T00:00:00,2024-04-13T00:00:00,country_IN,India,state_29,Karnataka,district_541,Kodagu,338,24,362,16,8,24,0,0,0,5070,1709,64,
1a908c23-a024-494a-ad04-8b655403f9d4,Foot And Mouth Disease,ICD11_1F05,round5,2024-04-01T00:00:00,2024-04-13T00:00:00,country_IN,India,state_29,Karnataka,district_545,Mysuru,14121,311,14432,114,0,114,0,0,0,76241,4973,67,
08fe2ac9-6929-4d4c-9a49-008ae0d47d7b,Foot And Mouth Disease,ICD11_1F05,round5,2024-04-01T00:00:00,2024-04-13T00:00:00,country_IN,India,state_29,Karnataka,district_544,Mandya,15200,3764,18964,169,27,196,0,0,0,78156,3648,695,
469a62dc-a47b-4a56-bd4a-18304eb1099c,Foot And Mouth Disease,ICD11_1F05,round5,2024-04-01T00:00:00,2024-04-13T00:00:00,country_IN,India,state_29,Karnataka,district_549,Udupi,5294,10,5304,20,0,20,0,0,0,18486,1082,0,
19cd9158-0f2a-49f3-8e40-93a3dcb44b24,Foot And Mouth Disease,ICD11_1F05,round5,2024-04-01T00:00:00,2024-04-13T00:00:00,country_IN,India,state_29,Karnataka,district_527,Belagavi,17351,30866,48217,276,424,700,0,0,0,276056,890,1023,
0e261617-c665-4d0e-b28d-2312db765421,Foot And Mouth Disease,ICD11_1F05,round5,2024-04-01T00:00:00,2024-04-13T00:00:00,country_IN,India,state_29,Karnataka,district_524,Bagalkote,8336,8649,16985,278,133,411,0,0,0,72835,1971,1644,
8a54907c-319c-4fe5-8e8e-1b517afb0137,Foot And Mouth Disease,ICD11_1F05,round5,2024-04-01T00:00:00,2024-04-13T00:00:00,country_IN,India,state_29,Karnataka,district_536,Dharwad,6178,2130,8308,86,43,129,0,0,0,37506,1370,544,
6f213b2f-d50a-424a-b9d6-05aabb16f13f,Foot And Mouth Disease,ICD11_1F05,round5,2024-04-01T00:00:00,2024-04-13T00:00:00,country_IN,India,state_29,Karnataka,district_537,Gadag,5072,2249,7321,35,21,56,0,0,0,35107,631,271,
4d6e84a6-05fa-4038-bd3c-1995f4224e8e,Foot And Mouth Disease,ICD11_1F05,round5,2024-04-01T00:00:00,2024-04-13T00:00:00,country_IN,India,state_29,Karnataka,district_540,Haveri,4002,1313,5315,56,16,72,0,0,0,54455,2526,790,
ea00b071-8438-414d-b0a5-e60004b7323f,Foot And Mouth Disease,ICD11_1F05,round5,2024-04-01T00:00:00,2024-04-13T00:00:00,country_IN,India,state_29,Karnataka,district_550,Uttara Kannada,3666,805,4471,36,3,39,0,0,0,30347,2263,469,
6519981b-fe2a-4e5d-a6d9-b33e68ccff05,Foot And Mouth Disease,ICD11_1F05,round5,2024-04-01T00:00:00,2024-04-13T00:00:00,country_IN,India,state_29,Karnataka,district_530,Vijayapura,4690,5457,10147,16,35,51,0,0,0,66713,123,166,
e463d6fb-a8df-448b-9cc1-770959d44288,Foot And Mouth Disease,ICD11_1F05,round5,2024-04-01T00:00:00,2024-04-13T00:00:00,country_IN,India,state_29,Karnataka,district_528,Ballari,5836,2750,8586,38,40,78,0,0,0,45284,387,430,
85c6cb0c-bf55-48ac-8317-a8e881c4abbe,Foot And Mouth Disease,ICD11_1F05,round5,2024-04-01T00:00:00,2024-04-13T00:00:00,country_IN,India,state_29,Karnataka,district_529,Bidar,4687,2819,7506,31,23,54,0,0,0,55208,1614,1038,
5573cb9c-9de5-4494-b98a-6f383c8ca6ce,Foot And Mouth Disease,ICD11_1F05,round5,2024-04-01T00:00:00,2024-04-13T00:00:00,country_IN,India,state_29,Karnataka,district_543,Koppal,3109,1134,4243,74,42,116,0,0,0,36547,1107,498,
7711db01-0f8c-458b-8345-54d66c98269e,Foot And Mouth Disease,ICD11_1F05,round5,2024-04-01T00:00:00,2024-04-13T00:00:00,country_IN,India,state_29,Karnataka,district_538,Kalaburagi,11667,2360,14027,40,14,54,0,0,0,73848,4283,773,
34ec91fd-33fe-4801-beb4-d1c03c4068f2,Foot And Mouth Disease,ICD11_1F05,round5,2024-04-01T00:00:00,2024-04-13T00:00:00,country_IN,India,state_29,Karnataka,district_546,Raichur,5432,3032,8464,47,18,65,0,0,0,115833,19,18,
a7795bf7-c978-41fc-ade0-5ab2ce776119,Foot And Mouth Disease,ICD11_1F05,round5,2024-04-01T00:00:00,2024-04-13T00:00:00,country_IN,India,state_29,Karnataka,district_635,Yadgir,9092,2456,11548,167,53,220,0,0,0,55282,1774,522,
7f2d18a9-c51b-4221-89b7-dbd9995144ba,Foot And Mouth Disease,ICD11_1F05,round5,2024-04-01T00:00:00,2024-04-13T00:00:00,country_IN,India,state_29,Karnataka,district_738,Vijayanagar,9901,4357,14258,115,75,190,0,0,0,63952,728,438,
d6f695ed-6178-41c9-9fdc-6206c3371f5d,Foot And Mouth Disease,ICD11_1F05,round5,2024-04-01T00:00:00,2024-04-21T00:00:00,country_IN,India,state_29,Karnataka,district_525,Bengaluru Urban,165,0,165,5,0,5,0,0,0,21377,8881,394,
ef3fcaac-3afb-476c-8d16-bd668a363d33,Foot And Mouth Disease,ICD11_1F05,round5,2024-04-01T00:00:00,2024-04-21T00:00:00,country_IN,India,state_29,Karnataka,district_526,Bengaluru Rural,0,0,0,0,0,0,0,0,0,41478,9004,564,
7a63da03-8928-4527-b2f5-8994352e3211,Foot And Mouth Disease,ICD11_1F05,round5,2024-04-01T00:00:00,2024-04-21T00:00:00,country_IN,India,state_29,Karnataka,district_533,Chitradurga,1367,588,1955,21,13,34,0,0,0,73634,2715,1442,
6313cf14-1e7d-4c3c-a2d2-41d4a8c9cf53,Foot And Mouth Disease,ICD11_1F05,round5,2024-04-01T00:00:00,2024-04-21T00:00:00,country_IN,India,state_29,Karnataka,district_630,Chikkaballapura,421,131,552,1,2,3,0,0,0,55998,6447,659,
a5568651-d3ef-4d42-99f0-4cb11ec3185d,Foot And Mouth Disease,ICD11_1F05,round5,2024-04-01T00:00:00,2024-04-21T00:00:00,country_IN,India,state_29,Karnataka,district_535,Davangere,2178,373,2551,139,22,161,0,0,0,67439,10045,3006,
2ab39dd9-f5bf-4457-a268-ec3aa0a31314,Foot And Mouth Disease,ICD11_1F05,round5,2024-04-01T00:00:00,2024-04-21T00:00:00,country_IN,India,state_29,Karnataka,district_542,Kolar,0,0,0,0,0,0,0,0,0,84926,10000,1229,
39e1b036-0de4-4005-827c-a9800d812548,Foot And Mouth Disease,ICD11_1F05,round5,2024-04-01T00:00:00,2024-04-21T00:00:00,country_IN,India,state_29,Karnataka,district_631,Ramanagara,0,0,0,0,0,0,0,0,0,58435,8056,312,
40b11e9c-5e49-4d97-aeb9-7a54a39e576c,Foot And Mouth Disease,ICD11_1F05,round5,2024-04-01T00:00:00,2024-04-21T00:00:00,country_IN,India,state_29,Karnataka,district_547,Shivamogga,1003,388,1391,0,0,0,0,0,0,84192,5393,973,
036c4cc1-7b38-4d8c-8d3a-071d2bd2cea2,Foot And Mouth Disease,ICD11_1F05,round5,2024-04-01T00:00:00,2024-04-21T00:00:00,country_IN,India,state_29,Karnataka,district_548,Tumakuru,2299,460,2759,18,6,24,0,0,0,149556,11533,4039,
1d1f89b3-e943-4274-8f11-85435a52744b,Foot And Mouth Disease,ICD11_1F05,round5,2024-04-01T00:00:00,2024-04-21T00:00:00,country_IN,India,state_29,Karnataka,district_531,Chamarajanagara,2597,139,2736,0,0,0,0,0,0,48030,1872,66,
742e9399-5308-4487-aa6f-ffa90d0a4f74,Foot And Mouth Disease,ICD11_1F05,round5,2024-04-01T00:00:00,2024-04-21T00:00:00,country_IN,India,state_29,Karnataka,district_532,Chikkamagaluru,1500,36,1536,0,0,0,0,0,0,64259,2582,204,
a8f5dc9b-f148-411c-8c0b-8abdefd22d40,Foot And Mouth Disease,ICD11_1F05,round5,2024-04-01T00:00:00,2024-04-21T00:00:00,country_IN,India,state_29,Karnataka,district_534,Dakshina Kannada,1776,0,1776,6,0,6,0,0,0,48800,4023,12,
f42e9f9e-e68c-4d43-aafc-9b98b1a6c470,Foot And Mouth Disease,ICD11_1F05,round5,2024-04-01T00:00:00,2024-04-21T00:00:00,country_IN,India,state_29,Karnataka,district_539,Hassan,3946,630,4576,23,0,23,0,0,0,171575,3200,219,
08b87d86-2f6b-4c51-b3e2-a8b82854fc39,Foot And Mouth Disease,ICD11_1F05,round5,2024-04-01T00:00:00,2024-04-21T00:00:00,country_IN,India,state_29,Karnataka,district_541,Kodagu,689,7,696,45,0,45,0,0,0,9313,3151,76,
13d5bf9d-8928-4808-8273-327160518efc,Foot And Mouth Disease,ICD11_1F05,round5,2024-04-01T00:00:00,2024-04-21T00:00:00,country_IN,India,state_29,Karnataka,district_545,Mysuru,1949,84,2033,37,0,37,0,0,0,122959,7173,118,
75c17ce1-e3bb-4436-95ce-2973512faeda,Foot And Mouth Disease,ICD11_1F05,round5,2024-04-01T00:00:00,2024-04-21T00:00:00,country_IN,India,state_29,Karnataka,district_544,Mandya,451,265,716,0,0,0,0,0,0,124100,5259,1028,
493cd98d-9ed5-403e-b94a-57fcda3c1f4e,Foot And Mouth Disease,ICD11_1F05,round5,2024-04-01T00:00:00,2024-04-21T00:00:00,country_IN,India,state_29,Karnataka,district_549,Udupi,626,0,626,0,0,0,0,0,0,39832,2424,10,
2590b3a3-a08b-475d-bcad-5a7ea66b61b1,Foot And Mouth Disease,ICD11_1F05,round5,2024-04-01T00:00:00,2024-04-21T00:00:00,country_IN,India,state_29,Karnataka,district_527,Belagavi,7758,11106,18864,44,204,248,0,0,0,428103,1524,1557,
5e6d4a81-b31d-4837-935c-5902b6394673,Foot And Mouth Disease,ICD11_1F05,round5,2024-04-01T00:00:00,2024-04-21T00:00:00,country_IN,India,state_29,Karnataka,district_524,Bagalkote,1543,1760,3303,8,20,28,0,0,0,115147,2900,3036,
e7106b0a-e52f-401b-bf31-4b9564b956bf,Foot And Mouth Disease,ICD11_1F05,round5,2024-04-01T00:00:00,2024-04-21T00:00:00,country_IN,India,state_29,Karnataka,district_536,Dharwad,1222,338,1560,1,0,1,0,0,0,49588,1783,754,
072fabb8-9081-465c-964a-51be1b8ed366,Foot And Mouth Disease,ICD11_1F05,round5,2024-04-01T00:00:00,2024-04-21T00:00:00,country_IN,India,state_29,Karnataka,district_537,Gadag,1166,525,1691,8,6,14,0,0,0,47992,728,356,
5da63917-44f7-4eaf-9bc3-06511a56ef92,Foot And Mouth Disease,ICD11_1F05,round5,2024-04-01T00:00:00,2024-04-21T00:00:00,country_IN,India,state_29,Karnataka,district_540,Haveri,2361,521,2882,30,24,54,0,0,0,87023,3545,1204,
aadfc2bb-bd53-4063-87b6-97ef940a6164,Foot And Mouth Disease,ICD11_1F05,round5,2024-04-01T00:00:00,2024-04-21T00:00:00,country_IN,India,state_29,Karnataka,district_550,Uttara Kannada,1109,325,1434,4,0,4,0,0,0,54117,3333,634,
6e464ff3-4088-4fae-9270-77fe90a3fa2a,Foot And Mouth Disease,ICD11_1F05,round5,2024-04-01T00:00:00,2024-04-21T00:00:00,country_IN,India,state_29,Karnataka,district_530,Vijayapura,1350,1248,2598,14,14,28,0,0,0,108403,296,360,
6cdb2f26-ca5e-4498-b8c5-08c0a835d8fd,Foot And Mouth Disease,ICD11_1F05,round5,2024-04-01T00:00:00,2024-04-21T00:00:00,country_IN,India,state_29,Karnataka,district_528,Ballari,363,276,639,0,0,0,0,0,0,60366,545,577,
b4a1829e-47de-4929-9bba-c9c48be7c034,Foot And Mouth Disease,ICD11_1F05,round5,2024-04-01T00:00:00,2024-04-21T00:00:00,country_IN,India,state_29,Karnataka,district_529,Bidar,1464,1310,2774,7,6,13,0,0,0,82839,2287,1662,
5d4ad697-2f26-4559-9602-88b439879039,Foot And Mouth Disease,ICD11_1F05,round5,2024-04-01T00:00:00,2024-04-21T00:00:00,country_IN,India,state_29,Karnataka,district_543,Koppal,80,58,138,4,3,7,0,0,0,72894,2093,1017,
96344835-bded-4cd9-b603-8bdcb2a6df5b,Foot And Mouth Disease,ICD11_1F05,round5,2024-04-01T00:00:00,2024-04-21T00:00:00,country_IN,India,state_29,Karnataka,district_538,Kalaburagi,1926,404,2330,16,0,16,0,0,0,101157,5193,947,
7f53a19d-6e46-4239-a2e6-00e1c8716244,Foot And Mouth Disease,ICD11_1F05,round5,2024-04-01T00:00:00,2024-04-21T00:00:00,country_IN,India,state_29,Karnataka,district_546,Raichur,2458,2344,4802,0,0,0,0,0,0,166344,44,26,
c07bbba4-4160-463a-95ff-73abe7540102,Foot And Mouth Disease,ICD11_1F05,round5,2024-04-01T00:00:00,2024-04-21T00:00:00,country_IN,India,state_29,Karnataka,district_635,Yadgir,1135,76,1211,17,3,20,0,0,0,74890,2419,576,
fa8d3d39-12b5-4cec-b2c5-bcd580064d54,Foot And Mouth Disease,ICD11_1F05,round5,2024-04-01T00:00:00,2024-04-21T00:00:00,country_IN,India,state_29,Karnataka,district_738,Vijayanagar,2022,440,2462,22,5,27,0,0,0,89691,1182,649,