metadata.recordID,metadata.diseaseName,metadata.diseaseCode,metadata.round,metadata.vaccinationStartDate,metadata.reportDate,country.ID,country.name,state.ID,state.name,district.ID,district.name,daily.vaccinated.cattle,daily.vaccinated.buffalo,daily.vaccinated.total,daily.vaccinated.cattle4to5m,daily.vaccinated.buffalo4to5m,daily.vaccinated.total4to5m,daily.booster.cattle4to5m,daily.booster.buffalo4to5m,daily.booster.total4to5m,daily.farmersCovered,cumulative.tagged.cattle,cumulative.tagged.buffalo,cumulative.tagged.total
3c9a4bd3-0ba4-471b-bc71-d4a5f8471460,Foot And Mouth Disease,ICD11_1F05,round4,2023-09-26T00:00:00,2023-10-27T00:00:00,country_IN,India,state_29,Karnataka,district_525,Bengaluru Urban,110,0,110,0,0,0,0,0,0,27304,,,
8ff85cae-7c26-4c60-a730-0f098d79d02d,Foot And Mouth Disease,ICD11_1F05,round4,2023-09-26T00:00:00,2023-10-27T00:00:00,country_IN,India,state_29,Karnataka,district_526,Bengaluru Rural,0,0,0,0,0,0,0,0,0,48903,,,
bd9efe7e-3d19-44f2-b76b-e9eee75d1ec5,Foot And Mouth Disease,ICD11_1F05,round4,2023-09-26T00:00:00,2023-10-27T00:00:00,country_IN,India,state_29,Karnataka,district_533,Chitradurga,551,171,722,2,2,4,0,0,0,110347,,,
9a5c4281-5ffc-4485-8ead-b27b59813a90,Foot And Mouth Disease,ICD11_1F05,round4,2023-09-26T00:00:00,2023-10-27T00:00:00,country_IN,India,state_29,Karnataka,district_630,Chikkaballapura,497,111,608,50,10,60,0,0,0,72060,,,
89be813c-5a3a-42fb-99ca-a6d18a9fb07e,Foot And Mouth Disease,ICD11_1F05,round4,2023-09-26T00:00:00,2023-10-27T00:00:00,country_IN,India,state_29,Karnataka,district_535,Davangere,331,206,537,43,24,67,84,10,94,95269,,,
ccbb2d87-49bf-425e-ae27-e2fed735b149,Foot And Mouth Disease,ICD11_1F05,round4,2023-09-26T00:00:00,2023-10-27T00:00:00,country_IN,India,state_29,Karnataka,district_542,Kolar,89,10,99,0,0,0,0,0,0,96995,,,
0f347665-0dd6-44b2-b19d-bc8f6c5718d8,Foot And Mouth Disease,ICD11_1F05,round4,2023-09-26T00:00:00,2023-10-27T00:00:00,country_IN,India,state_29,Karnataka,district_631,Ramanagara,1492,114,1606,108,6,114,0,0,0,76014,,,
21d5f9a9-e84f-43cf-871c-6b8d20d5c5ed,Foot And Mouth Disease,ICD11_1F05,round4,2023-09-26T00:00:00,2023-10-27T00:00:00,country_IN,India,state_29,Karnataka,district_547,Shivamogga,4224,1104,5328,1,0,1,0,0,0,117233,,,
e36989c8-433c-423c-a5d8-1d43c92fe252,Foot And Mouth Disease,ICD11_1F05,round4,2023-09-26T00:00:00,2023-10-27T00:00:00,country_IN,India,state_29,Karnataka,district_548,Tumakuru,1786,291,2077,36,1,37,22,14,36,200465,,,
5df8cc4f-ff6b-432b-96e4-e109849c91a1,Foot And Mouth Disease,ICD11_1F05,round4,2023-09-26T00:00:00,2023-10-27T00:00:00,country_IN,India,state_29,Karnataka,district_531,Chamarajanagara,2716,4,2720,38,0,38,0,0,0,59573,,,
29237cb6-182b-4867-b3bf-4219e5b64767,Foot And Mouth Disease,ICD11_1F05,round4,2023-09-26T00:00:00,2023-10-27T00:00:00,country_IN,India,state_29,Karnataka,district_532,Chikkamagaluru,830,116,946,21,0,21,0,0,0,79501,,,
81c67517-ea00-4330-80cb-c1a4563a40b5,Foot And Mouth Disease,ICD11_1F05,round4,2023-09-26T00:00:00,2023-10-27T00:00:00,country_IN,India,state_29,Karnataka,district_534,Dakshina Kannada,0,0,0,0,0,0,0,0,0,61522,,,
0c2c9fd3-4f91-48c5-9d12-4f8d35d0f188,Foot And Mouth Disease,ICD11_1F05,round4,2023-09-26T00:00:00,2023-10-27T00:00:00,country_IN,India,state_29,Karnataka,district_539,Hassan,1446,645,2091,15,5,20,0,0,0,209479,,,
914a902b-f11c-488d-913c-5288abc0f9f7,Foot And Mouth Disease,ICD11_1F05,round4,2023-09-26T00:00:00,2023-10-27T00:00:00,country_IN,India,state_29,Karnataka,district_541,Kodagu,1971,153,2124,53,0,53,0,0,0,13482,,,
73a0dfc8-3233-438a-9a05-45b0253bb875,Foot And Mouth Disease,ICD11_1F05,round4,2023-09-26T00:00:00,2023-10-27T00:00:00,country_IN,India,state_29,Karnataka,district_545,Mysuru,2393,11,2404,26,0,26,46,0,46,161443,,,
40806914-82ba-43ae-853e-1ada16625bba,Foot And Mouth Disease,ICD11_1F05,round4,2023-09-26T00:00:00,2023-10-27T00:00:00,country_IN,India,state_29,Karnataka,district_544,Mandya,526,166,692,2,1,3,0,0,0,167812,,,
7315d3e6-6f04-4e17-8974-4fa9b4e1c0ca,Foot And Mouth Disease,ICD11_1F05,round4,2023-09-26T00:00:00,2023-10-27T00:00:00,country_IN,India,state_29,Karnataka,district_549,Udupi,1432,2,1430,1,0,1,5,0,5,63168,,,
1d44ca4e-1350-461f-9aa2-4a401a8149f2,Foot And Mouth Disease,ICD11_1F05,round4,2023-09-26T00:00:00,2023-10-27T00:00:00,country_IN,India,state_29,Karnataka,district_527,Belagavi,3524,5725,9249,177,201,378,0,0,0,579508,,,
bae96f1d-59c3-4d4d-9361-68f1c5535f2b,Foot And Mouth Disease,ICD11_1F05,round4,2023-09-26T00:00:00,2023-10-27T00:00:00,country_IN,India,state_29,Karnataka,district_524,Bagalkote,2477,2356,4833,81,69,150,0,0,0,157506,,,
ebf45b43-6d4e-49d0-adcb-8a515c710552,Foot And Mouth Disease,ICD11_1F05,round4,2023-09-26T00:00:00,2023-10-27T00:00:00,country_IN,India,state_29,Karnataka,district_536,Dharwad,40,25,65,0,0,0,0,0,0,65680,,,
a3cc9973-8697-4848-944b-668abf8e900f,Foot And Mouth Disease,ICD11_1F05,round4,2023-09-26T00:00:00,2023-10-27T00:00:00,country_IN,India,state_29,Karnataka,district_537,Gadag,457,160,617,0,0,0,0,0,0,66635,,,
f751b0f4-07d1-4992-8451-597ec6f0632b,Foot And Mouth Disease,ICD11_1F05,round4,2023-09-26T00:00:00,2023-10-27T00:00:00,country_IN,India,state_29,Karnataka,district_540,Haveri,345,271,616,304,62,366,0,0,0,122274,,,
22aea23c-dc88-452b-ac87-ea9d54b935a7,Foot And Mouth Disease,ICD11_1F05,round4,2023-09-26T00:00:00,2023-10-27T00:00:00,country_IN,India,state_29,Karnataka,district_550,Uttara Kannada,6947,999,7946,64,9,73,0,0,0,78530,,,
b44b51f1-1d72-4db5-b271-0125a34ea69b,Foot And Mouth Disease,ICD11_1F05,round4,2023-09-26T00:00:00,2023-10-27T00:00:00,country_IN,India,state_29,Karnataka,district_530,Vijayapura,345,370,715,5,3,8,0,0,0,140467,,,
a90f3fb6-e489-4cf7-83b8-3b831befe5e5,Foot And Mouth Disease,ICD11_1F05,round4,2023-09-26T00:00:00,2023-10-27T00:00:00,country_IN,India,state_29,Karnataka,district_528,Ballari,533,623,1156,0,0,0,0,0,0,52994,,,
1ce18a83-786b-485c-a24d-20d85873ec35,Foot And Mouth Disease,ICD11_1F05,round4,2023-09-26T00:00:00,2023-10-27T00:00:00,country_IN,India,state_29,Karnataka,district_529,Bidar,603,466,1069,31,18,49,0,0,0,105715,,,
a34bba38-27c2-4cc8-8f40-c1366941db5a,Foot And Mouth Disease,ICD11_1F05,round4,2023-09-26T00:00:00,2023-10-27T00:00:00,country_IN,India,state_29,Karnataka,district_543,Koppal,3074,1101,4175,142,42,184,0,0,0,95581,,,
0b160803-40b2-4625-af6a-da1216d52262,Foot And Mouth Disease,ICD11_1F05,round4,2023-09-26T00:00:00,2023-10-27T00:00:00,country_IN,India,state_29,Karnataka,district_538,Kalaburagi,568,533,1101,0,0,0,0,0,0,123618,,,
5e712c5e-1612-4207-b728-78de9012480c,Foot And Mouth Disease,ICD11_1F05,round4,2023-09-26T00:00:00,2023-10-27T00:00:00,country_IN,India,state_29,Karnataka,district_546,Raichur,1379,1420,2799,0,0,0,0,0,0,197306,,,
98e8eca2-a2ab-43e1-a8b5-389b48becfb8,Foot And Mouth Disease,ICD11_1F05,round4,2023-09-26T00:00:00,2023-10-27T00:00:00,country_IN,India,state_29,Karnataka,district_635,Yadgir,0,0,0,0,0,0,0,0,0,96177,,,
af7a0ba6-c425-4c5d-8cdb-0673c3704849,Foot And Mouth Disease,ICD11_1F05,round4,2023-09-26T00:00:00,2023-10-27T00:00:00,country_IN,India,state_29,Karnataka,district_738,Vijayanagar,215,200,415,0,0,0,0,0,0,108170,,,
9c3bc35b-c35f-4585-b356-e1bd62506dcd,Foot And Mouth Disease,ICD11_1F05,round4,2023-09-26T00:00:00,2023-10-19T00:00:00,country_IN,India,state_29,Karnataka,district_525,Bengaluru Urban,2371,47,2418,110,2,112,0,0,0,26166,,,
ee208244-347c-44b0-ada1-cf928f8740e2,Foot And Mouth Disease,ICD11_1F05,round4,2023-09-26T00:00:00,2023-10-19T00:00:00,country_IN,India,state_29,Karnataka,district_526,Bengaluru Rural,2283,55,2338,54,0,54,0,0,0,48536,,,
413269ae-5c83-43bd-9382-87cb9c94c89d,Foot And Mouth Disease,ICD11_1F05,round4,2023-09-26T00:00:00,2023-10-19T00:00:00,country_IN,India,state_29,Karnataka,district_533,Chitradurga,3069,1462,4531,46,9,55,2,1,3,102722,,,
a21e3def-5c57-45e2-8868-9f0f38d09119,Foot And Mouth Disease,ICD11_1F05,round4,2023-09-26T00:00:00,2023-10-19T00:00:00,country_IN,India,state_29,Karnataka,district_630,Chikkaballapura,1976,439,2415,12,2,14,0,0,0,65978,,,
4c09d998-3c43-4a09-8e8d-aac8647c8c29,Foot And Mouth Disease,ICD11_1F05,round4,2023-09-26T00:00:00,2023-10-19T00:00:00,country_IN,India,state_29,Karnataka,district_535,Davangere,5104,2001,7105,290,54,344,8,3,11,89145,,,
8ff950c4-b49b-4ab7-b732-6b681ff8e5fc,Foot And Mouth Disease,ICD11_1F05,round4,2023-09-26T00:00:00,2023-10-19T00:00:00,country_IN,India,state_29,Karnataka,district_542,Kolar,1685,54,1739,31,0,31,0,0,0,94028,,,
4d995d0c-74d1-4e6e-a58f-1416ffef370d,Foot And Mouth Disease,ICD11_1F05,round4,2023-09-26T00:00:00,2023-10-19T00:00:00,country_IN,India,state_29,Karnataka,district_631,Ramanagara,6836,259,7095,335,12,347,0,0,0,69898,,,
ed81467d-3f34-4993-bfc7-fbaae6cdde98,Foot And Mouth Disease,ICD11_1F05,round4,2023-09-26T00:00:00,2023-10-19T00:00:00,country_IN,India,state_29,Karnataka,district_547,Shivamogga,12707,2577,15284,115,21,136,0,0,0,93874,,,
3660b581-4b4b-42d2-a6ec-08b8082ffd4b,Foot And Mouth Disease,ICD11_1F05,round4,2023-09-26T00:00:00,2023-10-19T00:00:00,country_IN,India,state_29,Karnataka,district_548,Tumakuru,11356,3157,14513,395,98,493,0,0,0,181773,,,
d62ca123-52dc-4369-af81-300e60e1a430,Foot And Mouth Disease,ICD11_1F05,round4,2023-09-26T00:00:00,2023-10-19T00:00:00,country_IN,India,state_29,Karnataka,district_531,Chamarajanagara,6664,181,6845,117,0,117,0,0,0,49991,,,
5667ce25-6003-4acd-bbed-5e67617704f8,Foot And Mouth Disease,ICD11_1F05,round4,2023-09-26T00:00:00,2023-10-19T00:00:00,country_IN,India,state_29,Karnataka,district_532,Chikkamagaluru,8903,707,9610,95,4,99,0,0,0,73233,,,
d1418015-185d-4129-b7b4-dfa67e2ab522,Foot And Mouth Disease,ICD11_1F05,round4,2023-09-26T00:00:00,2023-10-19T00:00:00,country_IN,India,state_29,Karnataka,district_534,Dakshina Kannada,5290,9,5299,60,0,60,0,0,0,55475,,,
5fe7b39a-bd77-448e-91b0-03742de0d37d,Foot And Mouth Disease,ICD11_1F05,round4,2023-09-26T00:00:00,2023-10-19T00:00:00,country_IN,India,state_29,Karnataka,district_539,Hassan,15593,1949,17542,115,7,122,15,4,19,188301,,,
30dee0f9-e669-46a9-8f25-8059df855095,Foot And Mouth Disease,ICD11_1F05,round4,2023-09-26T00:00:00,2023-10-19T00:00:00,country_IN,India,state_29,Karnataka,district_541,Kodagu,1784,21,1805,57,0,57,0,0,0,9936,,,
fb6158a9-7e45-4fa9-8454-e8c9d0dc5203,Foot And Mouth Disease,ICD11_1F05,round4,2023-09-26T00:00:00,2023-10-19T00:00:00,country_IN,India,state_29,Karnataka,district_545,Mysuru,10190,447,10637,231,1,232,0,0,0,143728,,,
43fcc0e2-4889-415e-8d33-2e6be629bd81,Foot And Mouth Disease,ICD11_1F05,round4,2023-09-26T00:00:00,2023-10-19T00:00:00,country_IN,India,state_29,Karnataka,district_544,Mandya,10212,2264,12476,142,25,167,4,0,4,158016,,,
84ce526e-af0d-48ae-b302-5a5bde576cd3,Foot And Mouth Disease,ICD11_1F05,round4,2023-09-26T00:00:00,2023-10-19T00:00:00,country_IN,India,state_29,Karnataka,district_549,Udupi,9933,52,9985,25,0,25,0,0,0,48997,,,
003f40c8-895a-41b5-a541-e27ca46fba97,Foot And Mouth Disease,ICD11_1F05,round4,2023-09-26T00:00:00,2023-10-19T00:00:00,country_IN,India,state_29,Karnataka,district_527,Belagavi,12827,21223,34050,122,157,279,6,7,13,510531,,,
64c229b9-025d-4ed9-8b0a-7268731c850b,Foot And Mouth Disease,ICD11_1F05,round4,2023-09-26T00:00:00,2023-10-19T00:00:00,country_IN,India,state_29,Karnataka,district_524,Bagalkote,4975,5328,10303,91,55,146,0,0,0,139397,,,
227f9e89-ec8c-4758-9151-d1f5a5c2d251,Foot And Mouth Disease,ICD11_1F05,round4,2023-09-26T00:00:00,2023-10-19T00:00:00,country_IN,India,state_29,Karnataka,district_536,Dharwad,3515,1415,4930,22,11,33,4,0,4,59193,,,
cd57e122-3dc7-4a39-872b-0883d8508cd7,Foot And Mouth Disease,ICD11_1F05,round4,2023-09-26T00:00:00,2023-10-19T00:00:00,country_IN,India,state_29,Karnataka,district_537,Gadag,2359,1186,3545,25,12,37,0,0,0,62141,,,
8181c755-2ee8-4b51-b287-e60445c6ab8c,Foot And Mouth Disease,ICD11_1F05,round4,2023-09-26T00:00:00,2023-10-19T00:00:00,country_IN,India,state_29,Karnataka,district_540,Haveri,6165,2103,8268,221,104,325,0,0,0,111948,,,
7b5b58eb-e9d0-4932-8b38-20298b77080f,Foot And Mouth Disease,ICD11_1F05,round4,2023-09-26T00:00:00,2023-10-19T00:00:00,country_IN,India,state_29,Karnataka,district_550,Uttara Kannada,12437,2766,15203,99,10,109,2,0,2,59742,,,
49636af4-ed23-4cb5-abb0-b228cd85ae78,Foot And Mouth Disease,ICD11_1F05,round4,2023-09-26T00:00:00,2023-10-19T00:00:00,country_IN,India,state_29,Karnataka,district_530,Vijayapura,3102,3226,6328,38,27,65,0,0,0,127769,,,
140b0e41-f661-4899-b442-951274f5647c,Foot And Mouth Disease,ICD11_1F05,round4,2023-09-26T00:00:00,2023-10-19T00:00:00,country_IN,India,state_29,Karnataka,district_528,Ballari,2676,1200,3876,7,4,11,0,0,0,50778,,,
30514d33-72ef-4160-840b-fce3c5321a53,Foot And Mouth Disease,ICD11_1F05,round4,2023-09-26T00:00:00,2023-10-19T00:00:00,country_IN,India,state_29,Karnataka,district_529,Bidar,2907,2566,5473,40,24,64,0,0,0,94496,,,
f0c0717b-f1cd-45f5-8c72-defe0a10ca75,Foot And Mouth Disease,ICD11_1F05,round4,2023-09-26T00:00:00,2023-10-19T00:00:00,country_IN,India,state_29,Karnataka,district_543,Koppal,2692,689,3381,62,36,98,0,0,0,86565,,,
cd95c466-88e4-44cc-bc00-b6266d7e1451,Foot And Mouth Disease,ICD11_1F05,round4,2023-09-26T00:00:00,2023-10-19T00:00:00,country_IN,India,state_29,Karnataka,district_538,Kalaburagi,6537,1961,8498,142,79,221,0,0,0,115611,,,
b3fb84f3-e332-46ff-8e5e-fd61801feacd,Foot And Mouth Disease,ICD11_1F05,round4,2023-09-26T00:00:00,2023-10-19T00:00:00,country_IN,India,state_29,Karnataka,district_546,Raichur,1561,669,2230,0,0,0,0,0,0,185554,,,
cc14e45a-9fbe-4a29-82fd-c38514d161af,Foot And Mouth Disease,ICD11_1F05,round4,2023-09-26T00:00:00,2023-10-19T00:00:00,country_IN,India,state_29,Karnataka,district_635,Yadgir,927,182,1109,0,0,0,0,0,0,95576,,,
0e2de22c-55ec-4e24-b69a-46fa6764e217,Foot And Mouth Disease,ICD11_1F05,round4,2023-09-26T00:00:00,2023-10-19T00:00:00,country_IN,India,state_29,Karnataka,district_738,Vijayanagar,2646,1013,3659,22,12,34,0,0,0,104908,,,
a716cf34-c565-481d-b181-b618018d8d61,Foot And Mouth Disease,ICD11_1F05,round4,2023-09-26T00:00:00,2023-10-05T00:00:00,country_IN,India,state_29,Karnataka,district_525,Bengaluru Urban,9334,323,9657,542,15,557,0,0,0,14493,,,
625bcf0e-6336-4f2d-871d-7416ef58bc90,Foot And Mouth Disease,ICD11_1F05,round4,2023-09-26T00:00:00,2023-10-05T00:00:00,country_IN,India,state_29,Karnataka,district_526,Bengaluru Rural,10473,527,11000,263,10,273,0,0,0,25491,,,
3a350b60-f456-4ff8-8a2d-3028fee6c32c,Foot And Mouth Disease,ICD11_1F05,round4,2023-09-26T00:00:00,2023-10-05T00:00:00,country_IN,India,state_29,Karnataka,district_533,Chitradurga,10201,4466,14667,125,49,174,0,0,0,50354,,,
6264511b-660c-4972-9401-326a2da203a7,Foot And Mouth Disease,ICD11_1F05,round4,2023-09-26T00:00:00,2023-10-05T00:00:00,country_IN,India,state_29,Karnataka,district_630,Chikkaballapura,7880,879,8759,220,15,235,0,0,0,33603,,,
e48e1cbb-e4c5-4489-be0d-be856db3dfc3,Foot And Mouth Disease,ICD11_1F05,round4,2023-09-26T00:00:00,2023-10-05T00:00:00,country_IN,India,state_29,Karnataka,district_535,Davangere,9613,3038,12651,509,146,655,0,0,0,42072,,,
59e613a2-a8bb-4121-a040-01d5d0394605,Foot And Mouth Disease,ICD11_1F05,round4,2023-09-26T00:00:00,2023-10-05T00:00:00,country_IN,India,state_29,Karnataka,district_542,Kolar,12410,1030,13440,407,59,466,0,0,0,61943,,,
c1eb97ed-55e8-4f0c-bf4f-a4a4e4c0372b,Foot And Mouth Disease,ICD11_1F05,round4,2023-09-26T00:00:00,2023-10-05T00:00:00,country_IN,India,state_29,Karnataka,district_631,Ramanagara,11714,422,12136,391,10,401,0,0,0,31084,,,
8ea21dad-4c26-48af-b19e-4b7319452039,Foot And Mouth Disease,ICD11_1F05,round4,2023-09-26T00:00:00,2023-10-05T00:00:00,country_IN,India,state_29,Karnataka,district_547,Shivamogga,17108,2875,19983,306,32,338,0,0,0,37471,,,
22ea902f-28c4-430f-995a-67efc8096863,Foot And Mouth Disease,ICD11_1F05,round4,2023-09-26T00:00:00,2023-10-05T00:00:00,country_IN,India,state_29,Karnataka,district_548,Tumakuru,17494,5420,22914,592,143,735,0,0,0,79595,,,
c16ca866-a90c-49ce-b29b-6514331d2bff,Foot And Mouth Disease,ICD11_1F05,round4,2023-09-26T00:00:00,2023-10-05T00:00:00,country_IN,India,state_29,Karnataka,district_531,Chamarajanagara,11807,171,11978,97,4,101,0,0,0,25814,,,
a3010f20-c136-4aba-bbd3-54a5b32c622d,Foot And Mouth Disease,ICD11_1F05,round4,2023-09-26T00:00:00,2023-10-05T00:00:00,country_IN,India,state_29,Karnataka,district_532,Chikkamagaluru,12000,932,12932,177,11,188,0,0,0,30026,,,
4304c23a-0edf-4c2c-9f1c-0fe93c4a0588,Foot And Mouth Disease,ICD11_1F05,round4,2023-09-26T00:00:00,2023-10-05T00:00:00,country_IN,India,state_29,Karnataka,district_534,Dakshina Kannada,10166,24,10190,244,0,244,0,0,0,28672,,,
f44e62bc-26bc-4cc9-b695-b160c434f6ad,Foot And Mouth Disease,ICD11_1F05,round4,2023-09-26T00:00:00,2023-10-05T00:00:00,country_IN,India,state_29,Karnataka,district_539,Hassan,22404,3608,26012,364,73,437,0,0,0,78755,,,
ce46d069-1c71-484f-832d-ec81b10d11c5,Foot And Mouth Disease,ICD11_1F05,round4,2023-09-26T00:00:00,2023-10-05T00:00:00,country_IN,India,state_29,Karnataka,district_541,Kodagu,2431,112,2543,138,1,139,0,0,0,3989,,,
97938104-2132-43c0-a080-4d7f42ef464c,Foot And Mouth Disease,ICD11_1F05,round4,2023-09-26T00:00:00,2023-10-05T00:00:00,country_IN,India,state_29,Karnataka,district_545,Mysuru,23977,655,24632,537,4,541,0,0,0,60786,,,
e1adf3d9-cfd7-4f35-bc9f-f210e9de35f2,Foot And Mouth Disease,ICD11_1F05,round4,2023-09-26T00:00:00,2023-10-05T00:00:00,country_IN,India,state_29,Karnataka,district_544,Mandya,17403,4632,22035,315,65,380,0,0,0,72355,,,
236f9fc7-3a9b-4b9e-9a23-680509d85417,Foot And Mouth Disease,ICD11_1F05,round4,2023-09-26T00:00:00,2023-10-05T00:00:00,country_IN,India,state_29,Karnataka,district_549,Udupi,8013,9,8022,44,0,44,0,0,0,16525,,,
ad785697-b0d4-4c1c-a628-717f0628c335,Foot And Mouth Disease,ICD11_1F05,round4,2023-09-26T00:00:00,2023-10-05T00:00:00,country_IN,India,state_29,Karnataka,district_527,Belagavi,23610,37451,61061,336,468,804,0,0,0,251285,,,
4da88c6e-a2b0-4dbd-84a9-eb1936432a97,Foot And Mouth Disease,ICD11_1F05,round4,2023-09-26T00:00:00,2023-10-05T00:00:00,country_IN,India,state_29,Karnataka,district_524,Bagalkote,10732,11213,21945,78,96,174,0,0,0,68918,,,
80b5d1fb-fafb-43cd-ac17-a61fddbdf0e6,Foot And Mouth Disease,ICD11_1F05,round4,2023-09-26T00:00:00,2023-10-05T00:00:00,country_IN,India,state_29,Karnataka,district_536,Dharwad,6017,2199,8216,58,23,81,0,0,0,29787,,,
83eae316-3740-417f-bf92-4f8c291719bb,Foot And Mouth Disease,ICD11_1F05,round4,2023-09-26T00:00:00,2023-10-05T00:00:00,country_IN,India,state_29,Karnataka,district_537,Gadag,5655,2284,7939,37,14,51,0,0,0,30405,,,
012fd44c-9ec3-401d-9eed-199661c528b6,Foot And Mouth Disease,ICD11_1F05,round4,2023-09-26T00:00:00,2023-10-05T00:00:00,country_IN,India,state_29,Karnataka,district_540,Haveri,15363,5153,20516,205,75,280,0,0,0,46825,,,
22f3cb2a-553e-4a64-9777-fd11a30ed718,Foot And Mouth Disease,ICD11_1F05,round4,2023-09-26T00:00:00,2023-10-05T00:00:00,country_IN,India,state_29,Karnataka,district_550,Uttara Kannada,8533,1394,9927,88,8,96,0,0,0,21104,,,
9e7cd656-9a7e-4efc-b4e4-eb61186d17db,Foot And Mouth Disease,ICD11_1F05,round4,2023-09-26T00:00:00,2023-10-05T00:00:00,country_IN,India,state_29,Karnataka,district_530,Vijayapura,8101,7940,16041,141,120,261,0,0,0,65801,,,
6af11385-5b8a-46f9-8927-e452c2c5d15e,Foot And Mouth Disease,ICD11_1F05,round4,2023-09-26T00:00:00,2023-10-05T00:00:00,country_IN,India,state_29,Karnataka,district_528,Ballari,5294,3296,8590,45,30,75,0,0,0,26551,,,
8f8b3729-4925-4a22-8cc6-1fc8ff837e36,Foot And Mouth Disease,ICD11_1F05,round4,2023-09-26T00:00:00,2023-10-05T00:00:00,country_IN,India,state_29,Karnataka,district_529,Bidar,6527,3880,10407,143,98,241,0,0,0,51197,,,
36ca8dd5-363b-44da-b7d2-cc55d9defefc,Foot And Mouth Disease,ICD11_1F05,round4,2023-09-26T00:00:00,2023-10-05T00:00:00,country_IN,India,state_29,Karnataka,district_543,Koppal,10147,2784,12931,108,59,167,0,0,0,39140,,,
7bdb2e24-e496-427d-804e-f44f894acf9d,Foot And Mouth Disease,ICD11_1F05,round4,2023-09-26T00:00:00,2023-10-05T00:00:00,country_IN,India,state_29,Karnataka,district_538,Kalaburagi,19008,3164,22172,195,44,239,0,0,0,62410,,,
7a9fbc58-1b26-44aa-a411-c534d2b2f28c,Foot And Mouth Disease,ICD11_1F05,round4,2023-09-26T00:00:00,2023-10-05T00:00:00,country_IN,India,state_29,Karnataka,district_546,Raichur,16268,6641,22909,4,2,6,0,0,0,120845,,,
3adc953c-3dfe-4d49-88de-63ab92e3fe0a,Foot And Mouth Disease,ICD11_1F05,round4,2023-09-26T00:00:00,2023-10-05T00:00:00,country_IN,India,state_29,Karnataka,district_635,Yadgir,9462,1990,11452,28,9,37,0,0,0,51439,,,
eab6bee6-f8a6-4ad9-82d1-bf252e3c8691,Foot And Mouth Disease,ICD11_1F05,round4,2023-09-26T00:00:00,2023-10-05T00:00:00,country_IN,India,state_29,Karnataka,district_738,Vijayanagar,11540,4332,15872,174,67,241,0,0,0,57988,,,
de1fc1e5-683a-4a2a-a269-d71a36ac4d67,Foot And Mouth Disease,ICD11_1F05,round4,2023-09-26T00:00:00,2023-10-10T00:00:00,country_IN,India,state_29,Karnataka,district_525,Bengaluru Urban,7258,295,7553,415,30,445,0,0,0,20734,,,
abeb1235-f53b-4dfd-9a06-0c31fa3cba7e,Foot And Mouth Disease,ICD11_1F05,round4,2023-09-26T00:00:00,2023-10-10T00:00:00,country_IN,India,state_29,Karnataka,district_526,Bengaluru Rural,8317,627,8944,208,15,223,0,0,0,37433,,,
613971a7-d29e-4307-ac7f-6e4ed2e0d63b,Foot And Mouth Disease,ICD11_1F05,round4,2023-09-26T00:00:00,2023-10-10T00:00:00,country_IN,India,state_29,Karnataka,district_533,Chitradurga,8829,3454,12283,84,32,116,0,0,0,75084,,,
d2b21a2a-025e-4706-af3b-65f9d7d34a08,Foot And Mouth Disease,ICD11_1F05,round4,2023-09-26T00:00:00,2023-10-10T00:00:00,country_IN,India,state_29,Karnataka,district_630,Chikkaballapura,8437,877,9314,212,14,226,0,0,0,48300,,,
37085080-3657-4490-a8a4-5a7c0b856db2,Foot And Mouth Disease,ICD11_1F05,round4,2023-09-26T00:00:00,2023-10-10T00:00:00,country_IN,India,state_29,Karnataka,district_535,Davangere,10278,3511,13789,576,146,722,0,0,0,63476,,,
0d7b9d13-b1a0-4f38-8a1e-3b7e346818de,Foot And Mouth Disease,ICD11_1F05,round4,2023-09-26T00:00:00,2023-10-10T00:00:00,country_IN,India,state_29,Karnataka,district_542,Kolar,4631,230,4861,114,5,119,0,0,0,78454,,,
80b5ada9-4bfa-478c-b8f3-f703706459f2,Foot And Mouth Disease,ICD11_1F05,round4,2023-09-26T00:00:00,2023-10-10T00:00:00,country_IN,India,state_29,Karnataka,district_631,Ramanagara,11722,388,12110,456,11,467,0,0,0,45867,,,
0c2746e2-6ef5-45d6-b897-74a2100ef5a7,Foot And Mouth Disease,ICD11_1F05,round4,2023-09-26T00:00:00,2023-10-10T00:00:00,country_IN,India,state_29,Karnataka,district_547,Shivamogga,12346,2364,14710,222,48,270,0,0,0,56497,,,
e50399ed-98f7-4368-b8b5-38d7ab16e360,Foot And Mouth Disease,ICD11_1F05,round4,2023-09-26T00:00:00,2023-10-10T00:00:00,country_IN,India,state_29,Karnataka,district_548,Tumakuru,17570,5198,22768,623,232,855,0,0,0,118577,,,
74b2a8b9-6342-4187-aa1c-541367ab6c34,Foot And Mouth Disease,ICD11_1F05,round4,2023-09-26T00:00:00,2023-10-10T00:00:00,country_IN,India,state_29,Karnataka,district_531,Chamarajanagara,8351,114,8465,89,1,90,0,0,0,37243,,,
67df672f-4057-4d9d-ab34-1220b0d7aedb,Foot And Mouth Disease,ICD11_1F05,round4,2023-09-26T00:00:00,2023-10-10T00:00:00,country_IN,India,state_29,Karnataka,district_532,Chikkamagaluru,17381,1216,18597,110,8,118,0,0,0,48713,,,
fc125d66-36f3-4124-86bc-f39601672ebd,Foot And Mouth Disease,ICD11_1F05,round4,2023-09-26T00:00:00,2023-10-10T00:00:00,country_IN,India,state_29,Karnataka,district_534,Dakshina Kannada,8665,16,8681,190,0,190,0,0,0,40406,,,
9cecb092-81e1-4a85-9b0d-fd853df990a0,Foot And Mouth Disease,ICD11_1F05,round4,2023-09-26T00:00:00,2023-10-10T00:00:00,country_IN,India,state_29,Karnataka,district_539,Hassan,26359,3872,30231,346,58,404,0,0,0,128582,,,
a0ce2347-403e-408b-9903-65578b812d27,Foot And Mouth Disease,ICD11_1F05,round4,2023-09-26T00:00:00,2023-10-10T00:00:00,country_IN,India,state_29,Karnataka,district_541,Kodagu,2315,134,2449,147,0,147,0,0,0,6252,,,
3229fe5e-ce76-4bb0-a1ab-25aa7a8b3915,Foot And Mouth Disease,ICD11_1F05,round4,2023-09-26T00:00:00,2023-10-10T00:00:00,country_IN,India,state_29,Karnataka,district_545,Mysuru,22342,787,23129,572,20,592,0,0,0,98381,,,
a7b2232d-356f-492c-8537-5e38d27fdc79,Foot And Mouth Disease,ICD11_1F05,round4,2023-09-26T00:00:00,2023-10-10T00:00:00,country_IN,India,state_29,Karnataka,district_544,Mandya,16077,4007,20084,154,32,186,0,0,0,110235,,,
7976cf77-3e4f-479b-94a8-22ddd97deeed,Foot And Mouth Disease,ICD11_1F05,round4,2023-09-26T00:00:00,2023-10-10T00:00:00,country_IN,India,state_29,Karnataka,district_549,Udupi,7883,25,7908,22,0,22,0,0,0,27070,,,
a5b742ec-cca1-4e77-8410-5c18c7f1b841,Foot And Mouth Disease,ICD11_1F05,round4,2023-09-26T00:00:00,2023-10-10T00:00:00,country_IN,India,state_29,Karnataka,district_527,Belagavi,15728,27437,43165,118,233,351,0,0,0,355299,,,
88376e60-f32a-4fa8-89a8-10995e81f204,Foot And Mouth Disease,ICD11_1F05,round4,2023-09-26T00:00:00,2023-10-10T00:00:00,country_IN,India,state_29,Karnataka,district_524,Bagalkote,7219,7516,14735,144,143,287,0,0,0,96857,,,
0fbdcb27-9171-419c-aa31-2ac0805bcf91,Foot And Mouth Disease,ICD11_1F05,round4,2023-09-26T00:00:00,2023-10-10T00:00:00,country_IN,India,state_29,Karnataka,district_536,Dharwad,6212,1789,8001,87,29,116,0,0,0,42814,,,
1b0686cf-c1fd-4ae8-aba7-836f581cbe20,Foot And Mouth Disease,ICD11_1F05,round4,2023-09-26T00:00:00,2023-10-10T00:00:00,country_IN,India,state_29,Karnataka,district_537,Gadag,5469,2465,7934,60,31,91,0,0,0,46316,,,
f37e7b5f-03fc-4016-8efa-9e02a6df745f,Foot And Mouth Disease,ICD11_1F05,round4,2023-09-26T00:00:00,2023-10-10T00:00:00,country_IN,India,state_29,Karnataka,district_540,Haveri,10271,3075,13346,163,73,236,0,0,0,72073,,,
f7677b21-c4fe-453b-a9a2-7e472c45752f,Foot And Mouth Disease,ICD11_1F05,round4,2023-09-26T00:00:00,2023-10-10T00:00:00,country_IN,India,state_29,Karnataka,district_550,Uttara Kannada,8819,1784,10603,65,16,81,0,0,0,33465,,,
1dabb895-3352-4061-a54b-9cec0a5c2e9d,Foot And Mouth Disease,ICD11_1F05,round4,2023-09-26T00:00:00,2023-10-10T00:00:00,country_IN,India,state_29,Karnataka,district_530,Vijayapura,7618,6406,14024,119,149,268,0,0,0,94471,,,
adef54c5-a33e-4ad3-b2ae-c795a3a23d39,Foot And Mouth Disease,ICD11_1F05,round4,2023-09-26T00:00:00,2023-10-10T00:00:00,country_IN,India,state_29,Karnataka,district_528,Ballari,4153,2446,6599,32,25,57,0,0,0,38894,,,
818ec827-cce3-48b0-a90e-b5d7bc989adf,Foot And Mouth Disease,ICD11_1F05,round4,2023-09-26T00:00:00,2023-10-10T00:00:00,country_IN,India,state_29,Karnataka,district_529,Bidar,6737,4468,11205,73,53,126,0,0,0,70099,,,
536eee8d-2f2e-4dc6-a69c-68680e017947,Foot And Mouth Disease,ICD11_1F05,round4,2023-09-26T00:00:00,2023-10-10T00:00:00,country_IN,India,state_29,Karnataka,district_543,Koppal,6076,1140,7216,174,57,231,0,0,0,60790,,,
99cd2d2a-79db-4b3d-9b8e-19d902db4ed5,Foot And Mouth Disease,ICD11_1F05,round4,2023-09-26T00:00:00,2023-10-10T00:00:00,country_IN,India,state_29,Karnataka,district_538,Kalaburagi,17121,3370,20491,267,109,376,0,0,0,88810,,,
cb0865cc-9c41-4c61-8f8b-ad4e3423b05c,Foot And Mouth Disease,ICD11_1F05,round4,2023-09-26T00:00:00,2023-10-10T00:00:00,country_IN,India,state_29,Karnataka,district_546,Raichur,4885,1968,6853,0,0,0,0,0,0,157105,,,
a41c4221-75a4-44e3-9691-e7cae9e92302,Foot And Mouth Disease,ICD11_1F05,round4,2023-09-26T00:00:00,2023-10-10T00:00:00,country_IN,India,state_29,Karnataka,district_635,Yadgir,13380,2557,15937,9,2,11,0,0,0,75581,,,
1bdace92-8daa-4ec5-8493-8610a0bd52c5,Foot And Mouth Disease,ICD11_1F05,round4,2023-09-26T00:00:00,2023-10-10T00:00:00,country_IN,India,state_29,Karnataka,district_738,Vijayanagar,7718,3691,11409,151,82,233,0,0,0,80962,,,
bc0645cc-4f71-410d-a800-00412c3bef36,Foot And Mouth Disease,ICD11_1F05,round4,2023-09-26T00:00:00,2023-10-22T00:00:00,country_IN,India,state_29,Karnataka,district_525,Bengaluru Urban,192,1,193,13,0,13,0,0,0,26820,,,
efd27252-d7f0-413d-9494-f9179e97cf28,Foot And Mouth Disease,ICD11_1F05,round4,2023-09-26T00:00:00,2023-10-22T00:00:00,country_IN,India,state_29,Karnataka,district_526,Bengaluru Rural,0,0,0,0,0,0,0,0,0,48735,,,
e80559b9-bb0d-4fb3-93f4-8ebc26a71cf6,Foot And Mouth Disease,ICD11_1F05,round4,2023-09-26T00:00:00,2023-10-22T00:00:00,country_IN,India,state_29,Karnataka,district_533,Chitradurga,747,206,953,11,3,14,0,0,0,107322,,,
bbb4aec4-c214-458c-bf8a-5e4e1b87c781,Foot And Mouth Disease,ICD11_1F05,round4,2023-09-26T00:00:00,2023-10-22T00:00:00,country_IN,India,state_29,Karnataka,district_630,Chikkaballapura,0,0,0,0,0,0,0,0,0,67670,,,
831ab2c7-8b58-4be8-89ba-6485bf9fd653,Foot And Mouth Disease,ICD11_1F05,round4,2023-09-26T00:00:00,2023-10-22T00:00:00,country_IN,India,state_29,Karnataka,district_535,Davangere,1339,397,1736,37,10,47,0,0,0,93561,,,
cd891733-1bd2-457f-843c-9f4adfc8c8a0,Foot And Mouth Disease,ICD11_1F05,round4,2023-09-26T00:00:00,2023-10-22T00:00:00,country_IN,India,state_29,Karnataka,district_542,Kolar,0,0,0,0,0,0,0,0,0,95984,,,
39231cdd-ff38-4fdd-a554-19ef3d3c7271,Foot And Mouth Disease,ICD11_1F05,round4,2023-09-26T00:00:00,2023-10-22T00:00:00,country_IN,India,state_29,Karnataka,district_631,Ramanagara,155,4,159,7,0,7,0,0,0,72057,,,
6f5a473f-7795-4491-8345-e8d728c778a5,Foot And Mouth Disease,ICD11_1F05,round4,2023-09-26T00:00:00,2023-10-22T00:00:00,country_IN,India,state_29,Karnataka,district_547,Shivamogga,1163,542,1705,0,0,0,0,0,0,105905,,,
90763759-3492-4918-a666-397c354da4d6,Foot And Mouth Disease,ICD11_1F05,round4,2023-09-26T00:00:00,2023-10-22T00:00:00,country_IN,India,state_29,Karnataka,district_548,Tumakuru,1935,900,2835,105,28,133,0,0,0,194197,,,
aa1334dc-7baf-47f7-b3a0-948e8ade6f3f,Foot And Mouth Disease,ICD11_1F05,round4,2023-09-26T00:00:00,2023-10-22T00:00:00,country_IN,India,state_29,Karnataka,district_531,Chamarajanagara,2618,82,2700,19,0,19,0,0,0,55583,,,
dd416ee8-2803-44db-8af3-8e67023be224,Foot And Mouth Disease,ICD11_1F05,round4,2023-09-26T00:00:00,2023-10-22T00:00:00,country_IN,India,state_29,Karnataka,district_532,Chikkamagaluru,629,3,632,0,0,0,0,0,0,76827,,,
4ec92d07-f3f3-4a5d-b00b-bd9a9415ae94,Foot And Mouth Disease,ICD11_1F05,round4,2023-09-26T00:00:00,2023-10-22T00:00:00,country_IN,India,state_29,Karnataka,district_534,Dakshina Kannada,387,0,387,8,0,8,0,0,0,59049,,,
dd5a77f6-4b1a-4956-b524-342aa5a333c4,Foot And Mouth Disease,ICD11_1F05,round4,2023-09-26T00:00:00,2023-10-22T00:00:00,country_IN,India,state_29,Karnataka,district_539,Hassan,5705,1170,6875,54,8,62,0,0,0,203088,,,
210f5dfa-ed35-48a5-bbaa-02ddb8e4734e,Foot And Mouth Disease,ICD11_1F05,round4,2023-09-26T00:00:00,2023-10-22T00:00:00,country_IN,India,state_29,Karnataka,district_541,Kodagu,1060,22,1082,22,0,22,0,0,0,11338,,,
1ba439ac-405f-4420-86d3-8d53b9083311,Foot And Mouth Disease,ICD11_1F05,round4,2023-09-26T00:00:00,2023-10-22T00:00:00,country_IN,India,state_29,Karnataka,district_545,Mysuru,3077,71,3148,76,0,76,0,0,0,152934,,,
1a0a414f-9c96-4931-9ecf-b7ea02359b13,Foot And Mouth Disease,ICD11_1F05,round4,2023-09-26T00:00:00,2023-10-22T00:00:00,country_IN,India,state_29,Karnataka,district_544,Mandya,1837,529,2366,30,22,52,0,0,0,164184,,,
058d7b06-b876-4605-8c6b-739f722b764f,Foot And Mouth Disease,ICD11_1F05,round4,2023-09-26T00:00:00,2023-10-22T00:00:00,country_IN,India,state_29,Karnataka,district_549,Udupi,179,0,179,1,0,1,0,0,0,56220,,,
a539e741-5ed5-487a-99c2-78a3303b5356,Foot And Mouth Disease,ICD11_1F05,round4,2023-09-26T00:00:00,2023-10-22T00:00:00,country_IN,India,state_29,Karnataka,district_527,Belagavi,4960,9061,14021,54,85,139,0,0,0,546865,,,
8afad78b-939c-41a4-ace5-8ef53bfd3ca8,Foot And Mouth Disease,ICD11_1F05,round4,2023-09-26T00:00:00,2023-10-22T00:00:00,country_IN,India,state_29,Karnataka,district_524,Bagalkote,1390,1758,3148,30,17,47,0,0,0,146980,,,
159e3df9-673b-40dc-9a62-79d16415e869,Foot And Mouth Disease,ICD11_1F05,round4,2023-09-26T00:00:00,2023-10-22T00:00:00,country_IN,India,state_29,Karnataka,district_536,Dharwad,2559,831,3390,8,2,10,0,0,0,62922,,,
09071dd0-3b10-4d2c-a876-eb6c9c6884ef,Foot And Mouth Disease,ICD11_1F05,round4,2023-09-26T00:00:00,2023-10-22T00:00:00,country_IN,India,state_29,Karnataka,district_537,Gadag,0,0,0,0,0,0,0,0,0,63761,,,
beba7bcc-17fb-40a1-85fa-0cfa4c309d7e,Foot And Mouth Disease,ICD11_1F05,round4,2023-09-26T00:00:00,2023-10-22T00:00:00,country_IN,India,state_29,Karnataka,district_540,Haveri,762,261,1023,13,1,14,0,0,0,119234,,,
212981ba-ba70-4232-8af3-5a1d2d051a74,Foot And Mouth Disease,ICD11_1F05,round4,2023-09-26T00:00:00,2023-10-22T00:00:00,country_IN,India,state_29,Karnataka,district_550,Uttara Kannada,1785,120,1905,0,0,0,0,0,0,67252,,,
11aaf864-ec24-4e2b-864e-f32473fee210,Foot And Mouth Disease,ICD11_1F05,round4,2023-09-26T00:00:00,2023-10-22T00:00:00,country_IN,India,state_29,Karnataka,district_530,Vijayapura,1155,1254,2409,249,54,303,0,0,0,134899,,,
3fac2adc-f143-4f06-b949-07b2b4dd784d,Foot And Mouth Disease,ICD11_1F05,round4,2023-09-26T00:00:00,2023-10-22T00:00:00,country_IN,India,state_29,Karnataka,district_528,Ballari,358,299,657,0,0,0,0,0,0,51891,,,
1c3a23da-920b-4ae3-b3f2-dc620890791c,Foot And Mouth Disease,ICD11_1F05,round4,2023-09-26T00:00:00,2023-10-22T00:00:00,country_IN,India,state_29,Karnataka,district_529,Bidar,1079,1457,2536,18,9,27,0,0,0,99781,,,
b380af8b-7379-4d4b-9d20-30287ab1db03,Foot And Mouth Disease,ICD11_1F05,round4,2023-09-26T00:00:00,2023-10-22T00:00:00,country_IN,India,state_29,Karnataka,district_543,Koppal,0,0,0,0,0,0,0,0,0,91883,,,
3e199791-afad-4d2f-ae4d-8b7c169eeff0,Foot And Mouth Disease,ICD11_1F05,round4,2023-09-26T00:00:00,2023-10-22T00:00:00,country_IN,India,state_29,Karnataka,district_538,Kalaburagi,2173,449,2622,24,5,29,0,0,0,121409,,,
4fe29f0d-7ed6-45aa-83c6-8894f5203c1c,Foot And Mouth Disease,ICD11_1F05,round4,2023-09-26T00:00:00,2023-10-22T00:00:00,country_IN,India,state_29,Karnataka,district_546,Raichur,1159,706,1865,0,0,0,0,0,0,191255,,,
963049fd-f687-4546-8a4d-1c13e3e11a08,Foot And Mouth Disease,ICD11_1F05,round4,2023-09-26T00:00:00,2023-10-22T00:00:00,country_IN,India,state_29,Karnataka,district_635,Yadgir,0,0,0,0,0,0,0,0,0,95752,,,
a4859ee6-2d83-4438-b79b-b03eb71226e6,Foot And Mouth Disease,ICD11_1F05,round4,2023-09-26T00:00:00,2023-10-22T00:00:00,country_IN,India,state_29,Karnataka,district_738,Vijayanagar,336,40,376,0,0,0,0,0,0,106334,,,
860dcd68-7f43-41d4-a493-c95d7b58a9f0,Foot And Mouth Disease,ICD11_1F05,round4,2023-09-26T00:00:00,2023-10-15T00:00:00,country_IN,India,state_29,Karnataka,district_525,Bengaluru Urban,190,0,190,15,0,15,0,0,0,23958,,,
da1ddeb9-513b-4c80-ba4c-c3cedda045eb,Foot And Mouth Disease,ICD11_1F05,round4,2023-09-26T00:00:00,2023-10-15T00:00:00,country_IN,India,state_29,Karnataka,district_526,Bengaluru Rural,22,7,29,0,0,0,0,0,0,43377,,,
b4482897-e4b9-492a-87cf-3fb9ceb19a0b,Foot And Mouth Disease,ICD11_1F05,round4,2023-09-26T00:00:00,2023-10-15T00:00:00,country_IN,India,state_29,Karnataka,district_533,Chitradurga,2195,1040,3235,8,6,14,0,0,0,93309,,,
018692e3-0f49-444d-b882-9eae736cb21f,Foot And Mouth Disease,ICD11_1F05,round4,2023-09-26T00:00:00,2023-10-15T00:00:00,country_IN,India,state_29,Karnataka,district_630,Chikkaballapura,703,241,944,0,0,0,0,0,0,59222,,,
12661e2d-3d09-42c7-b1bb-ffa464f8c902,Foot And Mouth Disease,ICD11_1F05,round4,2023-09-26T00:00:00,2023-10-15T00:00:00,country_IN,India,state_29,Karnataka,district_535,Davangere,2146,706,2852,67,13,80,0,0,0,77685,,,
417d83af-4b9c-49c4-9b7a-09b0e59d2f78,Foot And Mouth Disease,ICD11_1F05,round4,2023-09-26T00:00:00,2023-10-15T00:00:00,country_IN,India,state_29,Karnataka,district_542,Kolar,124,24,148,8,3,11,0,0,0,84211,,,
4b79eaec-db72-4534-bedc-f24a63013f7c,Foot And Mouth Disease,ICD11_1F05,round4,2023-09-26T00:00:00,2023-10-15T00:00:00,country_IN,India,state_29,Karnataka,district_631,Ramanagara,768,83,851,50,2,52,0,0,0,58859,,,
af50e9f7-a7b2-4015-8a6f-f56338dad046,Foot And Mouth Disease,ICD11_1F05,round4,2023-09-26T00:00:00,2023-10-15T00:00:00,country_IN,India,state_29,Karnataka,district_547,Shivamogga,807,335,1142,3,0,3,0,0,0,76613,,,
b6710b66-4442-4be7-a72a-3224acfa99fd,Foot And Mouth Disease,ICD11_1F05,round4,2023-09-26T00:00:00,2023-10-15T00:00:00,country_IN,India,state_29,Karnataka,district_548,Tumakuru,1468,244,1712,58,9,67,0,0,0,152950,,,
3dc2ea4e-4476-42d3-a275-5d97e6826f3a,Foot And Mouth Disease,ICD11_1F05,round4,2023-09-26T00:00:00,2023-10-15T00:00:00,country_IN,India,state_29,Karnataka,district_531,Chamarajanagara,2386,26,2412,28,0,28,0,0,0,44611,,,
3a03b2a7-2c5b-4cd6-9b41-fcfa0eb1c37b,Foot And Mouth Disease,ICD11_1F05,round4,2023-09-26T00:00:00,2023-10-15T00:00:00,country_IN,India,state_29,Karnataka,district_532,Chikkamagaluru,2864,244,3108,74,1,75,0,0,0,62202,,,
098f6eb7-697a-4733-9993-ab05dc3fe4da,Foot And Mouth Disease,ICD11_1F05,round4,2023-09-26T00:00:00,2023-10-15T00:00:00,country_IN,India,state_29,Karnataka,district_534,Dakshina Kannada,1105,4,1109,19,0,19,0,0,0,48481,,,
46e350ac-a9a7-46e2-a74c-fa39ad11fba0,Foot And Mouth Disease,ICD11_1F05,round4,2023-09-26T00:00:00,2023-10-15T00:00:00,country_IN,India,state_29,Karnataka,district_539,Hassan,2999,1202,4201,49,5,54,0,0,0,162439,,,
efbc5c1d-50e4-4f8b-95b8-b962b93bf6b9,Foot And Mouth Disease,ICD11_1F05,round4,2023-09-26T00:00:00,2023-10-15T00:00:00,country_IN,India,state_29,Karnataka,district_541,Kodagu,120,0,120,1,0,1,0,0,0,7936,,,
149f717f-74e6-429f-b2ce-2c9b1b0d1618,Foot And Mouth Disease,ICD11_1F05,round4,2023-09-26T00:00:00,2023-10-15T00:00:00,country_IN,India,state_29,Karnataka,district_545,Mysuru,4516,202,4718,87,0,87,0,0,0,124484,,,
29006fa7-f65b-4493-abf7-020d00016e7a,Foot And Mouth Disease,ICD11_1F05,round4,2023-09-26T00:00:00,2023-10-15T00:00:00,country_IN,India,state_29,Karnataka,district_544,Mandya,1547,586,2133,0,0,0,0,0,0,137571,,,
81e702dc-34c9-4f2e-81a7-9fd6a1fb7af1,Foot And Mouth Disease,ICD11_1F05,round4,2023-09-26T00:00:00,2023-10-15T00:00:00,country_IN,India,state_29,Karnataka,district_549,Udupi,616,0,616,9,0,9,0,0,0,36476,,,
0d545960-ef77-4628-92c6-063893caddc1,Foot And Mouth Disease,ICD11_1F05,round4,2023-09-26T00:00:00,2023-10-15T00:00:00,country_IN,India,state_29,Karnataka,district_527,Belagavi,8435,15081,23516,208,231,439,0,0,0,445251,,,
69bcd904-4b2d-43e3-8035-ad4092930a36,Foot And Mouth Disease,ICD11_1F05,round4,2023-09-26T00:00:00,2023-10-15T00:00:00,country_IN,India,state_29,Karnataka,district_524,Bagalkote,2876,3881,6757,49,84,133,0,0,0,119369,,,
9e4cc011-a48a-49e7-a072-999703c9e036,Foot And Mouth Disease,ICD11_1F05,round4,2023-09-26T00:00:00,2023-10-15T00:00:00,country_IN,India,state_29,Karnataka,district_536,Dharwad,1328,753,2081,10,3,13,0,0,0,52099,,,
357e7a7a-fe42-4eec-a885-f5c7efde78b2,Foot And Mouth Disease,ICD11_1F05,round4,2023-09-26T00:00:00,2023-10-15T00:00:00,country_IN,India,state_29,Karnataka,district_537,Gadag,2220,902,3122,2,0,2,0,0,0,56194,,,
8e9fe134-fc78-46d8-a30f-16d63f193f0e,Foot And Mouth Disease,ICD11_1F05,round4,2023-09-26T00:00:00,2023-10-15T00:00:00,country_IN,India,state_29,Karnataka,district_540,Haveri,1202,389,1591,21,5,26,0,0,0,91265,,,
47367039-1d57-42bb-96aa-af45b78e08bc,Foot And Mouth Disease,ICD11_1F05,round4,2023-09-26T00:00:00,2023-10-15T00:00:00,country_IN,India,state_29,Karnataka,district_550,Uttara Kannada,2130,371,2501,4,0,4,0,0,0,44910,,,
50711836-2e21-4e21-b633-d484dac187cb,Foot And Mouth Disease,ICD11_1F05,round4,2023-09-26T00:00:00,2023-10-15T00:00:00,country_IN,India,state_29,Karnataka,district_530,Vijayapura,1240,1277,2517,9,17,26,0,0,0,113055,,,
6e352c06-8b71-4f66-9f8e-e4b68bc9f58a,Foot And Mouth Disease,ICD11_1F05,round4,2023-09-26T00:00:00,2023-10-15T00:00:00,country_IN,India,state_29,Karnataka,district_528,Ballari,1970,1327,3297,15,10,25,0,0,0,46383,,,
61f9a68b-f314-4bd9-8310-ac23225a3634,Foot And Mouth Disease,ICD11_1F05,round4,2023-09-26T00:00:00,2023-10-15T00:00:00,country_IN,India,state_29,Karnataka,district_529,Bidar,1684,647,2331,13,5,18,0,0,0,82677,,,
feba179f-74ca-48e8-9c3a-d9cbb22f16e1,Foot And Mouth Disease,ICD11_1F05,round4,2023-09-26T00:00:00,2023-10-15T00:00:00,country_IN,India,state_29,Karnataka,district_543,Koppal,363,86,449,26,5,31,0,0,0,71036,,,
8cb9e9fd-6c8f-48f8-8473-d5012215e197,Foot And Mouth Disease,ICD11_1F05,round4,2023-09-26T00:00:00,2023-10-15T00:00:00,country_IN,India,state_29,Karnataka,district_538,Kalaburagi,3441,654,4095,45,9,54,0,0,0,104781,,,
cabb06ed-9554-433a-8b8e-6bce85a25f81,Foot And Mouth Disease,ICD11_1F05,round4,2023-09-26T00:00:00,2023-10-15T00:00:00,country_IN,India,state_29,Karnataka,district_546,Raichur,610,176,786,2,0,2,0,0,0,173978,,,
a1c606ed-52e1-4fc5-bb93-06207b012323,Foot And Mouth Disease,ICD11_1F05,round4,2023-09-26T00:00:00,2023-10-15T00:00:00,country_IN,India,state_29,Karnataka,district_635,Yadgir,706,241,947,1,1,2,0,0,0,87580,,,
a9dd4177-1fda-4001-96c9-4650b329b9cb,Foot And Mouth Disease,ICD11_1F05,round4,2023-09-26T00:00:00,2023-10-15T00:00:00,country_IN,India,state_29,Karnataka,district_738,Vijayanagar,1948,806,2754,27,19,46,0,0,0,95212,,,
02b0f0ab-27c0-4836-982b-f7300932a53a,Foot And Mouth Disease,ICD11_1F05,round4,2023-09-26T00:00:00,2023-09-29T00:00:00,country_IN,India,state_29,Karnataka,district_525,Bengaluru Urban,7860,299,8159,385,29,414,0,0,0,5399,,,
6bc66e41-6525-44f6-ad18-2bdc3e849649,Foot And Mouth Disease,ICD11_1F05,round4,2023-09-26T00:00:00,2023-09-29T00:00:00,country_IN,India,state_29,Karnataka,district_526,Bengaluru Rural,8003,665,8668,223,10,233,0,0,0,10485,,,
fd0643d7-7718-4e63-b305-034a4ab6b724,Foot And Mouth Disease,ICD11_1F05,round4,2023-09-26T00:00:00,2023-09-29T00:00:00,country_IN,India,state_29,Karnataka,district_533,Chitradurga,10122,4208,14330,115,42,157,0,0,0,20205,,,
f7d6c938-dba2-4810-b145-abab67ae84af,Foot And Mouth Disease,ICD11_1F05,round4,2023-09-26T00:00:00,2023-09-29T00:00:00,country_IN,India,state_29,Karnataka,district_630,Chikkaballapura,9899,862,10761,212,16,228,0,0,0,15274,,,
6f18f9c0-7e4e-4eb3-b524-2387f88bb146,Foot And Mouth Disease,ICD11_1F05,round4,2023-09-26T00:00:00,2023-09-29T00:00:00,country_IN,India,state_29,Karnataka,district_535,Davangere,11432,2963,14395,660,166,826,0,0,0,17396,,,
ca43898f-85e5-46ed-8ded-309bd4cb68c3,Foot And Mouth Disease,ICD11_1F05,round4,2023-09-26T00:00:00,2023-09-29T00:00:00,country_IN,India,state_29,Karnataka,district_542,Kolar,16979,1695,18674,560,48,608,0,0,0,25843,,,
fcf4218f-fe20-4091-b9c9-a29d495174be,Foot And Mouth Disease,ICD11_1F05,round4,2023-09-26T00:00:00,2023-09-29T00:00:00,country_IN,India,state_29,Karnataka,district_631,Ramanagara,13130,498,13628,279,6,285,0,0,0,12003,,,
c9d4f1d1-8b71-402f-baa9-548babfc54a9,Foot And Mouth Disease,ICD11_1F05,round4,2023-09-26T00:00:00,2023-09-29T00:00:00,country_IN,India,state_29,Karnataka,district_547,Shivamogga,15710,2494,18204,169,27,196,0,0,0,11515,,,
59d85958-506b-4eb8-bab2-bd7a63b3c1d4,Foot And Mouth Disease,ICD11_1F05,round4,2023-09-26T00:00:00,2023-09-29T00:00:00,country_IN,India,state_29,Karnataka,district_548,Tumakuru,19045,5441,24486,527,165,692,0,0,0,33981,,,
d8127686-7866-4b0d-ad53-7c2c3af37bde,Foot And Mouth Disease,ICD11_1F05,round4,2023-09-26T00:00:00,2023-09-29T00:00:00,country_IN,India,state_29,Karnataka,district_531,Chamarajanagara,10927,346,11273,133,0,133,0,0,0,10434,,,
6316e56d-f574-415a-8ea8-525ca45618ac,Foot And Mouth Disease,ICD11_1F05,round4,2023-09-26T00:00:00,2023-09-29T00:00:00,country_IN,India,state_29,Karnataka,district_532,Chikkamagaluru,12829,731,13560,43,2,45,0,0,0,9122,,,
c526e5c1-180e-4aae-9292-b7f88aa477be,Foot And Mouth Disease,ICD11_1F05,round4,2023-09-26T00:00:00,2023-09-29T00:00:00,country_IN,India,state_29,Karnataka,district_534,Dakshina Kannada,10096,25,10121,280,0,280,0,0,0,11869,,,
d076b371-1ee2-4004-a84b-dd2b2c2b78c7,Foot And Mouth Disease,ICD11_1F05,round4,2023-09-26T00:00:00,2023-09-29T00:00:00,country_IN,India,state_29,Karnataka,district_539,Hassan,20737,3909,24646,427,70,497,0,0,0,28082,,,
fac68b56-536a-4107-ac81-dc697dfbd96f,Foot And Mouth Disease,ICD11_1F05,round4,2023-09-26T00:00:00,2023-09-29T00:00:00,country_IN,India,state_29,Karnataka,district_541,Kodagu,1544,41,1585,127,1,128,0,0,0,1404,,,
329b9c93-8cb1-4f87-a5d6-3e4a93e4da35,Foot And Mouth Disease,ICD11_1F05,round4,2023-09-26T00:00:00,2023-09-29T00:00:00,country_IN,India,state_29,Karnataka,district_545,Mysuru,20681,437,21118,423,8,431,0,0,0,20510,,,
fb6f4e5a-c4d4-4449-9394-8c18e79cef6a,Foot And Mouth Disease,ICD11_1F05,round4,2023-09-26T00:00:00,2023-09-29T00:00:00,country_IN,India,state_29,Karnataka,district_544,Mandya,18479,4944,23423,292,57,349,0,0,0,30690,,,
7f12e7f8-a635-411a-8484-903fdbac1392,Foot And Mouth Disease,ICD11_1F05,round4,2023-09-26T00:00:00,2023-09-29T00:00:00,country_IN,India,state_29,Karnataka,district_549,Udupi,3984,16,4000,5,0,5,0,0,0,3142,,,
9cfb224f-06cf-4e1f-a1a5-19f42bb07042,Foot And Mouth Disease,ICD11_1F05,round4,2023-09-26T00:00:00,2023-09-29T00:00:00,country_IN,India,state_29,Karnataka,district_527,Belagavi,20686,32930,53616,234,243,477,0,0,0,98634,,,
1d013419-4fd1-4355-81a2-a04dc9646ab8,Foot And Mouth Disease,ICD11_1F05,round4,2023-09-26T00:00:00,2023-09-29T00:00:00,country_IN,India,state_29,Karnataka,district_524,Bagalkote,9753,9537,19290,101,110,211,0,0,0,25625,,,
bdb0f744-fa8e-41bd-b999-a8ca1c2049c2,Foot And Mouth Disease,ICD11_1F05,round4,2023-09-26T00:00:00,2023-09-29T00:00:00,country_IN,India,state_29,Karnataka,district_536,Dharwad,7070,2381,9451,70,34,104,0,0,0,11022,,,
7735a0bb-6714-4b16-bc28-3e0b0e75b893,Foot And Mouth Disease,ICD11_1F05,round4,2023-09-26T00:00:00,2023-09-29T00:00:00,country_IN,India,state_29,Karnataka,district_537,Gadag,4954,1768,6722,72,39,111,0,0,0,8844,,,
97a4588d-471c-4bc7-a4d3-b18d0d8c8f4e,Foot And Mouth Disease,ICD11_1F05,round4,2023-09-26T00:00:00,2023-09-29T00:00:00,country_IN,India,state_29,Karnataka,district_540,Haveri,11378,3572,14950,173,58,231,0,0,0,18211,,,
c73a0de3-17ba-4687-8ef8-928a81cb1327,Foot And Mouth Disease,ICD11_1F05,round4,2023-09-26T00:00:00,2023-09-29T00:00:00,country_IN,India,state_29,Karnataka,district_550,Uttara Kannada,9178,2237,11415,136,26,162,0,0,0,7018,,,
c86015ee-8628-4f55-aaa5-436ec795cc9f,Foot And Mouth Disease,ICD11_1F05,round4,2023-09-26T00:00:00,2023-09-29T00:00:00,country_IN,India,state_29,Karnataka,district_530,Vijayapura,9798,9440,19238,112,144,256,0,0,0,27300,,,
97ce523f-a891-4c6d-9388-58771ca3bb84,Foot And Mouth Disease,ICD11_1F05,round4,2023-09-26T00:00:00,2023-09-29T00:00:00,country_IN,India,state_29,Karnataka,district_528,Ballari,5517,3187,8704,31,29,60,0,0,0,9421,,,
9ca87640-5f10-4692-8cd7-6448772ce628,Foot And Mouth Disease,ICD11_1F05,round4,2023-09-26T00:00:00,2023-09-29T00:00:00,country_IN,India,state_29,Karnataka,district_529,Bidar,8297,5957,14254,60,49,109,0,0,0,23557,,,
63418e28-b495-4e5d-9335-57b57fba3d68,Foot And Mouth Disease,ICD11_1F05,round4,2023-09-26T00:00:00,2023-09-29T00:00:00,country_IN,India,state_29,Karnataka,district_543,Koppal,8049,1335,9384,123,27,150,0,0,0,10492,,,
47d87b91-ab5e-4ad9-a504-9ddd2692d9b5,Foot And Mouth Disease,ICD11_1F05,round4,2023-09-26T00:00:00,2023-09-29T00:00:00,country_IN,India,state_29,Karnataka,district_538,Kalaburagi,21385,3177,24562,234,48,282,0,0,0,25834,,,
6f4b8a36-b607-4070-82b4-8f413147b8dc,Foot And Mouth Disease,ICD11_1F05,round4,2023-09-26T00:00:00,2023-09-29T00:00:00,country_IN,India,state_29,Karnataka,district_546,Raichur,18947,9511,28458,2,6,8,0,0,0,54928,,,
bb26bf63-b5f0-4ce2-b290-0ca089a8d3cd,Foot And Mouth Disease,ICD11_1F05,round4,2023-09-26T00:00:00,2023-09-29T00:00:00,country_IN,India,state_29,Karnataka,district_635,Yadgir,13920,3215,17135,124,28,152,0,0,0,20679,,,
3e367cfb-908a-4f11-8826-9ee7d18b673f,Foot And Mouth Disease,ICD11_1F05,round4,2023-09-26T00:00:00,2023-09-29T00:00:00,country_IN,India,state_29,Karnataka,district_738,Vijayanagar,11476,4194,15670,216,90,306,0,0,0,25598,,,
44160439-4350-421e-a76b-87bc84c7604f,Foot And Mouth Disease,ICD11_1F05,round4,2023-09-26T00:00:00,2023-10-09T00:00:00,country_IN,India,state_29,Karnataka,district_525,Bengaluru Urban,5577,272,5849,349,2,351,0,0,0,18902,,,
904ca79f-6df9-4ef1-b32f-20a9cc7c6302,Foot And Mouth Disease,ICD11_1F05,round4,2023-09-26T00:00:00,2023-10-09T00:00:00,country_IN,India,state_29,Karnataka,district_526,Bengaluru Rural,7127,446,7573,184,7,191,0,0,0,34202,,,
8f0ef8a2-c665-430b-8334-284218dfca7f,Foot And Mouth Disease,ICD11_1F05,round4,2023-09-26T00:00:00,2023-10-09T00:00:00,country_IN,India,state_29,Karnataka,district_533,Chitradurga,9397,4186,13583,79,38,117,0,0,0,70398,,,
909ef8c9-a06f-4533-9811-a32fd4ea5545,Foot And Mouth Disease,ICD11_1F05,round4,2023-09-26T00:00:00,2023-10-09T00:00:00,country_IN,India,state_29,Karnataka,district_630,Chikkaballapura,5314,522,5836,108,5,113,0,0,0,44335,,,
9a39b076-e541-4f3a-9ad3-c6810706a72a,Foot And Mouth Disease,ICD11_1F05,round4,2023-09-26T00:00:00,2023-10-09T00:00:00,country_IN,India,state_29,Karnataka,district_535,Davangere,12093,3739,15832,587,139,726,0,0,0,58806,,,
e31e7af6-13c7-4dec-bc20-331a084f626c,Foot And Mouth Disease,ICD11_1F05,round4,2023-09-26T00:00:00,2023-10-09T00:00:00,country_IN,India,state_29,Karnataka,district_542,Kolar,12519,608,13127,392,27,419,0,0,0,76209,,,
fcc078e6-7105-403a-8608-5983ab67b9c4,Foot And Mouth Disease,ICD11_1F05,round4,2023-09-26T00:00:00,2023-10-09T00:00:00,country_IN,India,state_29,Karnataka,district_631,Ramanagara,11141,431,11572,410,4,414,0,0,0,42389,,,
0f075b48-ec30-4cf6-89d7-dafdade6ce17,Foot And Mouth Disease,ICD11_1F05,round4,2023-09-26T00:00:00,2023-10-09T00:00:00,country_IN,India,state_29,Karnataka,district_547,Shivamogga,20136,3252,23388,317,23,340,0,0,0,53496,,,
cbf7d326-bf9b-4f32-93c8-a41549c2645a,Foot And Mouth Disease,ICD11_1F05,round4,2023-09-26T00:00:00,2023-10-09T00:00:00,country_IN,India,state_29,Karnataka,district_548,Tumakuru,17352,4743,22095,624,165,789,0,0,0,109205,,,
e91e392a-8bf6-4919-8fe5-f009e11380f0,Foot And Mouth Disease,ICD11_1F05,round4,2023-09-26T00:00:00,2023-10-09T00:00:00,country_IN,India,state_29,Karnataka,district_531,Chamarajanagara,9531,150,9681,112,3,115,0,0,0,34969,,,
c8097d39-504c-4c6d-ac13-b2d2520ea24e,Foot And Mouth Disease,ICD11_1F05,round4,2023-09-26T00:00:00,2023-10-09T00:00:00,country_IN,India,state_29,Karnataka,district_532,Chikkamagaluru,14522,1417,15939,118,29,147,0,0,0,43775,,,
36c99d63-953c-4786-a128-7ef40f3b1c44,Foot And Mouth Disease,ICD11_1F05,round4,2023-09-26T00:00:00,2023-10-09T00:00:00,country_IN,India,state_29,Karnataka,district_534,Dakshina Kannada,9362,26,9388,261,0,261,0,0,0,38086,,,
7f08ca65-bb23-4334-a357-51c1ea19d093,Foot And Mouth Disease,ICD11_1F05,round4,2023-09-26T00:00:00,2023-10-09T00:00:00,country_IN,India,state_29,Karnataka,district_539,Hassan,26958,4277,31235,309,82,391,0,0,0,118006,,,
d9a4b394-2804-4f85-855a-1e72a5c34c3e,Foot And Mouth Disease,ICD11_1F05,round4,2023-09-26T00:00:00,2023-10-09T00:00:00,country_IN,India,state_29,Karnataka,district_541,Kodagu,1412,58,1470,93,8,101,0,0,0,5545,,,
bd22dbe0-7ee8-4154-8158-bdbb471592ce,Foot And Mouth Disease,ICD11_1F05,round4,2023-09-26T00:00:00,2023-10-09T00:00:00,country_IN,India,state_29,Karnataka,district_545,Mysuru,25854,959,26813,532,11,543,0,0,0,90273,,,
e93b5795-0a74-4a06-a57b-06f8b9b0cd41,Foot And Mouth Disease,ICD11_1F05,round4,2023-09-26T00:00:00,2023-10-09T00:00:00,country_IN,India,state_29,Karnataka,district_544,Mandya,19872,4841,24713,194,57,251,0,0,0,101653,,,
dd73484e-c751-4817-935a-a45589eafafd,Foot And Mouth Disease,ICD11_1F05,round4,2023-09-26T00:00:00,2023-10-09T00:00:00,country_IN,India,state_29,Karnataka,district_549,Udupi,8789,7,8796,24,0,24,0,0,0,24560,,,
fc435cf3-2634-4c5c-acbb-a514a2f260ac,Foot And Mouth Disease,ICD11_1F05,round4,2023-09-26T00:00:00,2023-10-09T00:00:00,country_IN,India,state_29,Karnataka,district_527,Belagavi,15957,27048,43005,123,204,327,0,0,0,335671,,,
08d80660-3685-4c8c-9497-dd7376d81161,Foot And Mouth Disease,ICD11_1F05,round4,2023-09-26T00:00:00,2023-10-09T00:00:00,country_IN,India,state_29,Karnataka,district_524,Bagalkote,11134,10430,21564,129,142,271,0,0,0,91245,,,
1803eaa9-3ca8-40de-92cd-7524cca67694,Foot And Mouth Disease,ICD11_1F05,round4,2023-09-26T00:00:00,2023-10-09T00:00:00,country_IN,India,state_29,Karnataka,district_536,Dharwad,7281,2373,9654,119,47,166,0,0,0,40223,,,
f4c0a56c-02be-45cf-b87d-9e81576257ad,Foot And Mouth Disease,ICD11_1F05,round4,2023-09-26T00:00:00,2023-10-09T00:00:00,country_IN,India,state_29,Karnataka,district_537,Gadag,4705,1603,6308,65,62,127,0,0,0,43071,,,
c16c5511-a33f-47b5-bc5c-b40baded38d9,Foot And Mouth Disease,ICD11_1F05,round4,2023-09-26T00:00:00,2023-10-09T00:00:00,country_IN,India,state_29,Karnataka,district_540,Haveri,12475,3122,15597,258,132,390,0,0,0,66351,,,
30b3bf83-448d-49ef-927b-f9ea7acd4880,Foot And Mouth Disease,ICD11_1F05,round4,2023-09-26T00:00:00,2023-10-09T00:00:00,country_IN,India,state_29,Karnataka,district_550,Uttara Kannada,10332,2490,12822,121,15,136,0,0,0,30566,,,
92e0ebdb-dd3c-4c9a-a40c-911c660c9871,Foot And Mouth Disease,ICD11_1F05,round4,2023-09-26T00:00:00,2023-10-09T00:00:00,country_IN,India,state_29,Karnataka,district_530,Vijayapura,7857,8027,15884,205,202,407,0,0,0,87861,,,
5e606c32-3034-411f-9f03-86f59fa7cd28,Foot And Mouth Disease,ICD11_1F05,round4,2023-09-26T00:00:00,2023-10-09T00:00:00,country_IN,India,state_29,Karnataka,district_528,Ballari,3836,2190,6026,41,24,65,0,0,0,36335,,,
ad8d07bd-6494-4e6f-9f68-7709a6cd8657,Foot And Mouth Disease,ICD11_1F05,round4,2023-09-26T00:00:00,2023-10-09T00:00:00,country_IN,India,state_29,Karnataka,district_529,Bidar,6850,4415,11265,58,64,122,0,0,0,65381,,,
a6ddbe61-8bac-4548-b053-c3d4a69e2ce8,Foot And Mouth Disease,ICD11_1F05,round4,2023-09-26T00:00:00,2023-10-09T00:00:00,country_IN,India,state_29,Karnataka,district_543,Koppal,15519,3215,18734,244,96,340,0,0,0,57914,,,
9bc77dd7-83ec-4be4-8af8-fca0566f8f1c,Foot And Mouth Disease,ICD11_1F05,round4,2023-09-26T00:00:00,2023-10-09T00:00:00,country_IN,India,state_29,Karnataka,district_538,Kalaburagi,17375,2776,20151,128,34,162,0,0,0,82686,,,
ccf472a0-f162-4552-ad0a-fe8fb2342e88,Foot And Mouth Disease,ICD11_1F05,round4,2023-09-26T00:00:00,2023-10-09T00:00:00,country_IN,India,state_29,Karnataka,district_546,Raichur,8854,2380,11234,5,3,8,0,0,0,152353,,,
90cb7896-661c-4a61-b55f-cb7d9136912d,Foot And Mouth Disease,ICD11_1F05,round4,2023-09-26T00:00:00,2023-10-09T00:00:00,country_IN,India,state_29,Karnataka,district_635,Yadgir,7869,1532,9401,8,5,13,0,0,0,68212,,,
0459fa35-50c9-4002-bcb6-2b1861420744,Foot And Mouth Disease,ICD11_1F05,round4,2023-09-26T00:00:00,2023-10-09T00:00:00,country_IN,India,state_29,Karnataka,district_738,Vijayanagar,6645,2781,9426,177,74,251,0,0,0,76353,,,
bfb4821d-9f8b-4745-912c-31f3704f0d82,Foot And Mouth Disease,ICD11_1F05,round4,2023-09-26T00:00:00,2023-10-03T00:00:00,country_IN,India,state_29,Karnataka,district_525,Bengaluru Urban,9710,400,10110,507,4,511,0,0,0,10929,,,
f28646ce-7191-46ea-81b1-f1f628c6fd8e,Foot And Mouth Disease,ICD11_1F05,round4,2023-09-26T00:00:00,2023-10-03T00:00:00,country_IN,India,state_29,Karnataka,district_526,Bengaluru Rural,7638,630,8268,275,15,290,0,0,0,19535,,,
215c7981-836d-44e2-b5e7-db7b0e0dc73c,Foot And Mouth Disease,ICD11_1F05,round4,2023-09-26T00:00:00,2023-10-03T00:00:00,country_IN,India,state_29,Karnataka,district_533,Chitradurga,9655,4386,14041,101,46,147,0,0,0,39312,,,
f7ed906f-ee80-4ed3-8fc7-81610db2b815,Foot And Mouth Disease,ICD11_1F05,round4,2023-09-26T00:00:00,2023-10-03T00:00:00,country_IN,India,state_29,Karnataka,district_630,Chikkaballapura,7519,613,8132,223,16,239,0,0,0,27262,,,
14fc3a73-3b49-41d2-8295-5deee83d84f4,Foot And Mouth Disease,ICD11_1F05,round4,2023-09-26T00:00:00,2023-10-03T00:00:00,country_IN,India,state_29,Karnataka,district_535,Davangere,11647,3339,14986,604,122,726,0,0,0,31320,,,
bbacb577-51d5-4482-be72-e9de8e0a0cf7,Foot And Mouth Disease,ICD11_1F05,round4,2023-09-26T00:00:00,2023-10-03T00:00:00,country_IN,India,state_29,Karnataka,district_542,Kolar,15166,1100,16266,412,42,454,0,0,0,50020,,,
481dc74f-346a-45fb-83c9-3ee134ac972b,Foot And Mouth Disease,ICD11_1F05,round4,2023-09-26T00:00:00,2023-10-03T00:00:00,country_IN,India,state_29,Karnataka,district_631,Ramanagara,11834,366,12200,312,10,322,0,0,0,23663,,,
9ec71743-2795-4a85-9754-83321e29a2d5,Foot And Mouth Disease,ICD11_1F05,round4,2023-09-26T00:00:00,2023-10-03T00:00:00,country_IN,India,state_29,Karnataka,district_547,Shivamogga,21670,4145,25815,383,23,406,0,0,0,27584,,,
46df9573-d9d3-424f-9a76-9e1a4b70c589,Foot And Mouth Disease,ICD11_1F05,round4,2023-09-26T00:00:00,2023-10-03T00:00:00,country_IN,India,state_29,Karnataka,district_548,Tumakuru,17385,5445,22830,545,138,683,0,0,0,60105,,,
c0b28609-6e1a-4812-8f37-50890f35cc8c,Foot And Mouth Disease,ICD11_1F05,round4,2023-09-26T00:00:00,2023-10-03T00:00:00,country_IN,India,state_29,Karnataka,district_531,Chamarajanagara,10120,259,10379,92,0,92,0,0,0,19666,,,
0740454e-6ea2-4f8f-9ead-5fc6487b258e,Foot And Mouth Disease,ICD11_1F05,round4,2023-09-26T00:00:00,2023-10-03T00:00:00,country_IN,India,state_29,Karnataka,district_532,Chikkamagaluru,16105,1349,17454,119,7,126,0,0,0,22831,,,
7dd5d993-c0ce-434b-8e17-e8637c3d37f9,Foot And Mouth Disease,ICD11_1F05,round4,2023-09-26T00:00:00,2023-10-03T00:00:00,country_IN,India,state_29,Karnataka,district_534,Dakshina Kannada,11588,24,11612,283,0,283,0,0,0,22246,,,
1638e958-3c11-4f13-8795-04ac100a044b,Foot And Mouth Disease,ICD11_1F05,round4,2023-09-26T00:00:00,2023-10-03T00:00:00,country_IN,India,state_29,Karnataka,district_539,Hassan,34513,5365,39878,530,77,607,0,0,0,59767,,,
ecb04676-523a-4e53-9e04-c4c31854ab1e,Foot And Mouth Disease,ICD11_1F05,round4,2023-09-26T00:00:00,2023-10-03T00:00:00,country_IN,India,state_29,Karnataka,district_541,Kodagu,2214,77,2291,177,0,177,0,0,0,2847,,,
5226531f-92e0-493b-8280-d5a69c0c05a4,Foot And Mouth Disease,ICD11_1F05,round4,2023-09-26T00:00:00,2023-10-03T00:00:00,country_IN,India,state_29,Karnataka,district_545,Mysuru,21959,515,22474,629,12,641,0,0,0,44231,,,
4986f67e-2a5c-4047-afac-81c01227cad9,Foot And Mouth Disease,ICD11_1F05,round4,2023-09-26T00:00:00,2023-10-03T00:00:00,country_IN,India,state_29,Karnataka,district_544,Mandya,20532,4749,25281,327,53,380,0,0,0,54388,,,
d37d5632-aba1-49db-911b-d0ef07ad84e0,Foot And Mouth Disease,ICD11_1F05,round4,2023-09-26T00:00:00,2023-10-03T00:00:00,country_IN,India,state_29,Karnataka,district_549,Udupi,10223,60,10283,66,0,66,0,0,0,11825,,,
f5ab8350-c5bd-44fe-b73b-d2565080b1e8,Foot And Mouth Disease,ICD11_1F05,round4,2023-09-26T00:00:00,2023-10-03T00:00:00,country_IN,India,state_29,Karnataka,district_527,Belagavi,20270,33508,53778,225,299,524,0,0,0,198264,,,
3694d704-5510-4f37-8632-e5f5a478265d,Foot And Mouth Disease,ICD11_1F05,round4,2023-09-26T00:00:00,2023-10-03T00:00:00,country_IN,India,state_29,Karnataka,district_524,Bagalkote,10267,9971,20238,76,58,134,0,0,0,50255,,,
e0db7ad3-37d7-448b-9067-61fa4aabb98f,Foot And Mouth Disease,ICD11_1F05,round4,2023-09-26T00:00:00,2023-10-03T00:00:00,country_IN,India,state_29,Karnataka,district_536,Dharwad,7653,2477,10130,104,37,141,0,0,0,22966,,,
b4a937e4-152b-41dc-a187-22d373a14539,Foot And Mouth Disease,ICD11_1F05,round4,2023-09-26T00:00:00,2023-10-03T00:00:00,country_IN,India,state_29,Karnataka,district_537,Gadag,6635,2299,8934,90,43,133,0,0,0,22139,,,
30496763-2623-4f0c-964d-2b0ee9975635,Foot And Mouth Disease,ICD11_1F05,round4,2023-09-26T00:00:00,2023-10-03T00:00:00,country_IN,India,state_29,Karnataka,district_540,Haveri,11063,3285,14348,180,68,248,0,0,0,33078,,,
3b6f3ebe-2b42-4c70-8d16-64167318cc74,Foot And Mouth Disease,ICD11_1F05,round4,2023-09-26T00:00:00,2023-10-03T00:00:00,country_IN,India,state_29,Karnataka,district_550,Uttara Kannada,9435,1821,11256,158,21,179,0,0,0,14482,,,
d9d8e89f-011d-4a9a-9c43-f0074cf29d47,Foot And Mouth Disease,ICD11_1F05,round4,2023-09-26T00:00:00,2023-10-03T00:00:00,country_IN,India,state_29,Karnataka,district_530,Vijayapura,9826,10402,20228,156,112,268,0,0,0,51409,,,
128859cd-f6d7-4c4f-aa3e-a3ed0d1877e4,Foot And Mouth Disease,ICD11_1F05,round4,2023-09-26T00:00:00,2023-10-03T00:00:00,country_IN,India,state_29,Karnataka,district_528,Ballari,5362,3094,8456,36,19,55,0,0,0,20489,,,
5f92da03-1ce8-4d01-ba2b-2c4fba4171c6,Foot And Mouth Disease,ICD11_1F05,round4,2023-09-26T00:00:00,2023-10-03T00:00:00,country_IN,India,state_29,Karnataka,district_529,Bidar,9047,5858,14905,142,118,260,0,0,0,42046,,,
a7cc2faa-5b10-4f24-a4a8-36c249be2c02,Foot And Mouth Disease,ICD11_1F05,round4,2023-09-26T00:00:00,2023-10-03T00:00:00,country_IN,India,state_29,Karnataka,district_543,Koppal,18394,4580,22974,116,45,161,0,0,0,32931,,,
8c1b5b99-bc66-4946-a5f2-79b86788c349,Foot And Mouth Disease,ICD11_1F05,round4,2023-09-26T00:00:00,2023-10-03T00:00:00,country_IN,India,state_29,Karnataka,district_538,Kalaburagi,17712,2926,20638,180,35,215,0,0,0,48405,,,
b995a7b5-a87d-4758-b9ef-27ff26be8c6f,Foot And Mouth Disease,ICD11_1F05,round4,2023-09-26T00:00:00,2023-10-03T00:00:00,country_IN,India,state_29,Karnataka,district_546,Raichur,13098,5499,18597,4,5,9,0,0,0,98080,,,
712071b2-6cfb-40c4-9243-66e621b68db2,Foot And Mouth Disease,ICD11_1F05,round4,2023-09-26T00:00:00,2023-10-03T00:00:00,country_IN,India,state_29,Karnataka,district_635,Yadgir,11675,2631,14306,35,17,52,0,0,0,40643,,,
e2e61962-5cca-4dd9-9d03-790215fa6ea8,Foot And Mouth Disease,ICD11_1F05,round4,2023-09-26T00:00:00,2023-10-03T00:00:00,country_IN,India,state_29,Karnataka,district_738,Vijayanagar,13285,4926,18211,198,103,301,0,0,0,46169,,,
73c7397e-8ba5-4c08-84e3-0f854d1fb25e,Foot And Mouth Disease,ICD11_1F05,round4,2023-09-23T00:00:00,2023-10-24T00:00:00,country_IN,India,state_29,Karnataka,district_525,Bengaluru Urban,0,0,0,0,0,0,0,0,0,26820,,,
3377f53f-9d8c-4a48-95cc-dfecf44bb3d8,Foot And Mouth Disease,ICD11_1F05,round4,2023-09-23T00:00:00,2023-10-24T00:00:00,country_IN,India,state_29,Karnataka,district_526,Bengaluru Rural,0,0,0,0,0,0,0,0,0,48735,,,
e793fc28-4b2f-4700-b889-66bcece6e493,Foot And Mouth Disease,ICD11_1F05,round4,2023-09-23T00:00:00,2023-10-24T00:00:00,country_IN,India,state_29,Karnataka,district_533,Chitradurga,735,351,1086,6,5,11,0,0,0,108199,,,
c5ff12e5-19a4-4872-87d3-9ff110a13c2e,Foot And Mouth Disease,ICD11_1F05,round4,2023-09-23T00:00:00,2023-10-24T00:00:00,country_IN,India,state_29,Karnataka,district_630,Chikkaballapura,0,0,0,0,0,0,0,0,0,67670,,,
9c01651f-a8c2-425b-8f96-bc93922e6cda,Foot And Mouth Disease,ICD11_1F05,round4,2023-09-23T00:00:00,2023-10-24T00:00:00,country_IN,India,state_29,Karnataka,district_535,Davangere,434,65,499,34,4,38,0,0,0,93927,,,
cdc29e94-466e-49cc-a034-e0ec6e4103a5,Foot And Mouth Disease,ICD11_1F05,round4,2023-09-23T00:00:00,2023-10-24T00:00:00,country_IN,India,state_29,Karnataka,district_542,Kolar,1483,229,1712,93,53,146,0,0,0,96780,,,
d779387b-6578-4152-b177-585c26624cbc,Foot And Mouth Disease,ICD11_1F05,round4,2023-09-23T00:00:00,2023-10-24T00:00:00,country_IN,India,state_29,Karnataka,district_631,Ramanagara,1137,4,1141,27,0,27,0,0,0,72284,,,
c0c7bec2-22ff-437f-9363-3d184f0e8498,Foot And Mouth Disease,ICD11_1F05,round4,2023-09-23T00:00:00,2023-10-24T00:00:00,country_IN,India,state_29,Karnataka,district_547,Shivamogga,2395,435,2830,0,0,0,0,0,0,110517,,,
0425d215-1813-4a9e-8a12-75c780c71af7,Foot And Mouth Disease,ICD11_1F05,round4,2023-09-23T00:00:00,2023-10-24T00:00:00,country_IN,India,state_29,Karnataka,district_548,Tumakuru,1005,154,1159,45,0,45,0,0,0,194735,,,
d517a7f3-5d76-4ff7-9755-89d8851a9cad,Foot And Mouth Disease,ICD11_1F05,round4,2023-09-23T00:00:00,2023-10-24T00:00:00,country_IN,India,state_29,Karnataka,district_531,Chamarajanagara,3325,28,3353,35,0,35,0,0,0,56739,,,
19d47f31-86ef-4d6d-82b6-65d617a796c5,Foot And Mouth Disease,ICD11_1F05,round4,2023-09-23T00:00:00,2023-10-24T00:00:00,country_IN,India,state_29,Karnataka,district_532,Chikkamagaluru,233,0,233,16,0,16,0,0,0,76960,,,
d1b4c540-6fd9-4954-9140-ad220f6e7f87,Foot And Mouth Disease,ICD11_1F05,round4,2023-09-23T00:00:00,2023-10-24T00:00:00,country_IN,India,state_29,Karnataka,district_534,Dakshina Kannada,1375,2,1377,32,0,32,0,0,0,60538,,,
125411a0-d872-43bd-abdd-3cbffd4cd1cc,Foot And Mouth Disease,ICD11_1F05,round4,2023-09-23T00:00:00,2023-10-24T00:00:00,country_IN,India,state_29,Karnataka,district_539,Hassan,7387,681,8068,110,14,124,0,0,0,206439,,,
6fddfb72-b2fa-464e-80c4-2d7488eb8ae8,Foot And Mouth Disease,ICD11_1F05,round4,2023-09-23T00:00:00,2023-10-24T00:00:00,country_IN,India,state_29,Karnataka,district_541,Kodagu,1073,74,1147,0,0,0,0,0,0,11810,,,
c7ce6f38-ffe2-4082-8035-583544e0da08,Foot And Mouth Disease,ICD11_1F05,round4,2023-09-23T00:00:00,2023-10-24T00:00:00,country_IN,India,state_29,Karnataka,district_545,Mysuru,2379,64,2443,30,0,30,0,0,0,154630,,,
aa262b57-e69e-4337-8777-c5ee0394783d,Foot And Mouth Disease,ICD11_1F05,round4,2023-09-23T00:00:00,2023-10-24T00:00:00,country_IN,India,state_29,Karnataka,district_544,Mandya,888,140,1028,30,5,35,0,0,0,165313,,,
09dfdf54-c243-4d4e-9214-3b9fb94ecf24,Foot And Mouth Disease,ICD11_1F05,round4,2023-09-23T00:00:00,2023-10-24T00:00:00,country_IN,India,state_29,Karnataka,district_549,Udupi,3393,42,3435,19,0,19,0,0,0,57602,,,
d83f6626-adc7-4d1c-954c-dc73bba566a9,Foot And Mouth Disease,ICD11_1F05,round4,2023-09-23T00:00:00,2023-10-24T00:00:00,country_IN,India,state_29,Karnataka,district_527,Belagavi,6843,14267,21110,11,11,22,0,0,0,564769,,,
87e7f0fe-5e84-4acc-ad36-e44ddf59f481,Foot And Mouth Disease,ICD11_1F05,round4,2023-09-23T00:00:00,2023-10-24T00:00:00,country_IN,India,state_29,Karnataka,district_524,Bagalkote,710,1330,2040,53,54,107,0,0,0,148579,,,
238daf12-0dc1-4df4-bfb0-5c6b2409f86c,Foot And Mouth Disease,ICD11_1F05,round4,2023-09-23T00:00:00,2023-10-24T00:00:00,country_IN,India,state_29,Karnataka,district_536,Dharwad,74,16,90,4,1,5,0,0,0,62973,,,
8e1bbd0c-5d93-4e65-8833-a552bb3e20a7,Foot And Mouth Disease,ICD11_1F05,round4,2023-09-23T00:00:00,2023-10-24T00:00:00,country_IN,India,state_29,Karnataka,district_537,Gadag,1423,628,2051,4,3,7,0,0,0,64759,,,
9c675d9b-993e-44ec-89c2-8901a15dd546,Foot And Mouth Disease,ICD11_1F05,round4,2023-09-23T00:00:00,2023-10-24T00:00:00,country_IN,India,state_29,Karnataka,district_540,Haveri,491,93,584,15,0,15,0,0,0,119753,,,
c96ddbe1-b2d8-49f1-803a-80b5cd12bef5,Foot And Mouth Disease,ICD11_1F05,round4,2023-09-23T00:00:00,2023-10-24T00:00:00,country_IN,India,state_29,Karnataka,district_550,Uttara Kannada,1423,124,1547,23,1,24,0,0,0,68818,,,
864fa276-f9ac-42c8-80d0-491fb2d760d8,Foot And Mouth Disease,ICD11_1F05,round4,2023-09-23T00:00:00,2023-10-24T00:00:00,country_IN,India,state_29,Karnataka,district_530,Vijayapura,341,386,727,0,2,2,0,0,0,136354,,,
27fa39d4-428c-4883-a81b-ca7453b674b9,Foot And Mouth Disease,ICD11_1F05,round4,2023-09-23T00:00:00,2023-10-24T00:00:00,country_IN,India,state_29,Karnataka,district_528,Ballari,105,64,169,0,0,0,0,0,0,52013,,,
982e9f93-36f4-4690-a1a6-dcaad4de3102,Foot And Mouth Disease,ICD11_1F05,round4,2023-09-23T00:00:00,2023-10-24T00:00:00,country_IN,India,state_29,Karnataka,district_529,Bidar,659,525,1184,4,5,9,0,0,0,101281,,,
072b49d6-8031-448b-b1ce-0992e0aa93aa,Foot And Mouth Disease,ICD11_1F05,round4,2023-09-23T00:00:00,2023-10-24T00:00:00,country_IN,India,state_29,Karnataka,district_543,Koppal,961,260,1221,0,0,0,0,0,0,92735,,,
9092f1fe-6f28-47e0-92c1-181c69996660,Foot And Mouth Disease,ICD11_1F05,round4,2023-09-23T00:00:00,2023-10-24T00:00:00,country_IN,India,state_29,Karnataka,district_538,Kalaburagi,252,24,276,0,0,0,0,0,0,121746,,,
48eb97f5-7b10-48ed-b967-7b26af1467b7,Foot And Mouth Disease,ICD11_1F05,round4,2023-09-23T00:00:00,2023-10-24T00:00:00,country_IN,India,state_29,Karnataka,district_546,Raichur,1202,338,1540,4,1,5,0,0,0,192407,,,
9054fb09-1909-429a-8a91-f007a1c9be1c,Foot And Mouth Disease,ICD11_1F05,round4,2023-09-23T00:00:00,2023-10-24T00:00:00,country_IN,India,state_29,Karnataka,district_635,Yadgir,0,0,0,0,0,0,0,0,0,95826,,,
bb5467b2-b94f-4f83-82f0-6d7872aa91bf,Foot And Mouth Disease,ICD11_1F05,round4,2023-09-23T00:00:00,2023-10-24T00:00:00,country_IN,India,state_29,Karnataka,district_738,Vijayanagar,494,48,542,0,0,0,0,0,0,106762,,,
848b097a-c11a-4046-8622-eaa79e327a9a,Foot And Mouth Disease,ICD11_1F05,round4,2023-09-26T00:00:00,2023-10-16T00:00:00,country_IN,India,state_29,Karnataka,district_525,Bengaluru Urban,3526,444,3970,222,15,237,0,0,0,24578,,,
274920a8-4d06-4d4d-bba4-cd95e6b64286,Foot And Mouth Disease,ICD11_1F05,round4,2023-09-26T00:00:00,2023-10-16T00:00:00,country_IN,India,state_29,Karnataka,district_526,Bengaluru Rural,5204,216,5420,94,0,94,0,0,0,45285,,,
dc45a1ac-3283-424e-8ff3-2a97a82ef1b2,Foot And Mouth Disease,ICD11_1F05,round4,2023-09-26T00:00:00,2023-10-16T00:00:00,country_IN,India,state_29,Karnataka,district_533,Chitradurga,4598,2030,6628,19,5,24,0,0,0,96109,,,
ee1902f2-2fe8-4bfa-9fb4-3b4f3b96ec78,Foot And Mouth Disease,ICD11_1F05,round4,2023-09-26T00:00:00,2023-10-16T00:00:00,country_IN,India,state_29,Karnataka,district_630,Chikkaballapura,5040,635,5675,87,9,96,0,0,0,61887,,,
6ccb3a20-b32e-424d-baaf-e1257b8d30bd,Foot And Mouth Disease,ICD11_1F05,round4,2023-09-26T00:00:00,2023-10-16T00:00:00,country_IN,India,state_29,Karnataka,district_535,Davangere,7451,2399,9850,469,105,574,0,0,0,81413,,,
15122085-6e53-4856-9b3e-bc6e827b3622,Foot And Mouth Disease,ICD11_1F05,round4,2023-09-26T00:00:00,2023-10-16T00:00:00,country_IN,India,state_29,Karnataka,district_542,Kolar,9606,898,10504,173,45,218,0,0,0,89333,,,
def0385c-9f2b-4e1f-9354-2ebbc4861bec,Foot And Mouth Disease,ICD11_1F05,round4,2023-09-26T00:00:00,2023-10-16T00:00:00,country_IN,India,state_29,Karnataka,district_631,Ramanagara,9113,392,9505,313,11,324,0,0,0,62019,,,
e16b76dc-4708-47db-b4d8-c83cd993c535,Foot And Mouth Disease,ICD11_1F05,round4,2023-09-26T00:00:00,2023-10-16T00:00:00,country_IN,India,state_29,Karnataka,district_547,Shivamogga,21932,4173,26105,288,43,331,0,0,0,82386,,,
5690730a-bce1-4831-a4b7-4a9aa9aa1d37,Foot And Mouth Disease,ICD11_1F05,round4,2023-09-26T00:00:00,2023-10-16T00:00:00,country_IN,India,state_29,Karnataka,district_548,Tumakuru,14909,4373,19282,513,114,627,0,0,0,161408,,,
ebb478bb-6bbb-4b82-a01a-ccadb3ee53e2,Foot And Mouth Disease,ICD11_1F05,round4,2023-09-26T00:00:00,2023-10-16T00:00:00,country_IN,India,state_29,Karnataka,district_531,Chamarajanagara,5634,16,5650,93,0,93,0,0,0,45962,,,
31eaf826-4e59-4612-afc3-bc85baeb90fa,Foot And Mouth Disease,ICD11_1F05,round4,2023-09-26T00:00:00,2023-10-16T00:00:00,country_IN,India,state_29,Karnataka,district_532,Chikkamagaluru,8601,712,9313,171,0,171,0,0,0,65170,,,
052fef98-f4ed-4db2-9e55-8fdf2d26f582,Foot And Mouth Disease,ICD11_1F05,round4,2023-09-26T00:00:00,2023-10-16T00:00:00,country_IN,India,state_29,Karnataka,district_534,Dakshina Kannada,7300,26,7326,177,0,177,0,0,0,50899,,,
fc38fe1a-f826-446d-89c0-08eff9f955ad,Foot And Mouth Disease,ICD11_1F05,round4,2023-09-26T00:00:00,2023-10-16T00:00:00,country_IN,India,state_29,Karnataka,district_539,Hassan,10501,3193,13694,110,97,207,0,0,0,167218,,,
56beb7ae-054a-4347-9d99-e6065852c5dd,Foot And Mouth Disease,ICD11_1F05,round4,2023-09-26T00:00:00,2023-10-16T00:00:00,country_IN,India,state_29,Karnataka,district_541,Kodagu,2158,45,2203,73,0,73,0,0,0,8597,,,
022a372f-bedf-42ec-b765-ef9effb1f8a4,Foot And Mouth Disease,ICD11_1F05,round4,2023-09-26T00:00:00,2023-10-16T00:00:00,country_IN,India,state_29,Karnataka,district_545,Mysuru,18814,651,19465,343,12,355,0,0,0,130799,,,
2a69e0d2-5290-41ad-8352-70421789539e,Foot And Mouth Disease,ICD11_1F05,round4,2023-09-26T00:00:00,2023-10-16T00:00:00,country_IN,India,state_29,Karnataka,district_544,Mandya,10700,3344,14044,230,46,276,0,0,0,142717,,,
5e25fc4b-0630-4899-8a9e-d108f359abfe,Foot And Mouth Disease,ICD11_1F05,round4,2023-09-26T00:00:00,2023-10-16T00:00:00,country_IN,India,state_29,Karnataka,district_549,Udupi,9364,13,9377,61,0,61,0,0,0,39723,,,
2815ea05-7dc5-4644-bb64-ae5808e63a0c,Foot And Mouth Disease,ICD11_1F05,round4,2023-09-26T00:00:00,2023-10-16T00:00:00,country_IN,India,state_29,Karnataka,district_527,Belagavi,15824,24916,40740,224,249,473,0,0,0,464489,,,
092e478f-d04e-42d0-a084-c78ce44059c4,Foot And Mouth Disease,ICD11_1F05,round4,2023-09-26T00:00:00,2023-10-16T00:00:00,country_IN,India,state_29,Karnataka,district_524,Bagalkote,7993,9122,17115,82,133,215,0,0,0,125841,,,
901dea5c-1b05-4dfd-8cdf-b5cf45956857,Foot And Mouth Disease,ICD11_1F05,round4,2023-09-26T00:00:00,2023-10-16T00:00:00,country_IN,India,state_29,Karnataka,district_536,Dharwad,5022,1685,6707,45,12,57,0,0,0,54582,,,
50b8e56d-e0ba-48c6-b596-9f8e0e149039,Foot And Mouth Disease,ICD11_1F05,round4,2023-09-26T00:00:00,2023-10-16T00:00:00,country_IN,India,state_29,Karnataka,district_537,Gadag,2566,1248,3814,12,7,19,0,0,0,57852,,,
79568164-18ca-42cd-a063-e48df6f2bfe7,Foot And Mouth Disease,ICD11_1F05,round4,2023-09-26T00:00:00,2023-10-16T00:00:00,country_IN,India,state_29,Karnataka,district_540,Haveri,10675,3876,14551,149,103,252,0,0,0,97211,,,
0488dce3-00b9-475a-9ccd-34dbaddb9427,Foot And Mouth Disease,ICD11_1F05,round4,2023-09-26T00:00:00,2023-10-16T00:00:00,country_IN,India,state_29,Karnataka,district_550,Uttara Kannada,10883,2106,12989,128,18,146,0,0,0,48312,,,
4a97193f-ea28-434f-aef0-cff4a1878ac6,Foot And Mouth Disease,ICD11_1F05,round4,2023-09-26T00:00:00,2023-10-16T00:00:00,country_IN,India,state_29,Karnataka,district_530,Vijayapura,5224,4945,10169,59,92,151,0,0,0,117693,,,
2b2a5680-1280-48b1-bde5-7d52e0f35889,Foot And Mouth Disease,ICD11_1F05,round4,2023-09-26T00:00:00,2023-10-16T00:00:00,country_IN,India,state_29,Karnataka,district_528,Ballari,1994,724,2718,53,19,72,0,0,0,47241,,,
4901b87c-c0cb-47af-a4dd-c8c0d7d80560,Foot And Mouth Disease,ICD11_1F05,round4,2023-09-26T00:00:00,2023-10-16T00:00:00,country_IN,India,state_29,Karnataka,district_529,Bidar,5594,5350,10944,41,36,77,0,0,0,87217,,,
1585db21-00d5-4823-8881-2b6fda60639f,Foot And Mouth Disease,ICD11_1F05,round4,2023-09-26T00:00:00,2023-10-16T00:00:00,country_IN,India,state_29,Karnataka,district_543,Koppal,8589,2119,10708,80,29,109,0,0,0,74989,,,
970313f6-1942-49e9-9c99-931370b79163,Foot And Mouth Disease,ICD11_1F05,round4,2023-09-26T00:00:00,2023-10-16T00:00:00,country_IN,India,state_29,Karnataka,district_538,Kalaburagi,8350,1316,9666,102,26,128,0,0,0,107845,,,
913aabce-925e-417b-a32d-9cd00023fe36,Foot And Mouth Disease,ICD11_1F05,round4,2023-09-26T00:00:00,2023-10-16T00:00:00,country_IN,India,state_29,Karnataka,district_546,Raichur,5482,2567,8049,0,0,0,0,0,0,179380,,,
9f1e0eeb-f767-4ebd-9dd2-8d9701da2aae,Foot And Mouth Disease,ICD11_1F05,round4,2023-09-26T00:00:00,2023-10-16T00:00:00,country_IN,India,state_29,Karnataka,district_635,Yadgir,8612,2506,11118,2,0,2,0,0,0,91867,,,
be15f6fb-b6f6-47eb-96db-503bd5842711,Foot And Mouth Disease,ICD11_1F05,round4,2023-09-26T00:00:00,2023-10-16T00:00:00,country_IN,India,state_29,Karnataka,district_738,Vijayanagar,6471,2624,9095,40,47,87,0,0,0,99141,,,
6cff8f39-31c1-4a5f-ae92-c4e92123bd75,Foot And Mouth Disease,ICD11_1F05,round4,2023-09-26T00:00:00,2023-10-21T00:00:00,country_IN,India,state_29,Karnataka,district_525,Bengaluru Urban,1403,133,1536,41,0,41,0,0,0,26766,,,
c368117c-44ab-4601-b5bf-eaa3bf2574c5,Foot And Mouth Disease,ICD11_1F05,round4,2023-09-26T00:00:00,2023-10-21T00:00:00,country_IN,India,state_29,Karnataka,district_526,Bengaluru Rural,78,0,78,2,0,2,0,0,0,48735,,,
2309301e-17fa-4ce9-ac90-be5285d1bb14,Foot And Mouth Disease,ICD11_1F05,round4,2023-09-26T00:00:00,2023-10-21T00:00:00,country_IN,India,state_29,Karnataka,district_533,Chitradurga,2137,911,3048,34,10,44,0,0,0,106857,,,
55ac7d8b-bbef-4a91-a891-655fb1882d6c,Foot And Mouth Disease,ICD11_1F05,round4,2023-09-26T00:00:00,2023-10-21T00:00:00,country_IN,India,state_29,Karnataka,district_630,Chikkaballapura,2272,216,2488,57,6,63,0,0,0,67670,,,
d21a5797-cb43-4d93-bb1c-10ec62b1c335,Foot And Mouth Disease,ICD11_1F05,round4,2023-09-26T00:00:00,2023-10-21T00:00:00,country_IN,India,state_29,Karnataka,district_535,Davangere,2686,1224,3910,173,48,221,0,0,0,92872,,,
ee923aaa-54ed-46e3-9d32-28b8fa3c8b93,Foot And Mouth Disease,ICD11_1F05,round4,2023-09-26T00:00:00,2023-10-21T00:00:00,country_IN,India,state_29,Karnataka,district_542,Kolar,1998,111,2109,249,6,255,0,0,0,95984,,,
0eccd4c9-4010-4329-af0d-8604fd9bf837,Foot And Mouth Disease,ICD11_1F05,round4,2023-09-26T00:00:00,2023-10-21T00:00:00,country_IN,India,state_29,Karnataka,district_631,Ramanagara,3415,230,3645,231,8,239,0,0,0,72017,,,
f2b9ad88-de06-4332-ac4d-c27a044aa54f,Foot And Mouth Disease,ICD11_1F05,round4,2023-09-26T00:00:00,2023-10-21T00:00:00,country_IN,India,state_29,Karnataka,district_547,Shivamogga,18328,4277,22605,152,44,196,0,0,0,105153,,,
e61f8dd0-5204-4ad7-85ca-58bd7d93d1f1,Foot And Mouth Disease,ICD11_1F05,round4,2023-09-26T00:00:00,2023-10-21T00:00:00,country_IN,India,state_29,Karnataka,district_548,Tumakuru,10141,2892,13033,318,68,386,0,0,0,192939,,,
86047f60-8ae9-46ad-9252-2b7280a40891,Foot And Mouth Disease,ICD11_1F05,round4,2023-09-26T00:00:00,2023-10-21T00:00:00,country_IN,India,state_29,Karnataka,district_531,Chamarajanagara,9905,160,10065,81,0,81,0,0,0,55078,,,
821563cc-cfdd-4a0f-b501-bb3093653f47,Foot And Mouth Disease,ICD11_1F05,round4,2023-09-26T00:00:00,2023-10-21T00:00:00,country_IN,India,state_29,Karnataka,district_532,Chikkamagaluru,2886,174,3060,27,0,27,0,0,0,76715,,,
c3cbf7b7-3be4-4a09-ad40-b8faa38b2ec6,Foot And Mouth Disease,ICD11_1F05,round4,2023-09-26T00:00:00,2023-10-21T00:00:00,country_IN,India,state_29,Karnataka,district_534,Dakshina Kannada,6989,35,7024,92,0,92,0,0,0,58904,,,
b0591fa9-2eff-4fc6-b718-40f1988c4454,Foot And Mouth Disease,ICD11_1F05,round4,2023-09-26T00:00:00,2023-10-21T00:00:00,country_IN,India,state_29,Karnataka,district_539,Hassan,16231,2355,18586,203,94,297,0,0,0,200938,,,
2ec619d3-2882-4e10-8f64-2d3a45864e1b,Foot And Mouth Disease,ICD11_1F05,round4,2023-09-26T00:00:00,2023-10-21T00:00:00,country_IN,India,state_29,Karnataka,district_541,Kodagu,1358,64,1422,55,0,55,0,0,0,11063,,,
b604fe98-ed3a-4549-99b0-34f14fb5b6ef,Foot And Mouth Disease,ICD11_1F05,round4,2023-09-26T00:00:00,2023-10-21T00:00:00,country_IN,India,state_29,Karnataka,district_545,Mysuru,7728,629,8357,99,2,101,0,0,0,151509,,,
6a9e43ca-db93-4aa9-8f78-e908f474acef,Foot And Mouth Disease,ICD11_1F05,round4,2023-09-26T00:00:00,2023-10-21T00:00:00,country_IN,India,state_29,Karnataka,district_544,Mandya,4813,1348,6161,61,2,63,0,0,0,163310,,,
89485234-804b-4d76-b86e-97a05bbc850b,Foot And Mouth Disease,ICD11_1F05,round4,2023-09-26T00:00:00,2023-10-21T00:00:00,country_IN,India,state_29,Karnataka,district_549,Udupi,8684,120,8804,9,0,9,0,0,0,56136,,,
edcc724f-4e14-4a5b-8033-1f095fa582bd,Foot And Mouth Disease,ICD11_1F05,round4,2023-09-26T00:00:00,2023-10-21T00:00:00,country_IN,India,state_29,Karnataka,district_527,Belagavi,13054,16435,29489,124,177,301,0,0,0,541786,,,
44f787f1-3a8b-4f22-96e3-3887dc79458d,Foot And Mouth Disease,ICD11_1F05,round4,2023-09-26T00:00:00,2023-10-21T00:00:00,country_IN,India,state_29,Karnataka,district_524,Bagalkote,2276,2634,4910,208,211,419,0,0,0,146223,,,
57935c1a-83e4-447a-a804-2241eb3c1e2f,Foot And Mouth Disease,ICD11_1F05,round4,2023-09-26T00:00:00,2023-10-21T00:00:00,country_IN,India,state_29,Karnataka,district_536,Dharwad,1138,667,1805,34,12,46,0,0,0,61829,,,
17412649-52df-4ded-b26f-9d0c90be3ead,Foot And Mouth Disease,ICD11_1F05,round4,2023-09-26T00:00:00,2023-10-21T00:00:00,country_IN,India,state_29,Karnataka,district_537,Gadag,2401,1427,3828,7,2,9,0,0,0,63761,,,
679428ec-5139-4542-85f2-12d5eb6cd5b2,Foot And Mouth Disease,ICD11_1F05,round4,2023-09-26T00:00:00,2023-10-21T00:00:00,country_IN,India,state_29,Karnataka,district_540,Haveri,4081,1289,5370,74,29,103,0,0,0,118803,,,
648820ac-9d8c-464d-b944-aecd0d325a6a,Foot And Mouth Disease,ICD11_1F05,round4,2023-09-26T00:00:00,2023-10-21T00:00:00,country_IN,India,state_29,Karnataka,district_550,Uttara Kannada,7685,1477,9162,77,11,88,0,0,0,66679,,,
ebbf096d-7248-45f7-a565-16617791f20f,Foot And Mouth Disease,ICD11_1F05,round4,2023-09-26T00:00:00,2023-10-21T00:00:00,country_IN,India,state_29,Karnataka,district_530,Vijayapura,2514,2769,5283,70,59,129,0,0,0,133413,,,
02a314e7-44da-4fcb-ae2d-dd321ad6d806,Foot And Mouth Disease,ICD11_1F05,round4,2023-09-26T00:00:00,2023-10-21T00:00:00,country_IN,India,state_29,Karnataka,district_528,Ballari,915,784,1699,8,0,8,0,0,0,51794,,,
9aba3c48-095b-4c26-80cd-1d3b794faa25,Foot And Mouth Disease,ICD11_1F05,round4,2023-09-26T00:00:00,2023-10-21T00:00:00,country_IN,India,state_29,Karnataka,district_529,Bidar,1165,1381,2546,16,13,29,0,0,0,98306,,,
b52bb718-74cb-4a1a-a1fc-fa2e73f5f301,Foot And Mouth Disease,ICD11_1F05,round4,2023-09-26T00:00:00,2023-10-21T00:00:00,country_IN,India,state_29,Karnataka,district_543,Koppal,1030,622,1652,54,45,99,0,0,0,91883,,,
bbccfbcf-ea9c-4d7c-aa34-c6a996b21f76,Foot And Mouth Disease,ICD11_1F05,round4,2023-09-26T00:00:00,2023-10-21T00:00:00,country_IN,India,state_29,Karnataka,district_538,Kalaburagi,3305,585,3890,91,26,117,0,0,0,120632,,,
8eebbdd2-3888-4cfa-b4c9-16e0ff5d7bd0,Foot And Mouth Disease,ICD11_1F05,round4,2023-09-26T00:00:00,2023-10-21T00:00:00,country_IN,India,state_29,Karnataka,district_546,Raichur,4496,2003,6499,10,1,11,0,0,0,190249,,,
a5491a4b-f6b9-4f9e-aca1-32a2b9e536b8,Foot And Mouth Disease,ICD11_1F05,round4,2023-09-26T00:00:00,2023-10-21T00:00:00,country_IN,India,state_29,Karnataka,district_635,Yadgir,0,0,0,0,0,0,0,0,0,95752,,,
26de235b-8be3-4fd5-8ab2-ea2a633e24ae,Foot And Mouth Disease,ICD11_1F05,round4,2023-09-26T00:00:00,2023-10-21T00:00:00,country_IN,India,state_29,Karnataka,district_738,Vijayanagar,966,358,1324,0,0,0,0,0,0,106154,,,
53dfabbb-c734-40ab-8418-1b75d825ea2c,Foot And Mouth Disease,ICD11_1F05,round4,2023-09-26T00:00:00,2023-10-13T00:00:00,country_IN,India,state_29,Karnataka,district_525,Bengaluru Urban,4290,63,4353,256,1,257,0,0,0,23791,,,
d8704b88-51e1-4c53-88d6-4c0909dcabc7,Foot And Mouth Disease,ICD11_1F05,round4,2023-09-26T00:00:00,2023-10-13T00:00:00,country_IN,India,state_29,Karnataka,district_526,Bengaluru Rural,4581,176,4757,87,1,88,0,0,0,42925,,,
97762b12-9be8-4201-b04a-c2b262a1cf4e,Foot And Mouth Disease,ICD11_1F05,round4,2023-09-26T00:00:00,2023-10-13T00:00:00,country_IN,India,state_29,Karnataka,district_533,Chitradurga,7248,3244,10492,57,16,73,0,0,0,89589,,,
0173068f-cac8-4f4a-8038-1af884f9c083,Foot And Mouth Disease,ICD11_1F05,round4,2023-09-26T00:00:00,2023-10-13T00:00:00,country_IN,India,state_29,Karnataka,district_630,Chikkaballapura,6388,668,7056,77,4,81,0,0,0,58011,,,
975f64ee-4fe5-4d7b-8bb0-83dd2652a2dc,Foot And Mouth Disease,ICD11_1F05,round4,2023-09-26T00:00:00,2023-10-13T00:00:00,country_IN,India,state_29,Karnataka,district_535,Davangere,6527,1926,8453,461,129,590,0,0,0,74864,,,
67234911-29b5-4958-b81e-5c9ecae6eaeb,Foot And Mouth Disease,ICD11_1F05,round4,2023-09-26T00:00:00,2023-10-13T00:00:00,country_IN,India,state_29,Karnataka,district_542,Kolar,3475,268,3743,103,23,126,0,0,0,83041,,,
8815635c-d156-4ff7-a9c1-b22ceee9fc18,Foot And Mouth Disease,ICD11_1F05,round4,2023-09-26T00:00:00,2023-10-13T00:00:00,country_IN,India,state_29,Karnataka,district_631,Ramanagara,9359,325,9684,286,9,295,0,0,0,56713,,,
3d55f39f-1c6f-43b3-85c4-8fcfefb88eb2,Foot And Mouth Disease,ICD11_1F05,round4,2023-09-26T00:00:00,2023-10-13T00:00:00,country_IN,India,state_29,Karnataka,district_547,Shivamogga,21659,4517,26176,199,31,230,0,0,0,72436,,,
c929b6ac-5cb1-4d69-af0b-c40c998178c4,Foot And Mouth Disease,ICD11_1F05,round4,2023-09-26T00:00:00,2023-10-13T00:00:00,country_IN,India,state_29,Karnataka,district_548,Tumakuru,17367,5263,22630,551,152,703,0,0,0,148336,,,
9bf696f1-c9eb-45f4-8df9-cc98330381f5,Foot And Mouth Disease,ICD11_1F05,round4,2023-09-26T00:00:00,2023-10-13T00:00:00,country_IN,India,state_29,Karnataka,district_531,Chamarajanagara,6629,245,6874,126,0,126,0,0,0,43063,,,
1a20c058-a48e-4955-9faf-38b79ad4db4f,Foot And Mouth Disease,ICD11_1F05,round4,2023-09-26T00:00:00,2023-10-13T00:00:00,country_IN,India,state_29,Karnataka,district_532,Chikkamagaluru,13128,1384,14512,95,15,110,0,0,0,59772,,,
970a14ae-89f1-4299-85ea-7891df32ee31,Foot And Mouth Disease,ICD11_1F05,round4,2023-09-26T00:00:00,2023-10-13T00:00:00,country_IN,India,state_29,Karnataka,district_534,Dakshina Kannada,8051,29,8080,210,0,210,0,0,0,47160,,,
46b7db4f-3583-4cbe-ad83-e68c5c56bc44,Foot And Mouth Disease,ICD11_1F05,round4,2023-09-26T00:00:00,2023-10-13T00:00:00,country_IN,India,state_29,Karnataka,district_539,Hassan,29466,4647,34113,430,63,493,0,0,0,156446,,,
066358a7-6528-4243-a2be-56013a266beb,Foot And Mouth Disease,ICD11_1F05,round4,2023-09-26T00:00:00,2023-10-13T00:00:00,country_IN,India,state_29,Karnataka,district_541,Kodagu,2084,82,2166,71,0,71,0,0,0,7820,,,
f2365d71-3ba7-4ecf-beb6-36b9e4c5d797,Foot And Mouth Disease,ICD11_1F05,round4,2023-09-26T00:00:00,2023-10-13T00:00:00,country_IN,India,state_29,Karnataka,district_545,Mysuru,18628,468,19096,417,9,426,0,0,0,120565,,,
0b85bc4b-7890-4245-9269-c2a7b69dc581,Foot And Mouth Disease,ICD11_1F05,round4,2023-09-26T00:00:00,2023-10-13T00:00:00,country_IN,India,state_29,Karnataka,district_544,Mandya,14233,3689,17922,262,31,293,0,0,0,134605,,,
0be15f49-c25b-4771-ac29-0c4cf9ddc5fd,Foot And Mouth Disease,ICD11_1F05,round4,2023-09-26T00:00:00,2023-10-13T00:00:00,country_IN,India,state_29,Karnataka,district_549,Udupi,10044,51,10095,21,0,21,0,0,0,35156,,,
8937725a-04bf-4dad-9877-8c3003295ab9,Foot And Mouth Disease,ICD11_1F05,round4,2023-09-26T00:00:00,2023-10-13T00:00:00,country_IN,India,state_29,Karnataka,district_527,Belagavi,15876,26610,42486,149,194,343,0,0,0,421646,,,
aa7510dc-5fc0-40a6-98ce-f2f66d9c5724,Foot And Mouth Disease,ICD11_1F05,round4,2023-09-26T00:00:00,2023-10-13T00:00:00,country_IN,India,state_29,Karnataka,district_524,Bagalkote,6406,6381,12787,65,112,177,0,0,0,114116,,,
f81b30cb-ae13-42a2-bb14-24df88745b62,Foot And Mouth Disease,ICD11_1F05,round4,2023-09-26T00:00:00,2023-10-13T00:00:00,country_IN,India,state_29,Karnataka,district_536,Dharwad,7178,3056,10234,67,39,106,0,0,0,50837,,,
55b69ff8-a838-4579-9ac3-d6587593cb61,Foot And Mouth Disease,ICD11_1F05,round4,2023-09-26T00:00:00,2023-10-13T00:00:00,country_IN,India,state_29,Karnataka,district_537,Gadag,3490,1537,5027,26,20,46,0,0,0,53229,,,
3cb47fe8-4f97-4291-bba7-743440cd5fc6,Foot And Mouth Disease,ICD11_1F05,round4,2023-09-26T00:00:00,2023-10-13T00:00:00,country_IN,India,state_29,Karnataka,district_540,Haveri,9057,3365,12422,176,70,246,0,0,0,88885,,,
e3b55ba4-eced-47e2-bf64-f37cd70856dd,Foot And Mouth Disease,ICD11_1F05,round4,2023-09-26T00:00:00,2023-10-13T00:00:00,country_IN,India,state_29,Karnataka,district_550,Uttara Kannada,11300,2125,13425,94,11,105,0,0,0,42846,,,
636fa52c-bafb-406a-a419-1b1637dc7324,Foot And Mouth Disease,ICD11_1F05,round4,2023-09-26T00:00:00,2023-10-13T00:00:00,country_IN,India,state_29,Karnataka,district_530,Vijayapura,4330,4400,8730,117,123,240,0,0,0,108579,,,
c39e2987-ff89-4586-8cd5-6ec2b6eae775,Foot And Mouth Disease,ICD11_1F05,round4,2023-09-26T00:00:00,2023-10-13T00:00:00,country_IN,India,state_29,Karnataka,district_528,Ballari,2540,1664,4204,25,17,42,0,0,0,44290,,,
fdfded92-baf8-4e21-aa98-d842e3d6250e,Foot And Mouth Disease,ICD11_1F05,round4,2023-09-26T00:00:00,2023-10-13T00:00:00,country_IN,India,state_29,Karnataka,district_529,Bidar,4640,3524,8164,68,59,127,0,0,0,80151,,,
790f4bec-4591-416d-b3ad-ef6eb5def928,Foot And Mouth Disease,ICD11_1F05,round4,2023-09-26T00:00:00,2023-10-13T00:00:00,country_IN,India,state_29,Karnataka,district_543,Koppal,5213,1141,6354,55,26,81,0,0,0,68547,,,
52f502f6-4962-4828-b70e-a5e757cc48e3,Foot And Mouth Disease,ICD11_1F05,round4,2023-09-26T00:00:00,2023-10-13T00:00:00,country_IN,India,state_29,Karnataka,district_538,Kalaburagi,9957,1243,11200,122,7,129,0,0,0,99950,,,
e51a2fb3-cf23-4060-85b2-ab07a64f1e85,Foot And Mouth Disease,ICD11_1F05,round4,2023-09-26T00:00:00,2023-10-13T00:00:00,country_IN,India,state_29,Karnataka,district_546,Raichur,7214,4329,11543,0,0,0,0,0,0,172155,,,
2460f5e3-c7fe-4d87-9275-fcc35fcae96b,Foot And Mouth Disease,ICD11_1F05,round4,2023-09-26T00:00:00,2023-10-13T00:00:00,country_IN,India,state_29,Karnataka,district_635,Yadgir,7199,1867,9066,12,3,15,0,0,0,86041,,,
7c582484-05e2-44cf-828a-559b2b6d9265,Foot And Mouth Disease,ICD11_1F05,round4,2023-09-26T00:00:00,2023-10-13T00:00:00,country_IN,India,state_29,Karnataka,district_738,Vijayanagar,7843,3221,11064,79,28,107,0,0,0,92103,,,
0b6fd64a-cedd-4ab6-9cb9-f68ed47aa78b,Foot And Mouth Disease,ICD11_1F05,round4,2023-09-26T00:00:00,2023-10-28T00:00:00,country_IN,India,state_29,Karnataka,district_525,Bengaluru Urban,0,0,0,0,0,0,0,0,0,27304,,,
152b1040-9fd9-4e33-92b2-5512e57d9981,Foot And Mouth Disease,ICD11_1F05,round4,2023-09-26T00:00:00,2023-10-28T00:00:00,country_IN,India,state_29,Karnataka,district_526,Bengaluru Rural,0,0,0,0,0,0,0,0,0,48903,,,
cc0782c1-5746-4ea9-a628-242d8c1cf86b,Foot And Mouth Disease,ICD11_1F05,round4,2023-09-26T00:00:00,2023-10-28T00:00:00,country_IN,India,state_29,Karnataka,district_533,Chitradurga,48,50,98,0,0,0,0,0,0,110371,,,
1f82fc8c-c597-4a1f-9479-4ae32895f02d,Foot And Mouth Disease,ICD11_1F05,round4,2023-09-26T00:00:00,2023-10-28T00:00:00,country_IN,India,state_29,Karnataka,district_630,Chikkaballapura,0,0,0,0,0,0,0,0,0,72060,,,
1bc1a64f-d595-471e-8c54-fef2369f5a46,Foot And Mouth Disease,ICD11_1F05,round4,2023-09-26T00:00:00,2023-10-28T00:00:00,country_IN,India,state_29,Karnataka,district_535,Davangere,610,163,773,33,19,52,54,8,62,95563,,,
c0fdb2cb-f983-46b4-9f41-0032f687d82f,Foot And Mouth Disease,ICD11_1F05,round4,2023-09-26T00:00:00,2023-10-28T00:00:00,country_IN,India,state_29,Karnataka,district_542,Kolar,0,0,0,0,0,0,0,0,0,96995,,,
9aa9cc18-8238-4c5a-9dd5-ad3e913394f8,Foot And Mouth Disease,ICD11_1F05,round4,2023-09-26T00:00:00,2023-10-28T00:00:00,country_IN,India,state_29,Karnataka,district_631,Ramanagara,2236,274,2510,151,9,160,0,0,0,76698,,,
081691fc-d179-49da-bd01-0531786fc054,Foot And Mouth Disease,ICD11_1F05,round4,2023-09-26T00:00:00,2023-10-28T00:00:00,country_IN,India,state_29,Karnataka,district_547,Shivamogga,1634,1338,2972,0,0,0,0,0,0,118700,,,
8e3c893a-26cf-4eea-b0d2-3dd37ae54385,Foot And Mouth Disease,ICD11_1F05,round4,2023-09-26T00:00:00,2023-10-28T00:00:00,country_IN,India,state_29,Karnataka,district_548,Tumakuru,619,158,777,21,0,21,41,23,64,200733,,,
e3c063fc-af6b-420b-9a31-d272801296d5,Foot And Mouth Disease,ICD11_1F05,round4,2023-09-26T00:00:00,2023-10-28T00:00:00,country_IN,India,state_29,Karnataka,district_531,Chamarajanagara,894,40,934,10,0,10,0,0,0,59772,,,
4fae0da1-682f-4bf3-a494-086d4f017499,Foot And Mouth Disease,ICD11_1F05,round4,2023-09-26T00:00:00,2023-10-28T00:00:00,country_IN,India,state_29,Karnataka,district_532,Chikkamagaluru,932,52,984,32,1,33,0,0,0,79742,,,
c4aedcf5-0b62-4459-8b11-02fc904853ac,Foot And Mouth Disease,ICD11_1F05,round4,2023-09-26T00:00:00,2023-10-28T00:00:00,country_IN,India,state_29,Karnataka,district_534,Dakshina Kannada,59,0,59,0,0,0,0,0,0,61537,,,
8acc9378-46bb-41d7-a561-70742e7ec208,Foot And Mouth Disease,ICD11_1F05,round4,2023-09-26T00:00:00,2023-10-28T00:00:00,country_IN,India,state_29,Karnataka,district_539,Hassan,0,0,0,0,0,0,0,0,0,209479,,,
9cf5cbac-90f2-421f-b593-ecc627396447,Foot And Mouth Disease,ICD11_1F05,round4,2023-09-26T00:00:00,2023-10-28T00:00:00,country_IN,India,state_29,Karnataka,district_541,Kodagu,1556,94,1650,15,0,15,0,0,0,13925,,,
e930a773-c248-4eae-80d4-765deea48afc,Foot And Mouth Disease,ICD11_1F05,round4,2023-09-26T00:00:00,2023-10-28T00:00:00,country_IN,India,state_29,Karnataka,district_545,Mysuru,1153,13,1166,29,0,29,36,4,40,161908,,,
18d21554-9cc2-48e0-a83e-43e8dd81d5f2,Foot And Mouth Disease,ICD11_1F05,round4,2023-09-26T00:00:00,2023-10-28T00:00:00,country_IN,India,state_29,Karnataka,district_544,Mandya,518,102,620,0,0,0,0,0,0,168097,,,
d6637e1b-73a5-44d5-8508-423206d59ace,Foot And Mouth Disease,ICD11_1F05,round4,2023-09-26T00:00:00,2023-10-28T00:00:00,country_IN,India,state_29,Karnataka,district_549,Udupi,466,0,466,1,0,1,0,0,0,63266,,,
be883694-973f-44ff-ad62-4acc0bad6080,Foot And Mouth Disease,ICD11_1F05,round4,2023-09-26T00:00:00,2023-10-28T00:00:00,country_IN,India,state_29,Karnataka,district_527,Belagavi,1186,2105,3291,23,25,48,0,0,0,580944,,,
f3397335-146f-4324-a815-81321c16ccd3,Foot And Mouth Disease,ICD11_1F05,round4,2023-09-26T00:00:00,2023-10-28T00:00:00,country_IN,India,state_29,Karnataka,district_524,Bagalkote,640,1873,2513,0,0,0,0,0,0,157963,,,
e9d3bdca-24c1-4210-b9ab-0961eb05c572,Foot And Mouth Disease,ICD11_1F05,round4,2023-09-26T00:00:00,2023-10-28T00:00:00,country_IN,India,state_29,Karnataka,district_536,Dharwad,28,24,52,25,19,44,0,0,0,65697,,,
6ced24e8-b9ca-452e-a685-58e85634fdb3,Foot And Mouth Disease,ICD11_1F05,round4,2023-09-26T00:00:00,2023-10-28T00:00:00,country_IN,India,state_29,Karnataka,district_537,Gadag,0,0,0,0,0,0,0,0,0,66635,,,
1077e0df-8af0-4a3f-ac56-f1d6e401484f,Foot And Mouth Disease,ICD11_1F05,round4,2023-09-26T00:00:00,2023-10-28T00:00:00,country_IN,India,state_29,Karnataka,district_540,Haveri,98,62,160,11,11,22,0,0,0,122355,,,
6f4c70e1-1992-40bb-8c01-66283858f098,Foot And Mouth Disease,ICD11_1F05,round4,2023-09-26T00:00:00,2023-10-28T00:00:00,country_IN,India,state_29,Karnataka,district_550,Uttara Kannada,2041,290,2331,50,4,54,0,0,0,79121,,,
89d458e2-46b4-45b2-9803-4582d9c4f5cf,Foot And Mouth Disease,ICD11_1F05,round4,2023-09-26T00:00:00,2023-10-28T00:00:00,country_IN,India,state_29,Karnataka,district_530,Vijayapura,254,406,660,2,5,7,0,0,0,140784,,,
b73ea867-ac4f-41b5-b63c-4275793e2e1e,Foot And Mouth Disease,ICD11_1F05,round4,2023-09-26T00:00:00,2023-10-28T00:00:00,country_IN,India,state_29,Karnataka,district_528,Ballari,0,0,0,0,0,0,0,0,0,52994,,,
cc35fdf1-d396-417d-84a4-e8045e131768,Foot And Mouth Disease,ICD11_1F05,round4,2023-09-26T00:00:00,2023-10-28T00:00:00,country_IN,India,state_29,Karnataka,district_529,Bidar,114,73,187,7,2,9,0,0,0,105834,,,
7b1b39fc-8817-4bdd-b345-51f3aacb04fc,Foot And Mouth Disease,ICD11_1F05,round4,2023-09-26T00:00:00,2023-10-28T00:00:00,country_IN,India,state_29,Karnataka,district_543,Koppal,268,203,471,12,9,21,0,0,0,95685,,,
56accbfb-289b-469e-bfb5-e53b700355f2,Foot And Mouth Disease,ICD11_1F05,round4,2023-09-26T00:00:00,2023-10-28T00:00:00,country_IN,India,state_29,Karnataka,district_538,Kalaburagi,1222,252,1474,4,0,4,0,0,0,123909,,,
b1a74039-1011-4144-940b-66e919c32d70,Foot And Mouth Disease,ICD11_1F05,round4,2023-09-26T00:00:00,2023-10-28T00:00:00,country_IN,India,state_29,Karnataka,district_546,Raichur,0,0,0,0,0,0,0,0,0,197306,,,
9b03ba07-a93a-48de-a87b-36c192566aaf,Foot And Mouth Disease,ICD11_1F05,round4,2023-09-26T00:00:00,2023-10-28T00:00:00,country_IN,India,state_29,Karnataka,district_635,Yadgir,0,0,0,0,0,0,0,0,0,96177,,,
54206da7-6aaa-4b17-bfed-343d8b818497,Foot And Mouth Disease,ICD11_1F05,round4,2023-09-26T00:00:00,2023-10-28T00:00:00,country_IN,India,state_29,Karnataka,district_738,Vijayanagar,248,281,529,0,0,0,0,0,0,108316,,,
a9065cb3-9bb5-4784-84ac-11838be8ea57,Foot And Mouth Disease,ICD11_1F05,round4,2023-09-26T00:00:00,2023-10-06T00:00:00,country_IN,India,state_29,Karnataka,district_525,Bengaluru Urban,7487,201,7688,439,15,454,0,0,0,16159,,,
5bf6b3a9-5521-4c69-813d-2db846476fba,Foot And Mouth Disease,ICD11_1F05,round4,2023-09-26T00:00:00,2023-10-06T00:00:00,country_IN,India,state_29,Karnataka,district_526,Bengaluru Rural,8468,550,9018,297,12,309,0,0,0,28651,,,
c59066d6-21f7-4470-b35e-6493234a034c,Foot And Mouth Disease,ICD11_1F05,round4,2023-09-26T00:00:00,2023-10-06T00:00:00,country_IN,India,state_29,Karnataka,district_533,Chitradurga,12208,5291,17499,167,73,240,0,0,0,57772,,,
c75d6998-1121-4d97-ac5d-e78e1fe33429,Foot And Mouth Disease,ICD11_1F05,round4,2023-09-26T00:00:00,2023-10-06T00:00:00,country_IN,India,state_29,Karnataka,district_630,Chikkaballapura,8925,996,9921,214,17,231,0,0,0,37853,,,
9fe8475e-2c29-4a03-aacf-2236456b2c62,Foot And Mouth Disease,ICD11_1F05,round4,2023-09-26T00:00:00,2023-10-06T00:00:00,country_IN,India,state_29,Karnataka,district_535,Davangere,13149,3691,16840,682,183,865,0,0,0,48251,,,
6400bd59-922f-434c-b7ff-91364410d34d,Foot And Mouth Disease,ICD11_1F05,round4,2023-09-26T00:00:00,2023-10-06T00:00:00,country_IN,India,state_29,Karnataka,district_542,Kolar,10170,811,10981,404,37,441,0,0,0,66612,,,
154f7982-e6ff-4695-b3e3-ef7db77fe83c,Foot And Mouth Disease,ICD11_1F05,round4,2023-09-26T00:00:00,2023-10-06T00:00:00,country_IN,India,state_29,Karnataka,district_631,Ramanagara,12187,284,12471,479,11,490,0,0,0,34836,,,
f3789819-c9ee-475c-8cae-2f9958def47f,Foot And Mouth Disease,ICD11_1F05,round4,2023-09-26T00:00:00,2023-10-06T00:00:00,country_IN,India,state_29,Karnataka,district_547,Shivamogga,13409,2334,15743,209,13,222,0,0,0,41590,,,
ed31c7d3-979b-42c9-9cef-83ee72fd6acb,Foot And Mouth Disease,ICD11_1F05,round4,2023-09-26T00:00:00,2023-10-06T00:00:00,country_IN,India,state_29,Karnataka,district_548,Tumakuru,20167,6225,26392,614,195,809,0,0,0,89809,,,
a484a0ae-7d4e-406a-815a-699e6c3d68b7,Foot And Mouth Disease,ICD11_1F05,round4,2023-09-26T00:00:00,2023-10-06T00:00:00,country_IN,India,state_29,Karnataka,district_531,Chamarajanagara,10201,491,10692,134,3,137,0,0,0,28772,,,
10fd7a87-3074-4082-8eb4-ade7cc5546b9,Foot And Mouth Disease,ICD11_1F05,round4,2023-09-26T00:00:00,2023-10-06T00:00:00,country_IN,India,state_29,Karnataka,district_532,Chikkamagaluru,12303,1085,13388,159,11,170,0,0,0,34214,,,
0093be02-6fe7-4f72-ab47-b11f545ccf15,Foot And Mouth Disease,ICD11_1F05,round4,2023-09-26T00:00:00,2023-10-06T00:00:00,country_IN,India,state_29,Karnataka,district_534,Dakshina Kannada,11167,17,11184,182,0,182,0,0,0,31923,,,
42e8e3c5-2cb7-4944-8e49-11dfb693372f,Foot And Mouth Disease,ICD11_1F05,round4,2023-09-26T00:00:00,2023-10-06T00:00:00,country_IN,India,state_29,Karnataka,district_539,Hassan,33788,4976,38764,436,68,504,0,0,0,92118,,,
11bb7969-93e1-4520-bfd5-5ffa7ce018d0,Foot And Mouth Disease,ICD11_1F05,round4,2023-09-26T00:00:00,2023-10-06T00:00:00,country_IN,India,state_29,Karnataka,district_541,Kodagu,1695,15,1710,121,0,121,0,0,0,4395,,,
4848a406-8cd8-4e3a-9ff4-f1d44e2a5f3f,Foot And Mouth Disease,ICD11_1F05,round4,2023-09-26T00:00:00,2023-10-06T00:00:00,country_IN,India,state_29,Karnataka,district_545,Mysuru,23562,497,24059,623,12,635,0,0,0,69482,,,
d2530b1c-4ee2-4f5d-980e-88cf5101be31,Foot And Mouth Disease,ICD11_1F05,round4,2023-09-26T00:00:00,2023-10-06T00:00:00,country_IN,India,state_29,Karnataka,district_544,Mandya,19379,4357,23736,332,33,365,0,0,0,81974,,,
e5343f97-e656-4812-8228-2feb74b7c3b0,Foot And Mouth Disease,ICD11_1F05,round4,2023-09-26T00:00:00,2023-10-06T00:00:00,country_IN,India,state_29,Karnataka,district_549,Udupi,8086,13,8099,39,0,39,0,0,0,18970,,,
fefd6ed7-ef42-4784-a678-6e085f1e1330,Foot And Mouth Disease,ICD11_1F05,round4,2023-09-26T00:00:00,2023-10-06T00:00:00,country_IN,India,state_29,Karnataka,district_527,Belagavi,18986,30213,49199,243,337,580,0,0,0,274224,,,
da207642-6c45-425a-9191-7bbc3830c738,Foot And Mouth Disease,ICD11_1F05,round4,2023-09-26T00:00:00,2023-10-06T00:00:00,country_IN,India,state_29,Karnataka,district_524,Bagalkote,8305,8875,17180,83,76,159,0,0,0,75535,,,
c36db38a-d00e-4798-a38b-1eed4c0fccb9,Foot And Mouth Disease,ICD11_1F05,round4,2023-09-26T00:00:00,2023-10-06T00:00:00,country_IN,India,state_29,Karnataka,district_536,Dharwad,6800,2336,9136,64,23,87,0,0,0,33439,,,
6bc4af5f-5bbe-44ab-a7b9-6ad12312282a,Foot And Mouth Disease,ICD11_1F05,round4,2023-09-26T00:00:00,2023-10-06T00:00:00,country_IN,India,state_29,Karnataka,district_537,Gadag,7755,3448,11203,134,107,241,0,0,0,35412,,,
0753ca45-b6db-4f97-bc78-b569360e8473,Foot And Mouth Disease,ICD11_1F05,round4,2023-09-26T00:00:00,2023-10-06T00:00:00,country_IN,India,state_29,Karnataka,district_540,Haveri,12226,3933,16159,188,71,259,0,0,0,53996,,,
07b1b9a0-fd8d-4e44-be86-3cfff84513a4,Foot And Mouth Disease,ICD11_1F05,round4,2023-09-26T00:00:00,2023-10-06T00:00:00,country_IN,India,state_29,Karnataka,district_550,Uttara Kannada,10076,2087,12163,102,15,117,0,0,0,24170,,,
f4d84edf-7aa7-4948-9878-dff4a88aa1c7,Foot And Mouth Disease,ICD11_1F05,round4,2023-09-26T00:00:00,2023-10-06T00:00:00,country_IN,India,state_29,Karnataka,district_530,Vijayapura,7681,7323,15004,179,158,337,0,0,0,72617,,,
2c202e4a-8cc9-417b-b92e-352a684b326f,Foot And Mouth Disease,ICD11_1F05,round4,2023-09-26T00:00:00,2023-10-06T00:00:00,country_IN,India,state_29,Karnataka,district_528,Ballari,5556,3237,8793,45,33,78,0,0,0,29651,,,
c1a7b885-5bea-4ac6-9035-eb66a58c374f,Foot And Mouth Disease,ICD11_1F05,round4,2023-09-26T00:00:00,2023-10-06T00:00:00,country_IN,India,state_29,Karnataka,district_529,Bidar,6501,4946,11447,102,92,194,0,0,0,55995,,,
bd808ef5-15ac-4be2-b9ab-f6b96deccc76,Foot And Mouth Disease,ICD11_1F05,round4,2023-09-26T00:00:00,2023-10-06T00:00:00,country_IN,India,state_29,Karnataka,district_543,Koppal,7666,1828,9494,139,71,210,0,0,0,43046,,,
6b8dc332-1c9c-4657-bb31-7992b2aac54d,Foot And Mouth Disease,ICD11_1F05,round4,2023-09-26T00:00:00,2023-10-06T00:00:00,country_IN,India,state_29,Karnataka,district_538,Kalaburagi,16219,2243,18462,151,22,173,0,0,0,68363,,,
29b9fb80-e5dd-4b54-80c2-341601a84bea,Foot And Mouth Disease,ICD11_1F05,round4,2023-09-26T00:00:00,2023-10-06T00:00:00,country_IN,India,state_29,Karnataka,district_546,Raichur,10190,5039,15229,2,1,3,0,0,0,129584,,,
1ea1b3b7-7dcd-40a8-b09a-787ec7fada96,Foot And Mouth Disease,ICD11_1F05,round4,2023-09-26T00:00:00,2023-10-06T00:00:00,country_IN,India,state_29,Karnataka,district_635,Yadgir,11663,2694,14357,38,19,57,0,0,0,57716,,,
b5ede0ba-18a5-4924-904f-620f496bf71c,Foot And Mouth Disease,ICD11_1F05,round4,2023-09-26T00:00:00,2023-10-06T00:00:00,country_IN,India,state_29,Karnataka,district_738,Vijayanagar,10111,4054,14165,127,58,185,0,0,0,63965,,,
0f6f1e2d-80fe-4d6b-b8df-350e750d6e5a,Foot And Mouth Disease,ICD11_1F05,round4,2023-09-26T00:00:00,2023-10-01T00:00:00,country_IN,India,state_29,Karnataka,district_525,Bengaluru Urban,751,13,764,55,0,55,0,0,0,7394,,,
6b5fdbd6-b835-4d34-8080-63233a744b88,Foot And Mouth Disease,ICD11_1F05,round4,2023-09-26T00:00:00,2023-10-01T00:00:00,country_IN,India,state_29,Karnataka,district_526,Bengaluru Rural,1903,163,2066,96,0,96,0,0,0,14103,,,
2f91e4c5-efbf-4a82-a8f5-23704e0bec4e,Foot And Mouth Disease,ICD11_1F05,round4,2023-09-26T00:00:00,2023-10-01T00:00:00,country_IN,India,state_29,Karnataka,district_533,Chitradurga,2726,1036,3762,30,9,39,0,0,0,28338,,,
d0428ef7-8097-4bcb-8513-0e4c1f0268b5,Foot And Mouth Disease,ICD11_1F05,round4,2023-09-26T00:00:00,2023-10-01T00:00:00,country_IN,India,state_29,Karnataka,district_630,Chikkaballapura,1935,181,2116,41,7,48,0,0,0,20345,,,
3a683b0a-417b-45ad-86e1-69c7c0839960,Foot And Mouth Disease,ICD11_1F05,round4,2023-09-26T00:00:00,2023-10-01T00:00:00,country_IN,India,state_29,Karnataka,district_535,Davangere,1779,395,2174,121,20,141,0,0,0,22890,,,
a781c788-4cd7-4074-bb63-38d49d5f7622,Foot And Mouth Disease,ICD11_1F05,round4,2023-09-26T00:00:00,2023-10-01T00:00:00,country_IN,India,state_29,Karnataka,district_542,Kolar,5478,432,5910,202,23,225,0,0,0,36290,,,
60c7fe82-d8ac-46b3-af85-f485952347b8,Foot And Mouth Disease,ICD11_1F05,round4,2023-09-26T00:00:00,2023-10-01T00:00:00,country_IN,India,state_29,Karnataka,district_631,Ramanagara,477,0,477,9,0,9,0,0,0,16174,,,
9fd992ec-3b40-4ce0-8425-ef2b0d514430,Foot And Mouth Disease,ICD11_1F05,round4,2023-09-26T00:00:00,2023-10-01T00:00:00,country_IN,India,state_29,Karnataka,district_547,Shivamogga,3425,697,4122,45,9,54,0,0,0,17878,,,
253ebd88-b70d-45c3-b283-2cc83d1fd115,Foot And Mouth Disease,ICD11_1F05,round4,2023-09-26T00:00:00,2023-10-01T00:00:00,country_IN,India,state_29,Karnataka,district_548,Tumakuru,2622,407,3029,18,1,19,0,0,0,44172,,,
416740cd-fec4-4397-906a-a455a95253b1,Foot And Mouth Disease,ICD11_1F05,round4,2023-09-26T00:00:00,2023-10-01T00:00:00,country_IN,India,state_29,Karnataka,district_531,Chamarajanagara,4684,125,4809,40,0,40,0,0,0,14411,,,
c7b44295-ed6d-45b1-b7e7-cf19d34c4640,Foot And Mouth Disease,ICD11_1F05,round4,2023-09-26T00:00:00,2023-10-01T00:00:00,country_IN,India,state_29,Karnataka,district_532,Chikkamagaluru,4684,312,4996,17,0,17,0,0,0,14104,,,
ba91d983-9e0f-4948-b497-21ebe1cc52af,Foot And Mouth Disease,ICD11_1F05,round4,2023-09-26T00:00:00,2023-10-01T00:00:00,country_IN,India,state_29,Karnataka,district_534,Dakshina Kannada,2711,5,2716,44,0,44,0,0,0,16042,,,
4900c304-e4d0-4743-91be-b5cb1bdf0b6d,Foot And Mouth Disease,ICD11_1F05,round4,2023-09-26T00:00:00,2023-10-01T00:00:00,country_IN,India,state_29,Karnataka,district_539,Hassan,4790,1117,5907,70,14,84,0,0,0,41421,,,
7fd9fa85-fc3c-4e21-ae5a-513c00a99ce3,Foot And Mouth Disease,ICD11_1F05,round4,2023-09-26T00:00:00,2023-10-01T00:00:00,country_IN,India,state_29,Karnataka,district_541,Kodagu,245,2,247,0,0,0,0,0,0,1958,,,
8f34d48e-9a97-43b9-9f3d-b5a4b5e933c5,Foot And Mouth Disease,ICD11_1F05,round4,2023-09-26T00:00:00,2023-10-01T00:00:00,country_IN,India,state_29,Karnataka,district_545,Mysuru,7559,159,7718,161,4,165,0,0,0,31448,,,
a5b33b32-fb5a-4894-9262-552dc52baf62,Foot And Mouth Disease,ICD11_1F05,round4,2023-09-26T00:00:00,2023-10-01T00:00:00,country_IN,India,state_29,Karnataka,district_544,Mandya,443,96,539,7,4,11,0,0,0,39491,,,
7aac4980-5df2-4019-b665-a4dd74aed35d,Foot And Mouth Disease,ICD11_1F05,round4,2023-09-26T00:00:00,2023-10-01T00:00:00,country_IN,India,state_29,Karnataka,district_549,Udupi,1459,4,1463,4,0,4,0,0,0,5866,,,
7d3e4898-e3c2-44c8-9000-9a6a38bf1034,Foot And Mouth Disease,ICD11_1F05,round4,2023-09-26T00:00:00,2023-10-01T00:00:00,country_IN,India,state_29,Karnataka,district_527,Belagavi,16347,27122,43469,178,224,402,0,0,0,147820,,,
9ed39e78-0ae2-481c-b9c3-7562b58dde1b,Foot And Mouth Disease,ICD11_1F05,round4,2023-09-26T00:00:00,2023-10-01T00:00:00,country_IN,India,state_29,Karnataka,district_524,Bagalkote,3520,3961,7481,49,49,98,0,0,0,35711,,,
889eeade-3363-4dac-bc71-9aa50b5e709b,Foot And Mouth Disease,ICD11_1F05,round4,2023-09-26T00:00:00,2023-10-01T00:00:00,country_IN,India,state_29,Karnataka,district_536,Dharwad,3488,1785,5273,26,5,31,0,0,0,16506,,,
bb628457-b18d-43c4-a7a0-96314a1dab5e,Foot And Mouth Disease,ICD11_1F05,round4,2023-09-26T00:00:00,2023-10-01T00:00:00,country_IN,India,state_29,Karnataka,district_537,Gadag,3652,1651,5303,40,26,66,0,0,0,14333,,,
b8018147-ce5a-4384-b506-9af73b2ee8d9,Foot And Mouth Disease,ICD11_1F05,round4,2023-09-26T00:00:00,2023-10-01T00:00:00,country_IN,India,state_29,Karnataka,district_540,Haveri,1378,240,1618,40,8,48,0,0,0,23667,,,
350102ce-95f5-4101-ac19-8fe9f2c5fdef,Foot And Mouth Disease,ICD11_1F05,round4,2023-09-26T00:00:00,2023-10-01T00:00:00,country_IN,India,state_29,Karnataka,district_550,Uttara Kannada,460,99,559,0,0,0,0,0,0,9586,,,
e934bc3e-3309-4b58-8d7d-5441a327427c,Foot And Mouth Disease,ICD11_1F05,round4,2023-09-26T00:00:00,2023-10-01T00:00:00,country_IN,India,state_29,Karnataka,district_530,Vijayapura,3601,2641,6242,95,61,156,0,0,0,37972,,,
a070b1d2-3796-4d61-abdc-355348311578,Foot And Mouth Disease,ICD11_1F05,round4,2023-09-26T00:00:00,2023-10-01T00:00:00,country_IN,India,state_29,Karnataka,district_528,Ballari,4714,2885,7599,20,9,29,0,0,0,14771,,,
71d4e16e-dfd4-41af-8242-c3e4ea86acb9,Foot And Mouth Disease,ICD11_1F05,round4,2023-09-26T00:00:00,2023-10-01T00:00:00,country_IN,India,state_29,Karnataka,district_529,Bidar,4748,3134,7882,32,33,65,0,0,0,32598,,,
792dcd45-f83a-4066-b0e4-47a04e3b1726,Foot And Mouth Disease,ICD11_1F05,round4,2023-09-26T00:00:00,2023-10-01T00:00:00,country_IN,India,state_29,Karnataka,district_543,Koppal,840,157,997,61,5,66,0,0,0,17346,,,
11f47f1d-66ec-4faf-a7d6-6f730595d2c0,Foot And Mouth Disease,ICD11_1F05,round4,2023-09-26T00:00:00,2023-10-01T00:00:00,country_IN,India,state_29,Karnataka,district_538,Kalaburagi,7018,1422,8440,61,7,68,0,0,0,36705,,,
c3b83110-9a8e-4a78-9394-51088a2a7cf9,Foot And Mouth Disease,ICD11_1F05,round4,2023-09-26T00:00:00,2023-10-01T00:00:00,country_IN,India,state_29,Karnataka,district_546,Raichur,12370,4695,17065,4,4,8,0,0,0,75464,,,
14cce8a1-baf8-4c47-8e1a-d341b05344e7,Foot And Mouth Disease,ICD11_1F05,round4,2023-09-26T00:00:00,2023-10-01T00:00:00,country_IN,India,state_29,Karnataka,district_635,Yadgir,7354,1362,8716,9,4,13,0,0,0,31157,,,
3eb2a86d-0df8-4bd5-9cf0-6f24736b843c,Foot And Mouth Disease,ICD11_1F05,round4,2023-09-26T00:00:00,2023-10-01T00:00:00,country_IN,India,state_29,Karnataka,district_738,Vijayanagar,5064,2378,7442,78,37,115,0,0,0,35211,,,
29c1d97b-c900-4b21-b17e-87fb3274e0d1,Foot And Mouth Disease,ICD11_1F05,round4,2023-09-26T00:00:00,2023-10-08T00:00:00,country_IN,India,state_29,Karnataka,district_525,Bengaluru Urban,376,55,431,29,0,29,0,0,0,17703,,,
ddb54025-884c-4dcc-a0c8-e5ffc26606b1,Foot And Mouth Disease,ICD11_1F05,round4,2023-09-26T00:00:00,2023-10-08T00:00:00,country_IN,India,state_29,Karnataka,district_526,Bengaluru Rural,0,0,0,0,0,0,0,0,0,31495,,,
80802ff4-530f-4cda-b011-1c01dd41fb9f,Foot And Mouth Disease,ICD11_1F05,round4,2023-09-26T00:00:00,2023-10-08T00:00:00,country_IN,India,state_29,Karnataka,district_533,Chitradurga,3118,1002,4120,28,17,45,0,0,0,64860,,,
f24dde3c-d377-45e0-83fe-0e55433accb2,Foot And Mouth Disease,ICD11_1F05,round4,2023-09-26T00:00:00,2023-10-08T00:00:00,country_IN,India,state_29,Karnataka,district_630,Chikkaballapura,1043,62,1105,17,0,17,0,0,0,41804,,,
a9b166ed-b250-4f16-aafa-ae0890eeeb34,Foot And Mouth Disease,ICD11_1F05,round4,2023-09-26T00:00:00,2023-10-08T00:00:00,country_IN,India,state_29,Karnataka,district_535,Davangere,2146,755,2901,81,33,114,0,0,0,52907,,,
8e718752-8501-457d-a05f-37c118619bb0,Foot And Mouth Disease,ICD11_1F05,round4,2023-09-26T00:00:00,2023-10-08T00:00:00,country_IN,India,state_29,Karnataka,district_542,Kolar,1322,134,1456,43,1,44,0,0,0,70367,,,
df396f8f-c84c-464e-b8fe-54882c97a8c2,Foot And Mouth Disease,ICD11_1F05,round4,2023-09-26T00:00:00,2023-10-08T00:00:00,country_IN,India,state_29,Karnataka,district_631,Ramanagara,826,0,826,31,0,31,0,0,0,38798,,,
e0d7bf06-4d10-44a8-9f92-c9b4e8101f5b,Foot And Mouth Disease,ICD11_1F05,round4,2023-09-26T00:00:00,2023-10-08T00:00:00,country_IN,India,state_29,Karnataka,district_547,Shivamogga,4497,1305,5802,35,3,38,0,0,0,47601,,,
b9e3a82c-893b-48ac-a4cf-85ea03339951,Foot And Mouth Disease,ICD11_1F05,round4,2023-09-26T00:00:00,2023-10-08T00:00:00,country_IN,India,state_29,Karnataka,district_548,Tumakuru,1092,265,1357,30,8,38,0,0,0,100154,,,
17c7bbfe-d84e-4df0-a6bd-5b1b26f098a8,Foot And Mouth Disease,ICD11_1F05,round4,2023-09-26T00:00:00,2023-10-08T00:00:00,country_IN,India,state_29,Karnataka,district_531,Chamarajanagara,3530,63,3593,53,0,53,0,0,0,32385,,,
da1d4643-2745-426a-8758-1a4784eb72f7,Foot And Mouth Disease,ICD11_1F05,round4,2023-09-26T00:00:00,2023-10-08T00:00:00,country_IN,India,state_29,Karnataka,district_532,Chikkamagaluru,3337,228,3565,2,0,2,0,0,0,38816,,,
b047fe18-2174-4401-9d3b-e81dc505a6cc,Foot And Mouth Disease,ICD11_1F05,round4,2023-09-26T00:00:00,2023-10-08T00:00:00,country_IN,India,state_29,Karnataka,district_534,Dakshina Kannada,2086,7,2093,50,0,50,0,0,0,35395,,,
c14ddbfa-eb23-47ea-841e-e6e330592998,Foot And Mouth Disease,ICD11_1F05,round4,2023-09-26T00:00:00,2023-10-08T00:00:00,country_IN,India,state_29,Karnataka,district_539,Hassan,8222,1434,9656,74,20,94,0,0,0,106421,,,
f61e4ff5-1c93-4306-a4c7-899e59c9b563,Foot And Mouth Disease,ICD11_1F05,round4,2023-09-26T00:00:00,2023-10-08T00:00:00,country_IN,India,state_29,Karnataka,district_541,Kodagu,772,7,779,48,0,48,0,0,0,5160,,,
c2b459a7-b0df-4471-b047-41ccf63c2d57,Foot And Mouth Disease,ICD11_1F05,round4,2023-09-26T00:00:00,2023-10-08T00:00:00,country_IN,India,state_29,Karnataka,district_545,Mysuru,7922,296,8218,162,1,163,0,0,0,80412,,,
3568c11c-6bb0-42ca-9d3c-395929780d1c,Foot And Mouth Disease,ICD11_1F05,round4,2023-09-26T00:00:00,2023-10-08T00:00:00,country_IN,India,state_29,Karnataka,district_544,Mandya,2047,511,2558,4,0,4,0,0,0,92269,,,
7d115fd4-d68a-4c73-855e-7c86ca83d62e,Foot And Mouth Disease,ICD11_1F05,round4,2023-09-26T00:00:00,2023-10-08T00:00:00,country_IN,India,state_29,Karnataka,district_549,Udupi,591,0,591,5,0,5,0,0,0,21933,,,
ac44f672-180d-480f-aa36-d5937da1b0e8,Foot And Mouth Disease,ICD11_1F05,round4,2023-09-26T00:00:00,2023-10-08T00:00:00,country_IN,India,state_29,Karnataka,district_527,Belagavi,12965,20715,33680,95,122,217,0,0,0,314272,,,
df2bb204-2ef7-4f30-b332-f34ce41718da,Foot And Mouth Disease,ICD11_1F05,round4,2023-09-26T00:00:00,2023-10-08T00:00:00,country_IN,India,state_29,Karnataka,district_524,Bagalkote,2214,2952,5166,14,36,50,0,0,0,83086,,,
d75a8076-c407-4e52-a472-b7f38d71656c,Foot And Mouth Disease,ICD11_1F05,round4,2023-09-26T00:00:00,2023-10-08T00:00:00,country_IN,India,state_29,Karnataka,district_536,Dharwad,1130,374,1504,46,25,71,0,0,0,36806,,,
fc21e7bb-af45-4182-bf93-a0fc34369877,Foot And Mouth Disease,ICD11_1F05,round4,2023-09-26T00:00:00,2023-10-08T00:00:00,country_IN,India,state_29,Karnataka,district_537,Gadag,3638,1182,4820,41,29,70,0,0,0,40020,,,
6ba16961-3782-4fec-a31a-c3ed6eb6e986,Foot And Mouth Disease,ICD11_1F05,round4,2023-09-26T00:00:00,2023-10-08T00:00:00,country_IN,India,state_29,Karnataka,district_540,Haveri,929,464,1393,19,9,28,0,0,0,59533,,,
98c959d1-9146-4881-b192-80dc0c2cd815,Foot And Mouth Disease,ICD11_1F05,round4,2023-09-26T00:00:00,2023-10-08T00:00:00,country_IN,India,state_29,Karnataka,district_550,Uttara Kannada,1471,246,1717,1,0,1,0,0,0,27258,,,
9650cccd-b26a-4b42-b257-b4aa79f8970d,Foot And Mouth Disease,ICD11_1F05,round4,2023-09-26T00:00:00,2023-10-08T00:00:00,country_IN,India,state_29,Karnataka,district_530,Vijayapura,2380,2331,4711,25,23,48,0,0,0,80777,,,
50a33464-4d93-458c-8db9-e2fc1e0dc3de,Foot And Mouth Disease,ICD11_1F05,round4,2023-09-26T00:00:00,2023-10-08T00:00:00,country_IN,India,state_29,Karnataka,district_528,Ballari,3759,1821,5580,39,30,69,0,0,0,34451,,,
9be55d68-6e95-4a02-bd80-5b2bd77878a5,Foot And Mouth Disease,ICD11_1F05,round4,2023-09-26T00:00:00,2023-10-08T00:00:00,country_IN,India,state_29,Karnataka,district_529,Bidar,2755,2034,4789,32,37,69,0,0,0,61208,,,
37d18a46-a13f-4a79-ad05-7641bf649ca0,Foot And Mouth Disease,ICD11_1F05,round4,2023-09-26T00:00:00,2023-10-08T00:00:00,country_IN,India,state_29,Karnataka,district_543,Koppal,4978,1375,6353,26,13,39,0,0,0,50835,,,
dcc11ee7-3dab-4a4b-95bc-b4733c0adc1b,Foot And Mouth Disease,ICD11_1F05,round4,2023-09-26T00:00:00,2023-10-08T00:00:00,country_IN,India,state_29,Karnataka,district_538,Kalaburagi,5917,970,6887,74,27,101,0,0,0,76088,,,
98a49124-9824-47ee-9460-77089a1570e2,Foot And Mouth Disease,ICD11_1F05,round4,2023-09-26T00:00:00,2023-10-08T00:00:00,country_IN,India,state_29,Karnataka,district_546,Raichur,2355,710,3065,0,0,0,0,0,0,145298,,,
2cd5aab3-bc59-4b37-8d4f-7105f9e07d96,Foot And Mouth Disease,ICD11_1F05,round4,2023-09-26T00:00:00,2023-10-08T00:00:00,country_IN,India,state_29,Karnataka,district_635,Yadgir,5928,1609,7537,2,0,2,0,0,0,64433,,,
e07243ba-a549-42b4-b451-c45c78367f58,Foot And Mouth Disease,ICD11_1F05,round4,2023-09-26T00:00:00,2023-10-08T00:00:00,country_IN,India,state_29,Karnataka,district_738,Vijayanagar,4384,1645,6029,102,29,131,0,0,0,72886,,,
f298b111-e61f-4f1c-8990-03a54c34e5fe,Foot And Mouth Disease,ICD11_1F05,round4,2023-09-26T00:00:00,2023-10-14T00:00:00,country_IN,India,state_29,Karnataka,district_525,Bengaluru Urban,810,105,915,14,0,14,0,0,0,23924,,,
e6a2bbd8-921d-44f1-b205-a26d8cf97f02,Foot And Mouth Disease,ICD11_1F05,round4,2023-09-26T00:00:00,2023-10-14T00:00:00,country_IN,India,state_29,Karnataka,district_526,Bengaluru Rural,1463,16,1479,4,0,4,0,0,0,43366,,,
a9e6f5d9-8e32-4a1d-bfee-498e3dce2e38,Foot And Mouth Disease,ICD11_1F05,round4,2023-09-26T00:00:00,2023-10-14T00:00:00,country_IN,India,state_29,Karnataka,district_533,Chitradurga,3274,1276,4550,76,31,107,0,0,0,91922,,,
68c8cb17-a0f5-4e80-88a0-1a09777f492b,Foot And Mouth Disease,ICD11_1F05,round4,2023-09-26T00:00:00,2023-10-14T00:00:00,country_IN,India,state_29,Karnataka,district_630,Chikkaballapura,1780,193,1973,32,0,32,0,0,0,58908,,,
731740a9-394e-4b5f-aec1-803b4e829194,Foot And Mouth Disease,ICD11_1F05,round4,2023-09-26T00:00:00,2023-10-14T00:00:00,country_IN,India,state_29,Karnataka,district_535,Davangere,3452,1241,4693,165,12,177,0,0,0,76634,,,
5f403f78-64a7-4233-9fe3-1bfac07dfb94,Foot And Mouth Disease,ICD11_1F05,round4,2023-09-26T00:00:00,2023-10-14T00:00:00,country_IN,India,state_29,Karnataka,district_542,Kolar,2461,178,2639,129,0,129,0,0,0,84148,,,
827a7cbb-3896-447e-9c75-c11453f63ca7,Foot And Mouth Disease,ICD11_1F05,round4,2023-09-26T00:00:00,2023-10-14T00:00:00,country_IN,India,state_29,Karnataka,district_631,Ramanagara,5927,181,6108,342,6,348,0,0,0,58590,,,
3acc19df-417f-42e7-ab29-0559a422e8da,Foot And Mouth Disease,ICD11_1F05,round4,2023-09-26T00:00:00,2023-10-14T00:00:00,country_IN,India,state_29,Karnataka,district_547,Shivamogga,13360,2162,15522,170,11,181,0,0,0,76308,,,
0c6ad49f-3004-4a5e-9b46-2caea3864507,Foot And Mouth Disease,ICD11_1F05,round4,2023-09-26T00:00:00,2023-10-14T00:00:00,country_IN,India,state_29,Karnataka,district_548,Tumakuru,6899,2214,9113,240,70,310,0,0,0,152163,,,
c02b6a0f-9436-4c1e-855f-c34072df600c,Foot And Mouth Disease,ICD11_1F05,round4,2023-09-26T00:00:00,2023-10-14T00:00:00,country_IN,India,state_29,Karnataka,district_531,Chamarajanagara,4074,78,4152,84,0,84,0,0,0,43993,,,
b426feb5-8e6b-4ce4-8c3f-f4b1ca9e2bc6,Foot And Mouth Disease,ICD11_1F05,round4,2023-09-26T00:00:00,2023-10-14T00:00:00,country_IN,India,state_29,Karnataka,district_532,Chikkamagaluru,4599,304,4903,86,4,90,0,0,0,61167,,,
93b7e9a0-f24c-4aae-a95c-3f2bf6bc8d38,Foot And Mouth Disease,ICD11_1F05,round4,2023-09-26T00:00:00,2023-10-14T00:00:00,country_IN,India,state_29,Karnataka,district_534,Dakshina Kannada,3529,11,3540,62,0,62,0,0,0,48135,,,
ac71c1d1-cf53-4434-8bf6-bab25cfd5f4d,Foot And Mouth Disease,ICD11_1F05,round4,2023-09-26T00:00:00,2023-10-14T00:00:00,country_IN,India,state_29,Karnataka,district_539,Hassan,11410,2747,14157,136,18,154,0,0,0,160953,,,
ca7b46bd-1328-47c9-ba61-6920ebcc9495,Foot And Mouth Disease,ICD11_1F05,round4,2023-09-26T00:00:00,2023-10-14T00:00:00,country_IN,India,state_29,Karnataka,district_541,Kodagu,253,0,253,1,0,1,0,0,0,7902,,,
1e202392-01b1-4fc8-abd9-713f4b02d49f,Foot And Mouth Disease,ICD11_1F05,round4,2023-09-26T00:00:00,2023-10-14T00:00:00,country_IN,India,state_29,Karnataka,district_545,Mysuru,6392,409,6801,145,0,145,0,0,0,122899,,,
519f2745-570b-4d83-a2db-4ce2d7e6521a,Foot And Mouth Disease,ICD11_1F05,round4,2023-09-26T00:00:00,2023-10-14T00:00:00,country_IN,India,state_29,Karnataka,district_544,Mandya,3847,850,4697,10,0,10,0,0,0,136579,,,
b781d7b5-e827-4319-b026-c2dccab2c671,Foot And Mouth Disease,ICD11_1F05,round4,2023-09-26T00:00:00,2023-10-14T00:00:00,country_IN,India,state_29,Karnataka,district_549,Udupi,3329,3,3332,6,0,6,0,0,0,36287,,,
a1006a68-943b-4558-8ab3-913202f5fc12,Foot And Mouth Disease,ICD11_1F05,round4,2023-09-26T00:00:00,2023-10-14T00:00:00,country_IN,India,state_29,Karnataka,district_527,Belagavi,13212,20069,33281,169,220,389,0,0,0,436004,,,
415be967-351b-4ce8-9513-293387ed684c,Foot And Mouth Disease,ICD11_1F05,round4,2023-09-26T00:00:00,2023-10-14T00:00:00,country_IN,India,state_29,Karnataka,district_524,Bagalkote,4088,4663,8751,54,87,141,0,0,0,117102,,,
76c57e03-e33d-4f25-b9bc-e79b7de9886d,Foot And Mouth Disease,ICD11_1F05,round4,2023-09-26T00:00:00,2023-10-14T00:00:00,country_IN,India,state_29,Karnataka,district_536,Dharwad,1578,793,2371,26,12,38,0,0,0,51571,,,
3757a51d-5006-4c72-8d66-0956fd06fe1a,Foot And Mouth Disease,ICD11_1F05,round4,2023-09-26T00:00:00,2023-10-14T00:00:00,country_IN,India,state_29,Karnataka,district_537,Gadag,2389,1084,3473,43,36,79,0,0,0,54631,,,
a390bfdc-8b97-4fe5-9231-b5712db67cc1,Foot And Mouth Disease,ICD11_1F05,round4,2023-09-26T00:00:00,2023-10-14T00:00:00,country_IN,India,state_29,Karnataka,district_540,Haveri,2970,754,3724,66,43,109,0,0,0,90613,,,
5218bba5-c7dd-4a73-9d68-baed444ba4ad,Foot And Mouth Disease,ICD11_1F05,round4,2023-09-26T00:00:00,2023-10-14T00:00:00,country_IN,India,state_29,Karnataka,district_550,Uttara Kannada,4088,854,4942,32,2,34,0,0,0,44294,,,
2d279f6d-19d8-4660-a0a6-dbae73c2ef58,Foot And Mouth Disease,ICD11_1F05,round4,2023-09-26T00:00:00,2023-10-14T00:00:00,country_IN,India,state_29,Karnataka,district_530,Vijayapura,3652,3183,6835,65,116,181,0,0,0,111958,,,
16b7e3e6-f340-46d1-9d61-40b8020031fc,Foot And Mouth Disease,ICD11_1F05,round4,2023-09-26T00:00:00,2023-10-14T00:00:00,country_IN,India,state_29,Karnataka,district_528,Ballari,2293,1298,3591,25,14,39,0,0,0,45384,,,
439bc326-6888-490b-945d-9f98a7b36bbb,Foot And Mouth Disease,ICD11_1F05,round4,2023-09-26T00:00:00,2023-10-14T00:00:00,country_IN,India,state_29,Karnataka,district_529,Bidar,2658,1612,4270,40,28,68,0,0,0,81594,,,
51efe52a-6994-4168-8ccc-53629be7ceae,Foot And Mouth Disease,ICD11_1F05,round4,2023-09-26T00:00:00,2023-10-14T00:00:00,country_IN,India,state_29,Karnataka,district_543,Koppal,4568,2921,7489,117,67,184,0,0,0,70814,,,
78ea3fec-26c3-42f3-a47a-5d6d0890d52a,Foot And Mouth Disease,ICD11_1F05,round4,2023-09-26T00:00:00,2023-10-14T00:00:00,country_IN,India,state_29,Karnataka,district_538,Kalaburagi,8930,2256,11186,244,106,350,0,0,0,103535,,,
4329b4f0-cf56-4aba-893c-05f795d91c87,Foot And Mouth Disease,ICD11_1F05,round4,2023-09-26T00:00:00,2023-10-14T00:00:00,country_IN,India,state_29,Karnataka,district_546,Raichur,1679,992,2671,0,0,0,0,0,0,173728,,,
f6a5c110-5519-4cd6-a7c4-c16463695105,Foot And Mouth Disease,ICD11_1F05,round4,2023-09-26T00:00:00,2023-10-14T00:00:00,country_IN,India,state_29,Karnataka,district_635,Yadgir,3875,724,4599,10,3,13,0,0,0,87357,,,
b32aa1de-c032-4667-a2e7-99a120320d9c,Foot And Mouth Disease,ICD11_1F05,round4,2023-09-26T00:00:00,2023-10-14T00:00:00,country_IN,India,state_29,Karnataka,district_738,Vijayanagar,4679,1974,6653,28,11,39,0,0,0,94377,,,
34ed06f8-dcfa-4569-b147-0c9ac2b0060a,Foot And Mouth Disease,ICD11_1F05,round4,2023-09-26T00:00:00,2023-09-30T00:00:00,country_IN,India,state_29,Karnataka,district_525,Bengaluru Urban,8617,238,8855,419,10,429,0,0,0,7239,,,
18115734-3ea4-4fb2-816a-6f1c9d2a400f,Foot And Mouth Disease,ICD11_1F05,round4,2023-09-26T00:00:00,2023-09-30T00:00:00,country_IN,India,state_29,Karnataka,district_526,Bengaluru Rural,7233,496,7729,187,3,190,0,0,0,13228,,,
c579a330-fc86-4fe7-af9c-f64d0e80722b,Foot And Mouth Disease,ICD11_1F05,round4,2023-09-26T00:00:00,2023-09-30T00:00:00,country_IN,India,state_29,Karnataka,district_533,Chitradurga,10760,4275,15035,130,39,169,0,0,0,26784,,,
f91de98b-072b-469e-8fe5-36e31125020b,Foot And Mouth Disease,ICD11_1F05,round4,2023-09-26T00:00:00,2023-09-30T00:00:00,country_IN,India,state_29,Karnataka,district_630,Chikkaballapura,8967,761,9728,167,8,175,0,0,0,19473,,,
e4af76ed-309c-4161-b0ac-11844a63af46,Foot And Mouth Disease,ICD11_1F05,round4,2023-09-26T00:00:00,2023-09-30T00:00:00,country_IN,India,state_29,Karnataka,district_535,Davangere,9802,2665,12467,587,124,711,0,0,0,22065,,,
2c02a521-1aa5-4bd9-bc8c-af6790e1bc19,Foot And Mouth Disease,ICD11_1F05,round4,2023-09-26T00:00:00,2023-09-30T00:00:00,country_IN,India,state_29,Karnataka,district_542,Kolar,14391,1116,15507,450,37,487,0,0,0,33078,,,
c8d51cc5-8b33-4f0e-9790-b5b1b1c75393,Foot And Mouth Disease,ICD11_1F05,round4,2023-09-26T00:00:00,2023-09-30T00:00:00,country_IN,India,state_29,Karnataka,district_631,Ramanagara,12351,465,12816,714,11,725,0,0,0,16041,,,
f7fc8885-c2cd-4b1f-8fbf-dd235fdcd250,Foot And Mouth Disease,ICD11_1F05,round4,2023-09-26T00:00:00,2023-09-30T00:00:00,country_IN,India,state_29,Karnataka,district_547,Shivamogga,15715,2620,18335,141,15,156,0,0,0,16406,,,
660d6d76-3b63-46d5-ba45-c7aac39d39d3,Foot And Mouth Disease,ICD11_1F05,round4,2023-09-26T00:00:00,2023-09-30T00:00:00,country_IN,India,state_29,Karnataka,district_548,Tumakuru,18355,4474,22829,514,105,619,0,0,0,43094,,,
64251ea1-3b69-4d56-986e-0ca3ec650d0d,Foot And Mouth Disease,ICD11_1F05,round4,2023-09-26T00:00:00,2023-09-30T00:00:00,country_IN,India,state_29,Karnataka,district_531,Chamarajanagara,10185,283,10468,83,0,83,0,0,0,13112,,,
c2413027-e646-4c64-8806-13541716ae10,Foot And Mouth Disease,ICD11_1F05,round4,2023-09-26T00:00:00,2023-09-30T00:00:00,country_IN,India,state_29,Karnataka,district_532,Chikkamagaluru,9768,649,10417,85,5,90,0,0,0,12506,,,
d249a83d-f6e2-41f3-9eb0-0700c4e5405f,Foot And Mouth Disease,ICD11_1F05,round4,2023-09-26T00:00:00,2023-09-30T00:00:00,country_IN,India,state_29,Karnataka,district_534,Dakshina Kannada,10015,32,10047,260,0,260,0,0,0,15106,,,
80bff33a-72b8-43cb-8a92-97ff1dec40cd,Foot And Mouth Disease,ICD11_1F05,round4,2023-09-26T00:00:00,2023-09-30T00:00:00,country_IN,India,state_29,Karnataka,district_539,Hassan,22667,4668,27335,223,75,298,0,0,0,38862,,,
85ef0a2d-52a2-4c8a-9a1d-4f80b1b868d1,Foot And Mouth Disease,ICD11_1F05,round4,2023-09-26T00:00:00,2023-09-30T00:00:00,country_IN,India,state_29,Karnataka,district_541,Kodagu,1938,126,2064,106,0,106,0,0,0,1886,,,
a1f90fa1-aa3d-41e7-accc-c2598d24e1be,Foot And Mouth Disease,ICD11_1F05,round4,2023-09-26T00:00:00,2023-09-30T00:00:00,country_IN,India,state_29,Karnataka,district_545,Mysuru,21726,643,22369,632,13,645,0,0,0,28641,,,
52628661-5c7c-4c14-9af1-5031453cfb4a,Foot And Mouth Disease,ICD11_1F05,round4,2023-09-26T00:00:00,2023-09-30T00:00:00,country_IN,India,state_29,Karnataka,district_544,Mandya,17602,3908,21510,266,41,307,0,0,0,39347,,,
126041d0-66ca-4a08-9921-67f7ae938707,Foot And Mouth Disease,ICD11_1F05,round4,2023-09-26T00:00:00,2023-09-30T00:00:00,country_IN,India,state_29,Karnataka,district_549,Udupi,6784,21,6805,29,0,29,0,0,0,5402,,,
87c9bccd-437e-4cf1-87cf-7956fb0a55d5,Foot And Mouth Disease,ICD11_1F05,round4,2023-09-26T00:00:00,2023-09-30T00:00:00,country_IN,India,state_29,Karnataka,district_527,Belagavi,21262,33773,55035,224,220,444,0,0,0,126095,,,
df8d2550-aec9-4989-a56d-78cb4dfa19ca,Foot And Mouth Disease,ICD11_1F05,round4,2023-09-26T00:00:00,2023-09-30T00:00:00,country_IN,India,state_29,Karnataka,district_524,Bagalkote,9584,9004,18588,119,102,221,0,0,0,32927,,,
dc655662-179b-4670-9b75-83fc09beae90,Foot And Mouth Disease,ICD11_1F05,round4,2023-09-26T00:00:00,2023-09-30T00:00:00,country_IN,India,state_29,Karnataka,district_536,Dharwad,7216,2616,9832,87,26,113,0,0,0,14725,,,
d61a9512-fb40-46d9-b0a7-7eaa591ceff3,Foot And Mouth Disease,ICD11_1F05,round4,2023-09-26T00:00:00,2023-09-30T00:00:00,country_IN,India,state_29,Karnataka,district_537,Gadag,5131,2782,7913,92,62,154,0,0,0,12151,,,
e37fcd20-5d0d-450b-9951-445b36a69f2d,Foot And Mouth Disease,ICD11_1F05,round4,2023-09-26T00:00:00,2023-09-30T00:00:00,country_IN,India,state_29,Karnataka,district_540,Haveri,9220,2622,11842,121,26,147,0,0,0,22982,,,
5212c1f9-9264-48ac-9f83-4fad5baf869e,Foot And Mouth Disease,ICD11_1F05,round4,2023-09-26T00:00:00,2023-09-30T00:00:00,country_IN,India,state_29,Karnataka,district_550,Uttara Kannada,7477,1795,9272,96,28,124,0,0,0,9468,,,
1a512c0a-f890-49e1-9682-62d6045cb3fa,Foot And Mouth Disease,ICD11_1F05,round4,2023-09-26T00:00:00,2023-09-30T00:00:00,country_IN,India,state_29,Karnataka,district_530,Vijayapura,9041,7820,16861,97,92,189,0,0,0,34689,,,
f6bd501b-34eb-4e4e-8616-830795ee9f6d,Foot And Mouth Disease,ICD11_1F05,round4,2023-09-26T00:00:00,2023-09-30T00:00:00,country_IN,India,state_29,Karnataka,district_528,Ballari,4687,2524,7211,40,20,60,0,0,0,12173,,,
2cbf458c-09b3-4f29-8aba-d2b09e2ed222,Foot And Mouth Disease,ICD11_1F05,round4,2023-09-26T00:00:00,2023-09-30T00:00:00,country_IN,India,state_29,Karnataka,district_529,Bidar,7933,5256,13189,104,102,206,0,0,0,29410,,,
c2d46cbf-099e-4602-9d4b-2915528f1fcf,Foot And Mouth Disease,ICD11_1F05,round4,2023-09-26T00:00:00,2023-09-30T00:00:00,country_IN,India,state_29,Karnataka,district_543,Koppal,13748,2969,16717,302,81,383,0,0,0,16936,,,
3c3453a8-2b06-49e6-985c-416369b9b8eb,Foot And Mouth Disease,ICD11_1F05,round4,2023-09-26T00:00:00,2023-09-30T00:00:00,country_IN,India,state_29,Karnataka,district_538,Kalaburagi,20754,2805,23559,279,36,315,0,0,0,33604,,,
83c0405a-100c-4227-b7f9-00ea0261a450,Foot And Mouth Disease,ICD11_1F05,round4,2023-09-26T00:00:00,2023-09-30T00:00:00,country_IN,India,state_29,Karnataka,district_546,Raichur,12075,5557,17632,4,5,9,0,0,0,65377,,,
f1195ca2-ac66-449c-8d79-f2b673996714,Foot And Mouth Disease,ICD11_1F05,round4,2023-09-26T00:00:00,2023-09-30T00:00:00,country_IN,India,state_29,Karnataka,district_635,Yadgir,15184,3433,18617,111,37,148,0,0,0,28295,,,
4729a977-b75a-493d-863b-668707639f99,Foot And Mouth Disease,ICD11_1F05,round4,2023-09-26T00:00:00,2023-09-30T00:00:00,country_IN,India,state_29,Karnataka,district_738,Vijayanagar,11927,4614,16541,166,71,237,0,0,0,32018,,,
bd661e5d-94a9-4ef6-b6e6-18b045f42fce,Foot And Mouth Disease,ICD11_1F05,round4,2023-09-26T00:00:00,2023-10-23T00:00:00,country_IN,India,state_29,Karnataka,district_525,Bengaluru Urban,1403,133,1536,41,0,41,0,0,0,26766,,,
efdc0b7a-0e0f-4500-b9a7-36a532def1d5,Foot And Mouth Disease,ICD11_1F05,round4,2023-09-26T00:00:00,2023-10-23T00:00:00,country_IN,India,state_29,Karnataka,district_526,Bengaluru Rural,78,0,78,2,0,2,0,0,0,48735,,,
8713c88a-44e9-4040-ab44-98ec5964a51d,Foot And Mouth Disease,ICD11_1F05,round4,2023-09-26T00:00:00,2023-10-23T00:00:00,country_IN,India,state_29,Karnataka,district_533,Chitradurga,2137,911,3048,34,10,44,0,0,0,106857,,,
c94e6043-785f-4619-9cb6-859cd0c4f64d,Foot And Mouth Disease,ICD11_1F05,round4,2023-09-26T00:00:00,2023-10-23T00:00:00,country_IN,India,state_29,Karnataka,district_630,Chikkaballapura,2272,216,2488,57,6,63,0,0,0,67670,,,
e4d8c81f-f6c5-4301-b6be-c75010a10119,Foot And Mouth Disease,ICD11_1F05,round4,2023-09-26T00:00:00,2023-10-23T00:00:00,country_IN,India,state_29,Karnataka,district_535,Davangere,2686,1224,3910,173,48,221,0,0,0,92872,,,
c680194c-43e6-4cfe-88c4-53d1eb3ea0ef,Foot And Mouth Disease,ICD11_1F05,round4,2023-09-26T00:00:00,2023-10-23T00:00:00,country_IN,India,state_29,Karnataka,district_542,Kolar,1998,111,2109,249,6,255,0,0,0,95984,,,
fb01c8b5-d780-4e3e-a7d9-297d04f9c87d,Foot And Mouth Disease,ICD11_1F05,round4,2023-09-26T00:00:00,2023-10-23T00:00:00,country_IN,India,state_29,Karnataka,district_631,Ramanagara,3415,230,3645,231,8,239,0,0,0,72017,,,
1da426b1-3ac5-4040-8589-455b2ea07548,Foot And Mouth Disease,ICD11_1F05,round4,2023-09-26T00:00:00,2023-10-23T00:00:00,country_IN,India,state_29,Karnataka,district_547,Shivamogga,18328,4277,22605,152,44,196,0,0,0,105153,,,
702be32e-afb1-4b4b-97d5-7b38cf2392b7,Foot And Mouth Disease,ICD11_1F05,round4,2023-09-26T00:00:00,2023-10-23T00:00:00,country_IN,India,state_29,Karnataka,district_548,Tumakuru,10141,2892,13033,318,68,386,0,0,0,192939,,,
217be789-8eb3-41ad-8e2e-cf3f42f53c24,Foot And Mouth Disease,ICD11_1F05,round4,2023-09-26T00:00:00,2023-10-23T00:00:00,country_IN,India,state_29,Karnataka,district_531,Chamarajanagara,9905,160,10065,81,0,81,0,0,0,55078,,,
0164a67d-276a-41d3-8979-9ee9949822f9,Foot And Mouth Disease,ICD11_1F05,round4,2023-09-26T00:00:00,2023-10-23T00:00:00,country_IN,India,state_29,Karnataka,district_532,Chikkamagaluru,2886,174,3060,27,0,27,0,0,0,76715,,,
72705df7-63ad-42b0-8319-6bdc0b2f5ae6,Foot And Mouth Disease,ICD11_1F05,round4,2023-09-26T00:00:00,2023-10-23T00:00:00,country_IN,India,state_29,Karnataka,district_534,Dakshina Kannada,6989,35,7024,92,0,92,0,0,0,58904,,,
4013460a-84bf-4036-9e12-320bbaa20c32,Foot And Mouth Disease,ICD11_1F05,round4,2023-09-26T00:00:00,2023-10-23T00:00:00,country_IN,India,state_29,Karnataka,district_539,Hassan,16231,2355,18586,203,94,297,0,0,0,200938,,,
92dd44ab-d10b-41b8-9148-a70868bdd77c,Foot And Mouth Disease,ICD11_1F05,round4,2023-09-26T00:00:00,2023-10-23T00:00:00,country_IN,India,state_29,Karnataka,district_541,Kodagu,1358,64,1422,55,0,55,0,0,0,11063,,,
765e1c07-0821-471a-a132-96f813127358,Foot And Mouth Disease,ICD11_1F05,round4,2023-09-26T00:00:00,2023-10-23T00:00:00,country_IN,India,state_29,Karnataka,district_545,Mysuru,7728,629,8357,99,2,101,0,0,0,151509,,,
ad206726-2545-4a38-99bd-f560defb75a6,Foot And Mouth Disease,ICD11_1F05,round4,2023-09-26T00:00:00,2023-10-23T00:00:00,country_IN,India,state_29,Karnataka,district_544,Mandya,4813,1348,6161,61,2,63,0,0,0,163310,,,
5a0ad8a8-4f2a-4110-a1e7-549f0dbd92c9,Foot And Mouth Disease,ICD11_1F05,round4,2023-09-26T00:00:00,2023-10-23T00:00:00,country_IN,India,state_29,Karnataka,district_549,Udupi,8684,120,8804,9,0,9,0,0,0,56136,,,
247ee767-92ff-467f-a313-c4d746a0e549,Foot And Mouth Disease,ICD11_1F05,round4,2023-09-26T00:00:00,2023-10-23T00:00:00,country_IN,India,state_29,Karnataka,district_527,Belagavi,13054,16435,29489,124,177,301,0,0,0,541786,,,
41a464cc-d879-4a7f-8a7e-bee47d4a5963,Foot And Mouth Disease,ICD11_1F05,round4,2023-09-26T00:00:00,2023-10-23T00:00:00,country_IN,India,state_29,Karnataka,district_524,Bagalkote,2276,2634,4910,208,211,419,0,0,0,146223,,,
44a3c0cf-8e25-4bb0-97be-d6ef079f15c1,Foot And Mouth Disease,ICD11_1F05,round4,2023-09-26T00:00:00,2023-10-23T00:00:00,country_IN,India,state_29,Karnataka,district_536,Dharwad,1138,667,1805,34,12,46,0,0,0,61829,,,
25b5c107-6829-4155-a292-4a76d43f4cea,Foot And Mouth Disease,ICD11_1F05,round4,2023-09-26T00:00:00,2023-10-23T00:00:00,country_IN,India,state_29,Karnataka,district_537,Gadag,2401,1427,3828,7,2,9,0,0,0,63761,,,
7ffda81a-ac01-44a3-aed7-a9893a5bc00a,Foot And Mouth Disease,ICD11_1F05,round4,2023-09-26T00:00:00,2023-10-23T00:00:00,country_IN,India,state_29,Karnataka,district_540,Haveri,4081,1289,5370,74,29,103,0,0,0,118803,,,
26f7d7f4-728d-4402-b972-7b351e9cb9a9,Foot And Mouth Disease,ICD11_1F05,round4,2023-09-26T00:00:00,2023-10-23T00:00:00,country_IN,India,state_29,Karnataka,district_550,Uttara Kannada,7685,1477,9162,77,11,88,0,0,0,66679,,,
31be8ba9-e163-44b3-9bb0-ce4ba9663af2,Foot And Mouth Disease,ICD11_1F05,round4,2023-09-26T00:00:00,2023-10-23T00:00:00,country_IN,India,state_29,Karnataka,district_530,Vijayapura,2514,2769,5283,70,59,129,0,0,0,133413,,,
d5bc897d-3178-4d4a-adb1-542a2e0a9bcf,Foot And Mouth Disease,ICD11_1F05,round4,2023-09-26T00:00:00,2023-10-23T00:00:00,country_IN,India,state_29,Karnataka,district_528,Ballari,915,784,1699,8,0,8,0,0,0,51794,,,
085a2fe9-28ef-4d08-8dfa-0d605ac01229,Foot And Mouth Disease,ICD11_1F05,round4,2023-09-26T00:00:00,2023-10-23T00:00:00,country_IN,India,state_29,Karnataka,district_529,Bidar,1165,1381,2546,16,13,29,0,0,0,98306,,,
1f0f8259-5c78-4750-9cab-f0d3bac8f844,Foot And Mouth Disease,ICD11_1F05,round4,2023-09-26T00:00:00,2023-10-23T00:00:00,country_IN,India,state_29,Karnataka,district_543,Koppal,1030,622,1652,54,45,99,0,0,0,91883,,,
93849321-ac0d-4e0e-a623-aeab0d732538,Foot And Mouth Disease,ICD11_1F05,round4,2023-09-26T00:00:00,2023-10-23T00:00:00,country_IN,India,state_29,Karnataka,district_538,Kalaburagi,3305,585,3890,91,26,117,0,0,0,120632,,,
ec9919ba-d975-4543-ae62-ccee1b9672b4,Foot And Mouth Disease,ICD11_1F05,round4,2023-09-26T00:00:00,2023-10-23T00:00:00,country_IN,India,state_29,Karnataka,district_546,Raichur,4496,2003,6499,10,1,11,0,0,0,190249,,,
fa11d83a-67ce-49c6-91a8-0acd5cf0d995,Foot And Mouth Disease,ICD11_1F05,round4,2023-09-26T00:00:00,2023-10-23T00:00:00,country_IN,India,state_29,Karnataka,district_635,Yadgir,0,0,0,0,0,0,0,0,0,95752,,,
09ba1d1d-2ab6-4b17-9967-62d06aa94a5b,Foot And Mouth Disease,ICD11_1F05,round4,2023-09-26T00:00:00,2023-10-23T00:00:00,country_IN,India,state_29,Karnataka,district_738,Vijayanagar,966,358,1324,0,0,0,0,0,0,106154,,,
eeef259b-2084-4254-a416-ec94d4c79be9,Foot And Mouth Disease,ICD11_1F05,round4,2023-09-26T00:00:00,2023-10-11T00:00:00,country_IN,India,state_29,Karnataka,district_525,Bengaluru Urban,5434,120,5554,256,2,258,0,0,0,21911,,,
ddb29cd4-5668-40f3-b029-72ad1c7b4be9,Foot And Mouth Disease,ICD11_1F05,round4,2023-09-26T00:00:00,2023-10-11T00:00:00,country_IN,India,state_29,Karnataka,district_526,Bengaluru Rural,5841,250,6091,163,3,166,0,0,0,39526,,,
0ab444c3-e74c-485c-bdf9-576046002051,Foot And Mouth Disease,ICD11_1F05,round4,2023-09-26T00:00:00,2023-10-11T00:00:00,country_IN,India,state_29,Karnataka,district_533,Chitradurga,8013,3482,11495,126,28,154,0,0,0,79617,,,
00a1227b-88a0-43b8-b90f-b4af6b607b2b,Foot And Mouth Disease,ICD11_1F05,round4,2023-09-26T00:00:00,2023-10-11T00:00:00,country_IN,India,state_29,Karnataka,district_630,Chikkaballapura,7224,805,8029,125,15,140,0,0,0,51803,,,
7a347218-16b2-4a9c-a872-03167d618979,Foot And Mouth Disease,ICD11_1F05,round4,2023-09-26T00:00:00,2023-10-11T00:00:00,country_IN,India,state_29,Karnataka,district_535,Davangere,8575,3051,11626,460,134,594,0,0,0,68074,,,
a3cfdab9-3a0c-42c2-ba2c-f6a66e498277,Foot And Mouth Disease,ICD11_1F05,round4,2023-09-26T00:00:00,2023-10-11T00:00:00,country_IN,India,state_29,Karnataka,district_542,Kolar,3983,326,4309,152,11,163,0,0,0,80437,,,
fc74f39c-0794-450b-b16a-6a0b730fca66,Foot And Mouth Disease,ICD11_1F05,round4,2023-09-26T00:00:00,2023-10-11T00:00:00,country_IN,India,state_29,Karnataka,district_631,Ramanagara,10884,217,11101,333,10,343,0,0,0,49498,,,
4576af65-5d8e-4bb2-a1e5-3b29318871c5,Foot And Mouth Disease,ICD11_1F05,round4,2023-09-26T00:00:00,2023-10-11T00:00:00,country_IN,India,state_29,Karnataka,district_547,Shivamogga,16158,3291,19449,286,40,326,0,0,0,60907,,,
93d98034-3996-4629-890e-464bf4736e0f,Foot And Mouth Disease,ICD11_1F05,round4,2023-09-26T00:00:00,2023-10-11T00:00:00,country_IN,India,state_29,Karnataka,district_548,Tumakuru,19693,5298,24991,704,181,885,0,0,0,129192,,,
d8fa430e-fe45-4968-85b5-dfff37290d15,Foot And Mouth Disease,ICD11_1F05,round4,2023-09-26T00:00:00,2023-10-11T00:00:00,country_IN,India,state_29,Karnataka,district_531,Chamarajanagara,7196,106,7302,90,1,91,0,0,0,39355,,,
80f6d809-97b3-491c-a7e5-d92a0a869ce9,Foot And Mouth Disease,ICD11_1F05,round4,2023-09-26T00:00:00,2023-10-11T00:00:00,country_IN,India,state_29,Karnataka,district_532,Chikkamagaluru,10448,833,11281,163,2,165,0,0,0,52082,,,
5bacafeb-2f2b-4e63-a2f3-aa2390b777d5,Foot And Mouth Disease,ICD11_1F05,round4,2023-09-26T00:00:00,2023-10-11T00:00:00,country_IN,India,state_29,Karnataka,district_534,Dakshina Kannada,8097,25,8122,201,0,201,0,0,0,42634,,,
bf305611-0ced-4131-b6ad-46e4b7da4f22,Foot And Mouth Disease,ICD11_1F05,round4,2023-09-26T00:00:00,2023-10-11T00:00:00,country_IN,India,state_29,Karnataka,district_539,Hassan,22524,3215,25739,199,44,243,0,0,0,137216,,,
922b0aea-7847-4d27-b0ca-07d61f05fc0a,Foot And Mouth Disease,ICD11_1F05,round4,2023-09-26T00:00:00,2023-10-11T00:00:00,country_IN,India,state_29,Karnataka,district_541,Kodagu,1681,54,1735,57,0,57,0,0,0,6805,,,
7ee31447-da10-43f1-8ef2-49145f93997e,Foot And Mouth Disease,ICD11_1F05,round4,2023-09-26T00:00:00,2023-10-11T00:00:00,country_IN,India,state_29,Karnataka,district_545,Mysuru,25371,805,26176,615,13,628,0,0,0,106979,,,
568e4904-ff24-4e28-a64e-5c7beb24571e,Foot And Mouth Disease,ICD11_1F05,round4,2023-09-26T00:00:00,2023-10-11T00:00:00,country_IN,India,state_29,Karnataka,district_544,Mandya,15663,4748,20411,166,51,217,0,0,0,118520,,,
80f7a217-0790-4940-82d1-99715516cacc,Foot And Mouth Disease,ICD11_1F05,round4,2023-09-26T00:00:00,2023-10-11T00:00:00,country_IN,India,state_29,Karnataka,district_549,Udupi,9552,7,9559,39,0,39,0,0,0,29858,,,
906b75b5-025b-4ea4-81ad-5de1c50fae8a,Foot And Mouth Disease,ICD11_1F05,round4,2023-09-26T00:00:00,2023-10-11T00:00:00,country_IN,India,state_29,Karnataka,district_527,Belagavi,20321,32935,53256,200,309,509,0,0,0,381578,,,
4b270b7a-9a27-4207-8dc2-1d016a1f5285,Foot And Mouth Disease,ICD11_1F05,round4,2023-09-26T00:00:00,2023-10-11T00:00:00,country_IN,India,state_29,Karnataka,district_524,Bagalkote,9071,10693,19764,53,92,145,0,0,0,103494,,,
0d9a36e7-e639-46f8-a4b6-113e6631ed87,Foot And Mouth Disease,ICD11_1F05,round4,2023-09-26T00:00:00,2023-10-11T00:00:00,country_IN,India,state_29,Karnataka,district_536,Dharwad,3407,1461,4868,84,28,112,0,0,0,44387,,,
c65a2901-49ea-4872-a0a9-5bc61fb95b68,Foot And Mouth Disease,ICD11_1F05,round4,2023-09-26T00:00:00,2023-10-11T00:00:00,country_IN,India,state_29,Karnataka,district_537,Gadag,3928,1513,5441,12,6,18,0,0,0,48728,,,
dbbad6b9-0f45-4278-8031-153fb08619c5,Foot And Mouth Disease,ICD11_1F05,round4,2023-09-26T00:00:00,2023-10-11T00:00:00,country_IN,India,state_29,Karnataka,district_540,Haveri,12041,3433,15474,266,129,395,0,0,0,78778,,,
11234b72-6e87-40de-aebd-c40d9e9726c5,Foot And Mouth Disease,ICD11_1F05,round4,2023-09-26T00:00:00,2023-10-11T00:00:00,country_IN,India,state_29,Karnataka,district_550,Uttara Kannada,8111,1730,9841,79,12,91,0,0,0,36302,,,
550e1b7c-b089-45ff-a225-88253a2bdb50,Foot And Mouth Disease,ICD11_1F05,round4,2023-09-26T00:00:00,2023-10-11T00:00:00,country_IN,India,state_29,Karnataka,district_530,Vijayapura,6156,5920,12076,102,116,218,0,0,0,99948,,,
baacf392-5b9b-4d88-82e6-3c867eda0c9e,Foot And Mouth Disease,ICD11_1F05,round4,2023-09-26T00:00:00,2023-10-11T00:00:00,country_IN,India,state_29,Karnataka,district_528,Ballari,3498,2150,5648,48,25,73,0,0,0,40745,,,
66f5c827-c65a-4878-a6ae-345d88fc69c7,Foot And Mouth Disease,ICD11_1F05,round4,2023-09-26T00:00:00,2023-10-11T00:00:00,country_IN,India,state_29,Karnataka,district_529,Bidar,4439,3667,8106,37,50,87,0,0,0,73574,,,
78f55b88-4185-46ab-8286-dda8367311c4,Foot And Mouth Disease,ICD11_1F05,round4,2023-09-26T00:00:00,2023-10-11T00:00:00,country_IN,India,state_29,Karnataka,district_543,Koppal,5286,1529,6815,197,73,270,0,0,0,63754,,,
c6ba8cca-8670-4173-ba61-358af2071195,Foot And Mouth Disease,ICD11_1F05,round4,2023-09-26T00:00:00,2023-10-11T00:00:00,country_IN,India,state_29,Karnataka,district_538,Kalaburagi,10781,1916,12697,84,23,107,0,0,0,92658,,,
3d530998-a3b7-4589-a735-ad5bc7325128,Foot And Mouth Disease,ICD11_1F05,round4,2023-09-26T00:00:00,2023-10-11T00:00:00,country_IN,India,state_29,Karnataka,district_546,Raichur,6657,2047,8704,0,0,0,0,0,0,162545,,,
5f8496b3-740a-488b-966b-3f0b98cad2b9,Foot And Mouth Disease,ICD11_1F05,round4,2023-09-26T00:00:00,2023-10-11T00:00:00,country_IN,India,state_29,Karnataka,district_635,Yadgir,10011,2616,12627,10,5,15,0,0,0,80710,,,
d37553b2-63ca-455b-9139-db53567cf73c,Foot And Mouth Disease,ICD11_1F05,round4,2023-09-26T00:00:00,2023-10-11T00:00:00,country_IN,India,state_29,Karnataka,district_738,Vijayanagar,6618,2641,9259,91,46,137,0,0,0,84047,,,
b38a8a89-0811-4f50-8fbf-e1406bff6340,Foot And Mouth Disease,ICD11_1F05,round4,2023-09-26T00:00:00,2023-10-04T00:00:00,country_IN,India,state_29,Karnataka,district_525,Bengaluru Urban,7147,131,7278,474,8,482,0,0,0,12486,,,
dd492930-d693-4272-ba0a-2d8a2cea5c55,Foot And Mouth Disease,ICD11_1F05,round4,2023-09-26T00:00:00,2023-10-04T00:00:00,country_IN,India,state_29,Karnataka,district_526,Bengaluru Rural,4697,315,5012,200,6,206,0,0,0,21329,,,
bda675e1-54f1-4264-ab73-03b505b73766,Foot And Mouth Disease,ICD11_1F05,round4,2023-09-26T00:00:00,2023-10-04T00:00:00,country_IN,India,state_29,Karnataka,district_533,Chitradurga,8097,4140,12237,98,50,148,0,0,0,44433,,,
892bc8b7-fca6-4a78-b442-f6c04ee640b6,Foot And Mouth Disease,ICD11_1F05,round4,2023-09-26T00:00:00,2023-10-04T00:00:00,country_IN,India,state_29,Karnataka,district_630,Chikkaballapura,5139,391,5530,159,10,169,0,0,0,29692,,,
5589eec6-cbc0-45b3-858d-85a3e7081307,Foot And Mouth Disease,ICD11_1F05,round4,2023-09-26T00:00:00,2023-10-04T00:00:00,country_IN,India,state_29,Karnataka,district_535,Davangere,11981,3176,15157,663,148,811,0,0,0,37200,,,
c737ee3b-0506-4e5e-b163-6998602d4025,Foot And Mouth Disease,ICD11_1F05,round4,2023-09-26T00:00:00,2023-10-04T00:00:00,country_IN,India,state_29,Karnataka,district_542,Kolar,10540,1098,11638,235,25,260,0,0,0,55570,,,
39665c6e-53a7-45d5-89b3-9f6f1ee58dd2,Foot And Mouth Disease,ICD11_1F05,round4,2023-09-26T00:00:00,2023-10-04T00:00:00,country_IN,India,state_29,Karnataka,district_631,Ramanagara,11357,429,11786,443,17,460,0,0,0,27454,,,
0e79ccd8-db49-4e3a-b97f-abf9a41f713f,Foot And Mouth Disease,ICD11_1F05,round4,2023-09-26T00:00:00,2023-10-04T00:00:00,country_IN,India,state_29,Karnataka,district_547,Shivamogga,16413,3481,19894,287,97,384,0,0,0,32082,,,
994172d7-5ad5-465c-9e01-94c551401c82,Foot And Mouth Disease,ICD11_1F05,round4,2023-09-26T00:00:00,2023-10-04T00:00:00,country_IN,India,state_29,Karnataka,district_548,Tumakuru,20983,5142,26125,556,138,694,0,0,0,70082,,,
f9aaf8ca-c8c9-4968-9c7b-d1dad200f57b,Foot And Mouth Disease,ICD11_1F05,round4,2023-09-26T00:00:00,2023-10-04T00:00:00,country_IN,India,state_29,Karnataka,district_531,Chamarajanagara,10968,252,11220,140,3,143,0,0,0,22605,,,
c3ca1bee-c28e-4597-8e6c-7a000b737b92,Foot And Mouth Disease,ICD11_1F05,round4,2023-09-26T00:00:00,2023-10-04T00:00:00,country_IN,India,state_29,Karnataka,district_532,Chikkamagaluru,10319,800,11119,63,3,66,0,0,0,25981,,,
6879b378-1239-4154-95fa-226ab1390f2f,Foot And Mouth Disease,ICD11_1F05,round4,2023-09-26T00:00:00,2023-10-04T00:00:00,country_IN,India,state_29,Karnataka,district_534,Dakshina Kannada,11235,12,11247,214,0,214,0,0,0,25572,,,
370d793a-a62b-48e2-a683-d6976b763049,Foot And Mouth Disease,ICD11_1F05,round4,2023-09-26T00:00:00,2023-10-04T00:00:00,country_IN,India,state_29,Karnataka,district_539,Hassan,22139,3663,25802,337,61,398,0,0,0,69400,,,
a8a377dc-60b6-4618-84fa-3972e93aa952,Foot And Mouth Disease,ICD11_1F05,round4,2023-09-26T00:00:00,2023-10-04T00:00:00,country_IN,India,state_29,Karnataka,district_541,Kodagu,1526,77,1603,132,0,132,0,0,0,3260,,,
e71b6ce2-e1f9-4656-b0df-3b0eb9dbe9f6,Foot And Mouth Disease,ICD11_1F05,round4,2023-09-26T00:00:00,2023-10-04T00:00:00,country_IN,India,state_29,Karnataka,district_545,Mysuru,21773,306,22079,572,5,577,0,0,0,51610,,,
6c313358-1ab3-4341-b1ed-24ac193d23dc,Foot And Mouth Disease,ICD11_1F05,round4,2023-09-26T00:00:00,2023-10-04T00:00:00,country_IN,India,state_29,Karnataka,district_544,Mandya,16926,4029,20955,242,22,264,0,0,0,63109,,,
c5f8ec22-f3fc-4011-a131-5cf1d544eabb,Foot And Mouth Disease,ICD11_1F05,round4,2023-09-26T00:00:00,2023-10-04T00:00:00,country_IN,India,state_29,Karnataka,district_549,Udupi,6730,24,6754,28,0,28,0,0,0,13976,,,
3120cb81-f6a9-4cab-8106-7f5f1ccdad8a,Foot And Mouth Disease,ICD11_1F05,round4,2023-09-26T00:00:00,2023-10-04T00:00:00,country_IN,India,state_29,Karnataka,district_527,Belagavi,18522,29537,48059,260,284,544,0,0,0,221871,,,
2c8778ab-d518-427b-a720-7f710e06f973,Foot And Mouth Disease,ICD11_1F05,round4,2023-09-26T00:00:00,2023-10-04T00:00:00,country_IN,India,state_29,Karnataka,district_524,Bagalkote,12417,11783,24200,85,103,188,0,0,0,59767,,,
90d5eb63-35f8-41c2-941d-bac459f547f2,Foot And Mouth Disease,ICD11_1F05,round4,2023-09-26T00:00:00,2023-10-04T00:00:00,country_IN,India,state_29,Karnataka,district_536,Dharwad,7197,2737,9934,85,59,144,0,0,0,26701,,,
89bd17a6-49ba-4b99-b438-a7d21cc3d77e,Foot And Mouth Disease,ICD11_1F05,round4,2023-09-26T00:00:00,2023-10-04T00:00:00,country_IN,India,state_29,Karnataka,district_537,Gadag,7176,2658,9834,96,88,184,0,0,0,26563,,,
5f97aa8e-9a03-49e1-9206-9673ea09d299,Foot And Mouth Disease,ICD11_1F05,round4,2023-09-26T00:00:00,2023-10-04T00:00:00,country_IN,India,state_29,Karnataka,district_540,Haveri,9610,3106,12716,135,72,207,0,0,0,38541,,,
ba0d55e7-46d0-4fc4-a641-67de7ad9073f,Foot And Mouth Disease,ICD11_1F05,round4,2023-09-26T00:00:00,2023-10-04T00:00:00,country_IN,India,state_29,Karnataka,district_550,Uttara Kannada,10743,2228,12971,113,5,118,0,0,0,18236,,,
d6fb63cb-d876-431b-9b03-8e8a2e4013bc,Foot And Mouth Disease,ICD11_1F05,round4,2023-09-26T00:00:00,2023-10-04T00:00:00,country_IN,India,state_29,Karnataka,district_530,Vijayapura,8791,8075,16866,168,150,318,0,0,0,58929,,,
6308b172-9d40-47b0-9745-31a007a8a26a,Foot And Mouth Disease,ICD11_1F05,round4,2023-09-26T00:00:00,2023-10-04T00:00:00,country_IN,India,state_29,Karnataka,district_528,Ballari,5264,3266,8530,52,35,87,0,0,0,23563,,,
26ee1590-a03a-4fd4-97e7-64101fd5af3f,Foot And Mouth Disease,ICD11_1F05,round4,2023-09-26T00:00:00,2023-10-04T00:00:00,country_IN,India,state_29,Karnataka,district_529,Bidar,7215,4995,12210,66,40,106,0,0,0,47014,,,
efb17f3b-0168-41ce-8370-6bb70708bab9,Foot And Mouth Disease,ICD11_1F05,round4,2023-09-26T00:00:00,2023-10-04T00:00:00,country_IN,India,state_29,Karnataka,district_543,Koppal,4757,960,5717,104,40,144,0,0,0,35098,,,
5e06bf0a-6f05-428c-a57f-ec23333363e1,Foot And Mouth Disease,ICD11_1F05,round4,2023-09-26T00:00:00,2023-10-04T00:00:00,country_IN,India,state_29,Karnataka,district_538,Kalaburagi,16738,2530,19268,224,47,271,0,0,0,55225,,,
89c9f921-5a88-4069-b560-c094f52798a7,Foot And Mouth Disease,ICD11_1F05,round4,2023-09-26T00:00:00,2023-10-04T00:00:00,country_IN,India,state_29,Karnataka,district_546,Raichur,12949,5323,18272,3,1,4,0,0,0,108206,,,
fb14e25e-7b42-4476-8d7b-1d1aedbc869d,Foot And Mouth Disease,ICD11_1F05,round4,2023-09-26T00:00:00,2023-10-04T00:00:00,country_IN,India,state_29,Karnataka,district_635,Yadgir,14040,2972,17012,41,10,51,0,0,0,47431,,,
5e6f3484-73e8-4b2f-8272-4c486ec28038,Foot And Mouth Disease,ICD11_1F05,round4,2023-09-26T00:00:00,2023-10-04T00:00:00,country_IN,India,state_29,Karnataka,district_738,Vijayanagar,10615,4058,14673,166,58,224,0,0,0,51959,,,
2c155372-1134-4c7d-990e-e655f1b5aa54,Foot And Mouth Disease,ICD11_1F05,round4,2023-09-26T00:00:00,2023-10-18T00:00:00,country_IN,India,state_29,Karnataka,district_525,Bengaluru Urban,2866,16,2882,143,0,143,0,0,0,25738,,,
9cd925f3-f2cd-4671-9bfd-24615f7a39d7,Foot And Mouth Disease,ICD11_1F05,round4,2023-09-26T00:00:00,2023-10-18T00:00:00,country_IN,India,state_29,Karnataka,district_526,Bengaluru Rural,2876,24,2900,76,0,76,0,0,0,47965,,,
31f04711-ab19-4c0a-8577-72dcb0f9d758,Foot And Mouth Disease,ICD11_1F05,round4,2023-09-26T00:00:00,2023-10-18T00:00:00,country_IN,India,state_29,Karnataka,district_533,Chitradurga,2697,1372,4069,19,8,27,0,0,0,100746,,,
281ad61d-2364-48bd-8d1a-e65cd60e7566,Foot And Mouth Disease,ICD11_1F05,round4,2023-09-26T00:00:00,2023-10-18T00:00:00,country_IN,India,state_29,Karnataka,district_630,Chikkaballapura,1847,289,2136,30,1,31,0,0,0,65020,,,
7e10df20-b683-4506-aea2-90f391a0afd4,Foot And Mouth Disease,ICD11_1F05,round4,2023-09-26T00:00:00,2023-10-18T00:00:00,country_IN,India,state_29,Karnataka,district_535,Davangere,3789,861,4650,352,76,428,0,0,0,86341,,,
8e27a18e-78b6-4796-b543-5ca4a44d31b8,Foot And Mouth Disease,ICD11_1F05,round4,2023-09-26T00:00:00,2023-10-18T00:00:00,country_IN,India,state_29,Karnataka,district_542,Kolar,4403,98,4501,29,0,29,0,0,0,93087,,,
9945aafb-cfdb-4d16-937e-6a67a53a7416,Foot And Mouth Disease,ICD11_1F05,round4,2023-09-26T00:00:00,2023-10-18T00:00:00,country_IN,India,state_29,Karnataka,district_631,Ramanagara,9010,473,9483,355,21,376,0,0,0,67816,,,
d2683180-379a-4e1b-92a6-9d81c458e0e1,Foot And Mouth Disease,ICD11_1F05,round4,2023-09-26T00:00:00,2023-10-18T00:00:00,country_IN,India,state_29,Karnataka,district_547,Shivamogga,19796,3731,23527,249,37,286,0,0,0,90421,,,
983bd481-8e75-4e10-ad26-11992339ce8c,Foot And Mouth Disease,ICD11_1F05,round4,2023-09-26T00:00:00,2023-10-18T00:00:00,country_IN,India,state_29,Karnataka,district_548,Tumakuru,11689,3012,14701,321,61,382,0,0,0,175599,,,
d7b85838-7659-45a1-a86f-51cb7d23ee90,Foot And Mouth Disease,ICD11_1F05,round4,2023-09-26T00:00:00,2023-10-18T00:00:00,country_IN,India,state_29,Karnataka,district_531,Chamarajanagara,6646,313,6959,126,0,126,0,0,0,48388,,,
f17268d5-5a36-445e-8f48-2d5f2e5f812b,Foot And Mouth Disease,ICD11_1F05,round4,2023-09-26T00:00:00,2023-10-18T00:00:00,country_IN,India,state_29,Karnataka,district_532,Chikkamagaluru,6525,700,7225,44,2,46,0,0,0,70535,,,
bf527841-790e-49f4-8296-573b641030a2,Foot And Mouth Disease,ICD11_1F05,round4,2023-09-26T00:00:00,2023-10-18T00:00:00,country_IN,India,state_29,Karnataka,district_534,Dakshina Kannada,4440,6,4446,68,0,68,0,0,0,53825,,,
0b97268c-e32d-45d3-a15c-be97ab1f97f4,Foot And Mouth Disease,ICD11_1F05,round4,2023-09-26T00:00:00,2023-10-18T00:00:00,country_IN,India,state_29,Karnataka,district_539,Hassan,19851,3225,23076,262,37,299,0,0,0,182362,,,
d36dff84-dad7-4472-a274-64af3761c448,Foot And Mouth Disease,ICD11_1F05,round4,2023-09-26T00:00:00,2023-10-18T00:00:00,country_IN,India,state_29,Karnataka,district_541,Kodagu,437,24,461,47,0,47,0,0,0,9368,,,
48e3cb59-d6bd-4d70-9982-2553fc850f58,Foot And Mouth Disease,ICD11_1F05,round4,2023-09-26T00:00:00,2023-10-18T00:00:00,country_IN,India,state_29,Karnataka,district_545,Mysuru,11837,561,12398,268,10,278,0,0,0,140269,,,
8ec76fbe-fc5d-49e4-ac44-3015464ddc5e,Foot And Mouth Disease,ICD11_1F05,round4,2023-09-26T00:00:00,2023-10-18T00:00:00,country_IN,India,state_29,Karnataka,district_544,Mandya,9320,2519,11839,162,18,180,0,0,0,152703,,,
ba019be0-f8ef-4143-981f-15e82ad2177c,Foot And Mouth Disease,ICD11_1F05,round4,2023-09-26T00:00:00,2023-10-18T00:00:00,country_IN,India,state_29,Karnataka,district_549,Udupi,12167,38,12205,32,0,32,0,0,0,46294,,,
867dd95a-da70-4b13-89a7-053604c1a5be,Foot And Mouth Disease,ICD11_1F05,round4,2023-09-26T00:00:00,2023-10-18T00:00:00,country_IN,India,state_29,Karnataka,district_527,Belagavi,10018,18375,28393,109,163,272,0,0,0,495412,,,
fdd5d9dc-8871-4101-9a0d-fbc9b9f4aa93,Foot And Mouth Disease,ICD11_1F05,round4,2023-09-26T00:00:00,2023-10-18T00:00:00,country_IN,India,state_29,Karnataka,district_524,Bagalkote,7209,7978,15187,76,105,181,0,0,0,137969,,,
279be858-d2fe-487d-a650-8d54efcf8dc0,Foot And Mouth Disease,ICD11_1F05,round4,2023-09-26T00:00:00,2023-10-18T00:00:00,country_IN,India,state_29,Karnataka,district_536,Dharwad,2110,1006,3116,56,19,75,0,0,0,57593,,,
d9bab3b1-3523-4282-9997-83e2220a7779,Foot And Mouth Disease,ICD11_1F05,round4,2023-09-26T00:00:00,2023-10-18T00:00:00,country_IN,India,state_29,Karnataka,district_537,Gadag,2813,1330,4143,14,6,20,0,0,0,60688,,,
daa113b3-c2ae-4011-80a0-f666080048ea,Foot And Mouth Disease,ICD11_1F05,round4,2023-09-26T00:00:00,2023-10-18T00:00:00,country_IN,India,state_29,Karnataka,district_540,Haveri,9986,3350,13336,636,350,986,0,0,0,107799,,,
c2a941ce-2b83-48ce-b33a-d30e773c2294,Foot And Mouth Disease,ICD11_1F05,round4,2023-09-26T00:00:00,2023-10-18T00:00:00,country_IN,India,state_29,Karnataka,district_550,Uttara Kannada,11139,1877,13016,135,14,149,0,0,0,55253,,,
09f36a61-6a1c-4201-8030-7ca7a975317a,Foot And Mouth Disease,ICD11_1F05,round4,2023-09-26T00:00:00,2023-10-18T00:00:00,country_IN,India,state_29,Karnataka,district_530,Vijayapura,3406,3605,7011,32,41,73,0,0,0,124821,,,
a386669b-2eb7-4b8c-95e3-fe6cdbcdda62,Foot And Mouth Disease,ICD11_1F05,round4,2023-09-26T00:00:00,2023-10-18T00:00:00,country_IN,India,state_29,Karnataka,district_528,Ballari,1913,1214,3127,17,12,29,0,0,0,49567,,,
ec0ca3c1-03b5-4496-baaf-323cece3bbe3,Foot And Mouth Disease,ICD11_1F05,round4,2023-09-26T00:00:00,2023-10-18T00:00:00,country_IN,India,state_29,Karnataka,district_529,Bidar,2056,1556,3612,11,7,18,0,0,0,92081,,,
c28e340a-96d7-4b4f-a14b-3fd8b97e5723,Foot And Mouth Disease,ICD11_1F05,round4,2023-09-26T00:00:00,2023-10-18T00:00:00,country_IN,India,state_29,Karnataka,district_543,Koppal,7798,1466,9264,180,37,217,0,0,0,85802,,,
a096a13a-61d4-4082-9fc2-5809db082fe4,Foot And Mouth Disease,ICD11_1F05,round4,2023-09-26T00:00:00,2023-10-18T00:00:00,country_IN,India,state_29,Karnataka,district_538,Kalaburagi,6611,775,7386,48,8,56,0,0,0,113272,,,
5ff1145e-f781-4ac5-8241-512f78380bd1,Foot And Mouth Disease,ICD11_1F05,round4,2023-09-26T00:00:00,2023-10-18T00:00:00,country_IN,India,state_29,Karnataka,district_546,Raichur,2788,2217,5005,0,0,0,0,0,0,183809,,,
020f77b2-c6db-419a-9ab7-15e535a3f448,Foot And Mouth Disease,ICD11_1F05,round4,2023-09-26T00:00:00,2023-10-18T00:00:00,country_IN,India,state_29,Karnataka,district_635,Yadgir,1735,259,1994,3,1,4,0,0,0,95381,,,
4006137e-8238-4945-934f-ee6018f35481,Foot And Mouth Disease,ICD11_1F05,round4,2023-09-26T00:00:00,2023-10-18T00:00:00,country_IN,India,state_29,Karnataka,district_738,Vijayanagar,1555,1217,2772,28,27,55,0,0,0,103542,,,
441a5469-d751-4e45-a1df-84483d353883,Foot And Mouth Disease,ICD11_1F05,round4,2023-09-26T00:00:00,2023-10-26T00:00:00,country_IN,India,state_29,Karnataka,district_525,Bengaluru Urban,700,57,127,0,0,0,0,0,0,27281,,,
cb7cc153-29f0-4985-9938-ed838bc1cc54,Foot And Mouth Disease,ICD11_1F05,round4,2023-09-26T00:00:00,2023-10-26T00:00:00,country_IN,India,state_29,Karnataka,district_526,Bengaluru Rural,2830,47,330,12,2,14,0,0,0,48903,,,
ee5d5351-404a-497c-9d36-1948b859cb3f,Foot And Mouth Disease,ICD11_1F05,round4,2023-09-26T00:00:00,2023-10-26T00:00:00,country_IN,India,state_29,Karnataka,district_533,Chitradurga,23080,1080,3388,5,3,8,0,0,0,110145,,,
f93c081f-f88c-4381-a661-a6df681ce6c8,Foot And Mouth Disease,ICD11_1F05,round4,2023-09-26T00:00:00,2023-10-26T00:00:00,country_IN,India,state_29,Karnataka,district_630,Chikkaballapura,18720,78,1950,6,0,6,0,0,0,71802,,,
773de961-2788-47ac-a518-8643f432ca79,Foot And Mouth Disease,ICD11_1F05,round4,2023-09-26T00:00:00,2023-10-26T00:00:00,country_IN,India,state_29,Karnataka,district_535,Davangere,13940,441,1835,96,30,126,32,11,43,95086,,,
9ca1bde2-aa8c-4851-9565-c15ea9c06034,Foot And Mouth Disease,ICD11_1F05,round4,2023-09-26T00:00:00,2023-10-26T00:00:00,country_IN,India,state_29,Karnataka,district_542,Kolar,0,0,0,0,0,0,0,0,0,96959,,,
2a2887f5-6da2-4d15-a699-18b91ee8bea0,Foot And Mouth Disease,ICD11_1F05,round4,2023-09-26T00:00:00,2023-10-26T00:00:00,country_IN,India,state_29,Karnataka,district_631,Ramanagara,38040,262,4066,293,22,315,0,0,0,75527,,,
a0573a47-4a2f-4eeb-9e91-df14b045914b,Foot And Mouth Disease,ICD11_1F05,round4,2023-09-26T00:00:00,2023-10-26T00:00:00,country_IN,India,state_29,Karnataka,district_547,Shivamogga,28870,1092,3979,9,9,18,0,0,0,116067,,,
2ebbd38f-e0c2-460c-940a-9a118c2ecca9,Foot And Mouth Disease,ICD11_1F05,round4,2023-09-26T00:00:00,2023-10-26T00:00:00,country_IN,India,state_29,Karnataka,district_548,Tumakuru,31930,999,4192,79,16,95,53,26,79,199657,,,
bc4942d9-b779-46ea-a182-5fdab5ef055d,Foot And Mouth Disease,ICD11_1F05,round4,2023-09-26T00:00:00,2023-10-26T00:00:00,country_IN,India,state_29,Karnataka,district_531,Chamarajanagara,54420,2,5444,38,0,38,0,0,0,58921,,,
b20c7485-269f-46f5-a2b3-427daa0522f3,Foot And Mouth Disease,ICD11_1F05,round4,2023-09-26T00:00:00,2023-10-26T00:00:00,country_IN,India,state_29,Karnataka,district_532,Chikkamagaluru,16290,138,1767,99,6,105,0,0,0,79243,,,
237f99d9-85a7-45cd-a8c7-857b29660cd7,Foot And Mouth Disease,ICD11_1F05,round4,2023-09-26T00:00:00,2023-10-26T00:00:00,country_IN,India,state_29,Karnataka,district_534,Dakshina Kannada,6410,0,641,42,0,42,0,0,0,61522,,,
1873cc76-8dd4-43d0-aef7-35d16025cbd6,Foot And Mouth Disease,ICD11_1F05,round4,2023-09-26T00:00:00,2023-10-26T00:00:00,country_IN,India,state_29,Karnataka,district_539,Hassan,9270,196,1123,104,8,112,0,0,0,208767,,,
ad09f542-5dcb-45aa-b4bf-2faab29c46c0,Foot And Mouth Disease,ICD11_1F05,round4,2023-09-26T00:00:00,2023-10-26T00:00:00,country_IN,India,state_29,Karnataka,district_541,Kodagu,17770,78,1855,16,0,16,0,0,0,12981,,,
f79cc045-aa21-4faf-ae44-58e55dc72691,Foot And Mouth Disease,ICD11_1F05,round4,2023-09-26T00:00:00,2023-10-26T00:00:00,country_IN,India,state_29,Karnataka,district_545,Mysuru,43530,168,4521,96,0,96,47,4,51,160429,,,
6e6c3193-efd1-4253-ade5-7bffd46472d7,Foot And Mouth Disease,ICD11_1F05,round4,2023-09-26T00:00:00,2023-10-26T00:00:00,country_IN,India,state_29,Karnataka,district_544,Mandya,28050,1198,4003,8,0,8,0,0,0,167524,,,
56afc25c-1768-49cc-af50-2d82e6059713,Foot And Mouth Disease,ICD11_1F05,round4,2023-09-26T00:00:00,2023-10-26T00:00:00,country_IN,India,state_29,Karnataka,district_549,Udupi,57670,48,5815,146,0,146,0,0,0,62930,,,
6363c52e-d852-4d69-b294-26566c929dda,Foot And Mouth Disease,ICD11_1F05,round4,2023-09-26T00:00:00,2023-10-26T00:00:00,country_IN,India,state_29,Karnataka,district_527,Belagavi,27830,4395,7178,173,200,373,0,0,0,576596,,,
09e221f6-ecc1-4fe7-8195-9474aaba5a73,Foot And Mouth Disease,ICD11_1F05,round4,2023-09-26T00:00:00,2023-10-26T00:00:00,country_IN,India,state_29,Karnataka,district_524,Bagalkote,30750,4341,7416,111,112,223,0,0,0,155467,,,
2ac6b3a3-a5f3-473c-87db-dc426dc5b301,Foot And Mouth Disease,ICD11_1F05,round4,2023-09-26T00:00:00,2023-10-26T00:00:00,country_IN,India,state_29,Karnataka,district_536,Dharwad,23990,774,3173,254,78,332,0,0,0,65658,,,
9c23381c-189f-4827-8417-ecc80d9c55f5,Foot And Mouth Disease,ICD11_1F05,round4,2023-09-26T00:00:00,2023-10-26T00:00:00,country_IN,India,state_29,Karnataka,district_537,Gadag,21400,869,3009,2,0,2,0,0,0,66476,,,
e8042e66-665d-47cc-bade-f7b0b50fe85b,Foot And Mouth Disease,ICD11_1F05,round4,2023-09-26T00:00:00,2023-10-26T00:00:00,country_IN,India,state_29,Karnataka,district_540,Haveri,11630,392,1555,63,48,111,0,0,0,121751,,,
aedc116c-29e3-415e-ba5d-0ed8088ce759,Foot And Mouth Disease,ICD11_1F05,round4,2023-09-26T00:00:00,2023-10-26T00:00:00,country_IN,India,state_29,Karnataka,district_550,Uttara Kannada,78580,1295,9153,103,12,115,0,0,0,76169,,,
38eb5f3a-87b9-497e-973e-218a470ad0ef,Foot And Mouth Disease,ICD11_1F05,round4,2023-09-26T00:00:00,2023-10-26T00:00:00,country_IN,India,state_29,Karnataka,district_530,Vijayapura,5520,831,1383,4,2,6,0,0,0,140031,,,
a7cd611b-e12b-4b24-845b-63ec0be490cf,Foot And Mouth Disease,ICD11_1F05,round4,2023-09-26T00:00:00,2023-10-26T00:00:00,country_IN,India,state_29,Karnataka,district_528,Ballari,4460,574,1020,54,99,153,0,0,0,52509,,,
efd3be72-22b2-4e39-b691-53755818ea71,Foot And Mouth Disease,ICD11_1F05,round4,2023-09-26T00:00:00,2023-10-26T00:00:00,country_IN,India,state_29,Karnataka,district_529,Bidar,23160,1668,3984,16,23,39,0,0,0,105156,,,
da60b2da-47fd-414d-adcd-8763543fbba9,Foot And Mouth Disease,ICD11_1F05,round4,2023-09-26T00:00:00,2023-10-26T00:00:00,country_IN,India,state_29,Karnataka,district_543,Koppal,26930,640,3333,22,5,27,0,0,0,94252,,,
22b2d1dd-b147-4d51-ae66-64443ca6cdaa,Foot And Mouth Disease,ICD11_1F05,round4,2023-09-26T00:00:00,2023-10-26T00:00:00,country_IN,India,state_29,Karnataka,district_538,Kalaburagi,26710,108,2779,3,0,3,0,0,0,123410,,,
aa72e570-c0ef-4e77-8a6d-2f53222e20fc,Foot And Mouth Disease,ICD11_1F05,round4,2023-09-26T00:00:00,2023-10-26T00:00:00,country_IN,India,state_29,Karnataka,district_546,Raichur,,0,0,0,0,0,0,0,0,196041,,,
22d2e944-a153-426c-b503-49429b3b3c14,Foot And Mouth Disease,ICD11_1F05,round4,2023-09-26T00:00:00,2023-10-26T00:00:00,country_IN,India,state_29,Karnataka,district_635,Yadgir,0,0,0,0,0,0,0,0,0,96177,,,
043f4edd-e412-45fc-9b64-6a154825c29c,Foot And Mouth Disease,ICD11_1F05,round4,2023-09-26T00:00:00,2023-10-26T00:00:00,country_IN,India,state_29,Karnataka,district_738,Vijayanagar,6610,486,1147,16,17,33,0,0,0,108033,,,
bd94cc69-f091-4090-99b6-f1225d5c29ec,Foot And Mouth Disease,ICD11_1F05,round4,2023-09-26T00:00:00,2023-10-29T00:00:00,country_IN,India,state_29,Karnataka,district_525,Bengaluru Urban,16,0,16,0,0,0,0,0,0,27311,,,
fbb97faf-36dd-4877-9d60-590c709b8f49,Foot And Mouth Disease,ICD11_1F05,round4,2023-09-26T00:00:00,2023-10-29T00:00:00,country_IN,India,state_29,Karnataka,district_526,Bengaluru Rural,0,0,0,0,0,0,0,0,0,48903,,,
816f5568-a05e-4255-9c57-46dc4da6e440,Foot And Mouth Disease,ICD11_1F05,round4,2023-09-26T00:00:00,2023-10-29T00:00:00,country_IN,India,state_29,Karnataka,district_533,Chitradurga,100,79,179,0,0,0,0,0,0,110407,,,
aee60db2-e866-4614-9b15-fea0095eccae,Foot And Mouth Disease,ICD11_1F05,round4,2023-09-26T00:00:00,2023-10-29T00:00:00,country_IN,India,state_29,Karnataka,district_630,Chikkaballapura,0,0,0,0,0,0,0,0,0,72060,,,
4141e34f-e91f-4e3f-8433-59605a273b1a,Foot And Mouth Disease,ICD11_1F05,round4,2023-09-26T00:00:00,2023-10-29T00:00:00,country_IN,India,state_29,Karnataka,district_535,Davangere,145,41,186,6,1,7,0,0,0,95616,,,
708965be-c720-48e3-8be6-c87c9af3cd58,Foot And Mouth Disease,ICD11_1F05,round4,2023-09-26T00:00:00,2023-10-29T00:00:00,country_IN,India,state_29,Karnataka,district_542,Kolar,0,0,0,0,0,0,0,0,0,96995,,,
f7a5587a-1500-49d3-bb79-041baf1b533e,Foot And Mouth Disease,ICD11_1F05,round4,2023-09-26T00:00:00,2023-10-29T00:00:00,country_IN,India,state_29,Karnataka,district_631,Ramanagara,55,0,55,5,0,5,0,0,0,76729,,,
3e8d8770-633e-45e9-9f66-f502a8a4f41d,Foot And Mouth Disease,ICD11_1F05,round4,2023-09-26T00:00:00,2023-10-29T00:00:00,country_IN,India,state_29,Karnataka,district_547,Shivamogga,124,146,270,0,0,0,0,0,0,118820,,,
14cde280-4a07-48db-804f-697987ce7565,Foot And Mouth Disease,ICD11_1F05,round4,2023-09-26T00:00:00,2023-10-29T00:00:00,country_IN,India,state_29,Karnataka,district_548,Tumakuru,94,18,112,0,0,0,94,18,112,200845,,,
5442d7a3-254d-4ee3-9535-680c3871bd79,Foot And Mouth Disease,ICD11_1F05,round4,2023-09-26T00:00:00,2023-10-29T00:00:00,country_IN,India,state_29,Karnataka,district_531,Chamarajanagara,1619,191,1810,8,0,8,0,0,0,60166,,,
b2191e7a-2bde-45c2-b17d-5a3aff6aeec0,Foot And Mouth Disease,ICD11_1F05,round4,2023-09-26T00:00:00,2023-10-29T00:00:00,country_IN,India,state_29,Karnataka,district_532,Chikkamagaluru,0,0,0,0,0,0,0,0,0,79742,,,
858cdcb0-d163-4f6b-8918-64e1066ae668,Foot And Mouth Disease,ICD11_1F05,round4,2023-09-26T00:00:00,2023-10-29T00:00:00,country_IN,India,state_29,Karnataka,district_534,Dakshina Kannada,0,0,0,0,0,0,0,0,0,61537,,,
31acd8e2-b99c-4156-83fa-14dde02e9dce,Foot And Mouth Disease,ICD11_1F05,round4,2023-09-26T00:00:00,2023-10-29T00:00:00,country_IN,India,state_29,Karnataka,district_539,Hassan,0,0,0,0,0,0,100,0,100,209479,,,
680bd9cc-c017-483b-b73c-4e750629f07b,Foot And Mouth Disease,ICD11_1F05,round4,2023-09-26T00:00:00,2023-10-29T00:00:00,country_IN,India,state_29,Karnataka,district_541,Kodagu,137,0,137,0,0,0,0,0,0,13975,,,
d3623dc3-42f0-4c9e-960f-803a942b204d,Foot And Mouth Disease,ICD11_1F05,round4,2023-09-26T00:00:00,2023-10-29T00:00:00,country_IN,India,state_29,Karnataka,district_545,Mysuru,162,24,186,0,0,0,15,0,15,161948,,,
13cc2d2d-a1d0-4727-a63f-ed72a66108dd,Foot And Mouth Disease,ICD11_1F05,round4,2023-09-26T00:00:00,2023-10-29T00:00:00,country_IN,India,state_29,Karnataka,district_544,Mandya,692,132,824,0,0,0,0,0,0,168422,,,
fec4ec14-714d-4d51-8aa6-5da6a31d98fe,Foot And Mouth Disease,ICD11_1F05,round4,2023-09-26T00:00:00,2023-10-29T00:00:00,country_IN,India,state_29,Karnataka,district_549,Udupi,257,0,257,0,0,0,0,0,0,63349,,,
abc413f2-5084-4202-8240-b4bf3e3ed78d,Foot And Mouth Disease,ICD11_1F05,round4,2023-09-26T00:00:00,2023-10-29T00:00:00,country_IN,India,state_29,Karnataka,district_527,Belagavi,0,0,0,16,17,33,0,0,0,580975,,,
4da81e46-ce4b-4d38-8539-ce714551a209,Foot And Mouth Disease,ICD11_1F05,round4,2023-09-26T00:00:00,2023-10-29T00:00:00,country_IN,India,state_29,Karnataka,district_524,Bagalkote,162,809,647,1,0,1,15,42,57,158878,,,
94e31072-eff1-4bc6-b81d-52eb47041353,Foot And Mouth Disease,ICD11_1F05,round4,2023-09-26T00:00:00,2023-10-29T00:00:00,country_IN,India,state_29,Karnataka,district_536,Dharwad,10,0,10,0,0,0,0,0,0,65700,,,
abe509cd-111e-44bb-b475-9fcde3fd5bbf,Foot And Mouth Disease,ICD11_1F05,round4,2023-09-26T00:00:00,2023-10-29T00:00:00,country_IN,India,state_29,Karnataka,district_537,Gadag,0,0,0,0,0,0,0,0,0,66635,,,
7900f617-71b4-4d4d-98be-b082a85fe788,Foot And Mouth Disease,ICD11_1F05,round4,2023-09-26T00:00:00,2023-10-29T00:00:00,country_IN,India,state_29,Karnataka,district_540,Haveri,161,132,293,2,4,6,0,0,0,122469,,,
21570122-238f-43ab-accd-15c105436ec5,Foot And Mouth Disease,ICD11_1F05,round4,2023-09-26T00:00:00,2023-10-29T00:00:00,country_IN,India,state_29,Karnataka,district_550,Uttara Kannada,181,0,181,0,0,0,0,0,0,79158,,,
2eb5c433-6cb5-4ed3-821e-86f3eefd8aa6,Foot And Mouth Disease,ICD11_1F05,round4,2023-09-26T00:00:00,2023-10-29T00:00:00,country_IN,India,state_29,Karnataka,district_530,Vijayapura,50,117,167,0,0,0,0,0,0,140948,,,
5cc1dbf3-fc5d-4304-96a3-e4babbcd23f1,Foot And Mouth Disease,ICD11_1F05,round4,2023-09-26T00:00:00,2023-10-29T00:00:00,country_IN,India,state_29,Karnataka,district_528,Ballari,0,0,0,0,0,0,0,0,0,52994,,,
56c60d25-adc0-4199-a955-8c08553e5756,Foot And Mouth Disease,ICD11_1F05,round4,2023-09-26T00:00:00,2023-10-29T00:00:00,country_IN,India,state_29,Karnataka,district_529,Bidar,79,241,320,0,0,0,0,0,0,105911,,,
f69b71da-4d0c-49a0-b362-91695c8f036e,Foot And Mouth Disease,ICD11_1F05,round4,2023-09-26T00:00:00,2023-10-29T00:00:00,country_IN,India,state_29,Karnataka,district_543,Koppal,0,0,0,0,0,0,0,0,0,95685,,,
ded87e98-5b9a-442f-bb14-78142f330bb4,Foot And Mouth Disease,ICD11_1F05,round4,2023-09-26T00:00:00,2023-10-29T00:00:00,country_IN,India,state_29,Karnataka,district_538,Kalaburagi,3371,1204,4575,0,0,0,0,0,0,125311,,,
eb9e62df-30de-4c2f-aa71-0c89d1db60c6,Foot And Mouth Disease,ICD11_1F05,round4,2023-09-26T00:00:00,2023-10-29T00:00:00,country_IN,India,state_29,Karnataka,district_546,Raichur,0,0,0,0,0,0,0,0,0,197306,,,
9de8dd90-2570-4377-a10c-523ebedb3462,Foot And Mouth Disease,ICD11_1F05,round4,2023-09-26T00:00:00,2023-10-29T00:00:00,country_IN,India,state_29,Karnataka,district_635,Yadgir,224,235,459,0,0,0,0,0,0,96410,,,
49d45ceb-1e55-4b5e-879e-22af2619646e,Foot And Mouth Disease,ICD11_1F05,round4,2023-09-26T00:00:00,2023-10-29T00:00:00,country_IN,India,state_29,Karnataka,district_738,Vijayanagar,741,642,1383,9,9,18,0,0,0,109386,,,
9929bbbb-47a1-4e7d-b8b1-55eb050c6053,Foot And Mouth Disease,ICD11_1F05,round4,2023-09-26T00:00:00,2023-10-07T00:00:00,country_IN,India,state_29,Karnataka,district_525,Bengaluru Urban,6486,195,6681,373,21,394,0,0,0,17657,,,
fb38f71c-15f2-4240-b069-0f6027ca9fca,Foot And Mouth Disease,ICD11_1F05,round4,2023-09-26T00:00:00,2023-10-07T00:00:00,country_IN,India,state_29,Karnataka,district_526,Bengaluru Rural,7602,336,7938,207,3,210,0,0,0,31495,,,
9a8c5c76-fb6e-4cad-8571-ec0bbbf4792b,Foot And Mouth Disease,ICD11_1F05,round4,2023-09-26T00:00:00,2023-10-07T00:00:00,country_IN,India,state_29,Karnataka,district_533,Chitradurga,8715,4055,12770,90,45,135,0,0,0,62884,,,
94ec4eed-4b17-4da1-8f32-9327af12b33b,Foot And Mouth Disease,ICD11_1F05,round4,2023-09-26T00:00:00,2023-10-07T00:00:00,country_IN,India,state_29,Karnataka,district_630,Chikkaballapura,7300,744,8044,197,12,209,0,0,0,41375,,,
080a4650-b000-468a-b923-b47e45b341c5,Foot And Mouth Disease,ICD11_1F05,round4,2023-09-26T00:00:00,2023-10-07T00:00:00,country_IN,India,state_29,Karnataka,district_535,Davangere,7645,2470,10115,395,100,495,0,0,0,51902,,,
8ae07753-3ee7-4653-bf8a-61660cc7bb78,Foot And Mouth Disease,ICD11_1F05,round4,2023-09-26T00:00:00,2023-10-07T00:00:00,country_IN,India,state_29,Karnataka,district_542,Kolar,6258,334,6592,132,14,146,0,0,0,69574,,,
d85d0b5e-877c-47a9-87ec-680c127a6264,Foot And Mouth Disease,ICD11_1F05,round4,2023-09-26T00:00:00,2023-10-07T00:00:00,country_IN,India,state_29,Karnataka,district_631,Ramanagara,11483,267,11750,478,11,489,0,0,0,38545,,,
6b900ae1-68d8-4864-869e-85a496a5130f,Foot And Mouth Disease,ICD11_1F05,round4,2023-09-26T00:00:00,2023-10-07T00:00:00,country_IN,India,state_29,Karnataka,district_547,Shivamogga,15627,2634,18261,330,53,383,0,0,0,45969,,,
74fd493f-0471-4986-a280-e335edf2416e,Foot And Mouth Disease,ICD11_1F05,round4,2023-09-26T00:00:00,2023-10-07T00:00:00,country_IN,India,state_29,Karnataka,district_548,Tumakuru,18310,5291,23601,625,184,809,0,0,0,99758,,,
91c6dbb5-69e3-4f12-adbd-b65296495158,Foot And Mouth Disease,ICD11_1F05,round4,2023-09-26T00:00:00,2023-10-07T00:00:00,country_IN,India,state_29,Karnataka,district_531,Chamarajanagara,10197,176,10373,159,5,164,0,0,0,31527,,,
1dd55cb9-c6d2-45bd-9440-16e75042f063,Foot And Mouth Disease,ICD11_1F05,round4,2023-09-26T00:00:00,2023-10-07T00:00:00,country_IN,India,state_29,Karnataka,district_532,Chikkamagaluru,10522,732,11254,95,13,108,0,0,0,37749,,,
c5d5ceb4-50ec-49ce-8766-5d6f4cb6b748,Foot And Mouth Disease,ICD11_1F05,round4,2023-09-26T00:00:00,2023-10-07T00:00:00,country_IN,India,state_29,Karnataka,district_534,Dakshina Kannada,10994,24,11018,208,0,208,0,0,0,34779,,,
8ac47994-911c-48e7-a404-f882c9ded21c,Foot And Mouth Disease,ICD11_1F05,round4,2023-09-26T00:00:00,2023-10-07T00:00:00,country_IN,India,state_29,Karnataka,district_539,Hassan,23876,3969,27845,233,50,283,0,0,0,102747,,,
8965a1d4-79db-4edb-90da-3de4d7b68ec0,Foot And Mouth Disease,ICD11_1F05,round4,2023-09-26T00:00:00,2023-10-07T00:00:00,country_IN,India,state_29,Karnataka,district_541,Kodagu,2395,85,2480,85,0,85,0,0,0,4999,,,
613e2f32-6783-4ac8-bbf8-2f7c76ae0331,Foot And Mouth Disease,ICD11_1F05,round4,2023-09-26T00:00:00,2023-10-07T00:00:00,country_IN,India,state_29,Karnataka,district_545,Mysuru,21291,527,21818,436,0,436,0,0,0,77423,,,
7380ca60-281e-4abe-ad63-639717a4b0c3,Foot And Mouth Disease,ICD11_1F05,round4,2023-09-26T00:00:00,2023-10-07T00:00:00,country_IN,India,state_29,Karnataka,district_544,Mandya,18878,4424,23302,263,48,311,0,0,0,91488,,,
d9246361-a14b-4ba8-8f9e-7342325f7f07,Foot And Mouth Disease,ICD11_1F05,round4,2023-09-26T00:00:00,2023-10-07T00:00:00,country_IN,India,state_29,Karnataka,district_549,Udupi,8210,20,8230,70,0,70,0,0,0,21722,,,
619b8609-0bf0-4278-b733-80af3dbc1614,Foot And Mouth Disease,ICD11_1F05,round4,2023-09-26T00:00:00,2023-10-07T00:00:00,country_IN,India,state_29,Karnataka,district_527,Belagavi,17384,31165,48549,174,270,444,0,0,0,297871,,,
640eade3-3c09-4ac1-9297-27bf556dfd78,Foot And Mouth Disease,ICD11_1F05,round4,2023-09-26T00:00:00,2023-10-07T00:00:00,country_IN,India,state_29,Karnataka,district_524,Bagalkote,7176,8054,15230,59,42,101,0,0,0,81401,,,
ba09ab48-f240-429f-a430-f6f1554cda1b,Foot And Mouth Disease,ICD11_1F05,round4,2023-09-26T00:00:00,2023-10-07T00:00:00,country_IN,India,state_29,Karnataka,district_536,Dharwad,4953,1798,6751,82,36,118,0,0,0,36155,,,
e3fc7759-8576-49c3-b803-5eb9b410795d,Foot And Mouth Disease,ICD11_1F05,round4,2023-09-26T00:00:00,2023-10-07T00:00:00,country_IN,India,state_29,Karnataka,district_537,Gadag,4690,2037,6727,46,22,68,0,0,0,38103,,,
c342e880-2077-4a7b-b3b4-458c9cfbbbc4,Foot And Mouth Disease,ICD11_1F05,round4,2023-09-26T00:00:00,2023-10-07T00:00:00,country_IN,India,state_29,Karnataka,district_540,Haveri,9159,2607,11766,143,46,189,0,0,0,58856,,,
45c463cf-ac9c-40cb-9c5e-2aecc0d54135,Foot And Mouth Disease,ICD11_1F05,round4,2023-09-26T00:00:00,2023-10-07T00:00:00,country_IN,India,state_29,Karnataka,district_550,Uttara Kannada,8053,1581,9634,88,11,99,0,0,0,26737,,,
53afa790-5a76-4bbd-b6a1-8c4d16084f29,Foot And Mouth Disease,ICD11_1F05,round4,2023-09-26T00:00:00,2023-10-07T00:00:00,country_IN,India,state_29,Karnataka,district_530,Vijayapura,7162,6663,13825,99,74,173,0,0,0,78758,,,
7a52e36c-733b-4fdd-925a-044052c0ec88,Foot And Mouth Disease,ICD11_1F05,round4,2023-09-26T00:00:00,2023-10-07T00:00:00,country_IN,India,state_29,Karnataka,district_528,Ballari,4970,3005,7975,49,34,83,0,0,0,32469,,,
b12fecc3-e2a1-44aa-bbfe-9afd20039d6e,Foot And Mouth Disease,ICD11_1F05,round4,2023-09-26T00:00:00,2023-10-07T00:00:00,country_IN,India,state_29,Karnataka,district_529,Bidar,4731,3403,8134,67,59,126,0,0,0,59328,,,
2a726dd4-27f5-49ee-b3f6-50cb381c81a8,Foot And Mouth Disease,ICD11_1F05,round4,2023-09-26T00:00:00,2023-10-07T00:00:00,country_IN,India,state_29,Karnataka,district_543,Koppal,11917,2069,13986,170,71,241,0,0,0,48324,,,
be84ef83-591e-4deb-9f3f-88aff85c1dc2,Foot And Mouth Disease,ICD11_1F05,round4,2023-09-26T00:00:00,2023-10-07T00:00:00,country_IN,India,state_29,Karnataka,district_538,Kalaburagi,14884,2305,17189,141,31,172,0,0,0,73817,,,
ad335e1d-db48-49d6-80e7-13e2dd5b1dc2,Foot And Mouth Disease,ICD11_1F05,round4,2023-09-26T00:00:00,2023-10-07T00:00:00,country_IN,India,state_29,Karnataka,district_546,Raichur,16187,5390,21577,0,0,0,0,0,0,143331,,,
f141c253-98fd-4137-a6fc-c2e0ebd199de,Foot And Mouth Disease,ICD11_1F05,round4,2023-09-26T00:00:00,2023-10-07T00:00:00,country_IN,India,state_29,Karnataka,district_635,Yadgir,8903,1880,10783,12,4,16,0,0,0,61772,,,
787e00cf-8364-4832-bf47-d2a21982b2e1,Foot And Mouth Disease,ICD11_1F05,round4,2023-09-26T00:00:00,2023-10-07T00:00:00,country_IN,India,state_29,Karnataka,district_738,Vijayanagar,11375,3990,15365,191,80,271,0,0,0,70465,,,
a72d8515-bf4c-42db-af13-bc75870e76ae,Foot And Mouth Disease,ICD11_1F05,round4,2023-09-26T00:00:00,2023-10-12T00:00:00,country_IN,India,state_29,Karnataka,district_525,Bengaluru Urban,4740,143,4883,237,7,244,88,0,88,22948,,,
85ad213c-e580-4284-8265-a569ea3ca8c7,Foot And Mouth Disease,ICD11_1F05,round4,2023-09-26T00:00:00,2023-10-12T00:00:00,country_IN,India,state_29,Karnataka,district_526,Bengaluru Rural,4862,135,4997,100,0,100,0,0,0,41222,,,
73f848b7-c2c3-40bd-9f45-49cf3dbbbaf4,Foot And Mouth Disease,ICD11_1F05,round4,2023-09-26T00:00:00,2023-10-12T00:00:00,country_IN,India,state_29,Karnataka,district_533,Chitradurga,8162,4347,12509,72,47,119,0,0,0,85125,,,
ed47c785-f954-42b3-b80e-efe3d905de62,Foot And Mouth Disease,ICD11_1F05,round4,2023-09-26T00:00:00,2023-10-12T00:00:00,country_IN,India,state_29,Karnataka,district_630,Chikkaballapura,5599,511,6110,83,7,90,0,0,0,54655,,,
7e23a200-bff4-48d3-ba45-2397688e8822,Foot And Mouth Disease,ICD11_1F05,round4,2023-09-26T00:00:00,2023-10-12T00:00:00,country_IN,India,state_29,Karnataka,district_535,Davangere,8913,2585,11498,726,115,841,0,0,0,72099,,,
85c161eb-9638-4032-b00c-9febd3191f91,Foot And Mouth Disease,ICD11_1F05,round4,2023-09-26T00:00:00,2023-10-12T00:00:00,country_IN,India,state_29,Karnataka,district_542,Kolar,1883,192,2075,70,9,79,0,0,0,81359,,,
90931237-a936-48a4-a7ca-abdc7da24f95,Foot And Mouth Disease,ICD11_1F05,round4,2023-09-26T00:00:00,2023-10-12T00:00:00,country_IN,India,state_29,Karnataka,district_631,Ramanagara,13347,468,13815,526,19,545,6,0,6,53800,,,
3ca45e9f-04c5-44d8-b77f-39db03038f62,Foot And Mouth Disease,ICD11_1F05,round4,2023-09-26T00:00:00,2023-10-12T00:00:00,country_IN,India,state_29,Karnataka,district_547,Shivamogga,21075,3925,25000,146,23,169,0,0,0,66589,,,
68f5d684-736e-4eeb-a414-027a8aa1caea,Foot And Mouth Disease,ICD11_1F05,round4,2023-09-26T00:00:00,2023-10-12T00:00:00,country_IN,India,state_29,Karnataka,district_548,Tumakuru,17526,4700,22226,676,193,869,0,0,0,139024,,,
c23a84c0-9ac4-4eb6-84d1-49e8ac386544,Foot And Mouth Disease,ICD11_1F05,round4,2023-09-26T00:00:00,2023-10-12T00:00:00,country_IN,India,state_29,Karnataka,district_531,Chamarajanagara,6479,128,6607,74,1,75,0,0,0,41219,,,
fe6af916-9df2-4808-8b2d-e30c3b715e3d,Foot And Mouth Disease,ICD11_1F05,round4,2023-09-26T00:00:00,2023-10-12T00:00:00,country_IN,India,state_29,Karnataka,district_532,Chikkamagaluru,8654,1028,9682,147,10,157,0,0,0,55053,,,
2a02a19f-47f9-4cd0-9fa8-87d82e5db7cc,Foot And Mouth Disease,ICD11_1F05,round4,2023-09-26T00:00:00,2023-10-12T00:00:00,country_IN,India,state_29,Karnataka,district_534,Dakshina Kannada,8036,17,8053,171,0,171,0,0,0,44950,,,
c1fe76a5-bffc-4945-b655-d4eec5b29614,Foot And Mouth Disease,ICD11_1F05,round4,2023-09-26T00:00:00,2023-10-12T00:00:00,country_IN,India,state_29,Karnataka,district_539,Hassan,17514,2448,19962,187,9,196,0,0,0,144474,,,
9faff70a-bf07-4675-8995-fb6eab348b9c,Foot And Mouth Disease,ICD11_1F05,round4,2023-09-26T00:00:00,2023-10-12T00:00:00,country_IN,India,state_29,Karnataka,district_541,Kodagu,1799,130,1929,82,6,88,0,0,0,7344,,,
1cbeb25d-7871-4711-9235-f65f1fd8cd23,Foot And Mouth Disease,ICD11_1F05,round4,2023-09-26T00:00:00,2023-10-12T00:00:00,country_IN,India,state_29,Karnataka,district_545,Mysuru,20616,721,21337,493,3,496,0,0,0,114234,,,
6d29ba68-a759-4f0b-bfd5-5dd057832e37,Foot And Mouth Disease,ICD11_1F05,round4,2023-09-26T00:00:00,2023-10-12T00:00:00,country_IN,India,state_29,Karnataka,district_544,Mandya,17196,4725,21921,374,59,433,0,0,0,127527,,,
500116cc-f201-4168-8745-54f84719987f,Foot And Mouth Disease,ICD11_1F05,round4,2023-09-26T00:00:00,2023-10-12T00:00:00,country_IN,India,state_29,Karnataka,district_549,Udupi,8301,18,8319,9,0,9,0,0,0,32274,,,
be691221-0af9-41b8-a112-74e20f1db2aa,Foot And Mouth Disease,ICD11_1F05,round4,2023-09-26T00:00:00,2023-10-12T00:00:00,country_IN,India,state_29,Karnataka,district_527,Belagavi,17233,27115,44348,223,261,484,0,0,0,402866,,,
18c85053-7c92-4fa0-8471-ba93b64ff5e8,Foot And Mouth Disease,ICD11_1F05,round4,2023-09-26T00:00:00,2023-10-12T00:00:00,country_IN,India,state_29,Karnataka,district_524,Bagalkote,8173,8942,17115,60,73,133,0,0,0,109435,,,
0fc1f4a0-fba1-40ed-a0f0-509e3bc0fa77,Foot And Mouth Disease,ICD11_1F05,round4,2023-09-26T00:00:00,2023-10-12T00:00:00,country_IN,India,state_29,Karnataka,district_536,Dharwad,6313,2123,8436,63,20,83,0,0,0,46962,,,
c9117558-d767-4df0-872f-cc83de0661ba,Foot And Mouth Disease,ICD11_1F05,round4,2023-09-26T00:00:00,2023-10-12T00:00:00,country_IN,India,state_29,Karnataka,district_537,Gadag,3485,1448,4933,28,8,36,0,0,0,50886,,,
4df4a4d9-6ba6-4b44-a522-d8ebe064264e,Foot And Mouth Disease,ICD11_1F05,round4,2023-09-26T00:00:00,2023-10-12T00:00:00,country_IN,India,state_29,Karnataka,district_540,Haveri,9067,2987,12054,164,84,248,0,0,0,83773,,,
9004ce59-5cdf-4208-9925-6586a0ccf3a1,Foot And Mouth Disease,ICD11_1F05,round4,2023-09-26T00:00:00,2023-10-12T00:00:00,country_IN,India,state_29,Karnataka,district_550,Uttara Kannada,8092,1709,9801,74,5,79,0,0,0,39087,,,
d27ecc7d-f39f-4cb8-9d73-d29704000ffb,Foot And Mouth Disease,ICD11_1F05,round4,2023-09-26T00:00:00,2023-10-12T00:00:00,country_IN,India,state_29,Karnataka,district_530,Vijayapura,5784,5420,11204,74,97,171,0,0,0,104926,,,
69169eb5-9e6b-4c82-8b87-ab059b859686,Foot And Mouth Disease,ICD11_1F05,round4,2023-09-26T00:00:00,2023-10-12T00:00:00,country_IN,India,state_29,Karnataka,district_528,Ballari,2897,2032,4929,81,32,113,0,0,0,42602,,,
f7321a20-2e3a-4bdf-a33f-5daad9470f30,Foot And Mouth Disease,ICD11_1F05,round4,2023-09-26T00:00:00,2023-10-12T00:00:00,country_IN,India,state_29,Karnataka,district_529,Bidar,4229,2818,7047,42,24,66,0,0,0,76689,,,
a3e91ed6-8bd9-4a71-8b25-a0a6c72e41a3,Foot And Mouth Disease,ICD11_1F05,round4,2023-09-26T00:00:00,2023-10-12T00:00:00,country_IN,India,state_29,Karnataka,district_543,Koppal,3878,1683,5561,77,46,123,0,0,0,65900,,,
ed5aa926-3f80-4219-8c85-48c02a990058,Foot And Mouth Disease,ICD11_1F05,round4,2023-09-26T00:00:00,2023-10-12T00:00:00,country_IN,India,state_29,Karnataka,district_538,Kalaburagi,10723,1779,12502,118,22,140,0,0,0,96437,,,
9ec0c56b-cad9-4362-832a-5dd3df0770ce,Foot And Mouth Disease,ICD11_1F05,round4,2023-09-26T00:00:00,2023-10-12T00:00:00,country_IN,India,state_29,Karnataka,district_546,Raichur,3398,1740,5138,0,0,0,0,0,0,165315,,,
905f0866-05b0-418c-b639-a6b0e9afacd8,Foot And Mouth Disease,ICD11_1F05,round4,2023-09-26T00:00:00,2023-10-12T00:00:00,country_IN,India,state_29,Karnataka,district_635,Yadgir,5536,1348,6884,26,8,34,0,0,0,83156,,,
43f58520-0eb9-4509-9b9a-6ae65df74819,Foot And Mouth Disease,ICD11_1F05,round4,2023-09-26T00:00:00,2023-10-12T00:00:00,country_IN,India,state_29,Karnataka,district_738,Vijayanagar,7174,2722,9896,95,17,112,0,0,0,87990,,,
8f980298-1f3f-4547-a15c-23986a51e63e,Foot And Mouth Disease,ICD11_1F05,round4,2023-09-26T00:00:00,2023-10-20T00:00:00,country_IN,India,state_29,Karnataka,district_525,Bengaluru Urban,2652,58,2710,78,3,81,0,0,0,26519,,,
e6aa0716-8340-4f3b-9681-ec63057d4eff,Foot And Mouth Disease,ICD11_1F05,round4,2023-09-26T00:00:00,2023-10-20T00:00:00,country_IN,India,state_29,Karnataka,district_526,Bengaluru Rural,542,0,542,0,0,0,0,0,0,48724,,,
1067d7cf-9661-4740-9d36-cb027e19c463,Foot And Mouth Disease,ICD11_1F05,round4,2023-09-26T00:00:00,2023-10-20T00:00:00,country_IN,India,state_29,Karnataka,district_533,Chitradurga,3593,1698,5291,18,5,23,0,0,0,105539,,,
d89c3e07-b4df-421e-ac11-a394b547e263,Foot And Mouth Disease,ICD11_1F05,round4,2023-09-26T00:00:00,2023-10-20T00:00:00,country_IN,India,state_29,Karnataka,district_630,Chikkaballapura,1139,206,1345,17,3,20,0,0,0,66584,,,
33529c7f-9937-45fa-934c-08d2211bc3ea,Foot And Mouth Disease,ICD11_1F05,round4,2023-09-26T00:00:00,2023-10-20T00:00:00,country_IN,India,state_29,Karnataka,district_535,Davangere,4492,1370,5862,268,64,332,0,0,0,91250,,,
d8283b39-1367-49d5-b9eb-b3f78304149a,Foot And Mouth Disease,ICD11_1F05,round4,2023-09-26T00:00:00,2023-10-20T00:00:00,country_IN,India,state_29,Karnataka,district_542,Kolar,1792,159,1951,49,0,49,0,0,0,95006,,,
4e075439-31e2-4772-b163-834263e60681,Foot And Mouth Disease,ICD11_1F05,round4,2023-09-26T00:00:00,2023-10-20T00:00:00,country_IN,India,state_29,Karnataka,district_631,Ramanagara,3837,186,4023,210,10,220,0,0,0,71051,,,
c39d811b-e657-48f3-b181-432c9b1c88f1,Foot And Mouth Disease,ICD11_1F05,round4,2023-09-26T00:00:00,2023-10-20T00:00:00,country_IN,India,state_29,Karnataka,district_547,Shivamogga,18324,4299,22623,99,11,110,0,0,0,99748,,,
8f180335-5891-4584-8025-1738edf32921,Foot And Mouth Disease,ICD11_1F05,round4,2023-09-26T00:00:00,2023-10-20T00:00:00,country_IN,India,state_29,Karnataka,district_548,Tumakuru,9708,2658,12366,365,84,449,0,0,0,187254,,,
fbf681be-ac69-4eff-9d03-674ffa35cb69,Foot And Mouth Disease,ICD11_1F05,round4,2023-09-26T00:00:00,2023-10-20T00:00:00,country_IN,India,state_29,Karnataka,district_531,Chamarajanagara,10006,249,10255,68,0,68,0,0,0,52205,,,
ab08eebe-7fa1-4439-97f9-4c6cb0d40c6c,Foot And Mouth Disease,ICD11_1F05,round4,2023-09-26T00:00:00,2023-10-20T00:00:00,country_IN,India,state_29,Karnataka,district_532,Chikkamagaluru,6437,1008,7445,59,0,59,0,0,0,76032,,,
a8b8f6fb-1b68-4276-a781-17e778b5ba71,Foot And Mouth Disease,ICD11_1F05,round4,2023-09-26T00:00:00,2023-10-20T00:00:00,country_IN,India,state_29,Karnataka,district_534,Dakshina Kannada,5735,0,5735,63,0,63,0,0,0,56885,,,
c56ca78c-c06e-4d50-ba97-638af53f43f3,Foot And Mouth Disease,ICD11_1F05,round4,2023-09-26T00:00:00,2023-10-20T00:00:00,country_IN,India,state_29,Karnataka,district_539,Hassan,14792,2098,16890,171,23,194,0,0,0,194333,,,
74760891-a22b-4e57-8462-f8d2f4a6e250,Foot And Mouth Disease,ICD11_1F05,round4,2023-09-26T00:00:00,2023-10-20T00:00:00,country_IN,India,state_29,Karnataka,district_541,Kodagu,2736,45,2781,84,2,86,0,0,0,10714,,,
c6702207-32db-439b-9478-f1e73083aca5,Foot And Mouth Disease,ICD11_1F05,round4,2023-09-26T00:00:00,2023-10-20T00:00:00,country_IN,India,state_29,Karnataka,district_545,Mysuru,10194,283,10477,182,1,183,0,0,0,147233,,,
2a2b7e4a-a379-43b0-ae3e-ca5fa49e5dfe,Foot And Mouth Disease,ICD11_1F05,round4,2023-09-26T00:00:00,2023-10-20T00:00:00,country_IN,India,state_29,Karnataka,district_544,Mandya,5457,872,6329,92,11,103,0,0,0,160598,,,
17fa4225-8846-4b81-a62f-3ec228365c6b,Foot And Mouth Disease,ICD11_1F05,round4,2023-09-26T00:00:00,2023-10-20T00:00:00,country_IN,India,state_29,Karnataka,district_549,Udupi,12621,140,12761,204,0,204,0,0,0,53259,,,
495b6a1c-62f8-4372-98b1-1976be0aeaa7,Foot And Mouth Disease,ICD11_1F05,round4,2023-09-26T00:00:00,2023-10-20T00:00:00,country_IN,India,state_29,Karnataka,district_527,Belagavi,13729,21161,34890,133,254,387,0,0,0,528379,,,
68b0a4e3-4f97-42c2-ae5d-b6f182b28014,Foot And Mouth Disease,ICD11_1F05,round4,2023-09-26T00:00:00,2023-10-20T00:00:00,country_IN,India,state_29,Karnataka,district_524,Bagalkote,4505,6681,11186,527,675,1202,0,0,0,143968,,,
02290943-b8df-4afb-a3fe-b1992819476d,Foot And Mouth Disease,ICD11_1F05,round4,2023-09-26T00:00:00,2023-10-20T00:00:00,country_IN,India,state_29,Karnataka,district_536,Dharwad,4865,1561,6426,30,11,41,0,0,0,61271,,,
fbb2c5f8-6750-4788-8fb0-40d0126d8aa6,Foot And Mouth Disease,ICD11_1F05,round4,2023-09-26T00:00:00,2023-10-20T00:00:00,country_IN,India,state_29,Karnataka,district_537,Gadag,328,251,579,2,1,3,0,0,0,62324,,,
2f30b874-9692-45f5-b866-309651afc9ce,Foot And Mouth Disease,ICD11_1F05,round4,2023-09-26T00:00:00,2023-10-20T00:00:00,country_IN,India,state_29,Karnataka,district_540,Haveri,9225,2890,12115,151,76,227,0,0,0,116569,,,
967badfa-a2dd-480d-ad14-918413c90d00,Foot And Mouth Disease,ICD11_1F05,round4,2023-09-26T00:00:00,2023-10-20T00:00:00,country_IN,India,state_29,Karnataka,district_550,Uttara Kannada,13293,2181,15474,127,10,137,0,0,0,64145,,,
1131d333-de19-4f61-8d2e-25a15bace40f,Foot And Mouth Disease,ICD11_1F05,round4,2023-09-26T00:00:00,2023-10-20T00:00:00,country_IN,India,state_29,Karnataka,district_530,Vijayapura,2923,3319,6242,181,153,334,0,0,0,130988,,,
446362fe-71b8-4eb1-9393-0f126bca3dbe,Foot And Mouth Disease,ICD11_1F05,round4,2023-09-26T00:00:00,2023-10-20T00:00:00,country_IN,India,state_29,Karnataka,district_528,Ballari,854,388,1242,4,2,6,0,0,0,51248,,,
99f729df-787c-4da2-95ce-4137216853be,Foot And Mouth Disease,ICD11_1F05,round4,2023-09-26T00:00:00,2023-10-20T00:00:00,country_IN,India,state_29,Karnataka,district_529,Bidar,2894,2801,5695,18,18,36,0,0,0,97105,,,
b54e12d6-4dcf-497e-ab30-257554d388af,Foot And Mouth Disease,ICD11_1F05,round4,2023-09-26T00:00:00,2023-10-20T00:00:00,country_IN,India,state_29,Karnataka,district_543,Koppal,6434,1679,8113,29,16,45,0,0,0,91270,,,
a7e1a1ca-6723-431d-8ef5-5098dc6f2f6c,Foot And Mouth Disease,ICD11_1F05,round4,2023-09-26T00:00:00,2023-10-20T00:00:00,country_IN,India,state_29,Karnataka,district_538,Kalaburagi,9443,3304,12747,109,51,160,0,0,0,119302,,,
3a0759d3-b266-4f3c-b5fb-e6161e9f0be3,Foot And Mouth Disease,ICD11_1F05,round4,2023-09-26T00:00:00,2023-10-20T00:00:00,country_IN,India,state_29,Karnataka,district_546,Raichur,2153,3266,5419,12,4,16,0,0,0,187258,,,
341cae3c-6572-447d-a6cf-dbf41eef8aa4,Foot And Mouth Disease,ICD11_1F05,round4,2023-09-26T00:00:00,2023-10-20T00:00:00,country_IN,India,state_29,Karnataka,district_635,Yadgir,333,156,489,0,0,0,0,0,0,95752,,,
aa55d40d-441f-48ad-847a-2cc16076feff,Foot And Mouth Disease,ICD11_1F05,round4,2023-09-26T00:00:00,2023-10-20T00:00:00,country_IN,India,state_29,Karnataka,district_738,Vijayanagar,1563,548,2111,11,3,14,0,0,0,105738,,,
7835bfe7-7a31-4f80-a89b-5916d20809aa,Foot And Mouth Disease,ICD11_1F05,round4,2023-09-26T00:00:00,2023-10-17T00:00:00,country_IN,India,state_29,Karnataka,district_525,Bengaluru Urban,3002,97,3099,25231,146,8,154,0,0,0,,,
9520bdc7-81dc-4cbc-8fc7-90d5e4fa3094,Foot And Mouth Disease,ICD11_1F05,round4,2023-09-26T00:00:00,2023-10-17T00:00:00,country_IN,India,state_29,Karnataka,district_526,Bengaluru Rural,5244,72,5316,47082,110,1,111,0,0,0,,,
90f37a11-a80c-4506-805f-9e4b3df918ac,Foot And Mouth Disease,ICD11_1F05,round4,2023-09-26T00:00:00,2023-10-17T00:00:00,country_IN,India,state_29,Karnataka,district_533,Chitradurga,3934,2240,6174,98838,65,17,82,0,0,0,,,
05466a4b-3282-42aa-8c7f-275b92b80f7e,Foot And Mouth Disease,ICD11_1F05,round4,2023-09-26T00:00:00,2023-10-17T00:00:00,country_IN,India,state_29,Karnataka,district_630,Chikkaballapura,4078,554,4632,64122,185,13,198,0,0,0,,,
3266a5c7-64c8-404f-835e-0ba426a25364,Foot And Mouth Disease,ICD11_1F05,round4,2023-09-26T00:00:00,2023-10-17T00:00:00,country_IN,India,state_29,Karnataka,district_535,Davangere,6778,1749,8527,84962,286,68,354,0,0,0,,,
4fc7cd52-4559-4679-a39d-5a5e7cd85269,Foot And Mouth Disease,ICD11_1F05,round4,2023-09-26T00:00:00,2023-10-17T00:00:00,country_IN,India,state_29,Karnataka,district_542,Kolar,4319,74,4393,90517,16,0,16,0,0,0,,,
ff8de664-fd76-4ab7-9245-5598f50838fd,Foot And Mouth Disease,ICD11_1F05,round4,2023-09-26T00:00:00,2023-10-17T00:00:00,country_IN,India,state_29,Karnataka,district_631,Ramanagara,9108,374,9482,64982,288,29,317,0,0,0,,,
f9312db8-3b0c-42c1-ac56-17665dd1727a,Foot And Mouth Disease,ICD11_1F05,round4,2023-09-26T00:00:00,2023-10-17T00:00:00,country_IN,India,state_29,Karnataka,district_547,Shivamogga,10975,2478,13453,85223,142,23,165,0,0,0,,,
81c2e474-4249-4835-886c-8410b32e253a,Foot And Mouth Disease,ICD11_1F05,round4,2023-09-26T00:00:00,2023-10-17T00:00:00,country_IN,India,state_29,Karnataka,district_548,Tumakuru,15035,4388,19423,169711,544,121,665,0,0,0,,,
609b9137-54df-49e5-aeff-81df6acf5366,Foot And Mouth Disease,ICD11_1F05,round4,2023-09-26T00:00:00,2023-10-17T00:00:00,country_IN,India,state_29,Karnataka,district_531,Chamarajanagara,4738,36,4774,46894,82,0,82,0,0,0,,,
c6aebbd4-d0d3-413b-8716-51d6957b906d,Foot And Mouth Disease,ICD11_1F05,round4,2023-09-26T00:00:00,2023-10-17T00:00:00,country_IN,India,state_29,Karnataka,district_532,Chikkamagaluru,8827,1094,9921,68408,35,0,35,0,0,0,,,
9bdbc61c-66a4-42df-9220-0177074ee317,Foot And Mouth Disease,ICD11_1F05,round4,2023-09-26T00:00:00,2023-10-17T00:00:00,country_IN,India,state_29,Karnataka,district_534,Dakshina Kannada,5548,4,5552,52511,104,0,104,0,0,0,,,
4a9301b2-6f34-4ce9-acfd-0d02fce73326,Foot And Mouth Disease,ICD11_1F05,round4,2023-09-26T00:00:00,2023-10-17T00:00:00,country_IN,India,state_29,Karnataka,district_539,Hassan,19172,3571,22743,174929,226,46,272,0,0,0,,,
d5b53159-ef2b-4e68-a70f-a40db0c477f5,Foot And Mouth Disease,ICD11_1F05,round4,2023-09-26T00:00:00,2023-10-17T00:00:00,country_IN,India,state_29,Karnataka,district_541,Kodagu,2435,147,2582,9265,109,0,109,0,0,0,,,
5d2c8fef-4b60-4e61-9e2c-902b7b24ccae,Foot And Mouth Disease,ICD11_1F05,round4,2023-09-26T00:00:00,2023-10-17T00:00:00,country_IN,India,state_29,Karnataka,district_545,Mysuru,14829,319,15148,136003,335,1,336,0,0,0,,,
025ede42-3690-4c26-b9b8-4cc08d7035ac,Foot And Mouth Disease,ICD11_1F05,round4,2023-09-26T00:00:00,2023-10-17T00:00:00,country_IN,India,state_29,Karnataka,district_544,Mandya,9560,2369,11929,147713,123,24,147,0,0,0,,,
d270b183-eb91-4a33-a1bd-43b28151bfd1,Foot And Mouth Disease,ICD11_1F05,round4,2023-09-26T00:00:00,2023-10-17T00:00:00,country_IN,India,state_29,Karnataka,district_549,Udupi,9891,137,10028,42906,43,0,43,0,0,0,,,
143e1680-3a97-4692-9283-17ed1169c1cf,Foot And Mouth Disease,ICD11_1F05,round4,2023-09-26T00:00:00,2023-10-17T00:00:00,country_IN,India,state_29,Karnataka,district_527,Belagavi,14358,24752,39110,482205,138,249,387,0,0,0,,,
1fe97a59-2c8b-4b62-9aa7-4aa62917d850,Foot And Mouth Disease,ICD11_1F05,round4,2023-09-26T00:00:00,2023-10-17T00:00:00,country_IN,India,state_29,Karnataka,district_524,Bagalkote,7321,8494,15815,131261,50,92,142,0,0,0,,,
3cb53b2d-279d-418d-9e9d-7b054021c222,Foot And Mouth Disease,ICD11_1F05,round4,2023-09-26T00:00:00,2023-10-17T00:00:00,country_IN,India,state_29,Karnataka,district_536,Dharwad,4292,1313,5605,56354,36,4,40,0,0,0,,,
9d061560-474f-48ca-b1c0-2505a62f6b6a,Foot And Mouth Disease,ICD11_1F05,round4,2023-09-26T00:00:00,2023-10-17T00:00:00,country_IN,India,state_29,Karnataka,district_537,Gadag,1781,767,2548,59007,21,25,46,0,0,0,,,
f6dc7cd2-c098-4026-bf61-8f046b2a9a74,Foot And Mouth Disease,ICD11_1F05,round4,2023-09-26T00:00:00,2023-10-17T00:00:00,country_IN,India,state_29,Karnataka,district_540,Haveri,9116,2996,12112,102234,167,69,236,0,0,0,,,
2c7d3778-3f5f-4ce9-8f90-0c3222a83884,Foot And Mouth Disease,ICD11_1F05,round4,2023-09-26T00:00:00,2023-10-17T00:00:00,country_IN,India,state_29,Karnataka,district_550,Uttara Kannada,10408,1401,11809,51625,63,7,70,0,0,0,,,
5c03b899-6050-420e-88b7-de8586420c20,Foot And Mouth Disease,ICD11_1F05,round4,2023-09-26T00:00:00,2023-10-17T00:00:00,country_IN,India,state_29,Karnataka,district_530,Vijayapura,4010,4447,8457,121601,55,70,125,0,0,0,,,
f1a71a93-355b-4c8d-b136-7c32d33f0339,Foot And Mouth Disease,ICD11_1F05,round4,2023-09-26T00:00:00,2023-10-17T00:00:00,country_IN,India,state_29,Karnataka,district_528,Ballari,2484,1365,3849,48645,20,14,34,0,0,0,,,
49109ec4-2e90-43f8-be19-a9d4e6df10a4,Foot And Mouth Disease,ICD11_1F05,round4,2023-09-26T00:00:00,2023-10-17T00:00:00,country_IN,India,state_29,Karnataka,district_529,Bidar,4161,3152,7313,90512,15,13,28,0,0,0,,,
a232bd81-612c-443e-aaa9-2ec7fb5b2bac,Foot And Mouth Disease,ICD11_1F05,round4,2023-09-26T00:00:00,2023-10-17T00:00:00,country_IN,India,state_29,Karnataka,district_543,Koppal,11099,2026,13125,80566,184,54,238,0,0,0,,,
df45e32b-1e02-4345-b293-0572bceb801f,Foot And Mouth Disease,ICD11_1F05,round4,2023-09-26T00:00:00,2023-10-17T00:00:00,country_IN,India,state_29,Karnataka,district_538,Kalaburagi,8883,1393,10276,111033,69,20,89,0,0,0,,,
3e0dbafb-62c7-438b-8a79-c0350571a808,Foot And Mouth Disease,ICD11_1F05,round4,2023-09-26T00:00:00,2023-10-17T00:00:00,country_IN,India,state_29,Karnataka,district_546,Raichur,1045,385,1430,180470,0,0,0,0,0,0,,,
94d29fcf-fe2d-4f4d-9c34-710f962ebf66,Foot And Mouth Disease,ICD11_1F05,round4,2023-09-26T00:00:00,2023-10-17T00:00:00,country_IN,India,state_29,Karnataka,district_635,Yadgir,7424,2629,10053,94875,70,0,70,0,0,0,,,
90df6d04-0d21-4be5-8285-cb0287d7d990,Foot And Mouth Disease,ICD11_1F05,round4,2023-09-26T00:00:00,2023-10-17T00:00:00,country_IN,India,state_29,Karnataka,district_738,Vijayanagar,6024,2345,8369,102348,57,36,93,0,0,0,,,
0cddd9c5-c366-4873-8b34-f45b62843a67,Foot And Mouth Disease,ICD11_1F05,round4,2023-09-26T00:00:00,2023-10-25T00:00:00,country_IN,India,state_29,Karnataka,district_525,Bengaluru Urban,514,16,530,40,0,40,0,0,0,27272,,,
d43e9754-c566-43a6-bf2f-5c9d3dfa0140,Foot And Mouth Disease,ICD11_1F05,round4,2023-09-26T00:00:00,2023-10-25T00:00:00,country_IN,India,state_29,Karnataka,district_526,Bengaluru Rural,0,0,0,0,0,0,0,0,0,48735,,,
ea64a8f0-b719-46ca-b2b0-d52126e91234,Foot And Mouth Disease,ICD11_1F05,round4,2023-09-26T00:00:00,2023-10-25T00:00:00,country_IN,India,state_29,Karnataka,district_533,Chitradurga,1183,619,1802,6,3,9,0,0,0,108985,,,
fb35a08b-1b58-42e6-b353-3043d826b670,Foot And Mouth Disease,ICD11_1F05,round4,2023-09-26T00:00:00,2023-10-25T00:00:00,country_IN,India,state_29,Karnataka,district_630,Chikkaballapura,4787,676,5463,16,0,16,0,0,0,70662,,,
9cf03284-3e25-4aaa-831b-a77363b2010b,Foot And Mouth Disease,ICD11_1F05,round4,2023-09-26T00:00:00,2023-10-25T00:00:00,country_IN,India,state_29,Karnataka,district_535,Davangere,1759,367,2126,203,52,255,122,22,144,94562,,,
8e4ed77a-7e0d-4dfa-a4b4-f4534b145f2e,Foot And Mouth Disease,ICD11_1F05,round4,2023-09-26T00:00:00,2023-10-25T00:00:00,country_IN,India,state_29,Karnataka,district_542,Kolar,376,3,379,25,0,25,0,0,0,96959,,,
1ed8b0ec-d5ba-4986-b3c2-e0e31a187a43,Foot And Mouth Disease,ICD11_1F05,round4,2023-09-26T00:00:00,2023-10-25T00:00:00,country_IN,India,state_29,Karnataka,district_631,Ramanagara,6121,392,6513,414,6,420,0,0,0,74036,,,
605effd7-1d95-478e-b6ff-e62c92196cdd,Foot And Mouth Disease,ICD11_1F05,round4,2023-09-26T00:00:00,2023-10-25T00:00:00,country_IN,India,state_29,Karnataka,district_547,Shivamogga,16739,3299,20038,125,26,151,0,0,0,114800,,,
3b21ae15-85a9-43c0-96ad-356848de2bf7,Foot And Mouth Disease,ICD11_1F05,round4,2023-09-26T00:00:00,2023-10-25T00:00:00,country_IN,India,state_29,Karnataka,district_548,Tumakuru,5498,1715,7213,107,20,127,36,12,48,197909,,,
96db028c-7be7-4839-b833-6faeb10d7aab,Foot And Mouth Disease,ICD11_1F05,round4,2023-09-26T00:00:00,2023-10-25T00:00:00,country_IN,India,state_29,Karnataka,district_531,Chamarajanagara,1830,26,1856,2,0,2,0,0,0,57221,,,
42ddac1e-4c21-4ea8-99f9-8e8a39b7d24a,Foot And Mouth Disease,ICD11_1F05,round4,2023-09-26T00:00:00,2023-10-25T00:00:00,country_IN,India,state_29,Karnataka,district_532,Chikkamagaluru,4852,801,5653,18,4,22,0,0,0,78576,,,
9cc9a5b1-1ffb-4e80-923c-a7a530e94768,Foot And Mouth Disease,ICD11_1F05,round4,2023-09-26T00:00:00,2023-10-25T00:00:00,country_IN,India,state_29,Karnataka,district_534,Dakshina Kannada,2378,3,2381,44,0,44,0,0,0,61347,,,
e1a05476-7861-46b7-aa17-2b31cc6c69a6,Foot And Mouth Disease,ICD11_1F05,round4,2023-09-26T00:00:00,2023-10-25T00:00:00,country_IN,India,state_29,Karnataka,district_539,Hassan,4086,1138,5224,14,2,16,0,0,0,208298,,,
33f96f08-0286-468b-a090-0d96d8f80c17,Foot And Mouth Disease,ICD11_1F05,round4,2023-09-26T00:00:00,2023-10-25T00:00:00,country_IN,India,state_29,Karnataka,district_541,Kodagu,2038,139,2177,122,0,122,0,0,0,12411,,,
48c2095a-1491-45e6-b871-236375c2b999,Foot And Mouth Disease,ICD11_1F05,round4,2023-09-26T00:00:00,2023-10-25T00:00:00,country_IN,India,state_29,Karnataka,district_545,Mysuru,9760,235,9995,300,1,301,15,0,15,158700,,,
6d64746b-feb7-4f7b-a48b-b3f16d9fe12d,Foot And Mouth Disease,ICD11_1F05,round4,2023-09-26T00:00:00,2023-10-25T00:00:00,country_IN,India,state_29,Karnataka,district_544,Mandya,1365,262,1627,5,0,5,0,0,0,165862,,,
d292b2e5-5369-48de-acd9-bbc3a4bf67d2,Foot And Mouth Disease,ICD11_1F05,round4,2023-09-26T00:00:00,2023-10-25T00:00:00,country_IN,India,state_29,Karnataka,district_549,Udupi,8651,179,8830,65,0,65,19,0,19,60506,,,
d8a1ddea-108a-4174-9bcf-7ca898f4afde,Foot And Mouth Disease,ICD11_1F05,round4,2023-09-26T00:00:00,2023-10-25T00:00:00,country_IN,India,state_29,Karnataka,district_527,Belagavi,8186,12191,20377,55,63,118,27,45,72,574011,,,
b3def7f0-01a9-4956-b5aa-b644e4e17fa1,Foot And Mouth Disease,ICD11_1F05,round4,2023-09-26T00:00:00,2023-10-25T00:00:00,country_IN,India,state_29,Karnataka,district_524,Bagalkote,3082,4607,7689,157,186,343,0,0,0,151016,,,
d1992ef9-7ed0-412d-a3fe-1a89b71d7749,Foot And Mouth Disease,ICD11_1F05,round4,2023-09-26T00:00:00,2023-10-25T00:00:00,country_IN,India,state_29,Karnataka,district_536,Dharwad,3350,786,4136,49,33,82,14,6,20,64432,,,
89b06646-3509-4572-9011-a8fed987c52c,Foot And Mouth Disease,ICD11_1F05,round4,2023-09-26T00:00:00,2023-10-25T00:00:00,country_IN,India,state_29,Karnataka,district_537,Gadag,1353,609,1962,0,0,0,0,0,0,65448,,,
b431460c-b986-41bb-87e9-51d21f206902,Foot And Mouth Disease,ICD11_1F05,round4,2023-09-26T00:00:00,2023-10-25T00:00:00,country_IN,India,state_29,Karnataka,district_540,Haveri,2547,663,3210,7,7,14,0,0,0,121163,,,
5f1cb005-9a8a-470a-9a1e-baf3213b3ab9,Foot And Mouth Disease,ICD11_1F05,round4,2023-09-26T00:00:00,2023-10-25T00:00:00,country_IN,India,state_29,Karnataka,district_550,Uttara Kannada,12899,2856,15755,63,11,74,0,0,0,73380,,,
07b327c0-08a9-44fd-88ee-6ccca3b2eaa8,Foot And Mouth Disease,ICD11_1F05,round4,2023-09-26T00:00:00,2023-10-25T00:00:00,country_IN,India,state_29,Karnataka,district_530,Vijayapura,2225,2836,5061,36,54,90,0,0,0,139228,,,
3f849ce2-3e89-4d59-9459-0a5fc3a9acf2,Foot And Mouth Disease,ICD11_1F05,round4,2023-09-26T00:00:00,2023-10-25T00:00:00,country_IN,India,state_29,Karnataka,district_528,Ballari,267,138,405,2,1,3,0,0,0,52217,,,
d3ffcf25-8458-4d76-9f7b-044f75e58952,Foot And Mouth Disease,ICD11_1F05,round4,2023-09-26T00:00:00,2023-10-25T00:00:00,country_IN,India,state_29,Karnataka,district_529,Bidar,2230,1417,3647,21,17,38,0,0,0,103428,,,
8eb41f7f-0914-4408-9959-3f8bbfb149e9,Foot And Mouth Disease,ICD11_1F05,round4,2023-09-26T00:00:00,2023-10-25T00:00:00,country_IN,India,state_29,Karnataka,district_543,Koppal,768,156,924,13,4,17,0,0,0,93004,,,
bc4d3161-75a0-4635-aca9-87738e1e9ed7,Foot And Mouth Disease,ICD11_1F05,round4,2023-09-26T00:00:00,2023-10-25T00:00:00,country_IN,India,state_29,Karnataka,district_538,Kalaburagi,2442,163,2605,7,4,11,0,0,0,122781,,,
50764c13-2c07-4e36-b256-87580ecda422,Foot And Mouth Disease,ICD11_1F05,round4,2023-09-26T00:00:00,2023-10-25T00:00:00,country_IN,India,state_29,Karnataka,district_546,Raichur,3538,1088,4626,0,0,0,0,0,0,196041,,,
5a96f01e-22f7-43e8-b278-5c6987f924a2,Foot And Mouth Disease,ICD11_1F05,round4,2023-09-26T00:00:00,2023-10-25T00:00:00,country_IN,India,state_29,Karnataka,district_635,Yadgir,614,344,958,0,0,0,0,0,0,96177,,,
754096ed-dd84-4758-bb39-0f41305e1acf,Foot And Mouth Disease,ICD11_1F05,round4,2023-09-26T00:00:00,2023-10-25T00:00:00,country_IN,India,state_29,Karnataka,district_738,Vijayanagar,855,566,1421,4,0,4,0,0,0,107418,,,
7d3f02bc-cb23-4923-9048-54a221b7dcaa,Foot And Mouth Disease,ICD11_1F05,round4,2023-09-26T00:00:00,2023-10-02T00:00:00,country_IN,India,state_29,Karnataka,district_525,Bengaluru Urban,6185,215,6400,326,6,332,0,0,0,8856,,,
9d1434cc-0e9e-4bd0-87a7-657dbdb2992f,Foot And Mouth Disease,ICD11_1F05,round4,2023-09-26T00:00:00,2023-10-02T00:00:00,country_IN,India,state_29,Karnataka,district_526,Bengaluru Rural,7092,371,7463,206,2,208,0,0,0,16590,,,
bf36e9f4-cb66-4ac8-82b5-4baa319fd6c5,Foot And Mouth Disease,ICD11_1F05,round4,2023-09-26T00:00:00,2023-10-02T00:00:00,country_IN,India,state_29,Karnataka,district_533,Chitradurga,8854,3443,12297,52,13,65,0,0,0,33007,,,
bcb75da3-e38d-4f30-bacd-5406d04784d9,Foot And Mouth Disease,ICD11_1F05,round4,2023-09-26T00:00:00,2023-10-02T00:00:00,country_IN,India,state_29,Karnataka,district_630,Chikkaballapura,7158,690,7848,190,14,204,0,0,0,23887,,,
70cc7953-a291-40ce-a5b4-91e3c7cd0e0e,Foot And Mouth Disease,ICD11_1F05,round4,2023-09-26T00:00:00,2023-10-02T00:00:00,country_IN,India,state_29,Karnataka,district_535,Davangere,6294,1705,7999,302,55,357,0,0,0,26182,,,
b7f73e9c-ad09-4460-ac37-30029ff46bca,Foot And Mouth Disease,ICD11_1F05,round4,2023-09-26T00:00:00,2023-10-02T00:00:00,country_IN,India,state_29,Karnataka,district_542,Kolar,12901,774,13675,349,33,382,0,0,0,42652,,,
c8477ae3-cefc-459c-aac7-c6552b279cae,Foot And Mouth Disease,ICD11_1F05,round4,2023-09-26T00:00:00,2023-10-02T00:00:00,country_IN,India,state_29,Karnataka,district_631,Ramanagara,10787,583,11370,352,2,354,0,0,0,19563,,,
54d00872-aef6-4af4-9b1c-bdf00fd2bd35,Foot And Mouth Disease,ICD11_1F05,round4,2023-09-26T00:00:00,2023-10-02T00:00:00,country_IN,India,state_29,Karnataka,district_547,Shivamogga,9238,1526,10764,121,20,141,0,0,0,20774,,,
62247773-60c5-4f3e-843c-c058e4c41e99,Foot And Mouth Disease,ICD11_1F05,round4,2023-09-26T00:00:00,2023-10-02T00:00:00,country_IN,India,state_29,Karnataka,district_548,Tumakuru,11783,3436,15219,347,93,440,0,0,0,50672,,,
22e30603-920d-4155-98dc-cf4ee57ccda4,Foot And Mouth Disease,ICD11_1F05,round4,2023-09-26T00:00:00,2023-10-02T00:00:00,country_IN,India,state_29,Karnataka,district_531,Chamarajanagara,10029,316,10345,108,0,108,0,0,0,16857,,,
64eb9a08-86f2-44da-bcce-c0f58e22f63c,Foot And Mouth Disease,ICD11_1F05,round4,2023-09-26T00:00:00,2023-10-02T00:00:00,country_IN,India,state_29,Karnataka,district_532,Chikkamagaluru,9174,1018,10192,58,5,63,0,0,0,17348,,,
6f4c1694-63b4-4a1b-ad71-b95f78afcf13,Foot And Mouth Disease,ICD11_1F05,round4,2023-09-26T00:00:00,2023-10-02T00:00:00,country_IN,India,state_29,Karnataka,district_534,Dakshina Kannada,9827,86,9913,112,0,112,0,0,0,18913,,,
b891aba2-69c8-4883-bd1d-5850b88ad3f1,Foot And Mouth Disease,ICD11_1F05,round4,2023-09-26T00:00:00,2023-10-02T00:00:00,country_IN,India,state_29,Karnataka,district_539,Hassan,11850,1449,13299,222,7,229,0,0,0,46430,,,
31573175-1a00-4174-9032-f6d19172c5c3,Foot And Mouth Disease,ICD11_1F05,round4,2023-09-26T00:00:00,2023-10-02T00:00:00,country_IN,India,state_29,Karnataka,district_541,Kodagu,1198,47,1245,125,0,125,0,0,0,2240,,,
afd791b1-ed50-4a4d-aabe-27b92749680a,Foot And Mouth Disease,ICD11_1F05,round4,2023-09-26T00:00:00,2023-10-02T00:00:00,country_IN,India,state_29,Karnataka,district_545,Mysuru,15409,265,15674,470,2,472,0,0,0,36576,,,
ccff36dd-c831-4482-a382-8535adab64de,Foot And Mouth Disease,ICD11_1F05,round4,2023-09-26T00:00:00,2023-10-02T00:00:00,country_IN,India,state_29,Karnataka,district_544,Mandya,9387,1780,11167,92,4,96,0,0,0,43492,,,
c169f7bc-8509-41e5-be19-afecbaaf4795,Foot And Mouth Disease,ICD11_1F05,round4,2023-09-26T00:00:00,2023-10-02T00:00:00,country_IN,India,state_29,Karnataka,district_549,Udupi,6848,5,6853,23,0,23,0,0,0,8413,,,
d84decd0-e297-41c1-8ccf-1be59e6b9996,Foot And Mouth Disease,ICD11_1F05,round4,2023-09-26T00:00:00,2023-10-02T00:00:00,country_IN,India,state_29,Karnataka,district_527,Belagavi,19417,29429,48846,156,257,413,0,0,0,171098,,,
2bddd033-40de-4b86-8833-a4a77bc6f399,Foot And Mouth Disease,ICD11_1F05,round4,2023-09-26T00:00:00,2023-10-02T00:00:00,country_IN,India,state_29,Karnataka,district_524,Bagalkote,7872,7793,15665,31,55,86,0,0,0,41721,,,
38f61e68-c9c6-48ee-aa06-446bdc908219,Foot And Mouth Disease,ICD11_1F05,round4,2023-09-26T00:00:00,2023-10-02T00:00:00,country_IN,India,state_29,Karnataka,district_536,Dharwad,4586,1607,6193,95,9,104,0,0,0,18952,,,
83710736-75f1-47bb-865c-104d9dbc2b4a,Foot And Mouth Disease,ICD11_1F05,round4,2023-09-26T00:00:00,2023-10-02T00:00:00,country_IN,India,state_29,Karnataka,district_537,Gadag,5883,2552,8435,77,36,113,0,0,0,18124,,,
9d46ac1f-a2d8-4f2c-8827-758001c8fccf,Foot And Mouth Disease,ICD11_1F05,round4,2023-09-26T00:00:00,2023-10-02T00:00:00,country_IN,India,state_29,Karnataka,district_540,Haveri,5192,1877,7069,100,39,139,0,0,0,27062,,,
2a3a3ec7-6a85-49d9-8a2f-5fcd962be345,Foot And Mouth Disease,ICD11_1F05,round4,2023-09-26T00:00:00,2023-10-02T00:00:00,country_IN,India,state_29,Karnataka,district_550,Uttara Kannada,4904,1345,6249,18,16,34,0,0,0,11336,,,
a8ea826a-9d0e-4e23-91a5-53777243809c,Foot And Mouth Disease,ICD11_1F05,round4,2023-09-26T00:00:00,2023-10-02T00:00:00,country_IN,India,state_29,Karnataka,district_530,Vijayapura,5112,3655,8767,84,114,198,0,0,0,41987,,,
c6c32d83-90d8-497c-bcc0-e6fae63594f7,Foot And Mouth Disease,ICD11_1F05,round4,2023-09-26T00:00:00,2023-10-02T00:00:00,country_IN,India,state_29,Karnataka,district_528,Ballari,5018,3328,8346,32,24,56,0,0,0,17745,,,
93252907-c1cf-420e-ab5b-9090c96d2a11,Foot And Mouth Disease,ICD11_1F05,round4,2023-09-26T00:00:00,2023-10-02T00:00:00,country_IN,India,state_29,Karnataka,district_529,Bidar,4390,2639,7029,40,31,71,0,0,0,35566,,,
891ec75a-54a5-41c0-b78c-0dd358a7a76f,Foot And Mouth Disease,ICD11_1F05,round4,2023-09-26T00:00:00,2023-10-02T00:00:00,country_IN,India,state_29,Karnataka,district_543,Koppal,12743,2471,15214,159,53,212,0,0,0,23658,,,
174967bd-d839-4773-905f-a8c7aa410dd0,Foot And Mouth Disease,ICD11_1F05,round4,2023-09-26T00:00:00,2023-10-02T00:00:00,country_IN,India,state_29,Karnataka,district_538,Kalaburagi,12646,1696,14342,180,34,214,0,0,0,41422,,,
9cc3d00c-edda-4dbc-a7cc-5ef40d4c3bce,Foot And Mouth Disease,ICD11_1F05,round4,2023-09-26T00:00:00,2023-10-02T00:00:00,country_IN,India,state_29,Karnataka,district_546,Raichur,14812,5911,20723,4,3,7,0,0,0,87798,,,
09b93f24-2195-4b9c-9802-a907f5e6add2,Foot And Mouth Disease,ICD11_1F05,round4,2023-09-26T00:00:00,2023-10-02T00:00:00,country_IN,India,state_29,Karnataka,district_635,Yadgir,9762,1867,11629,48,13,61,0,0,0,35159,,,
e86802b2-24b8-44b0-92b4-f8105a1ab26f,Foot And Mouth Disease,ICD11_1F05,round4,2023-09-26T00:00:00,2023-10-02T00:00:00,country_IN,India,state_29,Karnataka,district_738,Vijayanagar,7425,2826,10251,136,56,192,0,0,0,38901,,,