metadata.vaccinationRound,state.name,state.ID,district.name,district.ID,totalVaccinations.count,farmersBenefited.count
1,Andaman And Nicobar Islands,ut_35,South Andamans,district_602,8312,2016
2,Andaman And Nicobar Islands,ut_35,South Andamans,district_602,8574,1910
3,Andaman And Nicobar Islands,ut_35,South Andamans,district_602,5809,1169
4,Andaman And Nicobar Islands,ut_35,South Andamans,district_602,7712,1393
5,Andaman And Nicobar Islands,ut_35,South Andamans,district_602,8110,1449
1,Andhra Pradesh,state_28,Prakasam,district_517,646582,136613
1,Andhra Pradesh,state_28,Alluri Sitharama Raju,district_745,593815,100150
1,Andhra Pradesh,state_28,Sri Potti Sriramulu Nellore,district_515,566310,108693
1,Andhra Pradesh,state_28,Eluru,district_748,547490,100059
1,Andhra Pradesh,state_28,Chittoor,district_503,459445,172671
1,Andhra Pradesh,state_28,Palnadu,district_751,437973,117588
1,Andhra Pradesh,state_28,Tirupati,district_752,433685,95831
1,Andhra Pradesh,state_28,Srikakulam,district_519,427043,174062
1,Andhra Pradesh,state_28,Vizianagaram,district_521,422958,160893
1,Andhra Pradesh,state_28,Anakapalli,district_744,386787,161021
1,Andhra Pradesh,state_28,Y.S.R.,district_504,352173,90453
1,Andhra Pradesh,state_28,Bapatla,district_750,336355,93832
1,Andhra Pradesh,state_28,Nandyal,district_755,327572,75180
1,Andhra Pradesh,state_28,Annamayya,district_753,323134,99838
1,Andhra Pradesh,state_28,Kakinada,district_746,302041,86078
1,Andhra Pradesh,state_28,Ananthapuramu,district_502,294519,81542
1,Andhra Pradesh,state_28,Kurnool,district_511,274683,80508
1,Andhra Pradesh,state_28,Sri Sathya Sai,district_754,269697,87821
1,Andhra Pradesh,state_28,Krishna,district_510,266684,72983
1,Andhra Pradesh,state_28,East Godavari,district_505,249905,48309
1,Andhra Pradesh,state_28,Parvathipuram Manyam,district_743,240619,67463
1,Andhra Pradesh,state_28,Ntr,district_749,226005,54089
1,Andhra Pradesh,state_28,West Godavari,district_523,196935,60322
1,Andhra Pradesh,state_28,Dr. B.R. Ambedkar Konaseema,district_747,194966,67556
1,Andhra Pradesh,state_28,Guntur,district_506,186897,55646
1,Andhra Pradesh,state_28,Visakhapatnam,district_520,66428,21139
2,Andhra Pradesh,state_28,Prakasam,district_517,804089,117769
2,Andhra Pradesh,state_28,Sri Potti Sriramulu Nellore,district_515,653548,88821
2,Andhra Pradesh,state_28,Chittoor,district_503,600257,164338
2,Andhra Pradesh,state_28,Srikakulam,district_519,586633,156897
2,Andhra Pradesh,state_28,Alluri Sitharama Raju,district_745,580571,98053
2,Andhra Pradesh,state_28,Vizianagaram,district_521,527671,137532
2,Andhra Pradesh,state_28,Eluru,district_748,479223,88263
2,Andhra Pradesh,state_28,Y.S.R.,district_504,474845,85185
2,Andhra Pradesh,state_28,Ananthapuramu,district_502,442104,83380
2,Andhra Pradesh,state_28,Kurnool,district_511,441758,84039
2,Andhra Pradesh,state_28,Tirupati,district_752,391898,87584
2,Andhra Pradesh,state_28,Palnadu,district_751,376587,102241
2,Andhra Pradesh,state_28,Krishna,district_510,367588,65634
2,Andhra Pradesh,state_28,East Godavari,district_505,353956,44687
2,Andhra Pradesh,state_28,Anakapalli,district_744,340818,134396
2,Andhra Pradesh,state_28,Nandyal,district_755,336445,74730
2,Andhra Pradesh,state_28,Annamayya,district_753,307651,96732
2,Andhra Pradesh,state_28,Bapatla,district_750,306274,83932
2,Andhra Pradesh,state_28,Kakinada,district_746,291134,81105
2,Andhra Pradesh,state_28,Sri Sathya Sai,district_754,265835,89507
2,Andhra Pradesh,state_28,West Godavari,district_523,261543,55918
2,Andhra Pradesh,state_28,Guntur,district_506,249114,50262
2,Andhra Pradesh,state_28,Parvathipuram Manyam,district_743,197724,56106
2,Andhra Pradesh,state_28,Dr. B.R. Ambedkar Konaseema,district_747,194626,62229
2,Andhra Pradesh,state_28,Ntr,district_749,159246,40728
2,Andhra Pradesh,state_28,Visakhapatnam,district_520,89776,18102
3,Andhra Pradesh,state_28,Prakasam,district_517,625982,129502
3,Andhra Pradesh,state_28,Alluri Sitharama Raju,district_745,576284,98025
3,Andhra Pradesh,state_28,Sri Potti Sriramulu Nellore,district_515,550278,104197
3,Andhra Pradesh,state_28,Eluru,district_748,534964,96437
3,Andhra Pradesh,state_28,Chittoor,district_503,474367,192989
3,Andhra Pradesh,state_28,Tirupati,district_752,441822,102348
3,Andhra Pradesh,state_28,Palnadu,district_751,429351,114493
3,Andhra Pradesh,state_28,Srikakulam,district_519,409949,165345
3,Andhra Pradesh,state_28,Vizianagaram,district_521,400328,150129
3,Andhra Pradesh,state_28,Nandyal,district_755,361429,78222
3,Andhra Pradesh,state_28,Ananthapuramu,district_502,359687,91618
3,Andhra Pradesh,state_28,Y.S.R.,district_504,358873,89348
3,Andhra Pradesh,state_28,Annamayya,district_753,339096,102992
3,Andhra Pradesh,state_28,Bapatla,district_750,329756,87860
3,Andhra Pradesh,state_28,Anakapalli,district_744,329713,134336
3,Andhra Pradesh,state_28,Kurnool,district_511,304607,85935
3,Andhra Pradesh,state_28,Kakinada,district_746,299199,83576
3,Andhra Pradesh,state_28,Sri Sathya Sai,district_754,298446,96989
3,Andhra Pradesh,state_28,Krishna,district_510,273813,71628
3,Andhra Pradesh,state_28,East Godavari,district_505,235795,44974
3,Andhra Pradesh,state_28,Parvathipuram Manyam,district_743,230478,62505
3,Andhra Pradesh,state_28,Ntr,district_749,209479,50485
3,Andhra Pradesh,state_28,Dr. B.R. Ambedkar Konaseema,district_747,191721,62410
3,Andhra Pradesh,state_28,West Godavari,district_523,189058,57880
3,Andhra Pradesh,state_28,Guntur,district_506,175424,52292
3,Andhra Pradesh,state_28,Visakhapatnam,district_520,58608,17735
4,Andhra Pradesh,state_28,Prakasam,district_517,570522,100558
4,Andhra Pradesh,state_28,Alluri Sitharama Raju,district_745,540594,86208
4,Andhra Pradesh,state_28,Sri Potti Sriramulu Nellore,district_515,533025,79654
4,Andhra Pradesh,state_28,Eluru,district_748,507163,75665
4,Andhra Pradesh,state_28,Chittoor,district_503,445497,151079
4,Andhra Pradesh,state_28,Tirupati,district_752,432179,83300
4,Andhra Pradesh,state_28,Palnadu,district_751,392258,81030
4,Andhra Pradesh,state_28,Srikakulam,district_519,383317,134869
4,Andhra Pradesh,state_28,Vizianagaram,district_521,372505,119898
4,Andhra Pradesh,state_28,Nandyal,district_755,357550,67216
4,Andhra Pradesh,state_28,Y.S.R.,district_504,355550,73548
4,Andhra Pradesh,state_28,Ananthapuramu,district_502,324732,76330
4,Andhra Pradesh,state_28,Anakapalli,district_744,309482,103494
4,Andhra Pradesh,state_28,Annamayya,district_753,307998,83012
4,Andhra Pradesh,state_28,Bapatla,district_750,305624,64233
4,Andhra Pradesh,state_28,Kurnool,district_511,294261,73725
4,Andhra Pradesh,state_28,Sri Sathya Sai,district_754,285394,78218
4,Andhra Pradesh,state_28,Kakinada,district_746,281278,65968
4,Andhra Pradesh,state_28,Krishna,district_510,249211,54063
4,Andhra Pradesh,state_28,East Godavari,district_505,228678,35119
4,Andhra Pradesh,state_28,Parvathipuram Manyam,district_743,217731,52344
4,Andhra Pradesh,state_28,Ntr,district_749,200095,40230
4,Andhra Pradesh,state_28,Dr. B.R. Ambedkar Konaseema,district_747,183745,50225
4,Andhra Pradesh,state_28,West Godavari,district_523,171320,42648
4,Andhra Pradesh,state_28,Guntur,district_506,164947,37108
4,Andhra Pradesh,state_28,Visakhapatnam,district_520,51357,12193
5,Andhra Pradesh,state_28,Prakasam,district_517,624490,97183
5,Andhra Pradesh,state_28,Alluri Sitharama Raju,district_745,575813,81652
5,Andhra Pradesh,state_28,Eluru,district_748,570160,78068
5,Andhra Pradesh,state_28,Sri Potti Sriramulu Nellore,district_515,558112,76542
5,Andhra Pradesh,state_28,Chittoor,district_503,484021,153765
5,Andhra Pradesh,state_28,Tirupati,district_752,436123,78419
5,Andhra Pradesh,state_28,Palnadu,district_751,427763,84107
5,Andhra Pradesh,state_28,Srikakulam,district_519,414002,135190
5,Andhra Pradesh,state_28,Vizianagaram,district_521,380158,113199
5,Andhra Pradesh,state_28,Nandyal,district_755,372288,63681
5,Andhra Pradesh,state_28,Y.S.R.,district_504,369104,69933
5,Andhra Pradesh,state_28,Ananthapuramu,district_502,363434,78698
5,Andhra Pradesh,state_28,Anakapalli,district_744,358315,113501
5,Andhra Pradesh,state_28,Annamayya,district_753,339103,80047
5,Andhra Pradesh,state_28,Sri Sathya Sai,district_754,331291,80110
5,Andhra Pradesh,state_28,Kurnool,district_511,326061,75886
5,Andhra Pradesh,state_28,Bapatla,district_750,321341,61115
5,Andhra Pradesh,state_28,Kakinada,district_746,307713,68172
5,Andhra Pradesh,state_28,Krishna,district_510,270001,53890
5,Andhra Pradesh,state_28,East Godavari,district_505,235089,33013
5,Andhra Pradesh,state_28,Parvathipuram Manyam,district_743,231026,50620
5,Andhra Pradesh,state_28,Ntr,district_749,224999,40798
5,Andhra Pradesh,state_28,Dr. B.R. Ambedkar Konaseema,district_747,192964,48462
5,Andhra Pradesh,state_28,West Godavari,district_523,182815,44230
5,Andhra Pradesh,state_28,Guntur,district_506,175936,36294
5,Andhra Pradesh,state_28,Visakhapatnam,district_520,56438,12538
1,Arunachal Pradesh,state_12,Namsai,district_678,32391,3051
1,Arunachal Pradesh,state_12,East Siang,district_232,12715,1405
1,Arunachal Pradesh,state_12,Lower Dibang Valley,district_235,9286,1071
1,Arunachal Pradesh,state_12,Leparada,district_724,9049,75
1,Arunachal Pradesh,state_12,Lower Siang,district_719,8463,904
1,Arunachal Pradesh,state_12,Tawang,district_238,6293,842
1,Arunachal Pradesh,state_12,Lower Subansiri,district_236,6166,404
1,Arunachal Pradesh,state_12,Lohit,district_234,4819,941
1,Arunachal Pradesh,state_12,Changlang,district_229,4783,1686
1,Arunachal Pradesh,state_12,Papum Pare,district_237,3551,871
1,Arunachal Pradesh,state_12,West Kameng,district_242,2942,211
1,Arunachal Pradesh,state_12,Upper Siang,district_240,2605,102
1,Arunachal Pradesh,state_12,Kurung Kumey,district_233,1615,142
1,Arunachal Pradesh,state_12,East Kameng,district_231,1213,256
1,Arunachal Pradesh,state_12,Kamle,district_718,1119,36
1,Arunachal Pradesh,state_12,Upper Subansiri,district_241,895,205
1,Arunachal Pradesh,state_12,Siang,district_679,859,57
1,Arunachal Pradesh,state_12,Longding,district_666,784,1
1,Arunachal Pradesh,state_12,Shi Yomi,district_725,687,13
1,Arunachal Pradesh,state_12,Kra Daadi,district_677,628,95
1,Arunachal Pradesh,state_12,Tirap,district_239,589,96
1,Arunachal Pradesh,state_12,West Siang,district_243,191,39
1,Arunachal Pradesh,state_12,Pakke Kessang,district_723,76,20
2,Arunachal Pradesh,state_12,Namsai,district_678,69961,4071
2,Arunachal Pradesh,state_12,East Siang,district_232,22626,753
2,Arunachal Pradesh,state_12,Tawang,district_238,21736,1046
2,Arunachal Pradesh,state_12,Lower Subansiri,district_236,19924,712
2,Arunachal Pradesh,state_12,Upper Subansiri,district_241,19521,349
2,Arunachal Pradesh,state_12,Lower Dibang Valley,district_235,16262,474
2,Arunachal Pradesh,state_12,Lower Siang,district_719,13068,855
2,Arunachal Pradesh,state_12,Changlang,district_229,12940,1386
2,Arunachal Pradesh,state_12,Pakke Kessang,district_723,10973,44
2,Arunachal Pradesh,state_12,Lohit,district_234,10371,1693
2,Arunachal Pradesh,state_12,Leparada,district_724,10260,340
2,Arunachal Pradesh,state_12,East Kameng,district_231,9032,1165
2,Arunachal Pradesh,state_12,West Kameng,district_242,8846,478
2,Arunachal Pradesh,state_12,Papum Pare,district_237,8677,303
2,Arunachal Pradesh,state_12,Upper Siang,district_240,6779,295
2,Arunachal Pradesh,state_12,Siang,district_679,6249,220
2,Arunachal Pradesh,state_12,Kamle,district_718,5715,142
2,Arunachal Pradesh,state_12,Shi Yomi,district_725,4499,163
2,Arunachal Pradesh,state_12,Kra Daadi,district_677,3581,64
2,Arunachal Pradesh,state_12,Longding,district_666,2521,222
2,Arunachal Pradesh,state_12,Anjaw,district_628,2510,126
2,Arunachal Pradesh,state_12,West Siang,district_243,2271,310
2,Arunachal Pradesh,state_12,Kurung Kumey,district_233,1772,193
2,Arunachal Pradesh,state_12,Tirap,district_239,1443,73
2,Arunachal Pradesh,state_12,Dibang Valley,district_230,1039,17
3,Arunachal Pradesh,state_12,Namsai,district_678,35904,6514
3,Arunachal Pradesh,state_12,Siang,district_679,23056,435
3,Arunachal Pradesh,state_12,Lower Subansiri,district_236,22401,1145
3,Arunachal Pradesh,state_12,Kurung Kumey,district_233,21985,1340
3,Arunachal Pradesh,state_12,Papum Pare,district_237,21956,1288
3,Arunachal Pradesh,state_12,Lohit,district_234,21080,2538
3,Arunachal Pradesh,state_12,East Kameng,district_231,15102,1927
3,Arunachal Pradesh,state_12,Changlang,district_229,12520,3148
3,Arunachal Pradesh,state_12,Tawang,district_238,12096,922
3,Arunachal Pradesh,state_12,East Siang,district_232,11737,1109
3,Arunachal Pradesh,state_12,Upper Siang,district_240,10676,473
3,Arunachal Pradesh,state_12,Upper Subansiri,district_241,9829,903
3,Arunachal Pradesh,state_12,Lower Dibang Valley,district_235,8264,802
3,Arunachal Pradesh,state_12,Anjaw,district_628,7988,761
3,Arunachal Pradesh,state_12,Lower Siang,district_719,7522,962
3,Arunachal Pradesh,state_12,West Kameng,district_242,6497,637
3,Arunachal Pradesh,state_12,West Siang,district_243,6405,650
3,Arunachal Pradesh,state_12,Kamle,district_718,5744,388
3,Arunachal Pradesh,state_12,Tirap,district_239,5047,512
3,Arunachal Pradesh,state_12,Kra Daadi,district_677,4448,75
3,Arunachal Pradesh,state_12,Dibang Valley,district_230,3468,77
3,Arunachal Pradesh,state_12,Longding,district_666,3295,327
3,Arunachal Pradesh,state_12,Shi Yomi,district_725,2503,213
3,Arunachal Pradesh,state_12,Leparada,district_724,1892,144
3,Arunachal Pradesh,state_12,Pakke Kessang,district_723,1202,106
4,Arunachal Pradesh,state_12,Namsai,district_678,29458,5479
4,Arunachal Pradesh,state_12,Lower Subansiri,district_236,22820,827
4,Arunachal Pradesh,state_12,Siang,district_679,20891,426
4,Arunachal Pradesh,state_12,Changlang,district_229,14572,3525
4,Arunachal Pradesh,state_12,East Kameng,district_231,14147,1864
4,Arunachal Pradesh,state_12,Kurung Kumey,district_233,14061,873
4,Arunachal Pradesh,state_12,Lohit,district_234,12587,1664
4,Arunachal Pradesh,state_12,Lower Dibang Valley,district_235,10116,997
4,Arunachal Pradesh,state_12,East Siang,district_232,9922,820
4,Arunachal Pradesh,state_12,Papum Pare,district_237,8183,782
4,Arunachal Pradesh,state_12,Tawang,district_238,7771,721
4,Arunachal Pradesh,state_12,Lower Siang,district_719,5842,556
4,Arunachal Pradesh,state_12,West Kameng,district_242,5155,538
4,Arunachal Pradesh,state_12,Kra Daadi,district_677,4942,71
4,Arunachal Pradesh,state_12,West Siang,district_243,4718,508
4,Arunachal Pradesh,state_12,Anjaw,district_628,4494,442
4,Arunachal Pradesh,state_12,Kamle,district_718,3659,284
4,Arunachal Pradesh,state_12,Shi Yomi,district_725,3314,228
4,Arunachal Pradesh,state_12,Upper Siang,district_240,3047,181
4,Arunachal Pradesh,state_12,Longding,district_666,2907,309
4,Arunachal Pradesh,state_12,Dibang Valley,district_230,2388,55
4,Arunachal Pradesh,state_12,Upper Subansiri,district_241,2027,407
4,Arunachal Pradesh,state_12,Tirap,district_239,2006,311
4,Arunachal Pradesh,state_12,Leparada,district_724,1626,185
4,Arunachal Pradesh,state_12,Pakke Kessang,district_723,1198,111
1,Assam,state_18,Darrang,district_283,66877,22676
1,Assam,state_18,Kamrup,district_291,53152,20979
1,Assam,state_18,Sivasagar,district_300,43539,10488
1,Assam,state_18,Dhemaji,district_284,38582,8994
1,Assam,state_18,Barpeta,district_280,38228,24318
1,Assam,state_18,Nalbari,district_298,36082,16210
1,Assam,state_18,Lakhimpur,district_295,35165,10905
1,Assam,state_18,Sonitpur,district_301,34948,8141
1,Assam,state_18,Dibrugarh,district_286,32789,8564
1,Assam,state_18,Marigaon,district_296,28610,6945
1,Assam,state_18,Bongaigaon,district_281,26675,10434
1,Assam,state_18,Karbi Anglong,district_292,22866,7503
1,Assam,state_18,Hojai,district_709,20648,10065
1,Assam,state_18,Goalpara,district_287,19932,7740
1,Assam,state_18,Kokrajhar,district_294,19674,5761
1,Assam,state_18,Biswanath,district_705,18946,5704
1,Assam,state_18,Golaghat,district_288,17617,5811
1,Assam,state_18,Kamrup Metro,district_618,13984,3930
1,Assam,state_18,Charaideo,district_708,12514,2380
1,Assam,state_18,Tinsukia,district_302,12485,3164
1,Assam,state_18,Udalguri,district_617,11588,4021
1,Assam,state_18,Baksa,district_616,9394,3825
1,Assam,state_18,Dhubri,district_285,9027,2222
1,Assam,state_18,West Karbi Anglong,district_710,7538,2479
1,Assam,state_18,Majuli,district_706,7418,2085
1,Assam,state_18,Bajali,district_739,7204,3393
1,Assam,state_18,Hailakandi,district_289,6200,2978
1,Assam,state_18,Nagaon,district_297,5829,2207
1,Assam,state_18,South Salmara Mancachar,district_707,4552,2071
1,Assam,state_18,Cachar,district_282,4267,1770
1,Assam,state_18,Tamulpur,district_756,3351,1312
1,Assam,state_18,Karimganj,district_293,2717,1059
1,Assam,state_18,Chirang,district_612,1564,518
1,Assam,state_18,Dima Hasao,district_299,1103,201
1,Assam,state_18,Jorhat,district_290,6,6
2,Assam,state_18,Barpeta,district_280,491761,71623
2,Assam,state_18,Lakhimpur,district_295,403102,30097
2,Assam,state_18,Nagaon,district_297,377197,38573
2,Assam,state_18,Kamrup,district_291,376217,48515
2,Assam,state_18,Goalpara,district_287,307393,41951
2,Assam,state_18,Darrang,district_283,305174,21006
2,Assam,state_18,Sonitpur,district_301,296570,13362
2,Assam,state_18,Dibrugarh,district_286,283496,24705
2,Assam,state_18,Biswanath,district_705,279950,20756
2,Assam,state_18,Dhemaji,district_284,262813,11750
2,Assam,state_18,Marigaon,district_296,261088,28138
2,Assam,state_18,Baksa,district_616,247996,17656
2,Assam,state_18,Karimganj,district_293,246350,19467
2,Assam,state_18,Dhubri,district_285,245132,28387
2,Assam,state_18,Hojai,district_709,238904,27404
2,Assam,state_18,Cachar,district_282,237332,26920
2,Assam,state_18,Bongaigaon,district_281,233601,24824
2,Assam,state_18,Nalbari,district_298,225259,39331
2,Assam,state_18,Kokrajhar,district_294,222613,23855
2,Assam,state_18,Jorhat,district_290,221256,36302
2,Assam,state_18,Sivasagar,district_300,215766,19103
2,Assam,state_18,Karbi Anglong,district_292,201538,22131
2,Assam,state_18,Tinsukia,district_302,197165,16662
2,Assam,state_18,Golaghat,district_288,187691,20433
2,Assam,state_18,Udalguri,district_617,165878,9496
2,Assam,state_18,Majuli,district_706,119764,12517
2,Assam,state_18,Hailakandi,district_289,117179,24353
2,Assam,state_18,Chirang,district_612,102017,4414
2,Assam,state_18,Kamrup Metro,district_618,86422,5892
2,Assam,state_18,Charaideo,district_708,54640,10449
2,Assam,state_18,South Salmara Mancachar,district_707,48801,3798
2,Assam,state_18,West Karbi Anglong,district_710,43804,4014
2,Assam,state_18,Bajali,district_739,35323,16842
2,Assam,state_18,Dima Hasao,district_299,18379,519
2,Assam,state_18,Tamulpur,district_756,16569,6809
3,Assam,state_18,Dhubri,district_285,142609,59236
3,Assam,state_18,Dibrugarh,district_286,101839,19329
3,Assam,state_18,Nalbari,district_298,96369,42930
3,Assam,state_18,Hailakandi,district_289,88264,47771
3,Assam,state_18,Sivasagar,district_300,84755,30723
3,Assam,state_18,Sonitpur,district_301,81562,43152
3,Assam,state_18,Darrang,district_283,75362,48262
3,Assam,state_18,Kokrajhar,district_294,68342,19686
3,Assam,state_18,Karbi Anglong,district_292,59971,16648
3,Assam,state_18,Cachar,district_282,59312,22137
3,Assam,state_18,Hojai,district_709,56358,25733
3,Assam,state_18,Barpeta,district_280,52654,29834
3,Assam,state_18,Bongaigaon,district_281,43271,16442
3,Assam,state_18,Kamrup,district_291,36021,13959
3,Assam,state_18,Biswanath,district_705,34022,10691
3,Assam,state_18,Golaghat,district_288,33085,9785
3,Assam,state_18,Goalpara,district_287,32456,10713
3,Assam,state_18,Majuli,district_706,25779,6847
3,Assam,state_18,Lakhimpur,district_295,24470,8139
3,Assam,state_18,Jorhat,district_290,23157,7322
3,Assam,state_18,Marigaon,district_296,18528,6701
3,Assam,state_18,Nagaon,district_297,17855,6851
3,Assam,state_18,Tinsukia,district_302,16252,3637
3,Assam,state_18,Tamulpur,district_756,15816,6180
3,Assam,state_18,Udalguri,district_617,15814,6732
3,Assam,state_18,Baksa,district_616,14918,6398
3,Assam,state_18,Karimganj,district_293,14432,5632
3,Assam,state_18,Chirang,district_612,11186,2677
3,Assam,state_18,Dima Hasao,district_299,11093,2731
3,Assam,state_18,Bajali,district_739,7494,4116
3,Assam,state_18,West Karbi Anglong,district_710,7140,1793
3,Assam,state_18,South Salmara Mancachar,district_707,5765,2373
3,Assam,state_18,Kamrup Metro,district_618,5583,1824
3,Assam,state_18,Charaideo,district_708,3135,1299
3,Assam,state_18,Dhemaji,district_284,2838,785
4,Assam,state_18,Dibrugarh,district_286,166627,28712
4,Assam,state_18,Dhubri,district_285,150939,64225
4,Assam,state_18,Lakhimpur,district_295,148420,41457
4,Assam,state_18,Barpeta,district_280,147688,82116
4,Assam,state_18,Darrang,district_283,101850,57773
4,Assam,state_18,Tinsukia,district_302,97657,19895
4,Assam,state_18,Kamrup,district_291,96646,39428
4,Assam,state_18,Biswanath,district_705,93162,25208
4,Assam,state_18,Jorhat,district_290,89379,26963
4,Assam,state_18,Sonitpur,district_301,87221,40860
4,Assam,state_18,Goalpara,district_287,83440,30444
4,Assam,state_18,Cachar,district_282,81563,29453
4,Assam,state_18,Hailakandi,district_289,80378,45102
4,Assam,state_18,Bongaigaon,district_281,80110,32752
4,Assam,state_18,Nalbari,district_298,78084,34093
4,Assam,state_18,Sivasagar,district_300,73809,24441
4,Assam,state_18,Kokrajhar,district_294,71180,19808
4,Assam,state_18,Karbi Anglong,district_292,71028,18555
4,Assam,state_18,Marigaon,district_296,70980,26463
4,Assam,state_18,Nagaon,district_297,68496,27282
4,Assam,state_18,Golaghat,district_288,66297,19739
4,Assam,state_18,Dhemaji,district_284,61633,11035
4,Assam,state_18,Hojai,district_709,61380,27673
4,Assam,state_18,Baksa,district_616,59367,25652
4,Assam,state_18,Udalguri,district_617,54388,18469
4,Assam,state_18,Bajali,district_739,41292,17080
4,Assam,state_18,Karimganj,district_293,32347,11929
4,Assam,state_18,Chirang,district_612,26363,7031
4,Assam,state_18,Tamulpur,district_756,21774,8217
4,Assam,state_18,South Salmara Mancachar,district_707,21348,10122
4,Assam,state_18,Majuli,district_706,21339,5567
4,Assam,state_18,Dima Hasao,district_299,21237,3560
4,Assam,state_18,Kamrup Metro,district_618,20755,4707
4,Assam,state_18,Charaideo,district_708,20239,6997
4,Assam,state_18,West Karbi Anglong,district_710,8424,1792
1,Bihar,state_10,Saharsa,district_216,78,48
1,Bihar,state_10,Madhepura,district_205,67,36
1,Bihar,state_10,Bhagalpur,district_192,30,26
1,Bihar,state_10,Bhojpur,district_193,11,11
1,Bihar,state_10,Patna,district_212,10,10
1,Bihar,state_10,Purbi Champaran,district_213,4,3
1,Bihar,state_10,Lakhisarai,district_204,3,3
1,Bihar,state_10,Darbhanga,district_195,2,2
1,Bihar,state_10,Rohtas,district_215,2,2
1,Bihar,state_10,Jamui,district_198,1,1
1,Bihar,state_10,Munger,district_207,1,1
1,Bihar,state_10,Purnia,district_214,1,1
1,Bihar,state_10,Sitamarhi,district_221,1,1
1,Bihar,state_10,Vaishali,district_224,1,1
1,Bihar,state_10,Arwal,district_611,1,1
2,Bihar,state_10,Purnia,district_214,1145086,199987
2,Bihar,state_10,Gaya,district_196,1043850,157213
2,Bihar,state_10,Madhubani,district_206,1042744,230122
2,Bihar,state_10,Supaul,district_223,870663,179550
2,Bihar,state_10,Araria,district_188,866224,218122
2,Bihar,state_10,Bhagalpur,district_192,807268,121147
2,Bihar,state_10,Katihar,district_201,788530,180491
2,Bihar,state_10,Banka,district_190,784928,152742
2,Bihar,state_10,Purbi Champaran,district_213,710736,230675
2,Bihar,state_10,Patna,district_212,688949,173766
2,Bihar,state_10,Muzaffarpur,district_208,684539,192104
2,Bihar,state_10,Madhepura,district_205,657982,124352
2,Bihar,state_10,Aurangabad,district_189,645793,134584
2,Bihar,state_10,Pashchim Champaran,district_211,634077,160226
2,Bihar,state_10,Darbhanga,district_195,619871,190343
2,Bihar,state_10,Rohtas,district_215,612694,183392
2,Bihar,state_10,Samastipur,district_217,590449,176263
2,Bihar,state_10,Kishanganj,district_203,583421,128361
2,Bihar,state_10,Saharsa,district_216,573094,130913
2,Bihar,state_10,Sitamarhi,district_221,558007,179112
2,Bihar,state_10,Jamui,district_198,537057,52817
2,Bihar,state_10,Nawada,district_210,510520,86743
2,Bihar,state_10,Siwan,district_222,498218,136567
2,Bihar,state_10,Begusarai,district_191,488607,158812
2,Bihar,state_10,Bhojpur,district_193,487184,160762
2,Bihar,state_10,Nalanda,district_209,440598,117466
2,Bihar,state_10,Kaimur (Bhabua),district_200,437295,101629
2,Bihar,state_10,Vaishali,district_224,392058,149114
2,Bihar,state_10,Khagaria,district_202,356360,108892
2,Bihar,state_10,Buxar,district_194,337957,109486
2,Bihar,state_10,Gopalganj,district_197,308215,133625
2,Bihar,state_10,Saran,district_218,307138,115077
2,Bihar,state_10,Munger,district_207,221301,44281
2,Bihar,state_10,Jehanabad,district_199,191896,61942
2,Bihar,state_10,Lakhisarai,district_204,176614,47496
2,Bihar,state_10,Arwal,district_611,140722,38104
2,Bihar,state_10,Sheikhpura,district_219,125549,28534
2,Bihar,state_10,Sheohar,district_220,92318,31950
3,Bihar,state_10,Gaya,district_196,791887,170160
3,Bihar,state_10,Supaul,district_223,718761,173567
3,Bihar,state_10,Madhubani,district_206,690284,202731
3,Bihar,state_10,Purnia,district_214,684914,143537
3,Bihar,state_10,Katihar,district_201,681085,162709
3,Bihar,state_10,Araria,district_188,639222,159899
3,Bihar,state_10,Rohtas,district_215,570693,166757
3,Bihar,state_10,Samastipur,district_217,520061,203210
3,Bihar,state_10,Madhepura,district_205,490814,126783
3,Bihar,state_10,Purbi Champaran,district_213,486177,194332
3,Bihar,state_10,Muzaffarpur,district_208,480279,154970
3,Bihar,state_10,Banka,district_190,473726,117312
3,Bihar,state_10,Bhagalpur,district_192,463472,89049
3,Bihar,state_10,Darbhanga,district_195,462947,143159
3,Bihar,state_10,Aurangabad,district_189,422116,116761
3,Bihar,state_10,Nawada,district_210,406338,91739
3,Bihar,state_10,Kishanganj,district_203,405909,91064
3,Bihar,state_10,Begusarai,district_191,405373,116312
3,Bihar,state_10,Sitamarhi,district_221,389727,118610
3,Bihar,state_10,Bhojpur,district_193,386084,123179
3,Bihar,state_10,Patna,district_212,384248,100406
3,Bihar,state_10,Kaimur (Bhabua),district_200,363089,85902
3,Bihar,state_10,Jamui,district_198,345662,76033
3,Bihar,state_10,Pashchim Champaran,district_211,343086,122749
3,Bihar,state_10,Khagaria,district_202,287354,79191
3,Bihar,state_10,Nalanda,district_209,287178,77957
3,Bihar,state_10,Saharsa,district_216,266689,66116
3,Bihar,state_10,Buxar,district_194,260305,79126
3,Bihar,state_10,Siwan,district_222,252010,96114
3,Bihar,state_10,Saran,district_218,249405,93274
3,Bihar,state_10,Vaishali,district_224,234941,89222
3,Bihar,state_10,Gopalganj,district_197,190587,84143
3,Bihar,state_10,Munger,district_207,179514,41312
3,Bihar,state_10,Lakhisarai,district_204,154425,49560
3,Bihar,state_10,Jehanabad,district_199,150882,47300
3,Bihar,state_10,Sheikhpura,district_219,100412,24964
3,Bihar,state_10,Arwal,district_611,98208,32711
3,Bihar,state_10,Sheohar,district_220,80997,29447
4,Bihar,state_10,Katihar,district_201,632038,138721
4,Bihar,state_10,Araria,district_188,596353,140540
4,Bihar,state_10,Madhubani,district_206,570041,161253
4,Bihar,state_10,Gaya,district_196,512996,107125
4,Bihar,state_10,Banka,district_190,464951,96192
4,Bihar,state_10,Purbi Champaran,district_213,449796,172820
4,Bihar,state_10,Purnia,district_214,433273,95692
4,Bihar,state_10,Samastipur,district_217,431797,165865
4,Bihar,state_10,Rohtas,district_215,420905,115167
4,Bihar,state_10,Muzaffarpur,district_208,370893,115032
4,Bihar,state_10,Bhagalpur,district_192,361844,62650
4,Bihar,state_10,Kishanganj,district_203,330515,68201
4,Bihar,state_10,Supaul,district_223,325937,81768
4,Bihar,state_10,Jamui,district_198,325846,68206
4,Bihar,state_10,Bhojpur,district_193,321937,100745
4,Bihar,state_10,Begusarai,district_191,286825,82642
4,Bihar,state_10,Patna,district_212,273827,68416
4,Bihar,state_10,Nalanda,district_209,265204,64970
4,Bihar,state_10,Nawada,district_210,249944,56463
4,Bihar,state_10,Darbhanga,district_195,234128,75317
4,Bihar,state_10,Saharsa,district_216,233589,53972
4,Bihar,state_10,Sitamarhi,district_221,232677,62097
4,Bihar,state_10,Madhepura,district_205,214043,54801
4,Bihar,state_10,Kaimur (Bhabua),district_200,186003,44198
4,Bihar,state_10,Aurangabad,district_189,181735,48421
4,Bihar,state_10,Pashchim Champaran,district_211,180526,62073
4,Bihar,state_10,Vaishali,district_224,175608,67664
4,Bihar,state_10,Munger,district_207,155317,35772
4,Bihar,state_10,Buxar,district_194,149553,44565
4,Bihar,state_10,Khagaria,district_202,147347,38819
4,Bihar,state_10,Gopalganj,district_197,144824,66402
4,Bihar,state_10,Jehanabad,district_199,123349,37812
4,Bihar,state_10,Siwan,district_222,115113,42197
4,Bihar,state_10,Lakhisarai,district_204,106003,38435
4,Bihar,state_10,Sheikhpura,district_219,89811,21935
4,Bihar,state_10,Arwal,district_611,82391,29899
4,Bihar,state_10,Saran,district_218,48873,15683
4,Bihar,state_10,Sheohar,district_220,365,109
1,Chandigarh,ut_4,Chandigarh,district_44,19929,1878
2,Chandigarh,ut_4,Chandigarh,district_44,18762,1721
3,Chandigarh,ut_4,Chandigarh,district_44,18834,1643
4,Chandigarh,ut_4,Chandigarh,district_44,18898,1469
5,Chandigarh,ut_4,Chandigarh,district_44,18911,1385
1,Chhattisgarh,state_22,Sukma,district_642,385642,24299
1,Chhattisgarh,state_22,Balrampur-Ramanujganj,district_649,336133,65665
1,Chhattisgarh,state_22,Korba,district_383,315272,72463
1,Chhattisgarh,state_22,Jashpur,district_380,313722,78574
1,Chhattisgarh,state_22,Raipur,district_387,282730,51644
1,Chhattisgarh,state_22,Balodabazar-Bhatapara,district_644,273202,64115
1,Chhattisgarh,state_22,Raigarh,district_386,258941,78924
1,Chhattisgarh,state_22,Bilaspur,district_375,256492,60226
1,Chhattisgarh,state_22,Bastar,district_374,233134,59656
1,Chhattisgarh,state_22,Balod,district_646,215920,67086
1,Chhattisgarh,state_22,Rajnandgaon,district_388,213798,60362
1,Chhattisgarh,state_22,Mahasamund,district_385,211730,62773
1,Chhattisgarh,state_22,Dhamtari,district_377,186979,64425
1,Chhattisgarh,state_22,Janjgir-Champa,district_379,176251,42030
1,Chhattisgarh,state_22,Kabeerdham,district_382,174627,45818
1,Chhattisgarh,state_22,Gariyaband,district_645,162978,51224
1,Chhattisgarh,state_22,Kondagaon,district_643,160991,33933
1,Chhattisgarh,state_22,Bemetara,district_650,150137,29599
1,Chhattisgarh,state_22,Bijapur,district_636,148482,13761
1,Chhattisgarh,state_22,Sakti,district_762,146087,39913
1,Chhattisgarh,state_22,Durg,district_378,139868,26154
1,Chhattisgarh,state_22,Sarangarh-Bilaigarh,district_763,120434,40082
1,Chhattisgarh,state_22,Mungeli,district_647,112045,34285
1,Chhattisgarh,state_22,Uttar Bastar Kanker,district_381,107024,30035
1,Chhattisgarh,state_22,Dakshin Bastar Dantewada,district_376,104523,12079
1,Chhattisgarh,state_22,Khairagarh-Chhuikhadan-Gandai,district_759,103703,25888
1,Chhattisgarh,state_22,Manendragarh-Chirmiri-Bharatpur(M C B),district_760,100535,22439
1,Chhattisgarh,state_22,Mohla-Manpur-Ambagarh Chouki,district_761,87007,23498
1,Chhattisgarh,state_22,Surajpur,district_648,84899,24155
1,Chhattisgarh,state_22,Narayanpur,district_637,82581,9156
1,Chhattisgarh,state_22,Korea,district_384,78791,21735
1,Chhattisgarh,state_22,Surguja,district_389,66786,23538
1,Chhattisgarh,state_22,Gaurela-Pendra-Marwahi,district_734,56236,11927
2,Chhattisgarh,state_22,Balrampur-Ramanujganj,district_649,430211,78246
2,Chhattisgarh,state_22,Balodabazar-Bhatapara,district_644,404929,90966
2,Chhattisgarh,state_22,Jashpur,district_380,401209,88153
2,Chhattisgarh,state_22,Surguja,district_389,374066,90548
2,Chhattisgarh,state_22,Sukma,district_642,372671,27507
2,Chhattisgarh,state_22,Surajpur,district_648,365921,76789
2,Chhattisgarh,state_22,Bilaspur,district_375,353520,80814
2,Chhattisgarh,state_22,Rajnandgaon,district_388,348343,80797
2,Chhattisgarh,state_22,Korba,district_383,347984,78902
2,Chhattisgarh,state_22,Bemetara,district_650,347877,69348
2,Chhattisgarh,state_22,Kabeerdham,district_382,329637,89733
2,Chhattisgarh,state_22,Raipur,district_387,325324,57470
2,Chhattisgarh,state_22,Kondagaon,district_643,318376,60037
2,Chhattisgarh,state_22,Gaurela-Pendra-Marwahi,district_734,306260,31072
2,Chhattisgarh,state_22,Uttar Bastar Kanker,district_381,302184,72724
2,Chhattisgarh,state_22,Balod,district_646,300272,84371
2,Chhattisgarh,state_22,Raigarh,district_386,283122,83120
2,Chhattisgarh,state_22,Janjgir-Champa,district_379,281797,60481
2,Chhattisgarh,state_22,Mahasamund,district_385,279344,68654
2,Chhattisgarh,state_22,Bastar,district_374,274514,69039
2,Chhattisgarh,state_22,Durg,district_378,266244,48874
2,Chhattisgarh,state_22,Mungeli,district_647,259085,70624
2,Chhattisgarh,state_22,Bijapur,district_636,239878,16567
2,Chhattisgarh,state_22,Dhamtari,district_377,218982,67604
2,Chhattisgarh,state_22,Gariyaband,district_645,208761,52343
2,Chhattisgarh,state_22,Korea,district_384,187848,41050
2,Chhattisgarh,state_22,Dakshin Bastar Dantewada,district_376,186367,15363
2,Chhattisgarh,state_22,Manendragarh-Chirmiri-Bharatpur(M C B),district_760,186131,37780
2,Chhattisgarh,state_22,Narayanpur,district_637,181706,10694
2,Chhattisgarh,state_22,Sakti,district_762,174301,49893
2,Chhattisgarh,state_22,Sarangarh-Bilaigarh,district_763,140272,42279
2,Chhattisgarh,state_22,Khairagarh-Chhuikhadan-Gandai,district_759,136136,31808
2,Chhattisgarh,state_22,Mohla-Manpur-Ambagarh Chouki,district_761,112861,29420
3,Chhattisgarh,state_22,Balodabazar-Bhatapara,district_644,404850,86019
3,Chhattisgarh,state_22,Bilaspur,district_375,361606,72790
3,Chhattisgarh,state_22,Sukma,district_642,357463,22806
3,Chhattisgarh,state_22,Jashpur,district_380,347717,80976
3,Chhattisgarh,state_22,Kabeerdham,district_382,323139,83048
3,Chhattisgarh,state_22,Korba,district_383,321880,66500
3,Chhattisgarh,state_22,Bemetara,district_650,307843,56902
3,Chhattisgarh,state_22,Surajpur,district_648,307121,65955
3,Chhattisgarh,state_22,Balrampur-Ramanujganj,district_649,301436,57302
3,Chhattisgarh,state_22,Uttar Bastar Kanker,district_381,300243,69531
3,Chhattisgarh,state_22,Raipur,district_387,266510,42851
3,Chhattisgarh,state_22,Rajnandgaon,district_388,264449,66600
3,Chhattisgarh,state_22,Surguja,district_389,252306,64619
3,Chhattisgarh,state_22,Balod,district_646,250491,67651
3,Chhattisgarh,state_22,Raigarh,district_386,248354,68130
3,Chhattisgarh,state_22,Kondagaon,district_643,228588,41276
3,Chhattisgarh,state_22,Bijapur,district_636,228151,16101
3,Chhattisgarh,state_22,Mungeli,district_647,225952,61768
3,Chhattisgarh,state_22,Durg,district_378,220631,36933
3,Chhattisgarh,state_22,Bastar,district_374,216778,43485
3,Chhattisgarh,state_22,Janjgir-Champa,district_379,209226,47113
3,Chhattisgarh,state_22,Dhamtari,district_377,208981,61099
3,Chhattisgarh,state_22,Mahasamund,district_385,208048,47853
3,Chhattisgarh,state_22,Manendragarh-Chirmiri-Bharatpur(M C B),district_760,163773,26437
3,Chhattisgarh,state_22,Sakti,district_762,147656,37802
3,Chhattisgarh,state_22,Dakshin Bastar Dantewada,district_376,136568,13695
3,Chhattisgarh,state_22,Korea,district_384,132026,30019
3,Chhattisgarh,state_22,Gariyaband,district_645,127113,35747
3,Chhattisgarh,state_22,Khairagarh-Chhuikhadan-Gandai,district_759,124833,27825
3,Chhattisgarh,state_22,Sarangarh-Bilaigarh,district_763,111217,32788
3,Chhattisgarh,state_22,Mohla-Manpur-Ambagarh Chouki,district_761,108276,26666
3,Chhattisgarh,state_22,Gaurela-Pendra-Marwahi,district_734,103295,20104
3,Chhattisgarh,state_22,Narayanpur,district_637,103081,9893
4,Chhattisgarh,state_22,Balodabazar-Bhatapara,district_644,389167,82273
4,Chhattisgarh,state_22,Balrampur-Ramanujganj,district_649,371363,72801
4,Chhattisgarh,state_22,Bilaspur,district_375,370204,74336
4,Chhattisgarh,state_22,Sukma,district_642,368949,24412
4,Chhattisgarh,state_22,Surajpur,district_648,356175,75398
4,Chhattisgarh,state_22,Jashpur,district_380,341860,78032
4,Chhattisgarh,state_22,Kabeerdham,district_382,337110,88129
4,Chhattisgarh,state_22,Bemetara,district_650,336766,61178
4,Chhattisgarh,state_22,Surguja,district_389,333985,84738
4,Chhattisgarh,state_22,Korba,district_383,325161,69428
4,Chhattisgarh,state_22,Raipur,district_387,301540,47771
4,Chhattisgarh,state_22,Uttar Bastar Kanker,district_381,300565,67335
4,Chhattisgarh,state_22,Kondagaon,district_643,296284,53308
4,Chhattisgarh,state_22,Rajnandgaon,district_388,279944,71626
4,Chhattisgarh,state_22,Balod,district_646,248481,68067
4,Chhattisgarh,state_22,Raigarh,district_386,242772,65141
4,Chhattisgarh,state_22,Bastar,district_374,238586,51698
4,Chhattisgarh,state_22,Durg,district_378,231421,37910
4,Chhattisgarh,state_22,Janjgir-Champa,district_379,227413,52162
4,Chhattisgarh,state_22,Bijapur,district_636,217954,15980
4,Chhattisgarh,state_22,Mungeli,district_647,217450,59496
4,Chhattisgarh,state_22,Mahasamund,district_385,211658,51156
4,Chhattisgarh,state_22,Dhamtari,district_377,202319,57905
4,Chhattisgarh,state_22,Manendragarh-Chirmiri-Bharatpur(M C B),district_760,169385,29851
4,Chhattisgarh,state_22,Dakshin Bastar Dantewada,district_376,154411,14326
4,Chhattisgarh,state_22,Gariyaband,district_645,152569,40843
4,Chhattisgarh,state_22,Korea,district_384,143669,34084
4,Chhattisgarh,state_22,Sakti,district_762,139126,38263
4,Chhattisgarh,state_22,Gaurela-Pendra-Marwahi,district_734,134976,26032
4,Chhattisgarh,state_22,Khairagarh-Chhuikhadan-Gandai,district_759,126454,28048
4,Chhattisgarh,state_22,Narayanpur,district_637,102577,9515
4,Chhattisgarh,state_22,Mohla-Manpur-Ambagarh Chouki,district_761,98626,24111
4,Chhattisgarh,state_22,Sarangarh-Bilaigarh,district_763,95639,26240
1,Delhi,ut_7,South West,district_84,50326,4827
1,Delhi,ut_7,North,district_80,28645,1954
1,Delhi,ut_7,East,district_78,21662,677
1,Delhi,ut_7,North West,district_82,19981,664
1,Delhi,ut_7,West,district_85,11463,809
1,Delhi,ut_7,Central,district_77,9473,762
1,Delhi,ut_7,North East,district_81,6975,247
1,Delhi,ut_7,South,district_83,5906,785
1,Delhi,ut_7,New Delhi,district_79,4823,366
1,Delhi,ut_7,South East,district_670,4338,458
1,Delhi,ut_7,Shahdara,district_671,1716,46
2,Delhi,ut_7,South West,district_84,45198,4085
2,Delhi,ut_7,North,district_80,24076,1792
2,Delhi,ut_7,East,district_78,17271,504
2,Delhi,ut_7,North West,district_82,16165,692
2,Delhi,ut_7,West,district_85,9516,812
2,Delhi,ut_7,Central,district_77,7483,381
2,Delhi,ut_7,North East,district_81,6368,165
2,Delhi,ut_7,South,district_83,5303,536
2,Delhi,ut_7,New Delhi,district_79,4367,259
2,Delhi,ut_7,South East,district_670,3346,278
2,Delhi,ut_7,Shahdara,district_671,1550,31
3,Delhi,ut_7,South West,district_84,34980,3283
3,Delhi,ut_7,North,district_80,19231,1110
3,Delhi,ut_7,East,district_78,15821,419
3,Delhi,ut_7,West,district_85,7412,587
3,Delhi,ut_7,Central,district_77,6632,278
3,Delhi,ut_7,North East,district_81,5631,185
3,Delhi,ut_7,North West,district_82,4509,493
3,Delhi,ut_7,New Delhi,district_79,4174,250
3,Delhi,ut_7,South,district_83,2067,206
3,Delhi,ut_7,South East,district_670,985,144
3,Delhi,ut_7,Shahdara,district_671,557,34
4,Delhi,ut_7,South West,district_84,16985,1948
4,Delhi,ut_7,North,district_80,11380,468
4,Delhi,ut_7,East,district_78,9207,203
4,Delhi,ut_7,West,district_85,6465,343
4,Delhi,ut_7,North West,district_82,4798,390
4,Delhi,ut_7,Central,district_77,3683,137
4,Delhi,ut_7,South,district_83,3157,174
4,Delhi,ut_7,South East,district_670,2694,117
4,Delhi,ut_7,New Delhi,district_79,676,62
4,Delhi,ut_7,Shahdara,district_671,481,31
5,Delhi,ut_7,North East,district_81,7218,140
5,Delhi,ut_7,South West,district_84,7124,867
5,Delhi,ut_7,North,district_80,6804,245
5,Delhi,ut_7,West,district_85,3695,301
5,Delhi,ut_7,Central,district_77,3375,120
5,Delhi,ut_7,North West,district_82,2461,151
5,Delhi,ut_7,South,district_83,2128,103
5,Delhi,ut_7,South East,district_670,1526,77
5,Delhi,ut_7,New Delhi,district_79,559,28
5,Delhi,ut_7,East,district_78,353,73
1,Goa,state_30,South Goa,district_552,35567,3573
1,Goa,state_30,North Goa,district_551,30507,2980
2,Goa,state_30,North Goa,district_551,33171,2556
2,Goa,state_30,South Goa,district_552,26679,2887
3,Goa,state_30,South Goa,district_552,23051,2716
3,Goa,state_30,North Goa,district_551,18805,2015
4,Goa,state_30,South Goa,district_552,19477,2129
4,Goa,state_30,North Goa,district_551,18654,1957
5,Goa,state_30,South Goa,district_552,20935,2218
5,Goa,state_30,North Goa,district_551,17940,1882
1,Gujarat,state_24,Banas Kantha,district_441,2194774,389884
1,Gujarat,state_24,Dahod,district_445,1055971,204130
1,Gujarat,state_24,Kachchh,district_449,899830,89437
1,Gujarat,state_24,Kheda,district_450,744180,224298
1,Gujarat,state_24,Sabar Kantha,district_458,736364,225617
1,Gujarat,state_24,Mahesana,district_451,715379,214370
1,Gujarat,state_24,Mahisagar,district_669,714066,166138
1,Gujarat,state_24,Arvalli,district_672,634902,206382
1,Gujarat,state_24,Surendranagar,district_460,615842,138756
1,Gujarat,state_24,Panch Mahals,district_454,608834,194581
1,Gujarat,state_24,Anand,district_440,589512,204942
1,Gujarat,state_24,Rajkot,district_457,520927,133091
1,Gujarat,state_24,Ahmedabad,district_438,512075,96460
1,Gujarat,state_24,Bhavnagar,district_443,509851,134068
1,Gujarat,state_24,Chhotaudepur,district_668,497407,162031
1,Gujarat,state_24,Patan,district_455,453780,117677
1,Gujarat,state_24,Surat,district_459,437565,98239
1,Gujarat,state_24,Vadodara,district_461,430806,167732
1,Gujarat,state_24,Gandhinagar,district_446,424706,106212
1,Gujarat,state_24,Tapi,district_641,371413,108937
1,Gujarat,state_24,Junagadh,district_448,370494,128114
1,Gujarat,state_24,Gir Somnath,district_675,352651,99651
1,Gujarat,state_24,Devbhumi Dwarka,district_674,330083,79222
1,Gujarat,state_24,Valsad,district_462,327182,61114
1,Gujarat,state_24,Amreli,district_439,324869,113584
1,Gujarat,state_24,Morbi,district_673,274134,60266
1,Gujarat,state_24,Navsari,district_453,271640,61228
1,Gujarat,state_24,Jamnagar,district_447,255424,74890
1,Gujarat,state_24,Bharuch,district_442,242766,60753
1,Gujarat,state_24,Narmada,district_452,229071,77969
1,Gujarat,state_24,Botad,district_676,200994,48288
1,Gujarat,state_24,Porbandar,district_456,160044,48964
1,Gujarat,state_24,Dangs,district_444,86674,22493
2,Gujarat,state_24,Banas Kantha,district_441,2276863,473729
2,Gujarat,state_24,Dahod,district_445,945377,194336
2,Gujarat,state_24,Kachchh,district_449,828634,107292
2,Gujarat,state_24,Kheda,district_450,707471,226621
2,Gujarat,state_24,Sabar Kantha,district_458,702080,215763
2,Gujarat,state_24,Arvalli,district_672,648049,207662
2,Gujarat,state_24,Mahesana,district_451,647406,198550
2,Gujarat,state_24,Mahisagar,district_669,572674,153780
2,Gujarat,state_24,Anand,district_440,553396,192403
2,Gujarat,state_24,Panch Mahals,district_454,549265,179379
2,Gujarat,state_24,Surendranagar,district_460,543017,151438
2,Gujarat,state_24,Rajkot,district_457,505493,145071
2,Gujarat,state_24,Ahmedabad,district_438,483479,109255
2,Gujarat,state_24,Patan,district_455,472303,146848
2,Gujarat,state_24,Chhotaudepur,district_668,428727,143301
2,Gujarat,state_24,Surat,district_459,415637,92676
2,Gujarat,state_24,Bhavnagar,district_443,414262,143491
2,Gujarat,state_24,Gandhinagar,district_446,397071,99797
2,Gujarat,state_24,Vadodara,district_461,387232,164117
2,Gujarat,state_24,Gir Somnath,district_675,312238,111630
2,Gujarat,state_24,Tapi,district_641,300787,99331
2,Gujarat,state_24,Amreli,district_439,300765,114939
2,Gujarat,state_24,Devbhumi Dwarka,district_674,297348,89645
2,Gujarat,state_24,Junagadh,district_448,296247,137479
2,Gujarat,state_24,Valsad,district_462,289811,52908
2,Gujarat,state_24,Morbi,district_673,250830,66821
2,Gujarat,state_24,Navsari,district_453,241205,58904
2,Gujarat,state_24,Jamnagar,district_447,240896,87748
2,Gujarat,state_24,Bharuch,district_442,227350,57028
2,Gujarat,state_24,Narmada,district_452,225280,75773
2,Gujarat,state_24,Botad,district_676,198489,54758
2,Gujarat,state_24,Porbandar,district_456,167106,49036
2,Gujarat,state_24,Dangs,district_444,82005,20513
3,Gujarat,state_24,Banas Kantha,district_441,2028778,454343
3,Gujarat,state_24,Dahod,district_445,931512,182681
3,Gujarat,state_24,Kachchh,district_449,831930,111449
3,Gujarat,state_24,Kheda,district_450,697625,244759
3,Gujarat,state_24,Sabar Kantha,district_458,695691,192351
3,Gujarat,state_24,Arvalli,district_672,650358,214320
3,Gujarat,state_24,Mahesana,district_451,645279,194140
3,Gujarat,state_24,Anand,district_440,593663,197244
3,Gujarat,state_24,Panch Mahals,district_454,576290,188427
3,Gujarat,state_24,Mahisagar,district_669,538292,140237
3,Gujarat,state_24,Surendranagar,district_460,481014,125431
3,Gujarat,state_24,Ahmedabad,district_438,469596,105352
3,Gujarat,state_24,Patan,district_455,443904,130514
3,Gujarat,state_24,Chhotaudepur,district_668,417896,137592
3,Gujarat,state_24,Bhavnagar,district_443,414770,150039
3,Gujarat,state_24,Gandhinagar,district_446,405179,101435
3,Gujarat,state_24,Surat,district_459,396380,85790
3,Gujarat,state_24,Rajkot,district_457,388405,109699
3,Gujarat,state_24,Vadodara,district_461,381919,157655
3,Gujarat,state_24,Devbhumi Dwarka,district_674,329449,104375
3,Gujarat,state_24,Gir Somnath,district_675,323170,114138
3,Gujarat,state_24,Amreli,district_439,309012,115218
3,Gujarat,state_24,Valsad,district_462,296467,49066
3,Gujarat,state_24,Tapi,district_641,294147,95722
3,Gujarat,state_24,Junagadh,district_448,284295,131242
3,Gujarat,state_24,Morbi,district_673,243542,64080
3,Gujarat,state_24,Jamnagar,district_447,242172,87456
3,Gujarat,state_24,Navsari,district_453,235092,53025
3,Gujarat,state_24,Narmada,district_452,220563,69376
3,Gujarat,state_24,Bharuch,district_442,207198,51157
3,Gujarat,state_24,Botad,district_676,198848,53013
3,Gujarat,state_24,Porbandar,district_456,134453,39230
3,Gujarat,state_24,Dangs,district_444,81059,21512
4,Gujarat,state_24,Banas Kantha,district_441,2323156,384659
4,Gujarat,state_24,Dahod,district_445,944632,165783
4,Gujarat,state_24,Kachchh,district_449,819749,84070
4,Gujarat,state_24,Sabar Kantha,district_458,699698,178756
4,Gujarat,state_24,Kheda,district_450,669213,228748
4,Gujarat,state_24,Mahesana,district_451,646706,150223
4,Gujarat,state_24,Arvalli,district_672,646644,157275
4,Gujarat,state_24,Anand,district_440,583675,193983
4,Gujarat,state_24,Mahisagar,district_669,567252,133085
4,Gujarat,state_24,Surendranagar,district_460,538684,125557
4,Gujarat,state_24,Patan,district_455,487627,127837
4,Gujarat,state_24,Panch Mahals,district_454,484486,137878
4,Gujarat,state_24,Rajkot,district_457,484131,114186
4,Gujarat,state_24,Ahmedabad,district_438,436717,73099
4,Gujarat,state_24,Chhotaudepur,district_668,423604,130888
4,Gujarat,state_24,Bhavnagar,district_443,414743,113373
4,Gujarat,state_24,Gandhinagar,district_446,407072,83953
4,Gujarat,state_24,Surat,district_459,403223,58532
4,Gujarat,state_24,Vadodara,district_461,392832,138703
4,Gujarat,state_24,Devbhumi Dwarka,district_674,334690,79167
4,Gujarat,state_24,Tapi,district_641,317489,92324
4,Gujarat,state_24,Gir Somnath,district_675,313267,100451
4,Gujarat,state_24,Amreli,district_439,303651,87428
4,Gujarat,state_24,Valsad,district_462,299920,48288
4,Gujarat,state_24,Junagadh,district_448,285252,130988
4,Gujarat,state_24,Jamnagar,district_447,241148,86807
4,Gujarat,state_24,Bharuch,district_442,220506,47340
4,Gujarat,state_24,Navsari,district_453,218742,48003
4,Gujarat,state_24,Morbi,district_673,211935,37656
4,Gujarat,state_24,Narmada,district_452,203079,52583
4,Gujarat,state_24,Botad,district_676,198026,38181
4,Gujarat,state_24,Porbandar,district_456,164649,45039
4,Gujarat,state_24,Dangs,district_444,76472,17567
5,Gujarat,state_24,Banas Kantha,district_441,2434756,414894
5,Gujarat,state_24,Dahod,district_445,1000594,174240
5,Gujarat,state_24,Kachchh,district_449,871049,90934
5,Gujarat,state_24,Sabar Kantha,district_458,737103,186060
5,Gujarat,state_24,Kheda,district_450,726490,239714
5,Gujarat,state_24,Arvalli,district_672,685968,169455
5,Gujarat,state_24,Mahesana,district_451,683962,156184
5,Gujarat,state_24,Anand,district_440,619790,187681
5,Gujarat,state_24,Panch Mahals,district_454,598010,176851
5,Gujarat,state_24,Mahisagar,district_669,596736,142146
5,Gujarat,state_24,Surendranagar,district_460,571617,138598
5,Gujarat,state_24,Rajkot,district_457,542381,124056
5,Gujarat,state_24,Patan,district_455,498368,133822
5,Gujarat,state_24,Ahmedabad,district_438,478450,83968
5,Gujarat,state_24,Chhotaudepur,district_668,446139,133522
5,Gujarat,state_24,Surat,district_459,437442,71645
5,Gujarat,state_24,Bhavnagar,district_443,437267,117235
5,Gujarat,state_24,Gandhinagar,district_446,428699,88058
5,Gujarat,state_24,Vadodara,district_461,413876,147461
5,Gujarat,state_24,Tapi,district_641,342359,101122
5,Gujarat,state_24,Devbhumi Dwarka,district_674,341069,80189
5,Gujarat,state_24,Gir Somnath,district_675,328466,104257
5,Gujarat,state_24,Amreli,district_439,325301,103568
5,Gujarat,state_24,Valsad,district_462,317215,50314
5,Gujarat,state_24,Junagadh,district_448,316855,144221
5,Gujarat,state_24,Morbi,district_673,257676,47639
5,Gujarat,state_24,Jamnagar,district_447,256233,88775
5,Gujarat,state_24,Navsari,district_453,249008,53535
5,Gujarat,state_24,Bharuch,district_442,241291,51756
5,Gujarat,state_24,Botad,district_676,212764,45079
5,Gujarat,state_24,Narmada,district_452,210148,57621
5,Gujarat,state_24,Porbandar,district_456,173500,47972
5,Gujarat,state_24,Dangs,district_444,80402,18410
1,Haryana,state_6,Hisar,district_63,460728,55022
1,Haryana,state_6,Sirsa,district_74,404683,70010
1,Haryana,state_6,Jind,district_65,358057,67752
1,Haryana,state_6,Kaithal,district_66,299247,36511
1,Haryana,state_6,Karnal,district_67,299221,38641
1,Haryana,state_6,Fatehabad,district_61,291413,53257
1,Haryana,state_6,Bhiwani,district_59,279094,67506
1,Haryana,state_6,Sonipat,district_75,214720,47150
1,Haryana,state_6,Panipat,district_71,214626,26158
1,Haryana,state_6,Kurukshetra,district_68,197314,37171
1,Haryana,state_6,Mahendragarh,district_69,196512,49211
1,Haryana,state_6,Palwal,district_619,192986,59177
1,Haryana,state_6,Jhajjar,district_64,188278,45715
1,Haryana,state_6,Yamunanagar,district_76,186789,32633
1,Haryana,state_6,Rohtak,district_73,184589,38896
1,Haryana,state_6,Rewari,district_72,167679,31370
1,Haryana,state_6,Ambala,district_58,165112,40227
1,Haryana,state_6,Charkhi Dadri,district_701,158262,48190
1,Haryana,state_6,Nuh,district_604,148800,26308
1,Haryana,state_6,Gurugram,district_62,143884,16778
1,Haryana,state_6,Faridabad,district_60,113312,13681
1,Haryana,state_6,Panchkula,district_70,71065,19952
2,Haryana,state_6,Hisar,district_63,553701,75444
2,Haryana,state_6,Sirsa,district_74,443889,66760
2,Haryana,state_6,Jind,district_65,436245,73863
2,Haryana,state_6,Fatehabad,district_61,342678,56068
2,Haryana,state_6,Karnal,district_67,326496,40206
2,Haryana,state_6,Kaithal,district_66,316127,43903
2,Haryana,state_6,Bhiwani,district_59,279303,86028
2,Haryana,state_6,Panipat,district_71,232137,26562
2,Haryana,state_6,Palwal,district_619,224554,74200
2,Haryana,state_6,Sonipat,district_75,219054,42424
2,Haryana,state_6,Mahendragarh,district_69,216552,54097
2,Haryana,state_6,Kurukshetra,district_68,213339,40560
2,Haryana,state_6,Jhajjar,district_64,210478,51681
2,Haryana,state_6,Rohtak,district_73,208928,42120
2,Haryana,state_6,Rewari,district_72,202162,37767
2,Haryana,state_6,Yamunanagar,district_76,197786,41330
2,Haryana,state_6,Ambala,district_58,195015,38817
2,Haryana,state_6,Nuh,district_604,174931,37436
2,Haryana,state_6,Gurugram,district_62,173412,20628
2,Haryana,state_6,Charkhi Dadri,district_701,169071,52386
2,Haryana,state_6,Faridabad,district_60,128656,15647
2,Haryana,state_6,Panchkula,district_70,85677,18920
3,Haryana,state_6,Jind,district_65,177457,51466
3,Haryana,state_6,Hisar,district_63,171252,71304
3,Haryana,state_6,Fatehabad,district_61,164511,48113
3,Haryana,state_6,Karnal,district_67,151301,38293
3,Haryana,state_6,Jhajjar,district_64,144095,48227
3,Haryana,state_6,Yamunanagar,district_76,141910,36967
3,Haryana,state_6,Sirsa,district_74,125972,37162
3,Haryana,state_6,Ambala,district_58,120754,35347
3,Haryana,state_6,Kurukshetra,district_68,110428,31724
3,Haryana,state_6,Nuh,district_604,108224,31245
3,Haryana,state_6,Bhiwani,district_59,106045,47155
3,Haryana,state_6,Rohtak,district_73,100943,40229
3,Haryana,state_6,Mahendragarh,district_69,90337,32718
3,Haryana,state_6,Rewari,district_72,88959,29504
3,Haryana,state_6,Kaithal,district_66,88475,19402
3,Haryana,state_6,Palwal,district_619,84284,33784
3,Haryana,state_6,Charkhi Dadri,district_701,77904,37197
3,Haryana,state_6,Gurugram,district_62,68245,14108
3,Haryana,state_6,Panipat,district_71,55128,14041
3,Haryana,state_6,Sonipat,district_75,45866,20407
3,Haryana,state_6,Faridabad,district_60,33112,8075
3,Haryana,state_6,Panchkula,district_70,28307,10775
4,Haryana,state_6,Jind,district_65,35158,9302
4,Haryana,state_6,Rewari,district_72,14254,4098
4,Haryana,state_6,Hisar,district_63,9745,5274
4,Haryana,state_6,Rohtak,district_73,8288,5025
4,Haryana,state_6,Mahendragarh,district_69,4511,1773
4,Haryana,state_6,Kaithal,district_66,4249,1464
4,Haryana,state_6,Charkhi Dadri,district_701,3258,1339
4,Haryana,state_6,Faridabad,district_60,2728,166
4,Haryana,state_6,Sonipat,district_75,2519,977
4,Haryana,state_6,Sirsa,district_74,1048,284
4,Haryana,state_6,Bhiwani,district_59,973,498
4,Haryana,state_6,Nuh,district_604,818,338
4,Haryana,state_6,Gurugram,district_62,332,110
4,Haryana,state_6,Ambala,district_58,119,70
4,Haryana,state_6,Jhajjar,district_64,67,58
4,Haryana,state_6,Panchkula,district_70,27,20
4,Haryana,state_6,Panipat,district_71,19,19
4,Haryana,state_6,Palwal,district_619,13,13
4,Haryana,state_6,Fatehabad,district_61,11,10
4,Haryana,state_6,Yamunanagar,district_76,10,10
4,Haryana,state_6,Kurukshetra,district_68,8,6
4,Haryana,state_6,Karnal,district_67,5,5
5,Haryana,state_6,Hisar,district_63,303785,102049
5,Haryana,state_6,Sirsa,district_74,283224,64628
5,Haryana,state_6,Fatehabad,district_61,236254,59275
5,Haryana,state_6,Bhiwani,district_59,235231,92481
5,Haryana,state_6,Jind,district_65,223783,55568
5,Haryana,state_6,Karnal,district_67,219719,48458
5,Haryana,state_6,Kaithal,district_66,169143,31040
5,Haryana,state_6,Palwal,district_619,161174,59246
5,Haryana,state_6,Yamunanagar,district_76,158115,34995
5,Haryana,state_6,Jhajjar,district_64,157468,42859
5,Haryana,state_6,Rewari,district_72,151446,40798
5,Haryana,state_6,Kurukshetra,district_68,150317,35415
5,Haryana,state_6,Ambala,district_58,144822,34655
5,Haryana,state_6,Mahendragarh,district_69,137062,38809
5,Haryana,state_6,Panipat,district_71,130545,25736
5,Haryana,state_6,Gurugram,district_62,123639,19227
5,Haryana,state_6,Charkhi Dadri,district_701,120658,51270
5,Haryana,state_6,Nuh,district_604,115427,26869
5,Haryana,state_6,Sonipat,district_75,112820,48373
5,Haryana,state_6,Rohtak,district_73,112247,38718
5,Haryana,state_6,Faridabad,district_60,100313,16789
5,Haryana,state_6,Panchkula,district_70,46118,13519
6,Haryana,state_6,Hisar,district_63,309845,890674
6,Haryana,state_6,Fatehabad,district_61,240212,550695
6,Haryana,state_6,Sirsa,district_74,238614,496057
6,Haryana,state_6,Karnal,district_67,238313,465791
6,Haryana,state_6,Bhiwani,district_59,220965,747882
6,Haryana,state_6,Kurukshetra,district_68,186843,382747
6,Haryana,state_6,Jind,district_65,173067,362091
6,Haryana,state_6,Yamunanagar,district_76,164555,324864
6,Haryana,state_6,Jhajjar,district_64,159703,371826
6,Haryana,state_6,Mahendragarh,district_69,158815,386800
6,Haryana,state_6,Palwal,district_619,157369,540405
6,Haryana,state_6,Nuh,district_604,136044,273902
6,Haryana,state_6,Panipat,district_71,135048,232704
6,Haryana,state_6,Rewari,district_72,134532,328879
6,Haryana,state_6,Gurugram,district_62,126530,168714
6,Haryana,state_6,Rohtak,district_73,120215,359456
6,Haryana,state_6,Charkhi Dadri,district_701,104267,363067
6,Haryana,state_6,Sonipat,district_75,85206,306128
6,Haryana,state_6,Faridabad,district_60,84027,128107
6,Haryana,state_6,Panchkula,district_70,30758,86444
6,Haryana,state_6,Ambala,district_58,15575,37307
6,Haryana,state_6,Kaithal,district_66,3,9
1,Himachal Pradesh,state_2,Kangra,district_18,293802,126694
1,Himachal Pradesh,state_2,Sirmaur,district_24,288369,67741
1,Himachal Pradesh,state_2,Mandi,district_22,243365,103056
1,Himachal Pradesh,state_2,Chamba,district_16,221849,57994
1,Himachal Pradesh,state_2,Una,district_26,176626,20538
1,Himachal Pradesh,state_2,Solan,district_25,168601,62728
1,Himachal Pradesh,state_2,Shimla,district_23,164746,50561
1,Himachal Pradesh,state_2,Bilaspur,district_15,131026,49207
1,Himachal Pradesh,state_2,Hamirpur,district_17,110301,49663
1,Himachal Pradesh,state_2,Kullu,district_20,104230,41692
1,Himachal Pradesh,state_2,Kinnaur,district_19,12177,4041
1,Himachal Pradesh,state_2,Lahaul And Spiti,district_21,11023,2849
2,Himachal Pradesh,state_2,Mandi,district_22,300511,141024
2,Himachal Pradesh,state_2,Kangra,district_18,293736,147089
2,Himachal Pradesh,state_2,Sirmaur,district_24,219724,67602
2,Himachal Pradesh,state_2,Chamba,district_16,193456,47754
2,Himachal Pradesh,state_2,Solan,district_25,161134,65676
2,Himachal Pradesh,state_2,Shimla,district_23,147537,65985
2,Himachal Pradesh,state_2,Una,district_26,139604,46035
2,Himachal Pradesh,state_2,Kullu,district_20,105539,44043
2,Himachal Pradesh,state_2,Bilaspur,district_15,97859,52165
2,Himachal Pradesh,state_2,Hamirpur,district_17,76797,51362
2,Himachal Pradesh,state_2,Kinnaur,district_19,15912,8125
2,Himachal Pradesh,state_2,Lahaul And Spiti,district_21,8078,3848
3,Himachal Pradesh,state_2,Kangra,district_18,208378,121433
3,Himachal Pradesh,state_2,Sirmaur,district_24,183731,59508
3,Himachal Pradesh,state_2,Mandi,district_22,167122,89236
3,Himachal Pradesh,state_2,Una,district_26,99877,42904
3,Himachal Pradesh,state_2,Solan,district_25,96398,42794
3,Himachal Pradesh,state_2,Shimla,district_23,60311,36406
3,Himachal Pradesh,state_2,Chamba,district_16,52964,18931
3,Himachal Pradesh,state_2,Bilaspur,district_15,52207,30461
3,Himachal Pradesh,state_2,Kullu,district_20,39706,19131
3,Himachal Pradesh,state_2,Hamirpur,district_17,24386,17360
3,Himachal Pradesh,state_2,Kinnaur,district_19,12249,6427
3,Himachal Pradesh,state_2,Lahaul And Spiti,district_21,7100,3772
4,Himachal Pradesh,state_2,Kangra,district_18,253986,134379
4,Himachal Pradesh,state_2,Mandi,district_22,214490,106426
4,Himachal Pradesh,state_2,Sirmaur,district_24,198117,58928
4,Himachal Pradesh,state_2,Chamba,district_16,150678,49930
4,Himachal Pradesh,state_2,Solan,district_25,119630,46813
4,Himachal Pradesh,state_2,Una,district_26,106131,41836
4,Himachal Pradesh,state_2,Shimla,district_23,94262,51783
4,Himachal Pradesh,state_2,Kullu,district_20,87741,44259
4,Himachal Pradesh,state_2,Bilaspur,district_15,82029,40967
4,Himachal Pradesh,state_2,Hamirpur,district_17,69513,41894
4,Himachal Pradesh,state_2,Kinnaur,district_19,15844,7494
4,Himachal Pradesh,state_2,Lahaul And Spiti,district_21,7711,3760
1,Jammu And Kashmir,ut_1,Jammu,district_5,283057,68572
1,Jammu And Kashmir,ut_1,Kathua,district_7,223267,48229
1,Jammu And Kashmir,ut_1,Rajouri,district_12,218881,43585
1,Jammu And Kashmir,ut_1,Udhampur,district_14,213814,48584
1,Jammu And Kashmir,ut_1,Anantnag,district_1,164509,85121
1,Jammu And Kashmir,ut_1,Doda,district_4,154897,44820
1,Jammu And Kashmir,ut_1,Kupwara,district_8,145122,63120
1,Jammu And Kashmir,ut_1,Poonch,district_10,144657,38634
1,Jammu And Kashmir,ut_1,Reasi,district_627,144534,45487
1,Jammu And Kashmir,ut_1,Budgam,district_2,143798,74057
1,Jammu And Kashmir,ut_1,Ramban,district_621,141874,21053
1,Jammu And Kashmir,ut_1,Baramulla,district_3,136396,78442
1,Jammu And Kashmir,ut_1,Kulgam,district_622,102553,59966
1,Jammu And Kashmir,ut_1,Pulwama,district_11,97324,63633
1,Jammu And Kashmir,ut_1,Samba,district_624,96064,31957
1,Jammu And Kashmir,ut_1,Kishtwar,district_620,93759,23629
1,Jammu And Kashmir,ut_1,Bandipora,district_623,74758,31224
1,Jammu And Kashmir,ut_1,Shopian,district_625,62374,32411
1,Jammu And Kashmir,ut_1,Ganderbal,district_626,55338,31345
1,Jammu And Kashmir,ut_1,Srinagar,district_13,38159,17605
2,Jammu And Kashmir,ut_1,Jammu,district_5,290095,80682
2,Jammu And Kashmir,ut_1,Udhampur,district_14,210028,58769
2,Jammu And Kashmir,ut_1,Kathua,district_7,206354,52932
2,Jammu And Kashmir,ut_1,Rajouri,district_12,192645,53370
2,Jammu And Kashmir,ut_1,Doda,district_4,158095,49960
2,Jammu And Kashmir,ut_1,Reasi,district_627,158063,48609
2,Jammu And Kashmir,ut_1,Anantnag,district_1,151949,86547
2,Jammu And Kashmir,ut_1,Kupwara,district_8,145573,70748
2,Jammu And Kashmir,ut_1,Baramulla,district_3,142431,87068
2,Jammu And Kashmir,ut_1,Poonch,district_10,130791,40412
2,Jammu And Kashmir,ut_1,Ramban,district_621,120813,23916
2,Jammu And Kashmir,ut_1,Budgam,district_2,105793,64798
2,Jammu And Kashmir,ut_1,Kishtwar,district_620,103012,25415
2,Jammu And Kashmir,ut_1,Pulwama,district_11,99324,62227
2,Jammu And Kashmir,ut_1,Samba,district_624,95840,35309
2,Jammu And Kashmir,ut_1,Kulgam,district_622,93695,64039
2,Jammu And Kashmir,ut_1,Bandipora,district_623,71426,31743
2,Jammu And Kashmir,ut_1,Shopian,district_625,63632,35274
2,Jammu And Kashmir,ut_1,Ganderbal,district_626,60644,33160
2,Jammu And Kashmir,ut_1,Srinagar,district_13,39833,18001
3,Jammu And Kashmir,ut_1,Jammu,district_5,198701,61817
3,Jammu And Kashmir,ut_1,Udhampur,district_14,165755,46490
3,Jammu And Kashmir,ut_1,Kathua,district_7,158089,41420
3,Jammu And Kashmir,ut_1,Doda,district_4,132436,42807
3,Jammu And Kashmir,ut_1,Rajouri,district_12,129865,39694
3,Jammu And Kashmir,ut_1,Anantnag,district_1,123540,72334
3,Jammu And Kashmir,ut_1,Baramulla,district_3,120809,76497
3,Jammu And Kashmir,ut_1,Ramban,district_621,111790,24888
3,Jammu And Kashmir,ut_1,Reasi,district_627,105738,35483
3,Jammu And Kashmir,ut_1,Poonch,district_10,100234,33603
3,Jammu And Kashmir,ut_1,Kupwara,district_8,99510,53253
3,Jammu And Kashmir,ut_1,Pulwama,district_11,83470,53891
3,Jammu And Kashmir,ut_1,Samba,district_624,83064,29519
3,Jammu And Kashmir,ut_1,Kishtwar,district_620,82566,22039
3,Jammu And Kashmir,ut_1,Budgam,district_2,80363,53838
3,Jammu And Kashmir,ut_1,Bandipora,district_623,63216,28324
3,Jammu And Kashmir,ut_1,Kulgam,district_622,53707,38802
3,Jammu And Kashmir,ut_1,Shopian,district_625,47739,25976
3,Jammu And Kashmir,ut_1,Ganderbal,district_626,43998,24210
3,Jammu And Kashmir,ut_1,Srinagar,district_13,30531,14058
4,Jammu And Kashmir,ut_1,Jammu,district_5,236680,65637
4,Jammu And Kashmir,ut_1,Kathua,district_7,209412,46813
4,Jammu And Kashmir,ut_1,Udhampur,district_14,199980,54509
4,Jammu And Kashmir,ut_1,Rajouri,district_12,171779,49704
4,Jammu And Kashmir,ut_1,Doda,district_4,156613,45796
4,Jammu And Kashmir,ut_1,Anantnag,district_1,139145,78742
4,Jammu And Kashmir,ut_1,Baramulla,district_3,127768,79373
4,Jammu And Kashmir,ut_1,Poonch,district_10,124246,36062
4,Jammu And Kashmir,ut_1,Ramban,district_621,120920,24201
4,Jammu And Kashmir,ut_1,Kupwara,district_8,120524,61479
4,Jammu And Kashmir,ut_1,Reasi,district_627,120208,39646
4,Jammu And Kashmir,ut_1,Kishtwar,district_620,100202,23928
4,Jammu And Kashmir,ut_1,Pulwama,district_11,97858,59882
4,Jammu And Kashmir,ut_1,Samba,district_624,87797,30411
4,Jammu And Kashmir,ut_1,Budgam,district_2,87677,56969
4,Jammu And Kashmir,ut_1,Kulgam,district_622,81651,58156
4,Jammu And Kashmir,ut_1,Bandipora,district_623,70381,29364
4,Jammu And Kashmir,ut_1,Shopian,district_625,59767,31932
4,Jammu And Kashmir,ut_1,Ganderbal,district_626,55696,30317
4,Jammu And Kashmir,ut_1,Srinagar,district_13,29905,13988
5,Jammu And Kashmir,ut_1,Kathua,district_7,134223,32057
5,Jammu And Kashmir,ut_1,Rajouri,district_12,116899,34702
5,Jammu And Kashmir,ut_1,Anantnag,district_1,106234,59358
5,Jammu And Kashmir,ut_1,Baramulla,district_3,101372,59313
5,Jammu And Kashmir,ut_1,Kupwara,district_8,91166,45638
5,Jammu And Kashmir,ut_1,Pulwama,district_11,88596,52495
5,Jammu And Kashmir,ut_1,Udhampur,district_14,74765,20720
5,Jammu And Kashmir,ut_1,Budgam,district_2,67297,41880
5,Jammu And Kashmir,ut_1,Kulgam,district_622,66946,45784
5,Jammu And Kashmir,ut_1,Jammu,district_5,63240,17666
5,Jammu And Kashmir,ut_1,Bandipora,district_623,61312,25413
5,Jammu And Kashmir,ut_1,Ramban,district_621,54043,11741
5,Jammu And Kashmir,ut_1,Reasi,district_627,52528,16035
5,Jammu And Kashmir,ut_1,Kishtwar,district_620,50112,13424
5,Jammu And Kashmir,ut_1,Shopian,district_625,50004,25979
5,Jammu And Kashmir,ut_1,Doda,district_4,48587,14907
5,Jammu And Kashmir,ut_1,Poonch,district_10,42457,12373
5,Jammu And Kashmir,ut_1,Ganderbal,district_626,33318,18004
5,Jammu And Kashmir,ut_1,Samba,district_624,22209,6685
5,Jammu And Kashmir,ut_1,Srinagar,district_13,12192,6120
1,Jharkhand,state_20,Gumla,district_331,114338,7346
1,Jharkhand,state_20,West Singhbhum,district_343,113103,954
1,Jharkhand,state_20,East Singhbum,district_327,93664,5336
1,Jharkhand,state_20,Ranchi,district_339,81879,3036
1,Jharkhand,state_20,Deoghar,district_324,72201,7755
1,Jharkhand,state_20,Giridih,district_329,62094,3258
1,Jharkhand,state_20,Chatra,district_323,59711,3195
1,Jharkhand,state_20,Godda,district_330,59119,1526
1,Jharkhand,state_20,Lohardaga,district_336,55268,4463
1,Jharkhand,state_20,Bokaro,district_322,48530,1518
1,Jharkhand,state_20,Palamu,district_338,47480,3877
1,Jharkhand,state_20,Garhwa,district_328,46957,3497
1,Jharkhand,state_20,Hazaribagh,district_332,42962,9792
1,Jharkhand,state_20,Simdega,district_342,41005,4882
1,Jharkhand,state_20,Jamtara,district_333,39863,3736
1,Jharkhand,state_20,Khunti,district_606,39705,1995
1,Jharkhand,state_20,Sahebganj,district_340,35361,1811
1,Jharkhand,state_20,Pakur,district_337,31209,1286
1,Jharkhand,state_20,Ramgarh,district_607,30806,1615
1,Jharkhand,state_20,Saraikela Kharsawan,district_341,28604,260
1,Jharkhand,state_20,Dumka,district_326,27762,4577
1,Jharkhand,state_20,Latehar,district_335,16966,4276
1,Jharkhand,state_20,Koderma,district_334,11361,1122
1,Jharkhand,state_20,Dhanbad,district_325,26,25
2,Jharkhand,state_20,Giridih,district_329,650977,2
2,Jharkhand,state_20,Godda,district_330,640151,3
2,Jharkhand,state_20,Deoghar,district_324,625828,279
2,Jharkhand,state_20,Garhwa,district_328,616637,700
2,Jharkhand,state_20,Dumka,district_326,611137,30
2,Jharkhand,state_20,Ranchi,district_339,572337,8365
2,Jharkhand,state_20,Palamu,district_338,530972,1970
2,Jharkhand,state_20,Hazaribagh,district_332,509194,2
2,Jharkhand,state_20,Gumla,district_331,456552,3262
2,Jharkhand,state_20,Pakur,district_337,438584,7
2,Jharkhand,state_20,West Singhbhum,district_343,420359,957
2,Jharkhand,state_20,Chatra,district_323,417472,5
2,Jharkhand,state_20,East Singhbum,district_327,416879,18
2,Jharkhand,state_20,Jamtara,district_333,335634,2
2,Jharkhand,state_20,Simdega,district_342,323374,2358
2,Jharkhand,state_20,Dhanbad,district_325,315318,33
2,Jharkhand,state_20,Bokaro,district_322,307036,18
2,Jharkhand,state_20,Latehar,district_335,290046,3123
2,Jharkhand,state_20,Sahebganj,district_340,272693,6
2,Jharkhand,state_20,Khunti,district_606,253511,3133
2,Jharkhand,state_20,Saraikela Kharsawan,district_341,241293,5163
2,Jharkhand,state_20,Koderma,district_334,173115,2
2,Jharkhand,state_20,Lohardaga,district_336,144908,2900
2,Jharkhand,state_20,Ramgarh,district_607,131297,1
3,Jharkhand,state_20,Dumka,district_326,257699,67824
3,Jharkhand,state_20,Ranchi,district_339,219060,49369
3,Jharkhand,state_20,Hazaribagh,district_332,146486,42500
3,Jharkhand,state_20,Dhanbad,district_325,144444,27967
3,Jharkhand,state_20,Giridih,district_329,141165,42551
3,Jharkhand,state_20,Godda,district_330,140664,42556
3,Jharkhand,state_20,Chatra,district_323,139679,43472
3,Jharkhand,state_20,West Singhbhum,district_343,126561,21922
3,Jharkhand,state_20,Pakur,district_337,113330,21813
3,Jharkhand,state_20,Gumla,district_331,102892,19750
3,Jharkhand,state_20,Deoghar,district_324,88778,19840
3,Jharkhand,state_20,Simdega,district_342,70835,10390
3,Jharkhand,state_20,Khunti,district_606,67125,20679
3,Jharkhand,state_20,Jamtara,district_333,64294,18651
3,Jharkhand,state_20,Koderma,district_334,53494,20434
3,Jharkhand,state_20,Bokaro,district_322,51372,13792
3,Jharkhand,state_20,Latehar,district_335,51110,12323
3,Jharkhand,state_20,Ramgarh,district_607,50018,17111
3,Jharkhand,state_20,Palamu,district_338,44196,19107
3,Jharkhand,state_20,Lohardaga,district_336,28970,10560
3,Jharkhand,state_20,Sahebganj,district_340,28434,8101
3,Jharkhand,state_20,Garhwa,district_328,24215,12351
3,Jharkhand,state_20,Saraikela Kharsawan,district_341,20243,4525
3,Jharkhand,state_20,East Singhbum,district_327,19567,3635
4,Jharkhand,state_20,Dumka,district_326,285563,74732
4,Jharkhand,state_20,Deoghar,district_324,270235,60022
4,Jharkhand,state_20,Godda,district_330,269301,77558
4,Jharkhand,state_20,Ranchi,district_339,234381,55619
4,Jharkhand,state_20,Hazaribagh,district_332,202696,60905
4,Jharkhand,state_20,Chatra,district_323,187058,61364
4,Jharkhand,state_20,Dhanbad,district_325,183652,37047
4,Jharkhand,state_20,West Singhbhum,district_343,148302,26945
4,Jharkhand,state_20,Giridih,district_329,141385,50277
4,Jharkhand,state_20,Gumla,district_331,123659,24989
4,Jharkhand,state_20,Jamtara,district_333,97908,30454
4,Jharkhand,state_20,Pakur,district_337,94570,16070
4,Jharkhand,state_20,Saraikela Kharsawan,district_341,84926,27048
4,Jharkhand,state_20,Garhwa,district_328,84089,51629
4,Jharkhand,state_20,Bokaro,district_322,74677,23661
4,Jharkhand,state_20,East Singhbum,district_327,74575,23175
4,Jharkhand,state_20,Khunti,district_606,73235,24166
4,Jharkhand,state_20,Lohardaga,district_336,67736,24732
4,Jharkhand,state_20,Palamu,district_338,66714,28237
4,Jharkhand,state_20,Sahebganj,district_340,63643,23210
4,Jharkhand,state_20,Simdega,district_342,63050,7631
4,Jharkhand,state_20,Koderma,district_334,62844,25193
4,Jharkhand,state_20,Latehar,district_335,55032,12863
4,Jharkhand,state_20,Ramgarh,district_607,52968,19513
1,Karnataka,state_29,Belagavi,district_527,1193960,362919
1,Karnataka,state_29,Hassan,district_539,561777,217651
1,Karnataka,state_29,Shivamogga,district_547,535355,137337
1,Karnataka,state_29,Tumakuru,district_548,484620,213638
1,Karnataka,state_29,Mysuru,district_545,440463,200520
1,Karnataka,state_29,Bagalkote,district_524,419145,131532
1,Karnataka,state_29,Mandya,district_544,410465,232300
1,Karnataka,state_29,Kalaburagi,district_538,395324,84659
1,Karnataka,state_29,Raichur,district_546,327131,80163
1,Karnataka,state_29,Uttara Kannada,district_550,321846,105732
1,Karnataka,state_29,Vijayapura,district_530,307405,100983
1,Karnataka,state_29,Haveri,district_540,304974,110048
1,Karnataka,state_29,Koppal,district_543,282634,71877
1,Karnataka,state_29,Chikkamagaluru,district_532,275800,87563
1,Karnataka,state_29,Vijayanagar,district_738,273230,103756
1,Karnataka,state_29,Davangere,district_535,270173,119337
1,Karnataka,state_29,Chitradurga,district_533,269160,104446
1,Karnataka,state_29,Ramanagara,district_631,261869,112554
1,Karnataka,state_29,Bidar,district_529,252525,81569
1,Karnataka,state_29,Yadgir,district_635,247826,56112
1,Karnataka,state_29,Dakshina Kannada,district_534,230680,84907
1,Karnataka,state_29,Chamarajanagara,district_531,223739,93366
1,Karnataka,state_29,Udupi,district_549,222723,66358
1,Karnataka,state_29,Kolar,district_542,194492,94013
1,Karnataka,state_29,Dharwad,district_536,191996,71236
1,Karnataka,state_29,Chikkaballapura,district_630,178745,91305
1,Karnataka,state_29,Ballari,district_528,156885,45806
1,Karnataka,state_29,Bengaluru Rural,district_526,151782,67514
1,Karnataka,state_29,Gadag,district_537,150805,44922
1,Karnataka,state_29,Bengaluru Urban,district_525,119712,36757
1,Karnataka,state_29,Kodagu,district_541,65595,22831
2,Karnataka,state_29,Belagavi,district_527,1227748,378594
2,Karnataka,state_29,Hassan,district_539,602454,249441
2,Karnataka,state_29,Shivamogga,district_547,551085,146525
2,Karnataka,state_29,Tumakuru,district_548,512091,209219
2,Karnataka,state_29,Mysuru,district_545,460832,214431
2,Karnataka,state_29,Mandya,district_544,439988,243992
2,Karnataka,state_29,Bagalkote,district_524,425397,128225
2,Karnataka,state_29,Kalaburagi,district_538,399480,96702
2,Karnataka,state_29,Raichur,district_546,332789,88429
2,Karnataka,state_29,Uttara Kannada,district_550,315565,95524
2,Karnataka,state_29,Vijayapura,district_530,304118,103721
2,Karnataka,state_29,Haveri,district_540,303376,102156
2,Karnataka,state_29,Davangere,district_535,288915,111749
2,Karnataka,state_29,Chitradurga,district_533,278487,102374
2,Karnataka,state_29,Chikkamagaluru,district_532,275782,87435
2,Karnataka,state_29,Ramanagara,district_631,275033,110904
2,Karnataka,state_29,Vijayanagar,district_738,273872,103091
2,Karnataka,state_29,Koppal,district_543,266768,82968
2,Karnataka,state_29,Bidar,district_529,262245,84262
2,Karnataka,state_29,Yadgir,district_635,260336,59083
2,Karnataka,state_29,Chamarajanagara,district_531,231065,92582
2,Karnataka,state_29,Dakshina Kannada,district_534,225355,85391
2,Karnataka,state_29,Kolar,district_542,217244,104301
2,Karnataka,state_29,Udupi,district_549,217083,70604
2,Karnataka,state_29,Dharwad,district_536,176838,65309
2,Karnataka,state_29,Chikkaballapura,district_630,175924,88576
2,Karnataka,state_29,Ballari,district_528,171594,45092
2,Karnataka,state_29,Bengaluru Rural,district_526,161990,70221
2,Karnataka,state_29,Gadag,district_537,134969,45564
2,Karnataka,state_29,Bengaluru Urban,district_525,129241,32637
2,Karnataka,state_29,Kodagu,district_541,65991,20392
3,Karnataka,state_29,Belagavi,district_527,1098440,351812
3,Karnataka,state_29,Hassan,district_539,544669,232568
3,Karnataka,state_29,Shivamogga,district_547,523211,143341
3,Karnataka,state_29,Mysuru,district_545,451314,210816
3,Karnataka,state_29,Mandya,district_544,436017,240111
3,Karnataka,state_29,Tumakuru,district_548,430670,199668
3,Karnataka,state_29,Bagalkote,district_524,390326,122236
3,Karnataka,state_29,Kalaburagi,district_538,387769,114785
3,Karnataka,state_29,Uttara Kannada,district_550,302846,93349
3,Karnataka,state_29,Vijayapura,district_530,286527,98583
3,Karnataka,state_29,Chitradurga,district_533,274013,112400
3,Karnataka,state_29,Haveri,district_540,273780,100864
3,Karnataka,state_29,Ramanagara,district_631,273295,110582
3,Karnataka,state_29,Raichur,district_546,265824,90206
3,Karnataka,state_29,Chikkamagaluru,district_532,262442,85974
3,Karnataka,state_29,Vijayanagar,district_738,244977,91840
3,Karnataka,state_29,Davangere,district_535,244237,105733
3,Karnataka,state_29,Koppal,district_543,236010,78239
3,Karnataka,state_29,Bidar,district_529,227680,85284
3,Karnataka,state_29,Udupi,district_549,224536,74016
3,Karnataka,state_29,Dakshina Kannada,district_534,203506,79478
3,Karnataka,state_29,Chamarajanagara,district_531,203254,80511
3,Karnataka,state_29,Kolar,district_542,195199,96312
3,Karnataka,state_29,Dharwad,district_536,182606,68713
3,Karnataka,state_29,Chikkaballapura,district_630,177329,88899
3,Karnataka,state_29,Yadgir,district_635,165317,45971
3,Karnataka,state_29,Bengaluru Rural,district_526,142986,64560
3,Karnataka,state_29,Ballari,district_528,139890,41755
3,Karnataka,state_29,Bengaluru Urban,district_525,120925,34615
3,Karnataka,state_29,Gadag,district_537,112815,39157
3,Karnataka,state_29,Kodagu,district_541,55497,18351
4,Karnataka,state_29,Belagavi,district_527,1232289,378910
4,Karnataka,state_29,Shivamogga,district_547,496954,134248
4,Karnataka,state_29,Hassan,district_539,492822,213800
4,Karnataka,state_29,Tumakuru,district_548,453806,213064
4,Karnataka,state_29,Mysuru,district_545,430655,201606
4,Karnataka,state_29,Bagalkote,district_524,414775,125498
4,Karnataka,state_29,Kalaburagi,district_538,358140,105262
4,Karnataka,state_29,Mandya,district_544,355592,206509
4,Karnataka,state_29,Uttara Kannada,district_550,279682,86790
4,Karnataka,state_29,Vijayapura,district_530,261366,89345
4,Karnataka,state_29,Raichur,district_546,256570,87951
4,Karnataka,state_29,Chikkamagaluru,district_532,256078,84906
4,Karnataka,state_29,Haveri,district_540,254176,94223
4,Karnataka,state_29,Chitradurga,district_533,246172,100085
4,Karnataka,state_29,Vijayanagar,district_738,238128,92803
4,Karnataka,state_29,Davangere,district_535,237666,106754
4,Karnataka,state_29,Ramanagara,district_631,227158,99081
4,Karnataka,state_29,Koppal,district_543,226779,76446
4,Karnataka,state_29,Udupi,district_549,205218,68458
4,Karnataka,state_29,Chamarajanagara,district_531,197520,78328
4,Karnataka,state_29,Yadgir,district_635,195142,54797
4,Karnataka,state_29,Dakshina Kannada,district_534,177627,71367
4,Karnataka,state_29,Bidar,district_529,177570,68002
4,Karnataka,state_29,Dharwad,district_536,169632,63310
4,Karnataka,state_29,Kolar,district_542,154514,78447
4,Karnataka,state_29,Chikkaballapura,district_630,151736,78993
4,Karnataka,state_29,Ballari,district_528,149843,44585
4,Karnataka,state_29,Gadag,district_537,126586,43029
4,Karnataka,state_29,Bengaluru Rural,district_526,117101,56643
4,Karnataka,state_29,Bengaluru Urban,district_525,94237,27685
4,Karnataka,state_29,Kodagu,district_541,53572,17928
5,Karnataka,state_29,Belagavi,district_527,1240531,360901
5,Karnataka,state_29,Shivamogga,district_547,503451,121780
5,Karnataka,state_29,Hassan,district_539,493951,193362
5,Karnataka,state_29,Tumakuru,district_548,442153,182130
5,Karnataka,state_29,Mysuru,district_545,430235,184111
5,Karnataka,state_29,Bagalkote,district_524,413980,113592
5,Karnataka,state_29,Kalaburagi,district_538,343282,94842
5,Karnataka,state_29,Mandya,district_544,334912,179943
5,Karnataka,state_29,Uttara Kannada,district_550,299036,85132
5,Karnataka,state_29,Haveri,district_540,286379,95516
5,Karnataka,state_29,Vijayapura,district_530,286080,93978
5,Karnataka,state_29,Raichur,district_546,266785,84684
5,Karnataka,state_29,Chikkamagaluru,district_532,266631,77040
5,Karnataka,state_29,Vijayanagar,district_738,241703,88304
5,Karnataka,state_29,Davangere,district_535,232421,96407
5,Karnataka,state_29,Koppal,district_543,232304,70332
5,Karnataka,state_29,Ramanagara,district_631,226952,87786
5,Karnataka,state_29,Chamarajanagara,district_531,211071,73675
5,Karnataka,state_29,Udupi,district_549,203468,59375
5,Karnataka,state_29,Chitradurga,district_533,201104,71290
5,Karnataka,state_29,Dakshina Kannada,district_534,198723,68575
5,Karnataka,state_29,Yadgir,district_635,190105,51161
5,Karnataka,state_29,Bidar,district_529,189590,68863
5,Karnataka,state_29,Kolar,district_542,184689,80005
5,Karnataka,state_29,Dharwad,district_536,175006,59596
5,Karnataka,state_29,Chikkaballapura,district_630,147080,67394
5,Karnataka,state_29,Ballari,district_528,144296,42802
5,Karnataka,state_29,Gadag,district_537,132964,42373
5,Karnataka,state_29,Bengaluru Rural,district_526,122437,43883
5,Karnataka,state_29,Bengaluru Urban,district_525,112053,24772
5,Karnataka,state_29,Kodagu,district_541,56016,16342
6,Karnataka,state_29,Belagavi,district_527,1235079,4322560
6,Karnataka,state_29,Hassan,district_539,554529,2585106
6,Karnataka,state_29,Shivamogga,district_547,486119,1395168
6,Karnataka,state_29,Tumakuru,district_548,460596,2215573
6,Karnataka,state_29,Mysuru,district_545,442330,2216443
6,Karnataka,state_29,Bagalkote,district_524,413017,1330515
6,Karnataka,state_29,Mandya,district_544,375810,2280314
6,Karnataka,state_29,Kalaburagi,district_538,349516,1183456
6,Karnataka,state_29,Uttara Kannada,district_550,300456,1025043
6,Karnataka,state_29,Raichur,district_546,287372,1137282
6,Karnataka,state_29,Vijayapura,district_530,276711,1074557
6,Karnataka,state_29,Haveri,district_540,271124,1077369
6,Karnataka,state_29,Chikkamagaluru,district_532,245961,863013
6,Karnataka,state_29,Ramanagara,district_631,244719,1028893
6,Karnataka,state_29,Chitradurga,district_533,238405,1007299
6,Karnataka,state_29,Davangere,district_535,229048,1089345
6,Karnataka,state_29,Koppal,district_543,227746,806764
6,Karnataka,state_29,Vijayanagar,district_738,226400,947554
6,Karnataka,state_29,Chamarajanagara,district_531,213712,867088
6,Karnataka,state_29,Yadgir,district_635,193190,637596
6,Karnataka,state_29,Dakshina Kannada,district_534,193090,772565
6,Karnataka,state_29,Udupi,district_549,192782,680251
6,Karnataka,state_29,Kolar,district_542,188734,955044
6,Karnataka,state_29,Bidar,district_529,184876,795553
6,Karnataka,state_29,Dharwad,district_536,171649,683612
6,Karnataka,state_29,Chikkaballapura,district_630,157998,825258
6,Karnataka,state_29,Ballari,district_528,145822,502434
6,Karnataka,state_29,Bengaluru Rural,district_526,139187,558055
6,Karnataka,state_29,Gadag,district_537,130342,478966
6,Karnataka,state_29,Bengaluru Urban,district_525,114011,271521
6,Karnataka,state_29,Kodagu,district_541,50263,175956
1,Kerala,state_32,Palakkad,district_563,151958,45375
1,Kerala,state_32,Thrissur,district_566,111719,35072
1,Kerala,state_32,Kollam,district_559,94812,37132
1,Kerala,state_32,Ernakulam,district_555,94515,28140
1,Kerala,state_32,Thiruvananthapuram,district_565,93822,33445
1,Kerala,state_32,Idukki,district_556,91920,29507
1,Kerala,state_32,Malappuram,district_562,83878,32995
1,Kerala,state_32,Kozhikode,district_561,81713,33076
1,Kerala,state_32,Kannur,district_557,80273,35071
1,Kerala,state_32,Kottayam,district_560,78255,29578
1,Kerala,state_32,Alappuzha,district_554,74333,24778
1,Kerala,state_32,Wayanad,district_567,67353,25124
1,Kerala,state_32,Kasaragod,district_558,64070,23575
1,Kerala,state_32,Pathanamthitta,district_564,55996,26011
2,Kerala,state_32,Palakkad,district_563,149474,44148
2,Kerala,state_32,Thrissur,district_566,119420,36034
2,Kerala,state_32,Kollam,district_559,100757,33216
2,Kerala,state_32,Thiruvananthapuram,district_565,94814,31937
2,Kerala,state_32,Ernakulam,district_555,94266,27369
2,Kerala,state_32,Malappuram,district_562,86301,31086
2,Kerala,state_32,Kozhikode,district_561,83924,36997
2,Kerala,state_32,Kottayam,district_560,82320,27301
2,Kerala,state_32,Kannur,district_557,80587,32370
2,Kerala,state_32,Alappuzha,district_554,75921,23680
2,Kerala,state_32,Idukki,district_556,73257,25621
2,Kerala,state_32,Wayanad,district_567,65139,25042
2,Kerala,state_32,Pathanamthitta,district_564,58341,23413
2,Kerala,state_32,Kasaragod,district_558,57408,18714
3,Kerala,state_32,Palakkad,district_563,81288,25254
3,Kerala,state_32,Thrissur,district_566,79373,26896
3,Kerala,state_32,Thiruvananthapuram,district_565,73840,25682
3,Kerala,state_32,Ernakulam,district_555,72211,21498
3,Kerala,state_32,Kollam,district_559,61177,24668
3,Kerala,state_32,Alappuzha,district_554,56915,19779
3,Kerala,state_32,Malappuram,district_562,54226,19750
3,Kerala,state_32,Kannur,district_557,53296,23425
3,Kerala,state_32,Pathanamthitta,district_564,47240,20662
3,Kerala,state_32,Kottayam,district_560,46089,18153
3,Kerala,state_32,Kozhikode,district_561,41319,20229
3,Kerala,state_32,Wayanad,district_567,33071,14249
3,Kerala,state_32,Idukki,district_556,31362,11828
3,Kerala,state_32,Kasaragod,district_558,28125,11144
4,Kerala,state_32,Palakkad,district_563,120717,31848
4,Kerala,state_32,Idukki,district_556,61386,19242
4,Kerala,state_32,Ernakulam,district_555,60920,15357
4,Kerala,state_32,Thrissur,district_566,57858,17512
4,Kerala,state_32,Kannur,district_557,57116,22709
4,Kerala,state_32,Alappuzha,district_554,54651,16246
4,Kerala,state_32,Malappuram,district_562,54422,17460
4,Kerala,state_32,Kollam,district_559,53717,18562
4,Kerala,state_32,Kottayam,district_560,49640,16837
4,Kerala,state_32,Thiruvananthapuram,district_565,48144,16828
4,Kerala,state_32,Kozhikode,district_561,44393,19398
4,Kerala,state_32,Kasaragod,district_558,40718,14369
4,Kerala,state_32,Pathanamthitta,district_564,37504,13666
4,Kerala,state_32,Wayanad,district_567,26283,10658
5,Kerala,state_32,Palakkad,district_563,86101,20757
5,Kerala,state_32,Kannur,district_557,43303,15532
5,Kerala,state_32,Alappuzha,district_554,39677,10916
5,Kerala,state_32,Kottayam,district_560,38184,11326
5,Kerala,state_32,Kasaragod,district_558,38041,12225
5,Kerala,state_32,Kollam,district_559,32464,9454
5,Kerala,state_32,Idukki,district_556,31127,9104
5,Kerala,state_32,Kozhikode,district_561,31016,13433
5,Kerala,state_32,Ernakulam,district_555,26654,6435
5,Kerala,state_32,Thiruvananthapuram,district_565,24554,8163
5,Kerala,state_32,Pathanamthitta,district_564,24454,8895
5,Kerala,state_32,Thrissur,district_566,22981,7938
5,Kerala,state_32,Wayanad,district_567,19923,7610
5,Kerala,state_32,Malappuram,district_562,16445,5118
1,Ladakh,ut_37,Kargil,district_6,46373,14991
1,Ladakh,ut_37,Leh Ladakh,district_9,32528,9766
2,Ladakh,ut_37,Leh Ladakh,district_9,52239,10059
2,Ladakh,ut_37,Kargil,district_6,41751,14812
3,Ladakh,ut_37,Leh Ladakh,district_9,40135,9649
3,Ladakh,ut_37,Kargil,district_6,27840,12175
4,Ladakh,ut_37,Leh Ladakh,district_9,41875,9764
4,Ladakh,ut_37,Kargil,district_6,33375,13261
1,Lakshadweep,ut_31,Lakshadweep District,district_553,1074,594
2,Lakshadweep,ut_31,Lakshadweep District,district_553,1485,350
1,Madhya Pradesh,state_23,Sagar,district_425,890817,223372
1,Madhya Pradesh,state_23,Khargone (West Nimar),district_414,808075,136614
1,Madhya Pradesh,state_23,Chhindwara,district_399,792844,163140
1,Madhya Pradesh,state_23,Dhar,district_403,769580,224992
1,Madhya Pradesh,state_23,Rewa,district_424,762276,209886
1,Madhya Pradesh,state_23,Satna,district_426,742287,184916
1,Madhya Pradesh,state_23,Morena,district_417,710838,174928
1,Madhya Pradesh,state_23,Balaghat,district_392,691089,248584
1,Madhya Pradesh,state_23,Shivpuri,district_432,663600,129711
1,Madhya Pradesh,state_23,Rajgarh,district_422,652165,144836
1,Madhya Pradesh,state_23,Betul,district_394,639188,176401
1,Madhya Pradesh,state_23,Guna,district_406,594168,120310
1,Madhya Pradesh,state_23,Chhatarpur,district_398,580799,157995
1,Madhya Pradesh,state_23,Singrauli,district_638,564771,222570
1,Madhya Pradesh,state_23,Shahdol,district_429,556710,137418
1,Madhya Pradesh,state_23,Dewas,district_402,554115,103092
1,Madhya Pradesh,state_23,Sidhi,district_433,553469,135018
1,Madhya Pradesh,state_23,Damoh,district_400,546742,151086
1,Madhya Pradesh,state_23,Sehore,district_427,545707,142039
1,Madhya Pradesh,state_23,Ujjain,district_435,538630,119804
1,Madhya Pradesh,state_23,Mandla,district_415,511802,142446
1,Madhya Pradesh,state_23,Raisen,district_421,511277,106047
1,Madhya Pradesh,state_23,Khandwa (East Nimar),district_405,491418,99789
1,Madhya Pradesh,state_23,Barwani,district_393,490723,102640
1,Madhya Pradesh,state_23,Seoni,district_428,480140,148700
1,Madhya Pradesh,state_23,Panna,district_420,468866,126246
1,Madhya Pradesh,state_23,Jhabua,district_412,468812,128989
1,Madhya Pradesh,state_23,Bhind,district_395,464398,147251
1,Madhya Pradesh,state_23,Mandsaur,district_416,458478,113652
1,Madhya Pradesh,state_23,Ratlam,district_423,455429,124438
1,Madhya Pradesh,state_23,Katni,district_413,432407,97665
1,Madhya Pradesh,state_23,Anuppur,district_390,417107,105766
1,Madhya Pradesh,state_23,Vidisha,district_437,401738,145771
1,Madhya Pradesh,state_23,Dindori,district_404,392611,104619
1,Madhya Pradesh,state_23,Sheopur,district_431,389591,56673
1,Madhya Pradesh,state_23,Alirajpur,district_639,382121,106168
1,Madhya Pradesh,state_23,Narmadapuram,district_409,379752,111746
1,Madhya Pradesh,state_23,Indore,district_410,368769,68373
1,Madhya Pradesh,state_23,Gwalior,district_407,362484,75968
1,Madhya Pradesh,state_23,Neemuch,district_419,345522,74690
1,Madhya Pradesh,state_23,Tikamgarh,district_434,343049,133056
1,Madhya Pradesh,state_23,Jabalpur,district_411,340750,103810
1,Madhya Pradesh,state_23,Umaria,district_436,336959,85633
1,Madhya Pradesh,state_23,Narsimhapur,district_418,326206,99090
1,Madhya Pradesh,state_23,Datia,district_401,317842,78717
1,Madhya Pradesh,state_23,Ashoknagar,district_391,310860,95641
1,Madhya Pradesh,state_23,Shajapur,district_430,302380,77897
1,Madhya Pradesh,state_23,Agar-Malwa,district_667,263160,60776
1,Madhya Pradesh,state_23,Harda,district_408,219908,55139
1,Madhya Pradesh,state_23,Bhopal,district_396,207415,56547
1,Madhya Pradesh,state_23,Burhanpur,district_397,147581,27983
1,Madhya Pradesh,state_23,Niwari,district_722,110967,31533
2,Madhya Pradesh,state_23,Sagar,district_425,860805,215168
2,Madhya Pradesh,state_23,Chhindwara,district_399,752084,158859
2,Madhya Pradesh,state_23,Satna,district_426,739073,192617
2,Madhya Pradesh,state_23,Balaghat,district_392,688723,249316
2,Madhya Pradesh,state_23,Betul,district_394,662171,175464
2,Madhya Pradesh,state_23,Dhar,district_403,601381,177149
2,Madhya Pradesh,state_23,Rajgarh,district_422,599785,134067
2,Madhya Pradesh,state_23,Rewa,district_424,575980,182362
2,Madhya Pradesh,state_23,Shahdol,district_429,571204,135793
2,Madhya Pradesh,state_23,Khargone (West Nimar),district_414,570448,104497
2,Madhya Pradesh,state_23,Sehore,district_427,545284,146051
2,Madhya Pradesh,state_23,Morena,district_417,505535,128137
2,Madhya Pradesh,state_23,Shivpuri,district_432,499562,107868
2,Madhya Pradesh,state_23,Mandla,district_415,487455,136771
2,Madhya Pradesh,state_23,Barwani,district_393,477030,103527
2,Madhya Pradesh,state_23,Seoni,district_428,471767,143950
2,Madhya Pradesh,state_23,Khandwa (East Nimar),district_405,467106,99938
2,Madhya Pradesh,state_23,Dindori,district_404,440149,109490
2,Madhya Pradesh,state_23,Chhatarpur,district_398,431847,122793
2,Madhya Pradesh,state_23,Vidisha,district_437,429096,150785
2,Madhya Pradesh,state_23,Guna,district_406,420596,90578
2,Madhya Pradesh,state_23,Katni,district_413,399187,93067
2,Madhya Pradesh,state_23,Ujjain,district_435,399134,99052
2,Madhya Pradesh,state_23,Singrauli,district_638,396567,166388
2,Madhya Pradesh,state_23,Damoh,district_400,395706,116255
2,Madhya Pradesh,state_23,Dewas,district_402,393191,84038
2,Madhya Pradesh,state_23,Sidhi,district_433,390119,102115
2,Madhya Pradesh,state_23,Alirajpur,district_639,370657,102532
2,Madhya Pradesh,state_23,Raisen,district_421,369469,68969
2,Madhya Pradesh,state_23,Jhabua,district_412,366089,105735
2,Madhya Pradesh,state_23,Panna,district_420,358861,102914
2,Madhya Pradesh,state_23,Bhind,district_395,352701,119095
2,Madhya Pradesh,state_23,Mandsaur,district_416,339402,93739
2,Madhya Pradesh,state_23,Umaria,district_436,336624,89077
2,Madhya Pradesh,state_23,Ratlam,district_423,329566,97823
2,Madhya Pradesh,state_23,Narsimhapur,district_418,324978,101304
2,Madhya Pradesh,state_23,Sheopur,district_431,290915,43699
2,Madhya Pradesh,state_23,Tikamgarh,district_434,290415,117754
2,Madhya Pradesh,state_23,Narmadapuram,district_409,290400,90086
2,Madhya Pradesh,state_23,Anuppur,district_390,280152,77373
2,Madhya Pradesh,state_23,Gwalior,district_407,264995,57928
2,Madhya Pradesh,state_23,Indore,district_410,262097,55057
2,Madhya Pradesh,state_23,Datia,district_401,260998,71087
2,Madhya Pradesh,state_23,Neemuch,district_419,247102,62737
2,Madhya Pradesh,state_23,Shajapur,district_430,244465,67519
2,Madhya Pradesh,state_23,Jabalpur,district_411,241098,73448
2,Madhya Pradesh,state_23,Ashoknagar,district_391,239239,78749
2,Madhya Pradesh,state_23,Agar-Malwa,district_667,195390,43995
2,Madhya Pradesh,state_23,Harda,district_408,159427,41611
2,Madhya Pradesh,state_23,Bhopal,district_396,146707,42584
2,Madhya Pradesh,state_23,Burhanpur,district_397,143314,27963
2,Madhya Pradesh,state_23,Niwari,district_722,97812,29367
3,Madhya Pradesh,state_23,Rewa,district_424,795508,211565
3,Madhya Pradesh,state_23,Dhar,district_403,697906,179460
3,Madhya Pradesh,state_23,Betul,district_394,667757,157068
3,Madhya Pradesh,state_23,Satna,district_426,666971,154764
3,Madhya Pradesh,state_23,Sagar,district_425,628256,146460
3,Madhya Pradesh,state_23,Chhindwara,district_399,622801,116130
3,Madhya Pradesh,state_23,Balaghat,district_392,602476,201293
3,Madhya Pradesh,state_23,Rajgarh,district_422,578798,119739
3,Madhya Pradesh,state_23,Morena,district_417,553876,131683
3,Madhya Pradesh,state_23,Raisen,district_421,537764,96681
3,Madhya Pradesh,state_23,Khargone (West Nimar),district_414,523396,86267
3,Madhya Pradesh,state_23,Shahdol,district_429,503834,110309
3,Madhya Pradesh,state_23,Barwani,district_393,490416,93952
3,Madhya Pradesh,state_23,Mandla,district_415,467750,118783
3,Madhya Pradesh,state_23,Damoh,district_400,461573,112838
3,Madhya Pradesh,state_23,Panna,district_420,460837,114174
3,Madhya Pradesh,state_23,Mandsaur,district_416,454883,104945
3,Madhya Pradesh,state_23,Dewas,district_402,437969,79957
3,Madhya Pradesh,state_23,Sidhi,district_433,433308,97108
3,Madhya Pradesh,state_23,Shivpuri,district_432,430816,77109
3,Madhya Pradesh,state_23,Ratlam,district_423,430157,101299
3,Madhya Pradesh,state_23,Khandwa (East Nimar),district_405,426183,80304
3,Madhya Pradesh,state_23,Ujjain,district_435,420942,79036
3,Madhya Pradesh,state_23,Seoni,district_428,406776,117418
3,Madhya Pradesh,state_23,Dindori,district_404,403368,94350
3,Madhya Pradesh,state_23,Chhatarpur,district_398,387763,85486
3,Madhya Pradesh,state_23,Sheopur,district_431,362579,43917
3,Madhya Pradesh,state_23,Guna,district_406,351783,67217
3,Madhya Pradesh,state_23,Indore,district_410,350128,58437
3,Madhya Pradesh,state_23,Jhabua,district_412,346184,92670
3,Madhya Pradesh,state_23,Katni,district_413,325511,67727
3,Madhya Pradesh,state_23,Narsimhapur,district_418,323624,83974
3,Madhya Pradesh,state_23,Vidisha,district_437,317425,108700
3,Madhya Pradesh,state_23,Alirajpur,district_639,314453,79519
3,Madhya Pradesh,state_23,Sehore,district_427,283905,69163
3,Madhya Pradesh,state_23,Umaria,district_436,282090,62599
3,Madhya Pradesh,state_23,Neemuch,district_419,268012,56426
3,Madhya Pradesh,state_23,Anuppur,district_390,259530,64133
3,Madhya Pradesh,state_23,Datia,district_401,250384,60869
3,Madhya Pradesh,state_23,Shajapur,district_430,247491,59966
3,Madhya Pradesh,state_23,Ashoknagar,district_391,233031,71704
3,Madhya Pradesh,state_23,Agar-Malwa,district_667,232806,46346
3,Madhya Pradesh,state_23,Bhind,district_395,232507,70322
3,Madhya Pradesh,state_23,Jabalpur,district_411,222179,62346
3,Madhya Pradesh,state_23,Singrauli,district_638,216866,86335
3,Madhya Pradesh,state_23,Narmadapuram,district_409,207138,60368
3,Madhya Pradesh,state_23,Harda,district_408,204187,46835
3,Madhya Pradesh,state_23,Gwalior,district_407,169312,34414
3,Madhya Pradesh,state_23,Burhanpur,district_397,134400,22453
3,Madhya Pradesh,state_23,Tikamgarh,district_434,127821,52318
3,Madhya Pradesh,state_23,Niwari,district_722,88451,21495
3,Madhya Pradesh,state_23,Bhopal,district_396,86408,22837
4,Madhya Pradesh,state_23,Dhar,district_403,825562,198521
4,Madhya Pradesh,state_23,Sagar,district_425,790343,179052
4,Madhya Pradesh,state_23,Rewa,district_424,769481,199006
4,Madhya Pradesh,state_23,Satna,district_426,735083,170878
4,Madhya Pradesh,state_23,Khargone (West Nimar),district_414,727250,112478
4,Madhya Pradesh,state_23,Chhindwara,district_399,702500,129318
4,Madhya Pradesh,state_23,Betul,district_394,662699,157257
4,Madhya Pradesh,state_23,Shivpuri,district_432,657301,113044
4,Madhya Pradesh,state_23,Balaghat,district_392,645300,213267
4,Madhya Pradesh,state_23,Morena,district_417,615464,133533
4,Madhya Pradesh,state_23,Shahdol,district_429,572911,122967
4,Madhya Pradesh,state_23,Chhatarpur,district_398,561970,142220
4,Madhya Pradesh,state_23,Rajgarh,district_422,552364,111700
4,Madhya Pradesh,state_23,Guna,district_406,548364,82316
4,Madhya Pradesh,state_23,Sehore,district_427,544365,127012
4,Madhya Pradesh,state_23,Damoh,district_400,540424,130592
4,Madhya Pradesh,state_23,Raisen,district_421,533250,95289
4,Madhya Pradesh,state_23,Dewas,district_402,527621,88014
4,Madhya Pradesh,state_23,Sidhi,district_433,504503,108311
4,Madhya Pradesh,state_23,Ujjain,district_435,493217,93536
4,Madhya Pradesh,state_23,Barwani,district_393,491947,91720
4,Madhya Pradesh,state_23,Jhabua,district_412,487327,127409
4,Madhya Pradesh,state_23,Panna,district_420,473227,114645
4,Madhya Pradesh,state_23,Mandsaur,district_416,466167,98081
4,Madhya Pradesh,state_23,Bhind,district_395,464008,134888
4,Madhya Pradesh,state_23,Mandla,district_415,463379,117648
4,Madhya Pradesh,state_23,Khandwa (East Nimar),district_405,459706,89224
4,Madhya Pradesh,state_23,Ratlam,district_423,445026,102305
4,Madhya Pradesh,state_23,Seoni,district_428,431198,118852
4,Madhya Pradesh,state_23,Dindori,district_404,417669,98676
4,Madhya Pradesh,state_23,Alirajpur,district_639,398043,95040
4,Madhya Pradesh,state_23,Singrauli,district_638,389368,117374
4,Madhya Pradesh,state_23,Sheopur,district_431,383654,44775
4,Madhya Pradesh,state_23,Narmadapuram,district_409,380770,93597
4,Madhya Pradesh,state_23,Anuppur,district_390,362925,84318
4,Madhya Pradesh,state_23,Indore,district_410,357010,57438
4,Madhya Pradesh,state_23,Neemuch,district_419,333765,67268
4,Madhya Pradesh,state_23,Vidisha,district_437,330632,111547
4,Madhya Pradesh,state_23,Gwalior,district_407,324943,60275
4,Madhya Pradesh,state_23,Narsimhapur,district_418,322159,82885
4,Madhya Pradesh,state_23,Katni,district_413,320485,66632
4,Madhya Pradesh,state_23,Datia,district_401,312728,72870
4,Madhya Pradesh,state_23,Shajapur,district_430,300441,70267
4,Madhya Pradesh,state_23,Tikamgarh,district_434,299556,87791
4,Madhya Pradesh,state_23,Jabalpur,district_411,293469,72035
4,Madhya Pradesh,state_23,Umaria,district_436,280314,61791
4,Madhya Pradesh,state_23,Ashoknagar,district_391,248923,66858
4,Madhya Pradesh,state_23,Agar-Malwa,district_667,240238,47980
4,Madhya Pradesh,state_23,Harda,district_408,218080,49594
4,Madhya Pradesh,state_23,Bhopal,district_396,177037,42711
4,Madhya Pradesh,state_23,Burhanpur,district_397,166176,31076
4,Madhya Pradesh,state_23,Niwari,district_722,91613,22165
5,Madhya Pradesh,state_23,Guna,district_406,359385,58226
5,Madhya Pradesh,state_23,Satna,district_426,305703,66239
5,Madhya Pradesh,state_23,Dhar,district_403,248723,60228
5,Madhya Pradesh,state_23,Dewas,district_402,210344,34484
5,Madhya Pradesh,state_23,Shivpuri,district_432,206659,35748
5,Madhya Pradesh,state_23,Betul,district_394,204851,46429
5,Madhya Pradesh,state_23,Dindori,district_404,197078,44536
5,Madhya Pradesh,state_23,Rewa,district_424,187719,46424
5,Madhya Pradesh,state_23,Sheopur,district_431,176155,24628
5,Madhya Pradesh,state_23,Gwalior,district_407,165283,27419
5,Madhya Pradesh,state_23,Rajgarh,district_422,150260,27855
5,Madhya Pradesh,state_23,Sagar,district_425,144340,32496
5,Madhya Pradesh,state_23,Sehore,district_427,140796,30372
5,Madhya Pradesh,state_23,Chhatarpur,district_398,121799,41880
5,Madhya Pradesh,state_23,Balaghat,district_392,118828,40586
5,Madhya Pradesh,state_23,Panna,district_420,116906,24059
5,Madhya Pradesh,state_23,Morena,district_417,116450,24765
5,Madhya Pradesh,state_23,Seoni,district_428,111300,30646
5,Madhya Pradesh,state_23,Jhabua,district_412,110893,28298
5,Madhya Pradesh,state_23,Damoh,district_400,105349,27695
5,Madhya Pradesh,state_23,Shahdol,district_429,104035,20819
5,Madhya Pradesh,state_23,Alirajpur,district_639,98566,23156
5,Madhya Pradesh,state_23,Umaria,district_436,94166,22135
5,Madhya Pradesh,state_23,Khandwa (East Nimar),district_405,88976,15504
5,Madhya Pradesh,state_23,Sidhi,district_433,83811,20706
5,Madhya Pradesh,state_23,Agar-Malwa,district_667,78891,15484
5,Madhya Pradesh,state_23,Ujjain,district_435,78364,15788
5,Madhya Pradesh,state_23,Mandsaur,district_416,74060,15161
5,Madhya Pradesh,state_23,Tikamgarh,district_434,67619,23899
5,Madhya Pradesh,state_23,Mandla,district_415,66417,16534
5,Madhya Pradesh,state_23,Datia,district_401,58516,14073
5,Madhya Pradesh,state_23,Ashoknagar,district_391,57279,14721
5,Madhya Pradesh,state_23,Bhind,district_395,56793,16005
5,Madhya Pradesh,state_23,Barwani,district_393,55503,10927
5,Madhya Pradesh,state_23,Indore,district_410,53746,10789
5,Madhya Pradesh,state_23,Jabalpur,district_411,51415,11078
5,Madhya Pradesh,state_23,Ratlam,district_423,50309,12247
5,Madhya Pradesh,state_23,Vidisha,district_437,45026,12115
5,Madhya Pradesh,state_23,Khargone (West Nimar),district_414,44820,8284
5,Madhya Pradesh,state_23,Shajapur,district_430,41270,9852
5,Madhya Pradesh,state_23,Chhindwara,district_399,39880,6742
5,Madhya Pradesh,state_23,Bhopal,district_396,38648,7812
5,Madhya Pradesh,state_23,Narmadapuram,district_409,35181,8558
5,Madhya Pradesh,state_23,Narsimhapur,district_418,33339,8641
5,Madhya Pradesh,state_23,Katni,district_413,32666,5909
5,Madhya Pradesh,state_23,Anuppur,district_390,31828,7757
5,Madhya Pradesh,state_23,Raisen,district_421,29568,5870
5,Madhya Pradesh,state_23,Singrauli,district_638,27792,6598
5,Madhya Pradesh,state_23,Neemuch,district_419,22325,5323
5,Madhya Pradesh,state_23,Niwari,district_722,16103,4286
5,Madhya Pradesh,state_23,Burhanpur,district_397,14114,2278
5,Madhya Pradesh,state_23,Harda,district_408,5401,1321
1,Maharashtra,state_27,Ahmednagar,district_466,1300179,265488
1,Maharashtra,state_27,Solapur,district_496,965738,192055
1,Maharashtra,state_27,Pune,district_490,858911,154564
1,Maharashtra,state_27,Nashik,district_487,844503,176314
1,Maharashtra,state_27,Beed,district_470,673406,149804
1,Maharashtra,state_27,Yavatmal,district_500,584291,113608
1,Maharashtra,state_27,Chhatrapati Sambhajinagar,district_469,556809,150157
1,Maharashtra,state_27,Satara,district_494,547610,188024
1,Maharashtra,state_27,Nanded,district_485,540620,142826
1,Maharashtra,state_27,Sangli,district_493,500786,137790
1,Maharashtra,state_27,Amravati,district_468,485108,107838
1,Maharashtra,state_27,Kolhapur,district_480,469405,194553
1,Maharashtra,state_27,Gadchiroli,district_475,465350,83021
1,Maharashtra,state_27,Dharashiv,district_488,433166,103979
1,Maharashtra,state_27,Nagpur,district_484,422512,97376
1,Maharashtra,state_27,Jalgaon,district_478,414792,96864
1,Maharashtra,state_27,Jalna,district_479,398721,92507
1,Maharashtra,state_27,Latur,district_481,393151,127221
1,Maharashtra,state_27,Chandrapur,district_473,379926,69502
1,Maharashtra,state_27,Buldhana,district_472,352695,93573
1,Maharashtra,state_27,Gondia,district_476,336884,80772
1,Maharashtra,state_27,Nandurbar,district_486,324612,67793
1,Maharashtra,state_27,Dhule,district_474,319718,51791
1,Maharashtra,state_27,Bhandara,district_471,291068,76374
1,Maharashtra,state_27,Wardha,district_498,289570,59452
1,Maharashtra,state_27,Palghar,district_665,241306,53383
1,Maharashtra,state_27,Akola,district_467,209284,62043
1,Maharashtra,state_27,Hingoli,district_477,204988,70287
1,Maharashtra,state_27,Parbhani,district_489,185327,56627
1,Maharashtra,state_27,Raigad,district_491,184747,31544
1,Maharashtra,state_27,Washim,district_499,169189,41970
1,Maharashtra,state_27,Ratnagiri,district_492,146469,31923
1,Maharashtra,state_27,Thane,district_497,127706,15487
1,Maharashtra,state_27,Sindhudurg,district_495,112181,36195
1,Maharashtra,state_27,Mumbai,district_482,23480,451
2,Maharashtra,state_27,Ahmednagar,district_466,1426954,300703
2,Maharashtra,state_27,Solapur,district_496,1022263,206669
2,Maharashtra,state_27,Nashik,district_487,996815,210170
2,Maharashtra,state_27,Pune,district_490,926582,179691
2,Maharashtra,state_27,Kolhapur,district_480,764656,366133
2,Maharashtra,state_27,Jalgaon,district_478,701306,158027
2,Maharashtra,state_27,Beed,district_470,658572,163511
2,Maharashtra,state_27,Nanded,district_485,648381,160568
2,Maharashtra,state_27,Sangli,district_493,626643,173582
2,Maharashtra,state_27,Satara,district_494,588421,196269
2,Maharashtra,state_27,Yavatmal,district_500,576225,146923
2,Maharashtra,state_27,Chhatrapati Sambhajinagar,district_469,574001,156667
2,Maharashtra,state_27,Buldhana,district_472,544321,142428
2,Maharashtra,state_27,Dharashiv,district_488,484871,127500
2,Maharashtra,state_27,Amravati,district_468,479946,125813
2,Maharashtra,state_27,Latur,district_481,475524,155949
2,Maharashtra,state_27,Nagpur,district_484,462283,101865
2,Maharashtra,state_27,Gadchiroli,district_475,445131,91138
2,Maharashtra,state_27,Jalna,district_479,441460,106046
2,Maharashtra,state_27,Chandrapur,district_473,412612,99737
2,Maharashtra,state_27,Dhule,district_474,393367,62545
2,Maharashtra,state_27,Parbhani,district_489,348827,108973
2,Maharashtra,state_27,Gondia,district_476,348467,86069
2,Maharashtra,state_27,Nandurbar,district_486,342595,76142
2,Maharashtra,state_27,Wardha,district_498,321938,66078
2,Maharashtra,state_27,Bhandara,district_471,282458,81855
2,Maharashtra,state_27,Hingoli,district_477,268834,93371
2,Maharashtra,state_27,Palghar,district_665,267825,56751
2,Maharashtra,state_27,Akola,district_467,242414,71932
2,Maharashtra,state_27,Ratnagiri,district_492,229546,48592
2,Maharashtra,state_27,Raigad,district_491,206500,37167
2,Maharashtra,state_27,Washim,district_499,174140,47708
2,Maharashtra,state_27,Thane,district_497,145314,17186
2,Maharashtra,state_27,Sindhudurg,district_495,137052,43131
2,Maharashtra,state_27,Mumbai,district_482,22579,472
3,Maharashtra,state_27,Ahmednagar,district_466,1350885,299983
3,Maharashtra,state_27,Nashik,district_487,996552,207810
3,Maharashtra,state_27,Solapur,district_496,971833,213266
3,Maharashtra,state_27,Pune,district_490,923176,189021
3,Maharashtra,state_27,Kolhapur,district_480,731389,358384
3,Maharashtra,state_27,Jalgaon,district_478,701309,170122
3,Maharashtra,state_27,Sangli,district_493,641159,179986
3,Maharashtra,state_27,Beed,district_470,621437,156992
3,Maharashtra,state_27,Nanded,district_485,614254,171732
3,Maharashtra,state_27,Satara,district_494,558215,189612
3,Maharashtra,state_27,Yavatmal,district_500,555606,145084
3,Maharashtra,state_27,Chhatrapati Sambhajinagar,district_469,541430,159541
3,Maharashtra,state_27,Amravati,district_468,483771,136623
3,Maharashtra,state_27,Gadchiroli,district_475,454104,93149
3,Maharashtra,state_27,Buldhana,district_472,449729,133211
3,Maharashtra,state_27,Jalna,district_479,441459,113365
3,Maharashtra,state_27,Dharashiv,district_488,434267,119507
3,Maharashtra,state_27,Chandrapur,district_473,406324,99635
3,Maharashtra,state_27,Dhule,district_474,399098,66247
3,Maharashtra,state_27,Latur,district_481,394702,143476
3,Maharashtra,state_27,Nagpur,district_484,379161,93258
3,Maharashtra,state_27,Parbhani,district_489,341428,108421
3,Maharashtra,state_27,Nandurbar,district_486,333566,74988
3,Maharashtra,state_27,Gondia,district_476,330234,88302
3,Maharashtra,state_27,Wardha,district_498,286204,65338
3,Maharashtra,state_27,Palghar,district_665,270299,57497
3,Maharashtra,state_27,Bhandara,district_471,264097,80552
3,Maharashtra,state_27,Hingoli,district_477,263991,96364
3,Maharashtra,state_27,Akola,district_467,239029,73079
3,Maharashtra,state_27,Ratnagiri,district_492,220049,54263
3,Maharashtra,state_27,Raigad,district_491,208548,39340
3,Maharashtra,state_27,Washim,district_499,187580,50026
3,Maharashtra,state_27,Thane,district_497,155844,18830
3,Maharashtra,state_27,Sindhudurg,district_495,134803,43902
3,Maharashtra,state_27,Mumbai,district_482,24899,451
3,Maharashtra,state_27,Mumbai Suburban,district_483,1,1
4,Maharashtra,state_27,Ahmednagar,district_466,1486784,296420
4,Maharashtra,state_27,Nashik,district_487,1039661,189861
4,Maharashtra,state_27,Solapur,district_496,1026688,200386
4,Maharashtra,state_27,Pune,district_490,917757,162930
4,Maharashtra,state_27,Jalgaon,district_478,786477,162117
4,Maharashtra,state_27,Kolhapur,district_480,760103,327282
4,Maharashtra,state_27,Beed,district_470,706165,154945
4,Maharashtra,state_27,Sangli,district_493,664376,175593
4,Maharashtra,state_27,Nanded,district_485,628945,159196
4,Maharashtra,state_27,Satara,district_494,620290,179849
4,Maharashtra,state_27,Chhatrapati Sambhajinagar,district_469,598909,148260
4,Maharashtra,state_27,Buldhana,district_472,569989,163865
4,Maharashtra,state_27,Yavatmal,district_500,563688,133479
4,Maharashtra,state_27,Dharashiv,district_488,490182,122696
4,Maharashtra,state_27,Amravati,district_468,479350,119479
4,Maharashtra,state_27,Gadchiroli,district_475,453003,82674
4,Maharashtra,state_27,Jalna,district_479,442209,99323
4,Maharashtra,state_27,Latur,district_481,437543,144179
4,Maharashtra,state_27,Dhule,district_474,428170,61877
4,Maharashtra,state_27,Nagpur,district_484,391978,89749
4,Maharashtra,state_27,Chandrapur,district_473,390336,86644
4,Maharashtra,state_27,Nandurbar,district_486,375603,71166
4,Maharashtra,state_27,Parbhani,district_489,359678,101419
4,Maharashtra,state_27,Gondia,district_476,346812,79783
4,Maharashtra,state_27,Hingoli,district_477,281964,91753
4,Maharashtra,state_27,Palghar,district_665,280593,53160
4,Maharashtra,state_27,Bhandara,district_471,265101,71255
4,Maharashtra,state_27,Wardha,district_498,248453,50657
4,Maharashtra,state_27,Raigad,district_491,241423,35350
4,Maharashtra,state_27,Akola,district_467,240362,65698
4,Maharashtra,state_27,Ratnagiri,district_492,206566,45425
4,Maharashtra,state_27,Washim,district_499,171607,44660
4,Maharashtra,state_27,Thane,district_497,154481,15444
4,Maharashtra,state_27,Sindhudurg,district_495,144994,42797
4,Maharashtra,state_27,Mumbai,district_482,27154,503
4,Maharashtra,state_27,Mumbai Suburban,district_483,79,7
5,Maharashtra,state_27,Ahmednagar,district_466,1510371,299867
5,Maharashtra,state_27,Pune,district_490,1067469,186029
5,Maharashtra,state_27,Solapur,district_496,1062682,218202
5,Maharashtra,state_27,Nashik,district_487,1015637,194393
5,Maharashtra,state_27,Jalgaon,district_478,831427,184263
5,Maharashtra,state_27,Kolhapur,district_480,794891,343657
5,Maharashtra,state_27,Beed,district_470,734201,157729
5,Maharashtra,state_27,Satara,district_494,661506,191150
5,Maharashtra,state_27,Nanded,district_485,615599,157444
5,Maharashtra,state_27,Sangli,district_493,592783,163121
5,Maharashtra,state_27,Yavatmal,district_500,554414,129294
5,Maharashtra,state_27,Buldhana,district_472,531175,146287
5,Maharashtra,state_27,Dharashiv,district_488,497763,127786
5,Maharashtra,state_27,Jalna,district_479,476712,111720
5,Maharashtra,state_27,Amravati,district_468,469082,115061
5,Maharashtra,state_27,Latur,district_481,440000,149626
5,Maharashtra,state_27,Chhatrapati Sambhajinagar,district_469,427822,110990
5,Maharashtra,state_27,Gadchiroli,district_475,420450,78978
5,Maharashtra,state_27,Dhule,district_474,413694,63538
5,Maharashtra,state_27,Nandurbar,district_486,355586,71561
5,Maharashtra,state_27,Parbhani,district_489,338468,91813
5,Maharashtra,state_27,Gondia,district_476,319616,75202
5,Maharashtra,state_27,Palghar,district_665,292436,52514
5,Maharashtra,state_27,Hingoli,district_477,283394,96030
5,Maharashtra,state_27,Ratnagiri,district_492,250760,50471
5,Maharashtra,state_27,Raigad,district_491,240578,34179
5,Maharashtra,state_27,Akola,district_467,235183,68674
5,Maharashtra,state_27,Chandrapur,district_473,170341,38110
5,Maharashtra,state_27,Bhandara,district_471,169315,47483
5,Maharashtra,state_27,Thane,district_497,163107,14132
5,Maharashtra,state_27,Washim,district_499,153209,41121
5,Maharashtra,state_27,Sindhudurg,district_495,148161,43578
5,Maharashtra,state_27,Nagpur,district_484,112055,28461
5,Maharashtra,state_27,Mumbai,district_482,28347,466
5,Maharashtra,state_27,Wardha,district_498,7632,2002
1,Manipur,state_14,Imphal East,district_255,6805,2771
1,Manipur,state_14,Thoubal,district_259,6681,3204
1,Manipur,state_14,Bishnupur,district_252,5899,2566
1,Manipur,state_14,Imphal West,district_256,4575,2071
1,Manipur,state_14,Churachandpur,district_254,3778,422
1,Manipur,state_14,Chandel,district_253,2649,772
1,Manipur,state_14,Kakching,district_711,2135,937
1,Manipur,state_14,Ukhrul,district_260,1118,138
1,Manipur,state_14,Senapati,district_257,534,137
1,Manipur,state_14,Jiribam,district_713,416,163
1,Manipur,state_14,Kamjong,district_717,328,32
1,Manipur,state_14,Tengnoupal,district_716,284,93
1,Manipur,state_14,Noney,district_714,120,56
1,Manipur,state_14,Pherzawl,district_715,45,4
1,Manipur,state_14,Tamenglong,district_258,37,27
2,Manipur,state_14,Bishnupur,district_252,46508,1779
2,Manipur,state_14,Thoubal,district_259,42275,646
2,Manipur,state_14,Chandel,district_253,35726,393
2,Manipur,state_14,Imphal East,district_255,30466,2125
2,Manipur,state_14,Imphal West,district_256,29325,653
2,Manipur,state_14,Churachandpur,district_254,25408,157
2,Manipur,state_14,Senapati,district_257,17758,41
2,Manipur,state_14,Ukhrul,district_260,14970,200
2,Manipur,state_14,Kangpokpi,district_712,754,116
2,Manipur,state_14,Jiribam,district_713,297,95
2,Manipur,state_14,Tengnoupal,district_716,165,83
2,Manipur,state_14,Kakching,district_711,55,36
2,Manipur,state_14,Kamjong,district_717,24,2
2,Manipur,state_14,Pherzawl,district_715,6,1
3,Manipur,state_14,Imphal East,district_255,21484,5484
3,Manipur,state_14,Bishnupur,district_252,14995,3165
3,Manipur,state_14,Thoubal,district_259,12274,4196
3,Manipur,state_14,Churachandpur,district_254,8192,916
3,Manipur,state_14,Imphal West,district_256,6874,1658
3,Manipur,state_14,Kakching,district_711,5142,1724
3,Manipur,state_14,Senapati,district_257,3454,527
3,Manipur,state_14,Ukhrul,district_260,2349,327
3,Manipur,state_14,Chandel,district_253,1586,399
3,Manipur,state_14,Noney,district_714,1237,244
3,Manipur,state_14,Jiribam,district_713,591,172
3,Manipur,state_14,Kamjong,district_717,554,48
3,Manipur,state_14,Pherzawl,district_715,516,68
3,Manipur,state_14,Kangpokpi,district_712,431,60
3,Manipur,state_14,Tamenglong,district_258,225,53
3,Manipur,state_14,Tengnoupal,district_716,7,2
4,Manipur,state_14,Bishnupur,district_252,26714,4783
4,Manipur,state_14,Imphal East,district_255,23101,6089
4,Manipur,state_14,Imphal West,district_256,19111,2901
4,Manipur,state_14,Churachandpur,district_254,11996,859
4,Manipur,state_14,Thoubal,district_259,11734,4602
4,Manipur,state_14,Senapati,district_257,9534,1024
4,Manipur,state_14,Kakching,district_711,6320,2195
4,Manipur,state_14,Ukhrul,district_260,5900,656
4,Manipur,state_14,Chandel,district_253,4665,639
4,Manipur,state_14,Noney,district_714,2549,357
4,Manipur,state_14,Kangpokpi,district_712,2452,318
4,Manipur,state_14,Jiribam,district_713,2427,544
4,Manipur,state_14,Tamenglong,district_258,1482,137
4,Manipur,state_14,Tengnoupal,district_716,1463,340
4,Manipur,state_14,Pherzawl,district_715,1418,101
4,Manipur,state_14,Kamjong,district_717,1328,102
1,Meghalaya,state_17,West Garo Hills,district_278,24498,7921
1,Meghalaya,state_17,East Khasi Hills,district_274,23425,5198
1,Meghalaya,state_17,Ri Bhoi,district_276,22414,4057
1,Meghalaya,state_17,East Jaintia Hills,district_657,20339,1193
1,Meghalaya,state_17,South West Garo Hills,district_663,18058,5539
1,Meghalaya,state_17,West Jaintia Hills,district_275,13259,1202
1,Meghalaya,state_17,South West Khasi Hills,district_658,9164,1474
1,Meghalaya,state_17,East Garo Hills,district_273,7909,1749
1,Meghalaya,state_17,Eastern West Khasi Hills,district_740,7450,891
1,Meghalaya,state_17,North Garo Hills,district_656,7065,2688
1,Meghalaya,state_17,West Khasi Hills,district_279,5844,603
1,Meghalaya,state_17,South Garo Hills,district_277,3672,1367
2,Meghalaya,state_17,West Garo Hills,district_278,86907,19481
2,Meghalaya,state_17,South West Garo Hills,district_663,65372,11892
2,Meghalaya,state_17,North Garo Hills,district_656,48172,13310
2,Meghalaya,state_17,East Khasi Hills,district_274,47205,7400
2,Meghalaya,state_17,East Garo Hills,district_273,45265,4802
2,Meghalaya,state_17,Ri Bhoi,district_276,30255,5526
2,Meghalaya,state_17,South Garo Hills,district_277,29543,8069
2,Meghalaya,state_17,West Jaintia Hills,district_275,28132,1937
2,Meghalaya,state_17,East Jaintia Hills,district_657,24996,1273
2,Meghalaya,state_17,South West Khasi Hills,district_658,19252,2446
2,Meghalaya,state_17,West Khasi Hills,district_279,14310,1232
2,Meghalaya,state_17,Eastern West Khasi Hills,district_740,13646,1458
3,Meghalaya,state_17,North Garo Hills,district_656,31098,9201
3,Meghalaya,state_17,East Garo Hills,district_273,26475,3509
3,Meghalaya,state_17,Ri Bhoi,district_276,23626,3638
3,Meghalaya,state_17,West Garo Hills,district_278,18945,4644
3,Meghalaya,state_17,East Khasi Hills,district_274,18801,2957
3,Meghalaya,state_17,South Garo Hills,district_277,13686,3688
3,Meghalaya,state_17,West Jaintia Hills,district_275,13532,874
3,Meghalaya,state_17,West Khasi Hills,district_279,13120,1091
3,Meghalaya,state_17,Eastern West Khasi Hills,district_740,12463,1387
3,Meghalaya,state_17,South West Khasi Hills,district_658,12182,1751
3,Meghalaya,state_17,South West Garo Hills,district_663,10943,3360
3,Meghalaya,state_17,East Jaintia Hills,district_657,10637,661
4,Meghalaya,state_17,North Garo Hills,district_656,41922,12693
4,Meghalaya,state_17,East Khasi Hills,district_274,21003,3238
4,Meghalaya,state_17,East Jaintia Hills,district_657,17592,983
4,Meghalaya,state_17,West Jaintia Hills,district_275,15407,951
4,Meghalaya,state_17,Ri Bhoi,district_276,15101,3012
4,Meghalaya,state_17,South West Garo Hills,district_663,14457,3646
4,Meghalaya,state_17,West Khasi Hills,district_279,12989,1040
4,Meghalaya,state_17,South West Khasi Hills,district_658,12796,1769
4,Meghalaya,state_17,West Garo Hills,district_278,12344,3164
4,Meghalaya,state_17,Eastern West Khasi Hills,district_740,11658,1368
4,Meghalaya,state_17,South Garo Hills,district_277,9356,2507
4,Meghalaya,state_17,East Garo Hills,district_273,6008,1360
1,Mizoram,state_15,Kolasib,district_263,1996,238
1,Mizoram,state_15,Aizawl,district_261,1871,463
1,Mizoram,state_15,Champhai,district_262,1373,258
1,Mizoram,state_15,Siaha,district_267,1168,83
1,Mizoram,state_15,Lawngtlai,district_264,1092,57
1,Mizoram,state_15,Mamit,district_266,1057,104
1,Mizoram,state_15,Lunglei,district_265,845,241
1,Mizoram,state_15,Serchhip,district_268,571,289
1,Mizoram,state_15,Saitual,district_727,485,98
1,Mizoram,state_15,Khawzawl,district_728,401,92
1,Mizoram,state_15,Hnahthial,district_726,145,35
2,Mizoram,state_15,Champhai,district_262,5415,141
2,Mizoram,state_15,Aizawl,district_261,3137,332
2,Mizoram,state_15,Lawngtlai,district_264,1849,1
2,Mizoram,state_15,Kolasib,district_263,1786,59
2,Mizoram,state_15,Serchhip,district_268,1572,140
2,Mizoram,state_15,Siaha,district_267,1280,44
2,Mizoram,state_15,Lunglei,district_265,1218,95
2,Mizoram,state_15,Mamit,district_266,474,26
2,Mizoram,state_15,Hnahthial,district_726,89,23
3,Mizoram,state_15,Champhai,district_262,2501,338
3,Mizoram,state_15,Serchhip,district_268,1219,231
3,Mizoram,state_15,Aizawl,district_261,1041,313
3,Mizoram,state_15,Kolasib,district_263,628,183
3,Mizoram,state_15,Lawngtlai,district_264,558,28
3,Mizoram,state_15,Siaha,district_267,497,57
3,Mizoram,state_15,Lunglei,district_265,442,121
3,Mizoram,state_15,Mamit,district_266,321,39
3,Mizoram,state_15,Hnahthial,district_726,111,14
3,Mizoram,state_15,Khawzawl,district_728,64,9
3,Mizoram,state_15,Saitual,district_727,40,10
4,Mizoram,state_15,Aizawl,district_261,1232,307
4,Mizoram,state_15,Champhai,district_262,1022,119
4,Mizoram,state_15,Saitual,district_727,906,84
4,Mizoram,state_15,Kolasib,district_263,851,190
4,Mizoram,state_15,Serchhip,district_268,718,211
4,Mizoram,state_15,Lawngtlai,district_264,661,110
4,Mizoram,state_15,Siaha,district_267,521,87
4,Mizoram,state_15,Khawzawl,district_728,473,85
4,Mizoram,state_15,Lunglei,district_265,454,113
4,Mizoram,state_15,Mamit,district_266,268,46
4,Mizoram,state_15,Hnahthial,district_726,79,17
5,Odisha,state_21,Jajapur,district_356,328024,92811
5,Odisha,state_21,Kendujhar,district_361,286182,67998
5,Odisha,state_21,Mayurbhanj,district_365,270708,77834
5,Odisha,state_21,Baleshwar,district_346,264049,91131
5,Odisha,state_21,Balangir,district_345,261145,66447
5,Odisha,state_21,Anugul,district_344,260730,65269
5,Odisha,state_21,Ganjam,district_354,240919,46809
5,Odisha,state_21,Malkangiri,district_364,197332,30475
5,Odisha,state_21,Dhenkanal,district_352,180629,38165
5,Odisha,state_21,Cuttack,district_350,174372,47035
5,Odisha,state_21,Puri,district_369,150717,43977
5,Odisha,state_21,Bhadrak,district_348,138135,39913
5,Odisha,state_21,Kandhamal,district_359,120667,29294
5,Odisha,state_21,Gajapati,district_353,117262,26381
5,Odisha,state_21,Nayagarh,district_367,106416,27823
5,Odisha,state_21,Khordha,district_362,105373,21723
5,Odisha,state_21,Sambalpur,district_371,102036,22786
5,Odisha,state_21,Kalahandi,district_358,97977,28938
5,Odisha,state_21,Sundargarh,district_373,97140,21331
5,Odisha,state_21,Kendrapara,district_360,64957,24305
5,Odisha,state_21,Jagatsinghapur,district_355,63616,24215
5,Odisha,state_21,Nuapada,district_368,62505,15509
5,Odisha,state_21,Bargarh,district_347,54987,17217
5,Odisha,state_21,Rayagada,district_370,51118,8996
5,Odisha,state_21,Deogarh,district_351,41662,10476
5,Odisha,state_21,Nabarangpur,district_366,41173,9880
5,Odisha,state_21,Koraput,district_363,39298,9186
5,Odisha,state_21,Jharsuguda,district_357,37408,8013
5,Odisha,state_21,Sonepur,district_372,33549,8933
5,Odisha,state_21,Boudh,district_349,25261,5171
5,Puducherry,ut_34,Puducherry,district_600,31077,7534
5,Puducherry,ut_34,Karaikal,district_598,14379,3264
5,Puducherry,ut_34,Yanam,,181,23
5,Puducherry,ut_34,Mahe,,4,3
5,Punjab,state_3,Ludhiana,district_36,391014,47799
5,Punjab,state_3,Sangrur,district_43,347123,81992
5,Punjab,state_3,Patiala,district_41,316962,84016
5,Punjab,state_3,Amritsar,district_27,313517,49634
5,Punjab,state_3,Gurdaspur,district_32,254367,53595
5,Punjab,state_3,Bathinda,district_28,253516,52850
5,Punjab,state_3,Jalandhar,district_34,251408,30013
5,Punjab,state_3,Fazilka,district_651,244391,57775
5,Punjab,state_3,Hoshiarpur,district_33,229454,48571
5,Punjab,state_3,Mansa,district_37,220995,44118
5,Punjab,state_3,Moga,district_38,216181,36754
5,Punjab,state_3,Tarn Taran,district_609,214867,35553
5,Punjab,state_3,Ferozepur,district_31,188497,37425
5,Punjab,state_3,Sri Muktsar Sahib,district_39,170780,39058
5,Punjab,state_3,Fatehgarh Sahib,district_30,157607,26161
5,Punjab,state_3,Barnala,district_605,138873,31641
5,Punjab,state_3,Rupnagar,district_42,133717,28658
5,Punjab,state_3,Shahid Bhagat Singh Nagar,district_40,128585,22300
5,Punjab,state_3,Kapurthala,district_35,128233,18520
5,Punjab,state_3,Faridkot,district_29,127175,23677
5,Punjab,state_3,S.A.S Nagar,district_608,117884,18890
5,Punjab,state_3,Malerkotla,district_737,100343,25043
5,Punjab,state_3,Pathankot,district_662,80053,24105
5,Tamil Nadu,state_33,Tiruvannamalai,district_593,633252,176862
5,Tamil Nadu,state_33,Salem,district_584,580977,183942
5,Tamil Nadu,state_33,Viluppuram,district_596,443088,111434
5,Tamil Nadu,state_33,Dharmapuri,district_571,342411,95133
5,Tamil Nadu,state_33,Pudukkottai,district_582,317101,71055
5,Tamil Nadu,state_33,Tiruchirappalli,district_591,314393,86344
5,Tamil Nadu,state_33,Krishnagiri,district_577,312077,71457
5,Tamil Nadu,state_33,Erode,district_573,303170,70140
5,Tamil Nadu,state_33,Namakkal,district_580,298873,90740
5,Tamil Nadu,state_33,Kallakurichi,district_729,298804,86759
5,Tamil Nadu,state_33,Dindigul,district_572,293973,75189
5,Tamil Nadu,state_33,Tiruppur,district_634,286030,70524
5,Tamil Nadu,state_33,Thanjavur,district_586,273124,72565
5,Tamil Nadu,state_33,Thiruvallur,district_589,272718,54049
5,Tamil Nadu,state_33,Cuddalore,district_570,267285,67998
5,Tamil Nadu,state_33,Chengalpattu,district_730,233320,54292
5,Tamil Nadu,state_33,Coimbatore,district_569,228644,52669
5,Tamil Nadu,state_33,Sivaganga,district_585,212937,57966
5,Tamil Nadu,state_33,Madurai,district_578,209450,68169
5,Tamil Nadu,state_33,Kancheepuram,district_574,187549,41667
5,Tamil Nadu,state_33,Thiruvarur,district_590,182404,50642
5,Tamil Nadu,state_33,Virudhunagar,district_597,174199,57505
5,Tamil Nadu,state_33,Karur,district_576,173716,32061
5,Tamil Nadu,state_33,Tirunelveli,district_592,165602,39280
5,Tamil Nadu,state_33,Vellore,district_595,158741,44830
5,Tamil Nadu,state_33,Ranipet,district_731,155783,45746
5,Tamil Nadu,state_33,Ariyalur,district_610,151196,46959
5,Tamil Nadu,state_33,Tenkasi,district_733,112521,28357
5,Tamil Nadu,state_33,Perambalur,district_581,112436,32103
5,Tamil Nadu,state_33,Thoothukkudi,district_594,108588,22076
5,Tamil Nadu,state_33,Theni,district_588,102552,18402
5,Tamil Nadu,state_33,Tirupathur,district_732,99271,25173
5,Tamil Nadu,state_33,Nagapattinam,district_579,98281,24158
5,Tamil Nadu,state_33,Mayiladuthurai,district_735,94599,19801
5,Tamil Nadu,state_33,Ramanathapuram,district_583,70765,29930
5,Tamil Nadu,state_33,Kanniyakumari,district_575,58349,16042
5,Tamil Nadu,state_33,Chennai,district_568,29179,3934
5,Tamil Nadu,state_33,The Nilgiris,district_587,22299,4975
6,Tamil Nadu,state_33,Tiruvannamalai,district_593,133541,82911
6,Tamil Nadu,state_33,Salem,district_584,98362,74902
6,Tamil Nadu,state_33,Dindigul,district_572,94044,60560
6,Tamil Nadu,state_33,Kallakurichi,district_729,78856,63264
6,Tamil Nadu,state_33,Tiruchirappalli,district_591,69752,48556
6,Tamil Nadu,state_33,Viluppuram,district_596,64980,34440
6,Tamil Nadu,state_33,Dharmapuri,district_571,53719,35396
6,Tamil Nadu,state_33,Sivaganga,district_585,45584,31224
6,Tamil Nadu,state_33,Perambalur,district_581,44870,30675
6,Tamil Nadu,state_33,Erode,district_573,42053,25709
6,Tamil Nadu,state_33,Madurai,district_578,32110,26082
6,Tamil Nadu,state_33,Cuddalore,district_570,30064,17033
6,Tamil Nadu,state_33,Krishnagiri,district_577,28220,18143
6,Tamil Nadu,state_33,Coimbatore,district_569,19953,12613
6,Tamil Nadu,state_33,Thoothukkudi,district_594,19799,9122
6,Tamil Nadu,state_33,Thanjavur,district_586,18828,10546
6,Tamil Nadu,state_33,Virudhunagar,district_597,14762,10065
6,Tamil Nadu,state_33,Pudukkottai,district_582,13278,7325
6,Tamil Nadu,state_33,Theni,district_588,12696,2461
6,Tamil Nadu,state_33,Thiruvarur,district_590,10934,8425
6,Tamil Nadu,state_33,Thiruvallur,district_589,7914,3547
6,Tamil Nadu,state_33,Chengalpattu,district_730,7518,2325
6,Tamil Nadu,state_33,Namakkal,district_580,6995,6980
6,Tamil Nadu,state_33,Tirupathur,district_732,6222,2216
6,Tamil Nadu,state_33,Karur,district_576,5810,1088
6,Tamil Nadu,state_33,Chennai,district_568,4593,437
6,Tamil Nadu,state_33,Mayiladuthurai,district_735,4076,2230
6,Tamil Nadu,state_33,Kancheepuram,district_574,3558,700
6,Tamil Nadu,state_33,Ariyalur,district_610,3186,2666
6,Tamil Nadu,state_33,Kanniyakumari,district_575,3130,2318
6,Tamil Nadu,state_33,Ranipet,district_731,2606,705
6,Tamil Nadu,state_33,Tirunelveli,district_592,2605,1030
6,Tamil Nadu,state_33,Nagapattinam,district_579,2418,984
6,Tamil Nadu,state_33,Tenkasi,district_733,2002,1143
6,Tamil Nadu,state_33,Ramanathapuram,district_583,1751,1899
6,Tamil Nadu,state_33,The Nilgiris,district_587,1215,276
6,Tamil Nadu,state_33,Vellore,district_595,46,53
6,Tamil Nadu,state_33,Tiruppur,district_634,4,12
5,Telangana,state_36,Nalgonda,district_514,293414,69331
5,Telangana,state_36,Khammam,district_509,291743,78857
5,Telangana,state_36,Adilabad,district_501,272629,35536
5,Telangana,state_36,Kumuram Bheem Asifabad,district_699,255396,35913
5,Telangana,state_36,Bhadradri Kothagudem,district_690,241154,37102
5,Telangana,state_36,Ranga Reddy,district_518,230059,25477
5,Telangana,state_36,Mancherial,district_684,222311,32250
5,Telangana,state_36,Nizamabad,district_516,217663,32928
5,Telangana,state_36,Nirmal,district_680,196046,30104
5,Telangana,state_36,Nagarkurnool,district_694,192596,22390
5,Telangana,state_36,Suryapet,district_696,164343,42045
5,Telangana,state_36,Vikarabad,district_698,163112,24639
5,Telangana,state_36,Mahabubabad,district_688,161863,37605
5,Telangana,state_36,Yadadri Bhuvanagiri,district_697,147653,23319
5,Telangana,state_36,Sangareddy,district_691,143415,18369
5,Telangana,state_36,Mahabubnagar,district_512,136156,14891
5,Telangana,state_36,Siddipet,district_692,130950,28568
5,Telangana,state_36,Kamareddy,district_685,127550,19935
5,Telangana,state_36,Medak,district_513,122443,18395
5,Telangana,state_36,Warangal,district_522,122231,26314
5,Telangana,state_36,Jangoan,district_689,117914,22480
5,Telangana,state_36,Jagitial,district_681,104925,28468
5,Telangana,state_36,Peddapalli,district_682,101128,25590
5,Telangana,state_36,Mulugu,district_720,100550,14578
5,Telangana,state_36,Wanaparthy,district_693,100389,12085
5,Telangana,state_36,Jogulamba Gadwal,district_695,90738,18956
5,Telangana,state_36,Karimnagar,district_508,87557,18217
5,Telangana,state_36,Rajanna Sircilla,district_683,81210,20586
5,Telangana,state_36,Hanumakonda,district_686,79246,14160
5,Telangana,state_36,Jayashankar Bhupalapally,district_687,77622,20403
5,Telangana,state_36,Narayanpet,district_721,70678,13306
5,Telangana,state_36,Medchal Malkajgiri,district_700,57822,4095
5,Telangana,state_36,Hyderabad,district_507,23608,546
5,Tripura,state_16,South Tripura,district_271,1358,416
5,Tripura,state_16,North Tripura,district_270,1116,323
5,Tripura,state_16,West Tripura,district_272,782,524
5,Tripura,state_16,Gomati,district_654,471,224
5,Tripura,state_16,Unakoti,district_655,147,53
5,Tripura,state_16,Khowai,district_652,94,72
5,Tripura,state_16,Dhalai,district_269,9,9
5,Tripura,state_16,Sepahijala,district_653,4,2
5,Uttarakhand,state_5,Haridwar,district_50,207234,76250
5,Uttarakhand,state_5,Udam Singh Nagar,district_56,190604,58716
5,Uttarakhand,state_5,Almora,district_45,176102,55976
5,Uttarakhand,state_5,Dehradun,district_49,172540,43681
5,Uttarakhand,state_5,Nainital,district_51,166853,55599
5,Uttarakhand,state_5,Pauri Garhwal,district_52,139709,44383
5,Uttarakhand,state_5,Chamoli,district_47,122587,38247
5,Uttarakhand,state_5,Pithoragarh,district_53,117810,44585
5,Uttarakhand,state_5,Rudra Prayag,district_54,85282,27983
5,Uttarakhand,state_5,Bageshwar,district_46,79700,30860
5,Uttarakhand,state_5,Tehri Garhwal,district_55,76768,32262
5,Uttarakhand,state_5,Uttar Kashi,district_57,76243,26064
5,Uttarakhand,state_5,Champawat,district_48,75559,20994
5,West Bengal,state_19,Paschim Medinipur,district_318,1083785,343791
5,West Bengal,state_19,Purba Bardhaman,district_306,823070,210581
5,West Bengal,state_19,Bankura,district_305,790598,208142
5,West Bengal,state_19,Birbhum,district_307,754557,231278
5,West Bengal,state_19,Murshidabad,district_319,746534,302140
5,West Bengal,state_19,Malda,district_316,732228,343997
5,West Bengal,state_19,South 24 Parganas,district_304,703103,328899
5,West Bengal,state_19,Purba Medinipur,district_317,605715,238003
5,West Bengal,state_19,Uttar Dinajpur,district_311,549760,220690
5,West Bengal,state_19,Cooch Behar,district_308,501768,169685
5,West Bengal,state_19,Purulia,district_321,485556,102242
5,West Bengal,state_19,Nadia,district_320,483217,181478
5,West Bengal,state_19,Hooghly,district_312,467948,171975
5,West Bengal,state_19,Jhargram,district_703,294667,78053
5,West Bengal,state_19,Alipurduar,district_664,251939,74058
5,West Bengal,state_19,Dakshin Dinajpur,district_310,214270,91327
5,West Bengal,state_19,North 24 Parganas,district_303,209754,70133
5,West Bengal,state_19,Paschim Bardhaman,district_704,129433,24354
5,West Bengal,state_19,Howrah,district_313,94921,31011
5,West Bengal,state_19,Jalpaiguri,district_314,92194,31246
5,West Bengal,state_19,Darjeeling,district_309,65721,30838
5,West Bengal,state_19,Kalimpong,district_702,415,191
1,Tamil Nadu,state_33,Tiruvannamalai,district_593,641467,203546
1,Tamil Nadu,state_33,Salem,district_584,584820,195542
1,Tamil Nadu,state_33,Viluppuram,district_596,443483,123950
1,Tamil Nadu,state_33,Krishnagiri,district_577,373349,95951
1,Tamil Nadu,state_33,Erode,district_573,348023,102571
1,Tamil Nadu,state_33,Dharmapuri,district_571,347102,114725
1,Tamil Nadu,state_33,Kallakurichi,district_729,334761,119006
1,Tamil Nadu,state_33,Pudukkottai,district_582,325140,79512
1,Tamil Nadu,state_33,Tiruchirappalli,district_591,304045,93731
1,Tamil Nadu,state_33,Namakkal,district_580,297878,101183
1,Tamil Nadu,state_33,Cuddalore,district_570,295351,83342
1,Tamil Nadu,state_33,Dindigul,district_572,294861,90060
1,Tamil Nadu,state_33,Thanjavur,district_586,288904,79154
1,Tamil Nadu,state_33,Vellore,district_595,280139,64730
1,Tamil Nadu,state_33,Thiruvallur,district_589,278782,60745
1,Tamil Nadu,state_33,Tiruppur,district_634,278428,70369
1,Tamil Nadu,state_33,Coimbatore,district_569,242419,69049
1,Tamil Nadu,state_33,Chengalpattu,district_730,234321,64247
1,Tamil Nadu,state_33,Madurai,district_578,216772,79829
1,Tamil Nadu,state_33,Sivaganga,district_585,205972,59810
1,Tamil Nadu,state_33,Kancheepuram,district_574,189254,50402
1,Tamil Nadu,state_33,Virudhunagar,district_597,187692,65620
1,Tamil Nadu,state_33,Ranipet,district_731,185018,62798
1,Tamil Nadu,state_33,Karur,district_576,175968,39853
1,Tamil Nadu,state_33,Tirunelveli,district_592,173762,51666
1,Tamil Nadu,state_33,Thiruvarur,district_590,169199,48927
1,Tamil Nadu,state_33,Ariyalur,district_610,150832,50540
1,Tamil Nadu,state_33,Perambalur,district_581,120748,32027
1,Tamil Nadu,state_33,Thoothukkudi,district_594,117732,26617
1,Tamil Nadu,state_33,Mayiladuthurai,district_735,116281,26427
1,Tamil Nadu,state_33,Tenkasi,district_733,113327,35604
1,Tamil Nadu,state_33,Nagapattinam,district_579,110915,29691
1,Tamil Nadu,state_33,Theni,district_588,101422,28120
1,Tamil Nadu,state_33,Ramanathapuram,district_583,66447,32294
1,Tamil Nadu,state_33,Kanniyakumari,district_575,57800,19356
1,Tamil Nadu,state_33,Chennai,district_568,30100,4295
1,Tamil Nadu,state_33,The Nilgiris,district_587,28651,7843
1,Tamil Nadu,state_33,Tirupathur,district_732,26635,8601
2,Tamil Nadu,state_33,Tiruvannamalai,district_593,640296,200173
2,Tamil Nadu,state_33,Salem,district_584,597735,201677
2,Tamil Nadu,state_33,Viluppuram,district_596,446665,124363
2,Tamil Nadu,state_33,Krishnagiri,district_577,364840,86250
2,Tamil Nadu,state_33,Dharmapuri,district_571,345672,101114
2,Tamil Nadu,state_33,Kallakurichi,district_729,337269,114960
2,Tamil Nadu,state_33,Erode,district_573,334881,91008
2,Tamil Nadu,state_33,Pudukkottai,district_582,324861,82990
2,Tamil Nadu,state_33,Tiruchirappalli,district_591,322758,96899
2,Tamil Nadu,state_33,Cuddalore,district_570,310953,80810
2,Tamil Nadu,state_33,Namakkal,district_580,297919,100037
2,Tamil Nadu,state_33,Tiruppur,district_634,296607,75243
2,Tamil Nadu,state_33,Thiruvallur,district_589,295191,61979
2,Tamil Nadu,state_33,Dindigul,district_572,291726,87346
2,Tamil Nadu,state_33,Thanjavur,district_586,279703,79794
2,Tamil Nadu,state_33,Coimbatore,district_569,232679,69638
2,Tamil Nadu,state_33,Chengalpattu,district_730,232291,62657
2,Tamil Nadu,state_33,Madurai,district_578,217786,79776
2,Tamil Nadu,state_33,Sivaganga,district_585,212798,62429
2,Tamil Nadu,state_33,Vellore,district_595,203886,58082
2,Tamil Nadu,state_33,Kancheepuram,district_574,191257,48895
2,Tamil Nadu,state_33,Virudhunagar,district_597,188489,67404
2,Tamil Nadu,state_33,Ranipet,district_731,181407,60146
2,Tamil Nadu,state_33,Thiruvarur,district_590,178459,49694
2,Tamil Nadu,state_33,Karur,district_576,176471,42648
2,Tamil Nadu,state_33,Tirunelveli,district_592,171408,46054
2,Tamil Nadu,state_33,Ariyalur,district_610,146816,51353
2,Tamil Nadu,state_33,Perambalur,district_581,120395,36699
2,Tamil Nadu,state_33,Mayiladuthurai,district_735,111704,25489
2,Tamil Nadu,state_33,Nagapattinam,district_579,108819,28214
2,Tamil Nadu,state_33,Tenkasi,district_733,108564,30859
2,Tamil Nadu,state_33,Thoothukkudi,district_594,108341,25580
2,Tamil Nadu,state_33,Tirupathur,district_732,105698,28367
2,Tamil Nadu,state_33,Theni,district_588,101765,21989
2,Tamil Nadu,state_33,Ramanathapuram,district_583,69396,31090
2,Tamil Nadu,state_33,Kanniyakumari,district_575,58675,19116
2,Tamil Nadu,state_33,Chennai,district_568,29954,4395
2,Tamil Nadu,state_33,The Nilgiris,district_587,28271,8338
3,Tamil Nadu,state_33,Tiruvannamalai,district_593,634844,192406
3,Tamil Nadu,state_33,Salem,district_584,599345,203532
3,Tamil Nadu,state_33,Viluppuram,district_596,453307,127109
3,Tamil Nadu,state_33,Krishnagiri,district_577,348931,89618
3,Tamil Nadu,state_33,Erode,district_573,348257,91076
3,Tamil Nadu,state_33,Dharmapuri,district_571,345523,104739
3,Tamil Nadu,state_33,Kallakurichi,district_729,323031,108057
3,Tamil Nadu,state_33,Tiruchirappalli,district_591,312068,98105
3,Tamil Nadu,state_33,Pudukkottai,district_582,308449,81120
3,Tamil Nadu,state_33,Namakkal,district_580,302405,101647
3,Tamil Nadu,state_33,Dindigul,district_572,294299,85777
3,Tamil Nadu,state_33,Cuddalore,district_570,288762,80496
3,Tamil Nadu,state_33,Tiruppur,district_634,285899,73082
3,Tamil Nadu,state_33,Thiruvallur,district_589,279872,62147
3,Tamil Nadu,state_33,Thanjavur,district_586,274712,82275
3,Tamil Nadu,state_33,Coimbatore,district_569,234332,68059
3,Tamil Nadu,state_33,Chengalpattu,district_730,224998,60027
3,Tamil Nadu,state_33,Sivaganga,district_585,217439,63128
3,Tamil Nadu,state_33,Madurai,district_578,210221,76236
3,Tamil Nadu,state_33,Kancheepuram,district_574,190582,47723
3,Tamil Nadu,state_33,Thiruvarur,district_590,182556,55753
3,Tamil Nadu,state_33,Vellore,district_595,181259,57279
3,Tamil Nadu,state_33,Karur,district_576,174493,44664
3,Tamil Nadu,state_33,Tirunelveli,district_592,172930,44326
3,Tamil Nadu,state_33,Virudhunagar,district_597,170949,62379
3,Tamil Nadu,state_33,Ranipet,district_731,162363,54204
3,Tamil Nadu,state_33,Ariyalur,district_610,146943,54413
3,Tamil Nadu,state_33,Perambalur,district_581,123329,40081
3,Tamil Nadu,state_33,Tenkasi,district_733,115311,32684
3,Tamil Nadu,state_33,Thoothukkudi,district_594,112079,26097
3,Tamil Nadu,state_33,Tirupathur,district_732,107054,29286
3,Tamil Nadu,state_33,Theni,district_588,101900,23108
3,Tamil Nadu,state_33,Nagapattinam,district_579,97465,26930
3,Tamil Nadu,state_33,Mayiladuthurai,district_735,88956,22688
3,Tamil Nadu,state_33,Ramanathapuram,district_583,68980,31159
3,Tamil Nadu,state_33,Kanniyakumari,district_575,58676,18815
3,Tamil Nadu,state_33,Chennai,district_568,29885,4418
3,Tamil Nadu,state_33,The Nilgiris,district_587,28327,8311
4,Tamil Nadu,state_33,Tiruvannamalai,district_593,618555,171424
4,Tamil Nadu,state_33,Salem,district_584,539836,179872
4,Tamil Nadu,state_33,Viluppuram,district_596,411912,106963
4,Tamil Nadu,state_33,Dharmapuri,district_571,335907,96962
4,Tamil Nadu,state_33,Pudukkottai,district_582,318666,74847
4,Tamil Nadu,state_33,Tiruchirappalli,district_591,318570,89589
4,Tamil Nadu,state_33,Krishnagiri,district_577,299110,69164
4,Tamil Nadu,state_33,Namakkal,district_580,289665,91258
4,Tamil Nadu,state_33,Dindigul,district_572,288107,77710
4,Tamil Nadu,state_33,Tiruppur,district_634,288002,73158
4,Tamil Nadu,state_33,Cuddalore,district_570,278814,72791
4,Tamil Nadu,state_33,Thiruvallur,district_589,276322,56798
4,Tamil Nadu,state_33,Kallakurichi,district_729,275175,83172
4,Tamil Nadu,state_33,Thanjavur,district_586,271424,72389
4,Tamil Nadu,state_33,Erode,district_573,242070,59577
4,Tamil Nadu,state_33,Chengalpattu,district_730,228012,57248
4,Tamil Nadu,state_33,Coimbatore,district_569,224956,55046
4,Tamil Nadu,state_33,Sivaganga,district_585,210760,58788
4,Tamil Nadu,state_33,Madurai,district_578,207382,72541
4,Tamil Nadu,state_33,Kancheepuram,district_574,188572,42860
4,Tamil Nadu,state_33,Ranipet,district_731,182697,55652
4,Tamil Nadu,state_33,Vellore,district_595,179799,52975
4,Tamil Nadu,state_33,Thiruvarur,district_590,176968,51605
4,Tamil Nadu,state_33,Virudhunagar,district_597,174144,62013
4,Tamil Nadu,state_33,Karur,district_576,171452,33525
4,Tamil Nadu,state_33,Tirunelveli,district_592,164000,39758
4,Tamil Nadu,state_33,Ariyalur,district_610,144658,47742
4,Tamil Nadu,state_33,Thoothukkudi,district_594,111486,23629
4,Tamil Nadu,state_33,Perambalur,district_581,109558,32325
4,Tamil Nadu,state_33,Tenkasi,district_733,108054,28957
4,Tamil Nadu,state_33,Theni,district_588,98259,20590
4,Tamil Nadu,state_33,Nagapattinam,district_579,96934,23268
4,Tamil Nadu,state_33,Tirupathur,district_732,94512,23448
4,Tamil Nadu,state_33,Mayiladuthurai,district_735,88044,18354
4,Tamil Nadu,state_33,Ramanathapuram,district_583,69858,30337
4,Tamil Nadu,state_33,Kanniyakumari,district_575,58228,17382
4,Tamil Nadu,state_33,Chennai,district_568,29819,3904
4,Tamil Nadu,state_33,The Nilgiris,district_587,23125,6976
1,Telangana,state_36,Nalgonda,district_514,398376,99854
1,Telangana,state_36,Khammam,district_509,341649,126588
1,Telangana,state_36,Ranga Reddy,district_518,296166,42771
1,Telangana,state_36,Nagarkurnool,district_694,290857,40843
1,Telangana,state_36,Adilabad,district_501,283780,39699
1,Telangana,state_36,Bhadradri Kothagudem,district_690,276124,51770
1,Telangana,state_36,Nizamabad,district_516,256532,46314
1,Telangana,state_36,Mahabubabad,district_688,241029,60526
1,Telangana,state_36,Kamareddy,district_685,233374,43270
1,Telangana,state_36,Nirmal,district_680,226957,38445
1,Telangana,state_36,Mancherial,district_684,214980,34329
1,Telangana,state_36,Suryapet,district_696,214692,63845
1,Telangana,state_36,Kumuram Bheem Asifabad,district_699,207082,31483
1,Telangana,state_36,Sangareddy,district_691,203678,33406
1,Telangana,state_36,Vikarabad,district_698,195474,34332
1,Telangana,state_36,Siddipet,district_692,194919,54046
1,Telangana,state_36,Hanumakonda,district_686,193935,24597
1,Telangana,state_36,Medak,district_513,184221,35369
1,Telangana,state_36,Yadadri Bhuvanagiri,district_697,182970,35238
1,Telangana,state_36,Jangoan,district_689,166512,34088
1,Telangana,state_36,Mahabubnagar,district_512,157721,22803
1,Telangana,state_36,Warangal,district_522,147623,37749
1,Telangana,state_36,Jagitial,district_681,136433,41507
1,Telangana,state_36,Wanaparthy,district_693,126158,17807
1,Telangana,state_36,Karimnagar,district_508,114107,34090
1,Telangana,state_36,Peddapalli,district_682,107022,27072
1,Telangana,state_36,Jogulamba Gadwal,district_695,99056,23174
1,Telangana,state_36,Rajanna Sircilla,district_683,85839,24745
1,Telangana,state_36,Mulugu,district_720,85162,14358
1,Telangana,state_36,Jayashankar Bhupalapally,district_687,79861,25755
1,Telangana,state_36,Medchal Malkajgiri,district_700,73157,6634
1,Telangana,state_36,Narayanpet,district_721,71494,15905
1,Telangana,state_36,Hyderabad,district_507,34411,1015
2,Telangana,state_36,Nalgonda,district_514,399629,105538
2,Telangana,state_36,Khammam,district_509,335559,120069
2,Telangana,state_36,Ranga Reddy,district_518,328087,41812
2,Telangana,state_36,Bhadradri Kothagudem,district_690,321178,56552
2,Telangana,state_36,Adilabad,district_501,304335,42768
2,Telangana,state_36,Nizamabad,district_516,271194,49331
2,Telangana,state_36,Nagarkurnool,district_694,264787,39750
2,Telangana,state_36,Nirmal,district_680,255966,43834
2,Telangana,state_36,Mancherial,district_684,240847,37402
2,Telangana,state_36,Kumuram Bheem Asifabad,district_699,238082,35801
2,Telangana,state_36,Suryapet,district_696,236758,72028
2,Telangana,state_36,Sangareddy,district_691,234248,33627
2,Telangana,state_36,Kamareddy,district_685,224964,43294
2,Telangana,state_36,Mahabubabad,district_688,214764,51289
2,Telangana,state_36,Vikarabad,district_698,212277,38071
2,Telangana,state_36,Yadadri Bhuvanagiri,district_697,198291,36592
2,Telangana,state_36,Siddipet,district_692,191782,49435
2,Telangana,state_36,Medak,district_513,171382,34763
2,Telangana,state_36,Mahabubnagar,district_512,167644,22952
2,Telangana,state_36,Jangoan,district_689,153685,32518
2,Telangana,state_36,Jagitial,district_681,140539,41010
2,Telangana,state_36,Warangal,district_522,129555,34305
2,Telangana,state_36,Wanaparthy,district_693,117221,17273
2,Telangana,state_36,Peddapalli,district_682,114320,29898
2,Telangana,state_36,Karimnagar,district_508,108160,28606
2,Telangana,state_36,Hanumakonda,district_686,103874,24706
2,Telangana,state_36,Mulugu,district_720,101709,15655
2,Telangana,state_36,Jogulamba Gadwal,district_695,94026,23841
2,Telangana,state_36,Jayashankar Bhupalapally,district_687,93994,26850
2,Telangana,state_36,Rajanna Sircilla,district_683,89217,24227
2,Telangana,state_36,Narayanpet,district_721,85566,20406
2,Telangana,state_36,Medchal Malkajgiri,district_700,70268,6687
2,Telangana,state_36,Hyderabad,district_507,35386,994
3,Telangana,state_36,Nalgonda,district_514,249067,60626
3,Telangana,state_36,Nizamabad,district_516,238594,37123
3,Telangana,state_36,Ranga Reddy,district_518,208065,23862
3,Telangana,state_36,Khammam,district_509,195093,57526
3,Telangana,state_36,Adilabad,district_501,176855,24893
3,Telangana,state_36,Nagarkurnool,district_694,176472,21038
3,Telangana,state_36,Mancherial,district_684,164395,23689
3,Telangana,state_36,Vikarabad,district_698,160819,23489
3,Telangana,state_36,Mahabubabad,district_688,159432,34716
3,Telangana,state_36,Sangareddy,district_691,140479,19167
3,Telangana,state_36,Nirmal,district_680,130632,20649
3,Telangana,state_36,Bhadradri Kothagudem,district_690,108235,17694
3,Telangana,state_36,Medak,district_513,100168,16476
3,Telangana,state_36,Wanaparthy,district_693,96224,12408
3,Telangana,state_36,Jangoan,district_689,88109,16423
3,Telangana,state_36,Kamareddy,district_685,88105,14838
3,Telangana,state_36,Mahabubnagar,district_512,86683,9636
3,Telangana,state_36,Kumuram Bheem Asifabad,district_699,78184,10672
3,Telangana,state_36,Peddapalli,district_682,76260,18674
3,Telangana,state_36,Rajanna Sircilla,district_683,73891,18162
3,Telangana,state_36,Siddipet,district_692,71344,16860
3,Telangana,state_36,Mulugu,district_720,70385,8269
3,Telangana,state_36,Jogulamba Gadwal,district_695,69474,16172
3,Telangana,state_36,Jagitial,district_681,63481,17502
3,Telangana,state_36,Hanumakonda,district_686,61345,11432
3,Telangana,state_36,Warangal,district_522,60995,13239
3,Telangana,state_36,Karimnagar,district_508,49589,11098
3,Telangana,state_36,Medchal Malkajgiri,district_700,49286,4283
3,Telangana,state_36,Jayashankar Bhupalapally,district_687,46389,11815
3,Telangana,state_36,Suryapet,district_696,38889,11915
3,Telangana,state_36,Yadadri Bhuvanagiri,district_697,27971,4968
3,Telangana,state_36,Narayanpet,district_721,26993,5465
3,Telangana,state_36,Hyderabad,district_507,19691,497
4,Telangana,state_36,Nalgonda,district_514,332414,78588
4,Telangana,state_36,Bhadradri Kothagudem,district_690,278540,43390
4,Telangana,state_36,Kumuram Bheem Asifabad,district_699,267250,37620
4,Telangana,state_36,Adilabad,district_501,255334,33376
4,Telangana,state_36,Ranga Reddy,district_518,245419,27178
4,Telangana,state_36,Nizamabad,district_516,241947,36378
4,Telangana,state_36,Khammam,district_509,227198,58330
4,Telangana,state_36,Nirmal,district_680,213770,33273
4,Telangana,state_36,Mancherial,district_684,211314,31176
4,Telangana,state_36,Nagarkurnool,district_694,193086,22927
4,Telangana,state_36,Suryapet,district_696,187634,47282
4,Telangana,state_36,Vikarabad,district_698,170601,25279
4,Telangana,state_36,Mahabubabad,district_688,165300,35325
4,Telangana,state_36,Yadadri Bhuvanagiri,district_697,162096,26082
4,Telangana,state_36,Sangareddy,district_691,152269,18886
4,Telangana,state_36,Siddipet,district_692,146697,31059
4,Telangana,state_36,Medak,district_513,136358,20036
4,Telangana,state_36,Warangal,district_522,132455,28578
4,Telangana,state_36,Mahabubnagar,district_512,131743,14135
4,Telangana,state_36,Kamareddy,district_685,131572,21381
4,Telangana,state_36,Jangoan,district_689,126372,24414
4,Telangana,state_36,Jagitial,district_681,104185,27486
4,Telangana,state_36,Peddapalli,district_682,101298,25790
4,Telangana,state_36,Mulugu,district_720,101203,15383
4,Telangana,state_36,Jogulamba Gadwal,district_695,95540,19874
4,Telangana,state_36,Wanaparthy,district_693,91955,10478
4,Telangana,state_36,Hanumakonda,district_686,85422,15400
4,Telangana,state_36,Karimnagar,district_508,84862,18038
4,Telangana,state_36,Rajanna Sircilla,district_683,82738,20409
4,Telangana,state_36,Jayashankar Bhupalapally,district_687,77992,19929
4,Telangana,state_36,Narayanpet,district_721,66309,13406
4,Telangana,state_36,Medchal Malkajgiri,district_700,62264,4506
4,Telangana,state_36,Hyderabad,district_507,27607,781
1,Tripura,state_16,South Tripura,district_271,134827,20873
1,Tripura,state_16,Gomati,district_654,95071,4629
1,Tripura,state_16,Sepahijala,district_653,71563,8654
1,Tripura,state_16,North Tripura,district_270,70587,1963
1,Tripura,state_16,Dhalai,district_269,69030,5716
1,Tripura,state_16,West Tripura,district_272,61316,6581
1,Tripura,state_16,Khowai,district_652,53263,4291
1,Tripura,state_16,Unakoti,district_655,27231,6732
2,Tripura,state_16,South Tripura,district_271,117700,21525
2,Tripura,state_16,Sepahijala,district_653,111500,13528
2,Tripura,state_16,Dhalai,district_269,90495,12488
2,Tripura,state_16,Gomati,district_654,82955,6995
2,Tripura,state_16,North Tripura,district_270,64360,7294
2,Tripura,state_16,West Tripura,district_272,63506,14312
2,Tripura,state_16,Khowai,district_652,58087,8309
2,Tripura,state_16,Unakoti,district_655,56447,3564
3,Tripura,state_16,North Tripura,district_270,23685,9409
3,Tripura,state_16,South Tripura,district_271,17888,8202
3,Tripura,state_16,Gomati,district_654,13717,5036
3,Tripura,state_16,Unakoti,district_655,11341,4958
3,Tripura,state_16,Dhalai,district_269,6613,2505
3,Tripura,state_16,Sepahijala,district_653,6539,2468
3,Tripura,state_16,West Tripura,district_272,4537,2517
3,Tripura,state_16,Khowai,district_652,665,245
4,Tripura,state_16,Gomati,district_654,23730,8223
4,Tripura,state_16,South Tripura,district_271,21614,10138
4,Tripura,state_16,Dhalai,district_269,17134,7276
4,Tripura,state_16,Unakoti,district_655,14472,6207
4,Tripura,state_16,Khowai,district_652,10467,4088
4,Tripura,state_16,Sepahijala,district_653,9684,3798
4,Tripura,state_16,North Tripura,district_270,8248,3485
4,Tripura,state_16,West Tripura,district_272,5669,2556
1,Uttarakhand,state_5,Haridwar,district_50,282878,84627
1,Uttarakhand,state_5,Udam Singh Nagar,district_56,260836,66191
1,Uttarakhand,state_5,Pauri Garhwal,district_52,190409,54543
1,Uttarakhand,state_5,Nainital,district_51,190164,48145
1,Uttarakhand,state_5,Dehradun,district_49,188566,39826
1,Uttarakhand,state_5,Almora,district_45,164775,54073
1,Uttarakhand,state_5,Pithoragarh,district_53,140605,43765
1,Uttarakhand,state_5,Chamoli,district_47,131865,25258
1,Uttarakhand,state_5,Tehri Garhwal,district_55,130511,44896
1,Uttarakhand,state_5,Uttar Kashi,district_57,105637,32041
1,Uttarakhand,state_5,Bageshwar,district_46,80799,31303
1,Uttarakhand,state_5,Rudra Prayag,district_54,80227,30108
1,Uttarakhand,state_5,Champawat,district_48,76297,23786
2,Uttarakhand,state_5,Udam Singh Nagar,district_56,342327,48472
2,Uttarakhand,state_5,Haridwar,district_50,276903,31817
2,Uttarakhand,state_5,Almora,district_45,258997,41935
2,Uttarakhand,state_5,Nainital,district_51,235924,27408
2,Uttarakhand,state_5,Dehradun,district_49,208022,20258
2,Uttarakhand,state_5,Pauri Garhwal,district_52,206815,16437
2,Uttarakhand,state_5,Chamoli,district_47,166634,27301
2,Uttarakhand,state_5,Pithoragarh,district_53,155167,30322
2,Uttarakhand,state_5,Tehri Garhwal,district_55,148662,34927
2,Uttarakhand,state_5,Uttar Kashi,district_57,128561,14888
2,Uttarakhand,state_5,Rudra Prayag,district_54,126428,19556
2,Uttarakhand,state_5,Bageshwar,district_46,124751,19573
2,Uttarakhand,state_5,Champawat,district_48,74581,19361
3,Uttarakhand,state_5,Udam Singh Nagar,district_56,208298,69917
3,Uttarakhand,state_5,Haridwar,district_50,187937,74599
3,Uttarakhand,state_5,Nainital,district_51,144514,56916
3,Uttarakhand,state_5,Chamoli,district_47,126098,40229
3,Uttarakhand,state_5,Almora,district_45,124226,57024
3,Uttarakhand,state_5,Dehradun,district_49,121541,36036
3,Uttarakhand,state_5,Pauri Garhwal,district_52,120859,42126
3,Uttarakhand,state_5,Pithoragarh,district_53,94638,38991
3,Uttarakhand,state_5,Tehri Garhwal,district_55,86284,37350
3,Uttarakhand,state_5,Uttar Kashi,district_57,72171,26278
3,Uttarakhand,state_5,Bageshwar,district_46,64201,29535
3,Uttarakhand,state_5,Rudra Prayag,district_54,63470,26441
3,Uttarakhand,state_5,Champawat,district_48,43670,17471
4,Uttarakhand,state_5,Haridwar,district_50,264298,92068
4,Uttarakhand,state_5,Udam Singh Nagar,district_56,198003,60392
4,Uttarakhand,state_5,Dehradun,district_49,196657,51208
4,Uttarakhand,state_5,Almora,district_45,195311,63662
4,Uttarakhand,state_5,Nainital,district_51,181470,58191
4,Uttarakhand,state_5,Pauri Garhwal,district_52,151029,47545
4,Uttarakhand,state_5,Chamoli,district_47,144768,41145
4,Uttarakhand,state_5,Pithoragarh,district_53,113121,41577
4,Uttarakhand,state_5,Bageshwar,district_46,94200,33452
4,Uttarakhand,state_5,Rudra Prayag,district_54,89301,28910
4,Uttarakhand,state_5,Uttar Kashi,district_57,86743,29140
4,Uttarakhand,state_5,Champawat,district_48,83519,22632
4,Uttarakhand,state_5,Tehri Garhwal,district_55,81868,34626
1,Nagaland,state_13,Peren,district_613,7093,6327
1,Nagaland,state_13,Longleng,district_615,3950,616
1,Nagaland,state_13,Chumoukedima,district_758,3878,3658
1,Nagaland,state_13,Zunheboto,district_251,3854,481
1,Nagaland,state_13,Kohima,district_245,3422,411
1,Nagaland,state_13,Dimapur,district_244,3344,2885
1,Nagaland,state_13,Mon,district_247,2160,527
1,Nagaland,state_13,Phek,district_248,1674,439
1,Nagaland,state_13,Mokokchung,district_246,1179,247
1,Nagaland,state_13,Wokha,district_250,925,354
1,Nagaland,state_13,Kiphire,district_614,727,341
1,Nagaland,state_13,Tuensang,district_249,600,149
1,Nagaland,state_13,Tseminyu,district_757,511,105
1,Nagaland,state_13,Niuland,district_764,171,171
1,Nagaland,state_13,Noklak,district_736,114,64
2,Nagaland,state_13,Dimapur,district_244,15740,698
2,Nagaland,state_13,Peren,district_613,13390,361
2,Nagaland,state_13,Mon,district_247,6331,1150
2,Nagaland,state_13,Kohima,district_245,6220,388
2,Nagaland,state_13,Zunheboto,district_251,6120,85
2,Nagaland,state_13,Longleng,district_615,6093,657
2,Nagaland,state_13,Chumoukedima,district_758,3072,1737
2,Nagaland,state_13,Phek,district_248,2891,131
2,Nagaland,state_13,Mokokchung,district_246,1808,228
2,Nagaland,state_13,Wokha,district_250,1627,83
2,Nagaland,state_13,Kiphire,district_614,1343,43
2,Nagaland,state_13,Tuensang,district_249,1200,48
2,Nagaland,state_13,Tseminyu,district_757,542,103
2,Nagaland,state_13,Niuland,district_764,90,23
3,Nagaland,state_13,Chumoukedima,district_758,9109,3971
3,Nagaland,state_13,Peren,district_613,8313,4642
3,Nagaland,state_13,Dimapur,district_244,7102,2432
3,Nagaland,state_13,Mon,district_247,6128,4446
3,Nagaland,state_13,Longleng,district_615,5665,851
3,Nagaland,state_13,Zunheboto,district_251,5607,678
3,Nagaland,state_13,Kohima,district_245,5101,523
3,Nagaland,state_13,Phek,district_248,3055,693
3,Nagaland,state_13,Wokha,district_250,1755,256
3,Nagaland,state_13,Mokokchung,district_246,1695,387
3,Nagaland,state_13,Tseminyu,district_757,1152,178
3,Nagaland,state_13,Kiphire,district_614,1151,434
3,Nagaland,state_13,Niuland,district_764,933,232
3,Nagaland,state_13,Tuensang,district_249,562,230
3,Nagaland,state_13,Noklak,district_736,168,53
4,Nagaland,state_13,Peren,district_613,9159,4786
4,Nagaland,state_13,Chumoukedima,district_758,8096,3911
4,Nagaland,state_13,Dimapur,district_244,7636,3123
4,Nagaland,state_13,Mon,district_247,5799,3835
4,Nagaland,state_13,Longleng,district_615,5613,884
4,Nagaland,state_13,Kohima,district_245,5605,537
4,Nagaland,state_13,Zunheboto,district_251,5409,735
4,Nagaland,state_13,Phek,district_248,1911,422
4,Nagaland,state_13,Wokha,district_250,1508,345
4,Nagaland,state_13,Mokokchung,district_246,1423,289
4,Nagaland,state_13,Tseminyu,district_757,1142,187
4,Nagaland,state_13,Kiphire,district_614,943,253
4,Nagaland,state_13,Niuland,district_764,679,162
4,Nagaland,state_13,Tuensang,district_249,558,214
4,Nagaland,state_13,Noklak,district_736,109,32
1,Odisha,state_21,Mayurbhanj,district_365,604666,181538
1,Odisha,state_21,Kendujhar,district_361,527297,139063
1,Odisha,state_21,Baleshwar,district_346,501092,171758
1,Odisha,state_21,Cuttack,district_350,472496,136666
1,Odisha,state_21,Sundargarh,district_373,451281,103732
1,Odisha,state_21,Ganjam,district_354,448729,93286
1,Odisha,state_21,Koraput,district_363,441460,96409
1,Odisha,state_21,Jajapur,district_356,388417,122266
1,Odisha,state_21,Bhadrak,district_348,370281,120390
1,Odisha,state_21,Anugul,district_344,358804,86723
1,Odisha,state_21,Dhenkanal,district_352,357468,91047
1,Odisha,state_21,Nabarangpur,district_366,325248,89598
1,Odisha,state_21,Balangir,district_345,305164,81983
1,Odisha,state_21,Kandhamal,district_359,298551,67243
1,Odisha,state_21,Malkangiri,district_364,298163,45869
1,Odisha,state_21,Puri,district_369,287620,84037
1,Odisha,state_21,Kalahandi,district_358,271580,74268
1,Odisha,state_21,Kendrapara,district_360,257791,98894
1,Odisha,state_21,Rayagada,district_370,247515,43587
1,Odisha,state_21,Khordha,district_362,233983,58727
1,Odisha,state_21,Sambalpur,district_371,230558,54589
1,Odisha,state_21,Bargarh,district_347,207554,76990
1,Odisha,state_21,Nayagarh,district_367,182759,56501
1,Odisha,state_21,Jagatsinghapur,district_355,175364,62661
1,Odisha,state_21,Nuapada,district_368,159810,41618
1,Odisha,state_21,Gajapati,district_353,146308,34504
1,Odisha,state_21,Boudh,district_349,127436,32511
1,Odisha,state_21,Deogarh,district_351,126112,24711
1,Odisha,state_21,Sonepur,district_372,92165,27720
1,Odisha,state_21,Jharsuguda,district_357,88098,19606
2,Odisha,state_21,Mayurbhanj,district_365,633030,187893
2,Odisha,state_21,Kendujhar,district_361,587457,120994
2,Odisha,state_21,Baleshwar,district_346,557875,177601
2,Odisha,state_21,Cuttack,district_350,530020,117244
2,Odisha,state_21,Jajapur,district_356,473156,84380
2,Odisha,state_21,Ganjam,district_354,461870,100665
2,Odisha,state_21,Sundargarh,district_373,456429,95138
2,Odisha,state_21,Koraput,district_363,447763,97551
2,Odisha,state_21,Bhadrak,district_348,380347,115288
2,Odisha,state_21,Dhenkanal,district_352,363040,87850
2,Odisha,state_21,Nabarangpur,district_366,348970,87701
2,Odisha,state_21,Puri,district_369,343125,87288
2,Odisha,state_21,Anugul,district_344,337086,77197
2,Odisha,state_21,Balangir,district_345,329831,92072
2,Odisha,state_21,Malkangiri,district_364,324203,48904
2,Odisha,state_21,Kendrapara,district_360,304060,73519
2,Odisha,state_21,Kandhamal,district_359,300360,68168
2,Odisha,state_21,Khordha,district_362,276697,51782
2,Odisha,state_21,Kalahandi,district_358,266498,82834
2,Odisha,state_21,Rayagada,district_370,256480,45398
2,Odisha,state_21,Sambalpur,district_371,247886,48285
2,Odisha,state_21,Nayagarh,district_367,212809,48111
2,Odisha,state_21,Jagatsinghapur,district_355,210582,66063
2,Odisha,state_21,Bargarh,district_347,195427,69587
2,Odisha,state_21,Nuapada,district_368,166299,45904
2,Odisha,state_21,Gajapati,district_353,150287,33235
2,Odisha,state_21,Deogarh,district_351,127765,26699
2,Odisha,state_21,Boudh,district_349,118344,29808
2,Odisha,state_21,Jharsuguda,district_357,97839,22035
2,Odisha,state_21,Sonepur,district_372,96953,23257
3,Odisha,state_21,Koraput,district_363,442414,94883
3,Odisha,state_21,Ganjam,district_354,431297,96201
3,Odisha,state_21,Mayurbhanj,district_365,423942,132781
3,Odisha,state_21,Cuttack,district_350,394347,120169
3,Odisha,state_21,Baleshwar,district_346,394186,147648
3,Odisha,state_21,Anugul,district_344,342842,86662
3,Odisha,state_21,Kendujhar,district_361,334688,89034
3,Odisha,state_21,Bhadrak,district_348,307241,104048
3,Odisha,state_21,Sundargarh,district_373,304987,69359
3,Odisha,state_21,Jajapur,district_356,269934,82060
3,Odisha,state_21,Dhenkanal,district_352,247111,65468
3,Odisha,state_21,Rayagada,district_370,238473,42313
3,Odisha,state_21,Malkangiri,district_364,229804,39894
3,Odisha,state_21,Nabarangpur,district_366,228000,64797
3,Odisha,state_21,Kendrapara,district_360,227575,82697
3,Odisha,state_21,Kalahandi,district_358,221845,70016
3,Odisha,state_21,Balangir,district_345,204886,62471
3,Odisha,state_21,Puri,district_369,203954,64499
3,Odisha,state_21,Kandhamal,district_359,201937,48850
3,Odisha,state_21,Jagatsinghapur,district_355,178598,73135
3,Odisha,state_21,Nayagarh,district_367,166319,49130
3,Odisha,state_21,Nuapada,district_368,163015,45065
3,Odisha,state_21,Sambalpur,district_371,160533,38572
3,Odisha,state_21,Khordha,district_362,158572,39410
3,Odisha,state_21,Bargarh,district_347,146067,54007
3,Odisha,state_21,Gajapati,district_353,132186,32035
3,Odisha,state_21,Boudh,district_349,79741,20535
3,Odisha,state_21,Sonepur,district_372,68007,22114
3,Odisha,state_21,Jharsuguda,district_357,52441,13333
3,Odisha,state_21,Deogarh,district_351,46201,12571
4,Odisha,state_21,Mayurbhanj,district_365,529557,149479
4,Odisha,state_21,Koraput,district_363,440776,89000
4,Odisha,state_21,Ganjam,district_354,430808,86779
4,Odisha,state_21,Baleshwar,district_346,428379,146592
4,Odisha,state_21,Kendujhar,district_361,417314,98186
4,Odisha,state_21,Cuttack,district_350,409603,107850
4,Odisha,state_21,Jajapur,district_356,352021,96999
4,Odisha,state_21,Anugul,district_344,337291,78022
4,Odisha,state_21,Sundargarh,district_373,336905,71932
4,Odisha,state_21,Balangir,district_345,297472,77214
4,Odisha,state_21,Bhadrak,district_348,278857,82905
4,Odisha,state_21,Puri,district_369,275413,76866
4,Odisha,state_21,Nabarangpur,district_366,269671,72353
4,Odisha,state_21,Malkangiri,district_364,262675,42141
4,Odisha,state_21,Dhenkanal,district_352,261483,61263
4,Odisha,state_21,Kandhamal,district_359,258863,59355
4,Odisha,state_21,Rayagada,district_370,246331,40655
4,Odisha,state_21,Kalahandi,district_358,237301,69821
4,Odisha,state_21,Kendrapara,district_360,223663,74748
4,Odisha,state_21,Khordha,district_362,186391,39159
4,Odisha,state_21,Jagatsinghapur,district_355,178386,63057
4,Odisha,state_21,Sambalpur,district_371,170933,37935
4,Odisha,state_21,Nuapada,district_368,162868,42584
4,Odisha,state_21,Nayagarh,district_367,161560,42777
4,Odisha,state_21,Bargarh,district_347,136361,40175
4,Odisha,state_21,Gajapati,district_353,129148,28684
4,Odisha,state_21,Boudh,district_349,114805,26215
4,Odisha,state_21,Jharsuguda,district_357,75955,17080
4,Odisha,state_21,Sonepur,district_372,71038,19412
4,Odisha,state_21,Deogarh,district_351,58784,14960
1,Puducherry,ut_34,Puducherry,district_600,42866,11587
1,Puducherry,ut_34,Karaikal,district_598,15991,3723
1,Puducherry,ut_34,Yanam,,1952,459
1,Puducherry,ut_34,Mahe,,236,60
2,Puducherry,ut_34,Puducherry,district_600,40084,1924
2,Puducherry,ut_34,Karaikal,district_598,20664,2796
2,Puducherry,ut_34,Yanam,,1570,334
2,Puducherry,ut_34,Mahe,,239,62
3,Puducherry,ut_34,Puducherry,district_600,15127,4640
3,Puducherry,ut_34,Karaikal,district_598,11451,2809
3,Puducherry,ut_34,Yanam,,5,4
4,Puducherry,ut_34,Puducherry,district_600,29893,7374
4,Puducherry,ut_34,Karaikal,district_598,12243,2835
1,Punjab,state_3,Patiala,district_41,99082,36028
1,Punjab,state_3,Jalandhar,district_34,98185,12777
1,Punjab,state_3,Ludhiana,district_36,76505,12264
1,Punjab,state_3,Kapurthala,district_35,68703,11022
1,Punjab,state_3,Gurdaspur,district_32,61562,18286
1,Punjab,state_3,Amritsar,district_27,57258,11165
1,Punjab,state_3,Barnala,district_605,51224,19224
1,Punjab,state_3,Rupnagar,district_42,49609,14314
1,Punjab,state_3,Faridkot,district_29,48576,11355
1,Punjab,state_3,Hoshiarpur,district_33,47772,13002
1,Punjab,state_3,Moga,district_38,43295,11797
1,Punjab,state_3,Mansa,district_37,40861,12536
1,Punjab,state_3,Fatehgarh Sahib,district_30,39229,8815
1,Punjab,state_3,Sangrur,district_43,38448,13970
1,Punjab,state_3,Bathinda,district_28,36773,9907
1,Punjab,state_3,S.A.S Nagar,district_608,34834,7853
1,Punjab,state_3,Fazilka,district_651,28310,8533
1,Punjab,state_3,Shahid Bhagat Singh Nagar,district_40,24783,6584
1,Punjab,state_3,Sri Muktsar Sahib,district_39,23620,9743
1,Punjab,state_3,Tarn Taran,district_609,15371,3994
1,Punjab,state_3,Malerkotla,district_737,13866,3939
1,Punjab,state_3,Pathankot,district_662,6969,2757
1,Punjab,state_3,Ferozepur,district_31,5714,2446
2,Punjab,state_3,Ludhiana,district_36,539137,71118
2,Punjab,state_3,Sangrur,district_43,444078,108198
2,Punjab,state_3,Amritsar,district_27,412442,68304
2,Punjab,state_3,Patiala,district_41,410876,122580
2,Punjab,state_3,Bathinda,district_28,396148,73807
2,Punjab,state_3,Gurdaspur,district_32,394338,78049
2,Punjab,state_3,Jalandhar,district_34,362417,41797
2,Punjab,state_3,Tarn Taran,district_609,357874,44365
2,Punjab,state_3,Fazilka,district_651,328199,72154
2,Punjab,state_3,Mansa,district_37,315711,58965
2,Punjab,state_3,Hoshiarpur,district_33,313306,53416
2,Punjab,state_3,Moga,district_38,272962,49896
2,Punjab,state_3,Ferozepur,district_31,269258,43736
2,Punjab,state_3,Sri Muktsar Sahib,district_39,263991,54005
2,Punjab,state_3,Barnala,district_605,215568,51473
2,Punjab,state_3,Fatehgarh Sahib,district_30,190262,30207
2,Punjab,state_3,Rupnagar,district_42,186300,34404
2,Punjab,state_3,Faridkot,district_29,163804,34292
2,Punjab,state_3,Kapurthala,district_35,161005,23752
2,Punjab,state_3,S.A.S Nagar,district_608,156063,24631
2,Punjab,state_3,Shahid Bhagat Singh Nagar,district_40,135941,25472
2,Punjab,state_3,Malerkotla,district_737,123222,30301
2,Punjab,state_3,Pathankot,district_662,96380,28034
3,Punjab,state_3,Ludhiana,district_36,474129,62091
3,Punjab,state_3,Sangrur,district_43,316524,74108
3,Punjab,state_3,Gurdaspur,district_32,316341,67725
3,Punjab,state_3,Patiala,district_41,308275,83278
3,Punjab,state_3,Amritsar,district_27,300596,47406
3,Punjab,state_3,Bathinda,district_28,299587,60815
3,Punjab,state_3,Jalandhar,district_34,267451,32818
3,Punjab,state_3,Fazilka,district_651,242171,56627
3,Punjab,state_3,Moga,district_38,233920,40680
3,Punjab,state_3,Mansa,district_37,219213,44808
3,Punjab,state_3,Tarn Taran,district_609,203169,33315
3,Punjab,state_3,Hoshiarpur,district_33,197326,43015
3,Punjab,state_3,Ferozepur,district_31,189223,37171
3,Punjab,state_3,Sri Muktsar Sahib,district_39,177248,40167
3,Punjab,state_3,Rupnagar,district_42,147626,32444
3,Punjab,state_3,Fatehgarh Sahib,district_30,146208,24479
3,Punjab,state_3,Kapurthala,district_35,144300,21683
3,Punjab,state_3,S.A.S Nagar,district_608,133801,22201
3,Punjab,state_3,Faridkot,district_29,125741,24198
3,Punjab,state_3,Barnala,district_605,119843,29189
3,Punjab,state_3,Shahid Bhagat Singh Nagar,district_40,119739,21020
3,Punjab,state_3,Malerkotla,district_737,109263,26644
3,Punjab,state_3,Pathankot,district_662,79915,23953
4,Punjab,state_3,Ludhiana,district_36,432573,52352
4,Punjab,state_3,Amritsar,district_27,325759,50617
4,Punjab,state_3,Sangrur,district_43,311436,69021
4,Punjab,state_3,Gurdaspur,district_32,296508,62632
4,Punjab,state_3,Jalandhar,district_34,268403,32523
4,Punjab,state_3,Fazilka,district_651,261184,60078
4,Punjab,state_3,Bathinda,district_28,260461,52050
4,Punjab,state_3,Patiala,district_41,240523,60214
4,Punjab,state_3,Moga,district_38,214531,36377
4,Punjab,state_3,Tarn Taran,district_609,203199,32624
4,Punjab,state_3,Mansa,district_37,189954,37502
4,Punjab,state_3,Ferozepur,district_31,185602,35502
4,Punjab,state_3,Hoshiarpur,district_33,165885,33830
4,Punjab,state_3,Sri Muktsar Sahib,district_39,163927,37434
4,Punjab,state_3,Fatehgarh Sahib,district_30,150653,23946
4,Punjab,state_3,Barnala,district_605,135997,29986
4,Punjab,state_3,Kapurthala,district_35,132072,19986
4,Punjab,state_3,Shahid Bhagat Singh Nagar,district_40,128589,22419
4,Punjab,state_3,Rupnagar,district_42,125928,26047
4,Punjab,state_3,S.A.S Nagar,district_608,119858,19504
4,Punjab,state_3,Faridkot,district_29,118622,21762
4,Punjab,state_3,Malerkotla,district_737,100739,24392
4,Punjab,state_3,Pathankot,district_662,79344,23062
1,Rajasthan,state_8,Jaipur,district_102,641129,144255
1,Rajasthan,state_8,Alwar,district_87,314662,107611
1,Rajasthan,state_8,Hanumangarh,district_101,309809,97941
1,Rajasthan,state_8,Ganganagar,district_100,207460,65649
1,Rajasthan,state_8,Churu,district_96,192035,60203
1,Rajasthan,state_8,Jodhpur,district_107,188249,47794
1,Rajasthan,state_8,Sikar,district_114,179043,52646
1,Rajasthan,state_8,Nagaur,district_110,154811,58678
1,Rajasthan,state_8,Ajmer,district_86,152793,41795
1,Rajasthan,state_8,Jhunjhunu,district_106,140730,58392
1,Rajasthan,state_8,Tonk,district_116,135062,39729
1,Rajasthan,state_8,Bikaner,district_93,130280,23288
1,Rajasthan,state_8,Pali,district_111,125483,28666
1,Rajasthan,state_8,Karauli,district_108,113931,42808
1,Rajasthan,state_8,Rajsamand,district_112,96043,31376
1,Rajasthan,state_8,Dausa,district_97,93937,40212
1,Rajasthan,state_8,Barmer,district_90,74372,26235
1,Rajasthan,state_8,Jaisalmer,district_103,58454,13665
1,Rajasthan,state_8,Sirohi,district_115,603,182
1,Rajasthan,state_8,Bharatpur,district_91,554,455
1,Rajasthan,state_8,Bhilwara,district_92,327,231
1,Rajasthan,state_8,Udaipur,district_117,312,235
1,Rajasthan,state_8,Chittorgarh,district_95,177,153
1,Rajasthan,state_8,Sawai Madhopur,district_113,144,116
1,Rajasthan,state_8,Bundi,district_94,83,74
1,Rajasthan,state_8,Dholpur,district_98,82,49
1,Rajasthan,state_8,Jalore,district_104,63,40
1,Rajasthan,state_8,Banswara,district_88,60,46
1,Rajasthan,state_8,Kota,district_109,57,43
1,Rajasthan,state_8,Baran,district_89,55,40
1,Rajasthan,state_8,Dungarpur,district_99,46,32
1,Rajasthan,state_8,Jhalawar,district_105,40,24
1,Rajasthan,state_8,Pratapgarh,district_629,40,37
2,Rajasthan,state_8,Jaipur,district_102,1669719,205633
2,Rajasthan,state_8,Alwar,district_87,1147007,207615
2,Rajasthan,state_8,Bikaner,district_93,1124763,64784
2,Rajasthan,state_8,Jodhpur,district_107,1114810,122672
2,Rajasthan,state_8,Nagaur,district_110,990746,110096
2,Rajasthan,state_8,Udaipur,district_117,990124,108829
2,Rajasthan,state_8,Bhilwara,district_92,960169,70005
2,Rajasthan,state_8,Banswara,district_88,871329,83559
2,Rajasthan,state_8,Dungarpur,district_99,861182,144057
2,Rajasthan,state_8,Ajmer,district_86,843529,85738
2,Rajasthan,state_8,Sikar,district_114,832322,97690
2,Rajasthan,state_8,Bharatpur,district_91,815288,145054
2,Rajasthan,state_8,Barmer,district_90,760287,37920
2,Rajasthan,state_8,Ganganagar,district_100,746941,103917
2,Rajasthan,state_8,Jalore,district_104,732584,64598
2,Rajasthan,state_8,Hanumangarh,district_101,711268,132015
2,Rajasthan,state_8,Tonk,district_116,664877,86072
2,Rajasthan,state_8,Pali,district_111,661120,63916
2,Rajasthan,state_8,Jhunjhunu,district_106,608020,100428
2,Rajasthan,state_8,Churu,district_96,581322,90933
2,Rajasthan,state_8,Dausa,district_97,532355,120570
2,Rajasthan,state_8,Jhalawar,district_105,493000,64338
2,Rajasthan,state_8,Bundi,district_94,475867,68998
2,Rajasthan,state_8,Karauli,district_108,472791,73606
2,Rajasthan,state_8,Pratapgarh,district_629,460428,46458
2,Rajasthan,state_8,Chittorgarh,district_95,428668,42068
2,Rajasthan,state_8,Kota,district_109,409356,47067
2,Rajasthan,state_8,Sawai Madhopur,district_113,402872,71587
2,Rajasthan,state_8,Jaisalmer,district_103,370415,17199
2,Rajasthan,state_8,Rajsamand,district_112,363076,50819
2,Rajasthan,state_8,Baran,district_89,344570,44940
2,Rajasthan,state_8,Sirohi,district_115,320052,25661
2,Rajasthan,state_8,Dholpur,district_98,242891,33556
3,Rajasthan,state_8,Jaipur,district_102,1121915,247054
3,Rajasthan,state_8,Alwar,district_87,850175,230675
3,Rajasthan,state_8,Nagaur,district_110,637722,136439
3,Rajasthan,state_8,Hanumangarh,district_101,579875,147364
3,Rajasthan,state_8,Churu,district_96,529815,143678
3,Rajasthan,state_8,Bikaner,district_93,507554,58503
3,Rajasthan,state_8,Udaipur,district_117,484285,114368
3,Rajasthan,state_8,Jodhpur,district_107,467655,97158
3,Rajasthan,state_8,Jalore,district_104,444856,80621
3,Rajasthan,state_8,Ganganagar,district_100,444807,95599
3,Rajasthan,state_8,Ajmer,district_86,439114,91432
3,Rajasthan,state_8,Pali,district_111,428308,79201
3,Rajasthan,state_8,Dausa,district_97,409493,129771
3,Rajasthan,state_8,Jhunjhunu,district_106,399823,104139
3,Rajasthan,state_8,Bharatpur,district_91,396733,147494
3,Rajasthan,state_8,Tonk,district_116,380888,100251
3,Rajasthan,state_8,Sikar,district_114,367514,84447
3,Rajasthan,state_8,Bhilwara,district_92,362325,80318
3,Rajasthan,state_8,Banswara,district_88,359742,111580
3,Rajasthan,state_8,Dungarpur,district_99,317098,127274
3,Rajasthan,state_8,Chittorgarh,district_95,291214,63319
3,Rajasthan,state_8,Bundi,district_94,254302,64014
3,Rajasthan,state_8,Barmer,district_90,225480,48583
3,Rajasthan,state_8,Karauli,district_108,225416,95360
3,Rajasthan,state_8,Sawai Madhopur,district_113,209777,73921
3,Rajasthan,state_8,Kota,district_109,199815,45934
3,Rajasthan,state_8,Jhalawar,district_105,187817,46550
3,Rajasthan,state_8,Rajsamand,district_112,176781,40178
3,Rajasthan,state_8,Baran,district_89,172912,40720
3,Rajasthan,state_8,Sirohi,district_115,149357,25065
3,Rajasthan,state_8,Pratapgarh,district_629,131821,32584
3,Rajasthan,state_8,Dholpur,district_98,85967,36076
3,Rajasthan,state_8,Jaisalmer,district_103,80110,11322
4,Rajasthan,state_8,Jaipur,district_102,1289304,244838
4,Rajasthan,state_8,Alwar,district_87,961598,238124
4,Rajasthan,state_8,Nagaur,district_110,650487,136723
4,Rajasthan,state_8,Jodhpur,district_107,637696,130395
4,Rajasthan,state_8,Bikaner,district_93,617664,71748
4,Rajasthan,state_8,Udaipur,district_117,585102,127941
4,Rajasthan,state_8,Hanumangarh,district_101,579517,140674
4,Rajasthan,state_8,Churu,district_96,557588,143505
4,Rajasthan,state_8,Bharatpur,district_91,536637,168668
4,Rajasthan,state_8,Bhilwara,district_92,473228,85921
4,Rajasthan,state_8,Ajmer,district_86,444509,85771
4,Rajasthan,state_8,Jalore,district_104,442309,72443
4,Rajasthan,state_8,Ganganagar,district_100,427732,87683
4,Rajasthan,state_8,Dausa,district_97,415559,122266
4,Rajasthan,state_8,Sikar,district_114,408708,86927
4,Rajasthan,state_8,Jhunjhunu,district_106,389503,95421
4,Rajasthan,state_8,Tonk,district_116,372500,88593
4,Rajasthan,state_8,Banswara,district_88,370989,109995
4,Rajasthan,state_8,Pali,district_111,366465,63891
4,Rajasthan,state_8,Bundi,district_94,355523,77231
4,Rajasthan,state_8,Karauli,district_108,347785,123970
4,Rajasthan,state_8,Dungarpur,district_99,341503,135072
4,Rajasthan,state_8,Chittorgarh,district_95,285039,60065
4,Rajasthan,state_8,Sawai Madhopur,district_113,263449,89820
4,Rajasthan,state_8,Sirohi,district_115,251519,36121
4,Rajasthan,state_8,Barmer,district_90,240626,49749
4,Rajasthan,state_8,Jhalawar,district_105,237548,60538
4,Rajasthan,state_8,Kota,district_109,197674,39047
4,Rajasthan,state_8,Pratapgarh,district_629,196963,45978
4,Rajasthan,state_8,Baran,district_89,177897,39492
4,Rajasthan,state_8,Dholpur,district_98,165027,57662
4,Rajasthan,state_8,Rajsamand,district_112,164868,35718
4,Rajasthan,state_8,Jaisalmer,district_103,57444,7970
1,Sikkim,state_11,Namchi,district_227,13900,2632
1,Sikkim,state_11,Pakyong,district_741,7080,3293
1,Sikkim,state_11,Gangtok,district_225,5569,2230
1,Sikkim,state_11,Mangan,district_226,5448,1429
1,Sikkim,state_11,Soreng,district_742,5104,1254
1,Sikkim,state_11,Gyalshing,district_228,4703,1155
2,Sikkim,state_11,Gangtok,district_225,21629,2437
2,Sikkim,state_11,Namchi,district_227,20677,2145
2,Sikkim,state_11,Soreng,district_742,18361,972
2,Sikkim,state_11,Mangan,district_226,7147,1520
2,Sikkim,state_11,Gyalshing,district_228,6101,3249
2,Sikkim,state_11,Pakyong,district_741,5003,3038
3,Sikkim,state_11,Gangtok,district_225,2669,1488
3,Sikkim,state_11,Namchi,district_227,2029,951
3,Sikkim,state_11,Gyalshing,district_228,1247,728
3,Sikkim,state_11,Pakyong,district_741,1155,685
3,Sikkim,state_11,Mangan,district_226,417,192
3,Sikkim,state_11,Soreng,district_742,135,74
4,Sikkim,state_11,Namchi,district_227,7364,3190
4,Sikkim,state_11,Pakyong,district_741,4193,2355
4,Sikkim,state_11,Gyalshing,district_228,1641,841
4,Sikkim,state_11,Mangan,district_226,1341,621
4,Sikkim,state_11,Soreng,district_742,771,230
4,Sikkim,state_11,Gangtok,district_225,405,202
1,Uttar Pradesh,state_9,Prayagraj,district_120,1354305,121772
1,Uttar Pradesh,state_9,Agra,district_118,1338307,157676
1,Uttar Pradesh,state_9,Bulandshahr,district_134,1265552,113493
1,Uttar Pradesh,state_9,Aligarh,district_119,1250810,260902
1,Uttar Pradesh,state_9,Hardoi,district_150,1172147,111001
1,Uttar Pradesh,state_9,Pratapgarh,district_174,1142863,88170
1,Uttar Pradesh,state_9,Sitapur,district_183,1110646,147417
1,Uttar Pradesh,state_9,Budaun,district_133,1067833,205341
1,Uttar Pradesh,state_9,Kheri,district_159,1045296,142907
1,Uttar Pradesh,state_9,Ghazipur,district_146,890002,118184
1,Uttar Pradesh,state_9,Bijnor,district_132,853115,140942
1,Uttar Pradesh,state_9,Bareilly,district_130,842446,130354
1,Uttar Pradesh,state_9,Firozabad,district_143,807203,131329
1,Uttar Pradesh,state_9,Fatehpur,district_142,799457,96259
1,Uttar Pradesh,state_9,Mirzapur,district_170,792163,74798
1,Uttar Pradesh,state_9,Mathura,district_167,790435,63686
1,Uttar Pradesh,state_9,Kanpur Dehat,district_156,780672,62743
1,Uttar Pradesh,state_9,Sambhal,district_659,779152,110847
1,Uttar Pradesh,state_9,Rae Bareli,district_175,737997,137678
1,Uttar Pradesh,state_9,Azamgarh,district_123,713377,118664
1,Uttar Pradesh,state_9,Sonbhadra,district_184,693666,85952
1,Uttar Pradesh,state_9,Ballia,district_126,682065,83032
1,Uttar Pradesh,state_9,Banda,district_128,679394,48587
1,Uttar Pradesh,state_9,Kannauj,district_155,660627,48044
1,Uttar Pradesh,state_9,Chandauli,district_135,658695,101916
1,Uttar Pradesh,state_9,Lalitpur,district_161,655385,25841
1,Uttar Pradesh,state_9,Jaunpur,district_152,633925,82657
1,Uttar Pradesh,state_9,Ayodhya,district_140,617877,80424
1,Uttar Pradesh,state_9,Kanpur Nagar,district_157,610072,64989
1,Uttar Pradesh,state_9,Bahraich,district_125,578055,106652
1,Uttar Pradesh,state_9,Mainpuri,district_166,568894,141533
1,Uttar Pradesh,state_9,Kasganj,district_633,561424,79008
1,Uttar Pradesh,state_9,Jalaun,district_151,558287,47163
1,Uttar Pradesh,state_9,Farrukhabad,district_141,553279,32323
1,Uttar Pradesh,state_9,Varanasi,district_187,547086,54861
1,Uttar Pradesh,state_9,Gorakhpur,district_148,536027,79181
1,Uttar Pradesh,state_9,Jhansi,district_153,529568,43341
1,Uttar Pradesh,state_9,Kaushambi,district_158,523563,27597
1,Uttar Pradesh,state_9,Hathras,district_163,514988,89039
1,Uttar Pradesh,state_9,Chitrakoot,district_136,509168,39153
1,Uttar Pradesh,state_9,Lucknow,district_162,487871,89416
1,Uttar Pradesh,state_9,Auraiya,district_122,487399,46468
1,Uttar Pradesh,state_9,Bara Banki,district_129,484626,115765
1,Uttar Pradesh,state_9,Etawah,district_139,484459,112459
1,Uttar Pradesh,state_9,Amethi,district_640,481962,56729
1,Uttar Pradesh,state_9,Sultanpur,district_185,481098,92745
1,Uttar Pradesh,state_9,Deoria,district_137,472775,91952
1,Uttar Pradesh,state_9,Etah,district_138,461583,90936
1,Uttar Pradesh,state_9,Baghpat,district_124,458359,103118
1,Uttar Pradesh,state_9,Unnao,district_186,456603,83982
1,Uttar Pradesh,state_9,Meerut,district_169,407538,94482
1,Uttar Pradesh,state_9,Rampur,district_176,394672,32352
1,Uttar Pradesh,state_9,Amroha,district_154,388009,118169
1,Uttar Pradesh,state_9,Muzaffarnagar,district_172,384035,123760
1,Uttar Pradesh,state_9,Balrampur,district_127,383487,33816
1,Uttar Pradesh,state_9,Hamirpur,district_149,377365,32129
1,Uttar Pradesh,state_9,Saharanpur,district_177,373343,88703
1,Uttar Pradesh,state_9,Bhadohi,district_179,366694,39487
1,Uttar Pradesh,state_9,Shamli,district_660,361616,40378
1,Uttar Pradesh,state_9,Hapur,district_661,349303,57340
1,Uttar Pradesh,state_9,Gautam Buddha Nagar,district_144,348454,31011
1,Uttar Pradesh,state_9,Kushinagar,district_160,328710,98884
1,Uttar Pradesh,state_9,Ghaziabad,district_145,315030,50545
1,Uttar Pradesh,state_9,Shahjahanpur,district_180,310121,70022
1,Uttar Pradesh,state_9,Gonda,district_147,302315,96723
1,Uttar Pradesh,state_9,Shrawasti,district_181,296236,18384
1,Uttar Pradesh,state_9,Ambedkar Nagar,district_121,281710,51471
1,Uttar Pradesh,state_9,Mahoba,district_165,274199,35478
1,Uttar Pradesh,state_9,Siddharthnagar,district_182,273045,31439
1,Uttar Pradesh,state_9,Pilibhit,district_173,272787,58661
1,Uttar Pradesh,state_9,Moradabad,district_171,256087,61742
1,Uttar Pradesh,state_9,Mahrajganj,district_164,253120,72352
1,Uttar Pradesh,state_9,Mau,district_168,236675,57921
1,Uttar Pradesh,state_9,Sant Kabir Nagar,district_178,227356,46737
1,Uttar Pradesh,state_9,Basti,district_131,226316,64969
2,Uttar Pradesh,state_9,Agra,district_118,1384508,120254
2,Uttar Pradesh,state_9,Budaun,district_133,1358510,121415
2,Uttar Pradesh,state_9,Prayagraj,district_120,1296895,65679
2,Uttar Pradesh,state_9,Pratapgarh,district_174,1173922,52329
2,Uttar Pradesh,state_9,Kheri,district_159,1167234,147870
2,Uttar Pradesh,state_9,Hardoi,district_150,1066930,47058
2,Uttar Pradesh,state_9,Bulandshahr,district_134,1043730,78460
2,Uttar Pradesh,state_9,Bijnor,district_132,1001636,84585
2,Uttar Pradesh,state_9,Sitapur,district_183,999411,32901
2,Uttar Pradesh,state_9,Aligarh,district_119,985824,153963
2,Uttar Pradesh,state_9,Jaunpur,district_152,967658,12417
2,Uttar Pradesh,state_9,Azamgarh,district_123,940052,45431
2,Uttar Pradesh,state_9,Ghazipur,district_146,903463,47273
2,Uttar Pradesh,state_9,Sambhal,district_659,886701,60467
2,Uttar Pradesh,state_9,Bareilly,district_130,852309,108222
2,Uttar Pradesh,state_9,Mathura,district_167,838616,64230
2,Uttar Pradesh,state_9,Unnao,district_186,836913,19908
2,Uttar Pradesh,state_9,Fatehpur,district_142,824750,48151
2,Uttar Pradesh,state_9,Firozabad,district_143,815912,44391
2,Uttar Pradesh,state_9,Rae Bareli,district_175,803294,60852
2,Uttar Pradesh,state_9,Shahjahanpur,district_180,784242,61399
2,Uttar Pradesh,state_9,Bara Banki,district_129,762873,85339
2,Uttar Pradesh,state_9,Amroha,district_154,758794,49734
2,Uttar Pradesh,state_9,Mainpuri,district_166,750312,66023
2,Uttar Pradesh,state_9,Kanpur Dehat,district_156,748732,36141
2,Uttar Pradesh,state_9,Saharanpur,district_177,740122,77110
2,Uttar Pradesh,state_9,Gonda,district_147,718236,39109
2,Uttar Pradesh,state_9,Meerut,district_169,691534,81714
2,Uttar Pradesh,state_9,Muzaffarnagar,district_172,679068,114139
2,Uttar Pradesh,state_9,Ballia,district_126,674449,24314
2,Uttar Pradesh,state_9,Chandauli,district_135,665126,49575
2,Uttar Pradesh,state_9,Bahraich,district_125,656454,19705
2,Uttar Pradesh,state_9,Mirzapur,district_170,648782,34033
2,Uttar Pradesh,state_9,Sonbhadra,district_184,622866,18763
2,Uttar Pradesh,state_9,Etah,district_138,618092,31600
2,Uttar Pradesh,state_9,Kasganj,district_633,615164,38937
2,Uttar Pradesh,state_9,Sultanpur,district_185,614931,50704
2,Uttar Pradesh,state_9,Kanpur Nagar,district_157,604211,78491
2,Uttar Pradesh,state_9,Banda,district_128,591566,12538
2,Uttar Pradesh,state_9,Moradabad,district_171,576628,63751
2,Uttar Pradesh,state_9,Kannauj,district_155,574837,16794
2,Uttar Pradesh,state_9,Amethi,district_640,573856,20027
2,Uttar Pradesh,state_9,Lalitpur,district_161,572967,18897
2,Uttar Pradesh,state_9,Lucknow,district_162,565863,68989
2,Uttar Pradesh,state_9,Ayodhya,district_140,557874,34260
2,Uttar Pradesh,state_9,Gorakhpur,district_148,550572,62441
2,Uttar Pradesh,state_9,Hathras,district_163,546576,91397
2,Uttar Pradesh,state_9,Ambedkar Nagar,district_121,518560,12818
2,Uttar Pradesh,state_9,Farrukhabad,district_141,500590,26340
2,Uttar Pradesh,state_9,Deoria,district_137,492871,53748
2,Uttar Pradesh,state_9,Kaushambi,district_158,486024,39288
2,Uttar Pradesh,state_9,Jalaun,district_151,481297,6632
2,Uttar Pradesh,state_9,Auraiya,district_122,465508,23819
2,Uttar Pradesh,state_9,Etawah,district_139,464595,44552
2,Uttar Pradesh,state_9,Jhansi,district_153,463165,7420
2,Uttar Pradesh,state_9,Rampur,district_176,461718,33761
2,Uttar Pradesh,state_9,Varanasi,district_187,453879,5062
2,Uttar Pradesh,state_9,Chitrakoot,district_136,449130,10335
2,Uttar Pradesh,state_9,Basti,district_131,440623,24818
2,Uttar Pradesh,state_9,Baghpat,district_124,417764,44163
2,Uttar Pradesh,state_9,Mau,district_168,379911,14478
2,Uttar Pradesh,state_9,Shamli,district_660,371472,37142
2,Uttar Pradesh,state_9,Gautam Buddha Nagar,district_144,360667,20114
2,Uttar Pradesh,state_9,Pilibhit,district_173,355939,48384
2,Uttar Pradesh,state_9,Hapur,district_661,348928,45147
2,Uttar Pradesh,state_9,Ghaziabad,district_145,341630,51724
2,Uttar Pradesh,state_9,Kushinagar,district_160,337118,77770
2,Uttar Pradesh,state_9,Bhadohi,district_179,303026,11784
2,Uttar Pradesh,state_9,Shrawasti,district_181,293504,10697
2,Uttar Pradesh,state_9,Siddharthnagar,district_182,283293,29606
2,Uttar Pradesh,state_9,Hamirpur,district_149,271044,6208
2,Uttar Pradesh,state_9,Mahrajganj,district_164,261302,33390
2,Uttar Pradesh,state_9,Mahoba,district_165,249451,9203
2,Uttar Pradesh,state_9,Sant Kabir Nagar,district_178,228925,32273
2,Uttar Pradesh,state_9,Balrampur,district_127,2435,898
2,Uttar Pradesh,state_9,Hathras,district_163,117,62
3,Uttar Pradesh,state_9,Aligarh,district_119,564836,129627
3,Uttar Pradesh,state_9,Meerut,district_169,448235,85999
3,Uttar Pradesh,state_9,Muzaffarnagar,district_172,444697,114357
3,Uttar Pradesh,state_9,Bulandshahr,district_134,413747,85325
3,Uttar Pradesh,state_9,Budaun,district_133,343029,105201
3,Uttar Pradesh,state_9,Bareilly,district_130,323661,67570
3,Uttar Pradesh,state_9,Kheri,district_159,323154,110984
3,Uttar Pradesh,state_9,Lucknow,district_162,299662,67490
3,Uttar Pradesh,state_9,Prayagraj,district_120,296289,100750
3,Uttar Pradesh,state_9,Agra,district_118,289501,79038
3,Uttar Pradesh,state_9,Hathras,district_163,279013,59925
3,Uttar Pradesh,state_9,Saharanpur,district_177,276279,74830
3,Uttar Pradesh,state_9,Bijnor,district_132,263151,67241
3,Uttar Pradesh,state_9,Bara Banki,district_129,258145,83874
3,Uttar Pradesh,state_9,Kanpur Nagar,district_157,240389,56484
3,Uttar Pradesh,state_9,Etah,district_138,227328,78492
3,Uttar Pradesh,state_9,Hardoi,district_150,222783,69984
3,Uttar Pradesh,state_9,Rae Bareli,district_175,214351,78408
3,Uttar Pradesh,state_9,Kanpur Dehat,district_156,211273,57656
3,Uttar Pradesh,state_9,Sambhal,district_659,210684,93761
3,Uttar Pradesh,state_9,Fatehpur,district_142,198307,70714
3,Uttar Pradesh,state_9,Firozabad,district_143,197515,63339
3,Uttar Pradesh,state_9,Amroha,district_154,190477,47316
3,Uttar Pradesh,state_9,Mirzapur,district_170,190111,54765
3,Uttar Pradesh,state_9,Ghaziabad,district_145,188010,53827
3,Uttar Pradesh,state_9,Baghpat,district_124,186520,101029
3,Uttar Pradesh,state_9,Sitapur,district_183,185836,65923
3,Uttar Pradesh,state_9,Shahjahanpur,district_180,184367,61885
3,Uttar Pradesh,state_9,Gorakhpur,district_148,183115,87860
3,Uttar Pradesh,state_9,Mathura,district_167,181322,44547
3,Uttar Pradesh,state_9,Ghazipur,district_146,180987,63515
3,Uttar Pradesh,state_9,Unnao,district_186,180062,55553
3,Uttar Pradesh,state_9,Moradabad,district_171,177310,62302
3,Uttar Pradesh,state_9,Sonbhadra,district_184,176596,44817
3,Uttar Pradesh,state_9,Deoria,district_137,174920,58079
3,Uttar Pradesh,state_9,Azamgarh,district_123,167651,88703
3,Uttar Pradesh,state_9,Chandauli,district_135,165279,61467
3,Uttar Pradesh,state_9,Ayodhya,district_140,154561,51277
3,Uttar Pradesh,state_9,Hapur,district_661,154440,31305
3,Uttar Pradesh,state_9,Pratapgarh,district_174,150992,58216
3,Uttar Pradesh,state_9,Kaushambi,district_158,149887,45730
3,Uttar Pradesh,state_9,Gonda,district_147,148079,59218
3,Uttar Pradesh,state_9,Kasganj,district_633,147384,37415
3,Uttar Pradesh,state_9,Sultanpur,district_185,147344,44714
3,Uttar Pradesh,state_9,Jaunpur,district_152,144430,56909
3,Uttar Pradesh,state_9,Mainpuri,district_166,139638,68869
3,Uttar Pradesh,state_9,Etawah,district_139,139049,47258
3,Uttar Pradesh,state_9,Gautam Buddha Nagar,district_144,134948,27720
3,Uttar Pradesh,state_9,Bahraich,district_125,133245,58810
3,Uttar Pradesh,state_9,Ballia,district_126,127739,46925
3,Uttar Pradesh,state_9,Varanasi,district_187,118265,51686
3,Uttar Pradesh,state_9,Auraiya,district_122,115958,36068
3,Uttar Pradesh,state_9,Basti,district_131,115273,37121
3,Uttar Pradesh,state_9,Mahrajganj,district_164,115217,41037
3,Uttar Pradesh,state_9,Banda,district_128,114447,35542
3,Uttar Pradesh,state_9,Lalitpur,district_161,113708,32971
3,Uttar Pradesh,state_9,Ambedkar Nagar,district_121,111517,45595
3,Uttar Pradesh,state_9,Farrukhabad,district_141,109313,47407
3,Uttar Pradesh,state_9,Jhansi,district_153,104353,32891
3,Uttar Pradesh,state_9,Rampur,district_176,102157,36431
3,Uttar Pradesh,state_9,Hamirpur,district_149,101604,35439
3,Uttar Pradesh,state_9,Kannauj,district_155,99261,34491
3,Uttar Pradesh,state_9,Amethi,district_640,97755,37596
3,Uttar Pradesh,state_9,Jalaun,district_151,96442,38280
3,Uttar Pradesh,state_9,Shamli,district_660,91801,24926
3,Uttar Pradesh,state_9,Bhadohi,district_179,81397,32447
3,Uttar Pradesh,state_9,Pilibhit,district_173,80928,30908
3,Uttar Pradesh,state_9,Chitrakoot,district_136,80616,26802
3,Uttar Pradesh,state_9,Kushinagar,district_160,77897,25496
3,Uttar Pradesh,state_9,Balrampur,district_127,76742,23990
3,Uttar Pradesh,state_9,Mahoba,district_165,72372,17890
3,Uttar Pradesh,state_9,Shrawasti,district_181,69361,24156
3,Uttar Pradesh,state_9,Mau,district_168,68708,32013
3,Uttar Pradesh,state_9,Siddharthnagar,district_182,68178,28422
3,Uttar Pradesh,state_9,Sant Kabir Nagar,district_178,62935,30029
3,Uttar Pradesh,state_9,Hathras,district_163,8,2
4,Uttar Pradesh,state_9,Aligarh,district_119,637117,123123
4,Uttar Pradesh,state_9,Muzaffarnagar,district_172,503312,128574
4,Uttar Pradesh,state_9,Bulandshahr,district_134,473490,94292
4,Uttar Pradesh,state_9,Budaun,district_133,396390,117580
4,Uttar Pradesh,state_9,Meerut,district_169,384288,71041
4,Uttar Pradesh,state_9,Kheri,district_159,383242,123021
4,Uttar Pradesh,state_9,Agra,district_118,371618,77823
4,Uttar Pradesh,state_9,Bareilly,district_130,359826,75970
4,Uttar Pradesh,state_9,Hardoi,district_150,357616,96880
4,Uttar Pradesh,state_9,Bijnor,district_132,351029,87668
4,Uttar Pradesh,state_9,Prayagraj,district_120,337791,105911
4,Uttar Pradesh,state_9,Amroha,district_154,331155,98872
4,Uttar Pradesh,state_9,Bara Banki,district_129,324800,99645
4,Uttar Pradesh,state_9,Hathras,district_163,324386,66403
4,Uttar Pradesh,state_9,Lucknow,district_162,288804,65184
4,Uttar Pradesh,state_9,Rae Bareli,district_175,272711,96328
4,Uttar Pradesh,state_9,Jaunpur,district_152,269235,79266
4,Uttar Pradesh,state_9,Fatehpur,district_142,246941,83318
4,Uttar Pradesh,state_9,Kanpur Dehat,district_156,239849,54119
4,Uttar Pradesh,state_9,Kanpur Nagar,district_157,232883,51618
4,Uttar Pradesh,state_9,Varanasi,district_187,220407,93394
4,Uttar Pradesh,state_9,Moradabad,district_171,220092,71304
4,Uttar Pradesh,state_9,Mirzapur,district_170,219308,61393
4,Uttar Pradesh,state_9,Sonbhadra,district_184,216154,54268
4,Uttar Pradesh,state_9,Saharanpur,district_177,214517,53639
4,Uttar Pradesh,state_9,Firozabad,district_143,212080,58306
4,Uttar Pradesh,state_9,Unnao,district_186,206034,60105
4,Uttar Pradesh,state_9,Gorakhpur,district_148,204733,95538
4,Uttar Pradesh,state_9,Sitapur,district_183,204545,72877
4,Uttar Pradesh,state_9,Pratapgarh,district_174,191986,66735
4,Uttar Pradesh,state_9,Hapur,district_661,188758,38417
4,Uttar Pradesh,state_9,Ghazipur,district_146,184336,57997
4,Uttar Pradesh,state_9,Ghaziabad,district_145,184122,51962
4,Uttar Pradesh,state_9,Baghpat,district_124,181856,89744
4,Uttar Pradesh,state_9,Mathura,district_167,180948,39934
4,Uttar Pradesh,state_9,Deoria,district_137,179361,56124
4,Uttar Pradesh,state_9,Shahjahanpur,district_180,177541,54232
4,Uttar Pradesh,state_9,Azamgarh,district_123,176542,89585
4,Uttar Pradesh,state_9,Ballia,district_126,166575,57752
4,Uttar Pradesh,state_9,Kaushambi,district_158,166050,47330
4,Uttar Pradesh,state_9,Chandauli,district_135,165617,56747
4,Uttar Pradesh,state_9,Etah,district_138,165019,51745
4,Uttar Pradesh,state_9,Bahraich,district_125,160786,70131
4,Uttar Pradesh,state_9,Sultanpur,district_185,159108,48993
4,Uttar Pradesh,state_9,Ayodhya,district_140,158332,49444
4,Uttar Pradesh,state_9,Kannauj,district_155,155023,44897
4,Uttar Pradesh,state_9,Chitrakoot,district_136,153045,54414
4,Uttar Pradesh,state_9,Pilibhit,district_173,145183,54848
4,Uttar Pradesh,state_9,Mainpuri,district_166,145134,62498
4,Uttar Pradesh,state_9,Gautam Buddha Nagar,district_144,142005,28287
4,Uttar Pradesh,state_9,Gonda,district_147,139139,52467
4,Uttar Pradesh,state_9,Lalitpur,district_161,135796,39644
4,Uttar Pradesh,state_9,Sambhal,district_659,133778,48075
4,Uttar Pradesh,state_9,Kasganj,district_633,133330,31489
4,Uttar Pradesh,state_9,Farrukhabad,district_141,126975,42551
4,Uttar Pradesh,state_9,Jhansi,district_153,121002,33276
4,Uttar Pradesh,state_9,Mahrajganj,district_164,117290,39626
4,Uttar Pradesh,state_9,Amethi,district_640,112070,39339
4,Uttar Pradesh,state_9,Etawah,district_139,111237,38659
4,Uttar Pradesh,state_9,Kushinagar,district_160,110351,36310
4,Uttar Pradesh,state_9,Banda,district_128,109501,29273
4,Uttar Pradesh,state_9,Auraiya,district_122,102021,30205
4,Uttar Pradesh,state_9,Basti,district_131,94819,29612
4,Uttar Pradesh,state_9,Rampur,district_176,89999,30168
4,Uttar Pradesh,state_9,Ambedkar Nagar,district_121,89240,36386
4,Uttar Pradesh,state_9,Mahoba,district_165,88016,22081
4,Uttar Pradesh,state_9,Sant Kabir Nagar,district_178,85049,38083
4,Uttar Pradesh,state_9,Shamli,district_660,81349,20634
4,Uttar Pradesh,state_9,Jalaun,district_151,79285,30247
4,Uttar Pradesh,state_9,Shrawasti,district_181,74359,23597
4,Uttar Pradesh,state_9,Hamirpur,district_149,72773,21680
4,Uttar Pradesh,state_9,Bhadohi,district_179,70557,27019
4,Uttar Pradesh,state_9,Mau,district_168,68771,30434
4,Uttar Pradesh,state_9,Balrampur,district_127,58097,16592
4,Uttar Pradesh,state_9,Siddharthnagar,district_182,56188,22905
4,Uttar Pradesh,state_9,Hathras,district_163,74,22
1,West Bengal,state_19,Murshidabad,district_319,15,15
1,West Bengal,state_19,Jhargram,district_703,11,10
1,West Bengal,state_19,Paschim Medinipur,district_318,7,6
1,West Bengal,state_19,Purulia,district_321,6,5
1,West Bengal,state_19,South 24 Parganas,district_304,2,2
1,West Bengal,state_19,Malda,district_316,1,1
1,West Bengal,state_19,Purba Medinipur,district_317,1,1
2,West Bengal,state_19,Purba Bardhaman,district_306,1419496,121
2,West Bengal,state_19,Paschim Medinipur,district_318,1371624,457434
2,West Bengal,state_19,Birbhum,district_307,1065771,380
2,West Bengal,state_19,Bankura,district_305,997274,157
2,West Bengal,state_19,Cooch Behar,district_308,991632,243922
2,West Bengal,state_19,Uttar Dinajpur,district_311,911701,280702
2,West Bengal,state_19,Malda,district_316,842684,390484
2,West Bengal,state_19,Purba Medinipur,district_317,755496,148
2,West Bengal,state_19,Murshidabad,district_319,700523,294423
2,West Bengal,state_19,South 24 Parganas,district_304,697184,69
2,West Bengal,state_19,Hooghly,district_312,669790,43
2,West Bengal,state_19,Purulia,district_321,634938,131
2,West Bengal,state_19,Nadia,district_320,583690,70
2,West Bengal,state_19,North 24 Parganas,district_303,526684,57
2,West Bengal,state_19,Jalpaiguri,district_314,490166,158237
2,West Bengal,state_19,Alipurduar,district_664,451865,289
2,West Bengal,state_19,Dakshin Dinajpur,district_310,427097,176111
2,West Bengal,state_19,Jhargram,district_703,395828,68
2,West Bengal,state_19,Paschim Bardhaman,district_704,225593,13
2,West Bengal,state_19,Howrah,district_313,163068,49891
2,West Bengal,state_19,Darjeeling,district_309,152155,47315
2,West Bengal,state_19,Kalimpong,district_702,33281,7260
3,West Bengal,state_19,Malda,district_316,822577,355892
3,West Bengal,state_19,Murshidabad,district_319,693909,272640
3,West Bengal,state_19,Cooch Behar,district_308,669840,207933
3,West Bengal,state_19,Bankura,district_305,573680,148363
3,West Bengal,state_19,Purba Bardhaman,district_306,573177,149326
3,West Bengal,state_19,Uttar Dinajpur,district_311,527647,198445
3,West Bengal,state_19,Nadia,district_320,523434,184006
3,West Bengal,state_19,Birbhum,district_307,507785,161400
3,West Bengal,state_19,South 24 Parganas,district_304,491829,225638
3,West Bengal,state_19,Purba Medinipur,district_317,426620,178349
3,West Bengal,state_19,Dakshin Dinajpur,district_310,404543,152788
3,West Bengal,state_19,Paschim Medinipur,district_318,395712,135383
3,West Bengal,state_19,Purulia,district_321,363106,77739
3,West Bengal,state_19,Alipurduar,district_664,347153,104801
3,West Bengal,state_19,Hooghly,district_312,337722,126312
3,West Bengal,state_19,Jalpaiguri,district_314,233028,95311
3,West Bengal,state_19,North 24 Parganas,district_303,200612,63571
3,West Bengal,state_19,Paschim Bardhaman,district_704,182107,36074
3,West Bengal,state_19,Jhargram,district_703,177890,52807
3,West Bengal,state_19,Howrah,district_313,159173,48060
3,West Bengal,state_19,Darjeeling,district_309,74063,35015
3,West Bengal,state_19,Kalimpong,district_702,3504,1482
3,West Bengal,state_19,Kolkata,district_315,202,19
4,West Bengal,state_19,Paschim Medinipur,district_318,1245775,388926
4,West Bengal,state_19,Purba Bardhaman,district_306,1119107,287129
4,West Bengal,state_19,Bankura,district_305,988739,256699
4,West Bengal,state_19,Birbhum,district_307,842521,252558
4,West Bengal,state_19,Malda,district_316,783695,351755
4,West Bengal,state_19,Murshidabad,district_319,764632,298600
4,West Bengal,state_19,South 24 Parganas,district_304,761395,350124
4,West Bengal,state_19,Purba Medinipur,district_317,686553,265468
4,West Bengal,state_19,Hooghly,district_312,643776,217178
4,West Bengal,state_19,Uttar Dinajpur,district_311,607449,243137
4,West Bengal,state_19,Cooch Behar,district_308,574678,198608
4,West Bengal,state_19,Purulia,district_321,558465,116268
4,West Bengal,state_19,Nadia,district_320,515015,188189
4,West Bengal,state_19,Alipurduar,district_664,363086,108245
4,West Bengal,state_19,Dakshin Dinajpur,district_310,347855,146961
4,West Bengal,state_19,North 24 Parganas,district_303,345196,114579
4,West Bengal,state_19,Jhargram,district_703,335105,88624
4,West Bengal,state_19,Jalpaiguri,district_314,267615,98466
4,West Bengal,state_19,Paschim Bardhaman,district_704,163714,32137
4,West Bengal,state_19,Howrah,district_313,155071,50614
4,West Bengal,state_19,Darjeeling,district_309,87173,35999
4,West Bengal,state_19,Kalimpong,district_702,6300,2429
1,The Dadra And Nagar Haveli And Daman And Diu,ut_38,Dadra And Nagar Haveli,district_465,18274,3957
2,The Dadra And Nagar Haveli And Daman And Diu,ut_38,Dadra And Nagar Haveli,district_465,21840,3239
3,The Dadra And Nagar Haveli And Daman And Diu,ut_38,Dadra And Nagar Haveli,district_465,5129,864
4,The Dadra And Nagar Haveli And Daman And Diu,ut_38,Dadra And Nagar Haveli,district_465,11661,2803
1,The Dadra And Nagar Haveli And Daman And Diu,ut_38,Daman,district_463,462,63
2,The Dadra And Nagar Haveli And Daman And Diu,ut_38,Daman,district_463,1411,72
3,The Dadra And Nagar Haveli And Daman And Diu,ut_38,Diu,district_464,328,33
4,The Dadra And Nagar Haveli And Daman And Diu,ut_38,Diu,district_464,151,7
4,The Dadra And Nagar Haveli And Daman And Diu,ut_38,Daman,district_463,130,14
